Код кадра;Приоритет;Ранг;Раздел;Группа (что на фото);Вид изделия;Признаки;Позиций;Подкадров;Метод;Имя файла
F00001;1;1;Кабель и провод;"Кабель круглый; 25-48 жил; жилы тонкие (до 2,5 мм²); жила: медь; изоляция ПВХ; оболочка ПВХ";кабель круглый;"жилы: 25-48; металл: медь; броня: без брони; оболочка: ПВХ; экран: без экрана; толщина жил: тонкие (до 2,5 мм²); изоляция: ПВХ";34288;119;генерация;photos/F00001.webp
F00002;1;2;Кабель и провод;"Кабель круглый; 49+ жил; жилы тонкие (до 2,5 мм²); жила: медь; изоляция ПВХ; оболочка ПВХ";кабель круглый;"жилы: 49+; металл: медь; броня: без брони; оболочка: ПВХ; экран: без экрана; толщина жил: тонкие (до 2,5 мм²); изоляция: ПВХ";32695;123;генерация;photos/F00002.webp
F00003;1;3;Подшипники;"Подшипник роликовый; цилиндрический";подшипник роликовый;признаки: цилиндрический;25750;105;генерация;photos/F00003.webp
F00004;1;4;Кабель и провод;"Кабель круглый; 13-24 жил; жилы тонкие (до 2,5 мм²); жила: медь; изоляция ПВХ; оболочка ПВХ";кабель круглый;"жилы: 13-24; металл: медь; броня: без брони; оболочка: ПВХ; экран: без экрана; толщина жил: тонкие (до 2,5 мм²); изоляция: ПВХ";25384;91;генерация;photos/F00004.webp
F00005;1;5;Ремни;"Ремень; зубчатый (синхронный); резиновый черный";ремень;признаки: зубчатый (синхронный) · резиновый черный;22881;690;генерация;photos/F00005.webp
F00006;1;6;Подшипники;"Подшипник шариковый; радиальный однорядный; открытый";подшипник шариковый;признаки: радиальный однорядный · открытый;21539;97;генерация;photos/F00006.webp
F00007;1;7;Подшипники;"Подшипник роликовый; сферический двухрядный";подшипник роликовый;признаки: сферический двухрядный;19344;61;генерация;photos/F00007.webp
F00008;1;8;Кабель и провод;"Кабель круглый; 8-12 жил; жилы тонкие (до 2,5 мм²); жила: медь; изоляция ПВХ; оболочка ПВХ";кабель круглый;"жилы: 8-12; металл: медь; броня: без брони; оболочка: ПВХ; экран: без экрана; толщина жил: тонкие (до 2,5 мм²); изоляция: ПВХ";13533;61;генерация;photos/F00008.webp
F00009;1;9;Низковольтное оборудование;"Автоматический выключатель; в литом корпусе (силовой); 3P";автоматический выключатель;признаки: в литом корпусе (силовой) · 3P;10994;63;генерация;photos/F00009.webp
F00010;1;10;Подшипники;"Подшипник роликовый; конический";подшипник роликовый;признаки: конический;9406;48;генерация;photos/F00010.webp
F00011;1;11;Ремни;"Ремень; зубчатый (синхронный); полиуретановый (прозрачный/белый)";ремень;признаки: зубчатый (синхронный) · полиуретановый (прозрачный/белый);8576;160;генерация;photos/F00011.webp
F00012;1;12;Монтажные изделия для кабеля;Кабельная сборка;кабельная сборка;;8023;11;генерация;photos/F00012.webp
F00013;1;13;Ремни;"Ремень; клиновой гладкий; широкий профиль";ремень;признаки: клиновой гладкий · широкий профиль;7880;254;генерация;photos/F00013.webp
F00014;1;14;Ремни;"Ремень; клиновой гладкий";ремень;признаки: клиновой гладкий;6755;390;генерация;photos/F00014.webp
F00015;1;15;Подшипники;"Подшипник шариковый; радиальный однорядный; закрытый резиновыми уплотнениями (2RS)";подшипник шариковый;признаки: радиальный однорядный · закрытый резиновыми уплотнениями (2RS);6734;55;генерация;photos/F00015.webp
F00016;1;16;Ремни;"Ремень; клиновой гладкий; узкий профиль";ремень;признаки: клиновой гладкий · узкий профиль;6642;173;генерация;photos/F00016.webp
F00017;1;17;Кабель и провод;"Кабель круглый; 13-24 жил; жилы тонкие (до 2,5 мм²); жила: медь; изоляция ПВХ; оболочка ПВХ; экран (оплетка/фольга видна на срезе)";кабель круглый;"жилы: 13-24; металл: медь; броня: без брони; оболочка: ПВХ; экран: экран; толщина жил: тонкие (до 2,5 мм²); изоляция: ПВХ";6561;74;генерация;photos/F00017.webp
F00018;1;18;Кабель и провод;"Кабель круглый; 25-48 жил; жилы тонкие (до 2,5 мм²); жила: медь; изоляция ПВХ; оболочка ПВХ; экран (оплетка/фольга видна на срезе)";кабель круглый;"жилы: 25-48; металл: медь; броня: без брони; оболочка: ПВХ; экран: экран; толщина жил: тонкие (до 2,5 мм²); изоляция: ПВХ";5987;88;генерация;photos/F00018.webp
F00019;1;19;Кабель и провод;"Кабель круглый; 4 жил; жилы тонкие (до 2,5 мм²); жила: медь; изоляция ПВХ; оболочка ПВХ";кабель круглый;"жилы: 4; металл: медь; броня: без брони; оболочка: ПВХ; экран: без экрана; толщина жил: тонкие (до 2,5 мм²); изоляция: ПВХ";5944;46;программный рендер;photos/F00019.webp
F00020;1;20;Кабель и провод;"Кабель круглый; 6-7 жил; жилы тонкие (до 2,5 мм²); жила: медь; изоляция ПВХ; оболочка ПВХ";кабель круглый;"жилы: 6-7; металл: медь; броня: без брони; оболочка: ПВХ; экран: без экрана; толщина жил: тонкие (до 2,5 мм²); изоляция: ПВХ";5722;37;генерация;photos/F00020.webp
F00021;1;21;Подшипники;"Подшипник шариковый; радиальный однорядный; закрытый металлическими шайбами (ZZ)";подшипник шариковый;признаки: радиальный однорядный · закрытый металлическими шайбами (ZZ);5635;41;генерация;photos/F00021.webp
F00022;1;22;Кабель и провод;"Кабель круглый; 2 жил; жилы тонкие (до 2,5 мм²); жила: медь; изоляция ПВХ; оболочка ПВХ";кабель круглый;"жилы: 2; металл: медь; броня: без брони; оболочка: ПВХ; экран: без экрана; толщина жил: тонкие (до 2,5 мм²); изоляция: ПВХ";5509;37;программный рендер;photos/F00022.webp
F00023;1;23;Складское оборудование;Строп канатный;строп канатный;;5506;127;генерация;photos/F00023.webp
F00024;1;24;Складское оборудование;Строп текстильный;строп текстильный;;4925;117;генерация;photos/F00024.webp
F00025;1;25;Подшипники;"Подшипник роликовый; игольчатый";подшипник роликовый;признаки: игольчатый;4656;49;генерация;photos/F00025.webp
F00026;1;26;Кабель и провод;"Кабель круглый; 8-12 жил; жилы тонкие (до 2,5 мм²); жила: медь; изоляция ПВХ; оболочка ПВХ; экран (оплетка/фольга видна на срезе)";кабель круглый;"жилы: 8-12; металл: медь; броня: без брони; оболочка: ПВХ; экран: экран; толщина жил: тонкие (до 2,5 мм²); изоляция: ПВХ";4601;41;генерация;photos/F00026.webp
F00027;1;27;Кабель и провод;"Кабель круглый; 25-48 жил; жилы тонкие (до 2,5 мм²); жила: медь; изоляция ПВХ; оболочка ПВХ; броня ленточная";кабель круглый;"жилы: 25-48; металл: медь; броня: броня ленточная; оболочка: ПВХ; экран: без экрана; толщина жил: тонкие (до 2,5 мм²); изоляция: ПВХ";4585;49;генерация;photos/F00027.webp
F00028;1;28;Трубопроводная арматура;Кран шаровой;кран шаровой;;3844;148;генерация;photos/F00028.webp
F00029;1;29;Звездочки;Звездочка;звездочка;;3832;9;генерация;photos/F00029.webp
F00030;1;30;Шкивы;Шкив зубчатый;шкив зубчатый;;3830;1;генерация;photos/F00030.webp
F00031;1;31;Монтажные изделия для кабеля;"Кабельный ввод; пластиковый";кабельный ввод;признаки: пластиковый;3752;88;генерация;photos/F00031.webp
F00032;1;32;Кабель и провод;"Кабель круглый; 13-24 жил; жилы тонкие (до 2,5 мм²); жила: медь; изоляция ПВХ; оболочка ПВХ; броня ленточная";кабель круглый;"жилы: 13-24; металл: медь; броня: броня ленточная; оболочка: ПВХ; экран: без экрана; толщина жил: тонкие (до 2,5 мм²); изоляция: ПВХ";3729;33;генерация;photos/F00032.webp
F00033;1;33;Складское оборудование;Строп цепной;строп цепной;;3721;91;генерация;photos/F00033.webp
F00034;1;34;Светильники;"Светильник; декоративный (форма по названию не определяется)";светильник;признаки: декоративный (форма по названию не определяется);3698;97;генерация;photos/F00034.webp
F00035;1;35;Кабель и провод;"Кабель круглый; 1 жила; жилы тонкие (до 2,5 мм²); жила: медь; изоляция ПВХ; оболочка ПВХ";кабель круглый;"жилы: 1; металл: медь; броня: без брони; оболочка: ПВХ; экран: без экрана; толщина жил: тонкие (до 2,5 мм²); изоляция: ПВХ";3466;15;программный рендер;photos/F00035.webp
F00036;1;36;Редукторы;Редуктор цилиндрический;редуктор цилиндрический;;3450;37;генерация;photos/F00036.webp
F00037;1;37;Электродвигатели;"Электродвигатель; общепромышленный; на лапах";электродвигатель;признаки: общепромышленный · на лапах;3398;73;генерация;photos/F00037.webp
F00038;1;38;Насосы;Насос скважинный;насос скважинный;;3363;74;генерация;photos/F00038.webp
F00039;1;39;Подшипники;"Подшипник шариковый; радиально-упорный; открытый";подшипник шариковый;признаки: радиально-упорный · открытый;3250;50;генерация;photos/F00039.webp
F00040;1;40;Ремни;"Ремень; клиновой многоручьевой";ремень;признаки: клиновой многоручьевой;3203;71;генерация;photos/F00040.webp
F00041;1;41;Кабель и провод;"Кабель круглый; 49+ жил; жилы тонкие (до 2,5 мм²); жила: медь; изоляция ПВХ; оболочка ПВХ; экран (оплетка/фольга видна на срезе)";кабель круглый;"жилы: 49+; металл: медь; броня: без брони; оболочка: ПВХ; экран: экран; толщина жил: тонкие (до 2,5 мм²); изоляция: ПВХ";3118;85;генерация;photos/F00041.webp
F00042;1;42;Низковольтное оборудование;"Автоматический выключатель; модульный на DIN-рейку; 1P";автоматический выключатель;признаки: модульный на DIN-рейку · 1P;3109;54;генерация;photos/F00042.webp
F00043;1;43;Насосы;Насос центробежный;насос центробежный;;3060;136;генерация;photos/F00043.webp
F00044;1;44;Насосы;Насос многоступенчатый;насос многоступенчатый;;3043;104;генерация;photos/F00044.webp
F00045;1;45;Редукторы;Редуктор червячный;редуктор червячный;;3043;16;генерация;photos/F00045.webp
F00046;1;46;Низковольтное оборудование;"Реле миниатюрное; штекерное (в колодку)";реле миниатюрное;признаки: штекерное (в колодку);2930;7;генерация;photos/F00046.webp
F00047;1;47;Кабель и провод;"Кабель круглый; 49+ жил; жилы тонкие (до 2,5 мм²); жила: медь; изоляция ПВХ; оболочка ПВХ; броня ленточная";кабель круглый;"жилы: 49+; металл: медь; броня: броня ленточная; оболочка: ПВХ; экран: без экрана; толщина жил: тонкие (до 2,5 мм²); изоляция: ПВХ";2846;40;генерация;photos/F00047.webp
F00048;1;48;Кабельные муфты;Муфта концевая;муфта концевая;;2563;11;генерация;photos/F00048.webp
F00049;1;49;Лотки и кабеленесущие системы;Крышка;крышка;;2501;74;генерация;photos/F00049.webp
F00050;1;50;Электродвигатели;"Электродвигатель; общепромышленный; габарит 56–90; на лапах";электродвигатель;признаки: общепромышленный · габарит 56–90 · на лапах;2431;12;генерация;photos/F00050.webp
F00051;1;51;Кабель и провод;"Кабель круглый; 4 жил; жилы тонкие (до 2,5 мм²); жила: медь; изоляция ПВХ; оболочка ПВХ; экран (оплетка/фольга видна на срезе)";кабель круглый;"жилы: 4; металл: медь; броня: без брони; оболочка: ПВХ; экран: экран; толщина жил: тонкие (до 2,5 мм²); изоляция: ПВХ";2369;33;генерация;photos/F00051.webp
F00052;1;52;Низковольтное оборудование;Реле;реле;;2359;40;генерация;photos/F00052.webp
F00053;1;53;Ремни;"Ремень; клиновой с зубцами (вырубкой); узкий профиль";ремень;признаки: клиновой с зубцами (вырубкой) · узкий профиль;2349;57;генерация;photos/F00053.webp
F00054;1;54;Осветительное оборудование;"Светильник; декоративный (форма по названию не определяется)";светильник;признаки: декоративный (форма по названию не определяется);2342;79;генерация;photos/F00054.webp
F00055;1;55;Конвейерные ленты;Конвейерная лента;конвейерная лента;;2329;10;генерация;photos/F00055.webp
F00056;1;56;Кабель и провод;"Кабель круглый; 1 жила; жилы крупные (25–95 мм²); жила: медь; изоляция ПВХ; оболочка ПВХ";кабель круглый;"жилы: 1; металл: медь; броня: без брони; оболочка: ПВХ; экран: без экрана; толщина жил: крупные (25–95 мм²); изоляция: ПВХ";2294;21;программный рендер;photos/F00056.webp
F00057;1;57;Кабель и провод;"Кабель круглый; 3 жил; жилы тонкие (до 2,5 мм²); жила: медь; изоляция ПВХ; оболочка ПВХ";кабель круглый;"жилы: 3; металл: медь; броня: без брони; оболочка: ПВХ; экран: без экрана; толщина жил: тонкие (до 2,5 мм²); изоляция: ПВХ";2277;43;программный рендер;photos/F00057.webp
F00058;1;58;Кабель и провод;"Оптический; жила: оптическое волокно; изоляция ПВХ; оболочка полиэтилен";оптический;"жилы: —; металл: оптическое волокно; броня: без брони; оболочка: полиэтилен; экран: без экрана; толщина жил: —; изоляция: ПВХ";2269;4;генерация;photos/F00058.webp
F00059;1;59;Подшипники;"Подшипник шариковый; самоустанавливающийся двухрядный; открытый";подшипник шариковый;признаки: самоустанавливающийся двухрядный · открытый;2265;32;генерация;photos/F00059.webp
F00060;1;60;Кабель и провод;"Кабель круглый; 6-7 жил; жилы тонкие (до 2,5 мм²); жила: медь; изоляция ПВХ; оболочка ПВХ; экран (оплетка/фольга видна на срезе)";кабель круглый;"жилы: 6-7; металл: медь; броня: без брони; оболочка: ПВХ; экран: экран; толщина жил: тонкие (до 2,5 мм²); изоляция: ПВХ";2185;28;генерация;photos/F00060.webp
F00061;1;61;Кабель и провод;"Кабель круглый; 2 жил; жилы тонкие (до 2,5 мм²); жила: медь; изоляция ПВХ; оболочка ПВХ; экран (оплетка/фольга видна на срезе)";кабель круглый;"жилы: 2; металл: медь; броня: без брони; оболочка: ПВХ; экран: экран; толщина жил: тонкие (до 2,5 мм²); изоляция: ПВХ";2169;19;генерация;photos/F00061.webp
F00062;1;62;Кабель и провод;"Кабель круглый; 1 жила; жилы средние (4–16 мм²); жила: медь; изоляция ПВХ; оболочка ПВХ";кабель круглый;"жилы: 1; металл: медь; броня: без брони; оболочка: ПВХ; экран: без экрана; толщина жил: средние (4–16 мм²); изоляция: ПВХ";2098;16;программный рендер;photos/F00062.webp
F00063;1;63;Низковольтное оборудование;"Автоматический выключатель; модульный на DIN-рейку; 3P";автоматический выключатель;признаки: модульный на DIN-рейку · 3P;2093;38;генерация;photos/F00063.webp
F00064;1;64;Подшипники;"Подшипник шариковый; упорный; открытый";подшипник шариковый;признаки: упорный · открытый;2079;31;генерация;photos/F00064.webp
F00065;1;65;Кабель и провод;"Кабель круглый; 8-12 жил; жилы тонкие (до 2,5 мм²); жила: медь; изоляция ПВХ; оболочка ПВХ; броня ленточная";кабель круглый;"жилы: 8-12; металл: медь; броня: броня ленточная; оболочка: ПВХ; экран: без экрана; толщина жил: тонкие (до 2,5 мм²); изоляция: ПВХ";2029;15;генерация;photos/F00065.webp
F00066;1;66;Осветительное оборудование;"Светильник; промышленный подвесной (колокол / UFO)";светильник;признаки: промышленный подвесной (колокол / UFO);2006;58;генерация;photos/F00066.webp
F00067;1;67;Монтажные изделия для кабеля;Труба защитная;труба защитная;;1997;10;генерация;photos/F00067.webp
F00068;1;68;Кабель и провод;"Кабель круглый; 5 жил; жилы тонкие (до 2,5 мм²); жила: медь; изоляция ПВХ; оболочка ПВХ";кабель круглый;"жилы: 5; металл: медь; броня: без брони; оболочка: ПВХ; экран: без экрана; толщина жил: тонкие (до 2,5 мм²); изоляция: ПВХ";1995;38;программный рендер;photos/F00068.webp
F00069;1;69;Подшипники;Узел подшипниковый (корпусной);узел подшипниковый (корпусной);;1978;43;генерация;photos/F00069.webp
F00070;1;70;Насосы;Насос циркуляционный;насос циркуляционный;;1948;69;генерация;photos/F00070.webp
F00071;1;71;Ремни;"Ремень; зубчатый (синхронный); двухсторонний; резиновый черный";ремень;признаки: зубчатый (синхронный) · двухсторонний · резиновый черный;1932;92;генерация;photos/F00071.webp
F00072;1;72;Кабель и провод;"Кабель круглый; 1 жила; жилы очень крупные (120+ мм²); жила: алюминий; изоляция сшитый ПЭ; оболочка полиэтилен";кабель круглый;"жилы: 1; металл: алюминий; броня: без брони; оболочка: полиэтилен; экран: без экрана; толщина жил: очень крупные (120+ мм²); изоляция: сшитый ПЭ";1922;6;программный рендер;photos/F00072.webp
F00073;1;73;Редукторы;Редуктор коническо-цилиндрический;редуктор коническо-цилиндрический;;1894;12;генерация;photos/F00073.webp
F00074;1;74;Низковольтное оборудование;"Автоматический выключатель; модульный на DIN-рейку; 2P";автоматический выключатель;признаки: модульный на DIN-рейку · 2P;1889;24;генерация;photos/F00074.webp
F00075;1;75;Шкивы;Шкив клиновой;шкив клиновой;;1874;1;генерация;photos/F00075.webp
F00076;1;76;Насосы;Установка насосная;установка насосная;;1790;21;генерация;photos/F00076.webp
F00077;1;77;Кабель и провод;"Кабель круглый; 25-48 жил; жилы тонкие (до 2,5 мм²); жила: медь; изоляция ПВХ; оболочка безгалогенная (LSZH); экран (оплетка/фольга видна на срезе)";кабель круглый;"жилы: 25-48; металл: медь; броня: без брони; оболочка: безгалогенная (LSZH); экран: экран; толщина жил: тонкие (до 2,5 мм²); изоляция: ПВХ";1779;41;генерация;photos/F00077.webp
F00078;1;78;Подшипники;Втулка закрепительная;втулка закрепительная;;1752;12;генерация;photos/F00078.webp
F00079;1;79;Лотки и кабеленесущие системы;"Лоток неперфорированный; неперфорированный";лоток неперфорированный;признаки: неперфорированный;1739;125;генерация;photos/F00079.webp
F00080;1;80;Кабель и провод;"Кабель круглый; 13-24 жил; жилы тонкие (до 2,5 мм²); жила: медь; изоляция ПВХ; оболочка безгалогенная (LSZH); экран (оплетка/фольга видна на срезе)";кабель круглый;"жилы: 13-24; металл: медь; броня: без брони; оболочка: безгалогенная (LSZH); экран: экран; толщина жил: тонкие (до 2,5 мм²); изоляция: ПВХ";1725;38;генерация;photos/F00080.webp
F00081;1;81;Лотки и кабеленесущие системы;"Лоток перфорированный; перфорированный";лоток перфорированный;признаки: перфорированный;1725;125;генерация;photos/F00081.webp
F00082;1;82;Кабель и провод;"Кабель круглый; 1 жила; жилы очень крупные (120+ мм²); жила: медь; изоляция сшитый ПЭ; оболочка полиэтилен";кабель круглый;"жилы: 1; металл: медь; броня: без брони; оболочка: полиэтилен; экран: без экрана; толщина жил: очень крупные (120+ мм²); изоляция: сшитый ПЭ";1673;5;программный рендер;photos/F00082.webp
F00083;1;83;Светильники;Лента светодиодный;лента светодиодный;;1666;11;генерация;photos/F00083.webp
F00084;1;84;Низковольтное оборудование;"Реле электромеханическое; штекерное (в колодку)";реле электромеханическое;признаки: штекерное (в колодку);1659;16;генерация;photos/F00084.webp
F00085;1;85;Кабель и провод;"Кабель круглый; 1 жила; жилы очень крупные (120+ мм²); жила: медь; изоляция ПВХ; оболочка ПВХ";кабель круглый;"жилы: 1; металл: медь; броня: без брони; оболочка: ПВХ; экран: без экрана; толщина жил: очень крупные (120+ мм²); изоляция: ПВХ";1656;40;программный рендер;photos/F00085.webp
F00086;1;86;Станки и оборудование;Фреза концевая;фреза концевая;;1636;10;генерация;photos/F00086.webp
F00087;1;87;Светильники;"Светильник; панель (Армстронг)";светильник;признаки: панель (Армстронг);1626;36;генерация;photos/F00087.webp
F00088;1;88;Кабель и провод;"Провод обмоточный; жила: медь; изоляция силикон";провод обмоточный;"жилы: не определено; металл: медь; броня: без брони; оболочка: нет; экран: без экрана; толщина жил: не определено; изоляция: силикон";1574;1;генерация;photos/F00088.webp
F00089;1;89;Светильники;"Светильник; встраиваемый в потолок (панель / даунлайт)";светильник;признаки: встраиваемый в потолок (панель / даунлайт);1557;18;генерация;photos/F00089.webp
F00090;2;90;Лотки и кабеленесущие системы;"Угол; вертикальный";угол;признаки: вертикальный;1549;101;генерация;photos/F00090.webp
F00091;2;91;Электродвигатели;"Электродвигатель; общепромышленный; габарит 100–132; на лапах";электродвигатель;признаки: общепромышленный · габарит 100–132 · на лапах;1545;15;генерация;photos/F00091.webp
F00092;2;92;Кабель и провод;"Кабель круглый; 4 жил; жилы средние (4–16 мм²); жила: медь; изоляция ПВХ; оболочка ПВХ";кабель круглый;"жилы: 4; металл: медь; броня: без брони; оболочка: ПВХ; экран: без экрана; толщина жил: средние (4–16 мм²); изоляция: ПВХ";1528;34;программный рендер;photos/F00092.webp
F00093;2;93;Светильники;Лампа светодиодный;лампа светодиодный;;1484;72;генерация;photos/F00093.webp
F00094;2;94;Кабельные муфты;Муфта соединительная;муфта соединительная;;1482;5;генерация;photos/F00094.webp
F00095;2;95;Станки и оборудование;Сверло корончатое;сверло корончатое;;1443;16;генерация;photos/F00095.webp
F00096;2;96;Подшипники;Подшипник;подшипник;;1422;39;генерация;photos/F00096.webp
F00097;2;97;Низковольтное оборудование;Разъем кабельный;разъем кабельный;;1417;12;генерация;photos/F00097.webp
F00098;2;98;Кабель и провод;"Кабель круглый; 1 жила; жилы очень крупные (120+ мм²); жила: медь; изоляция резина; оболочка ПВХ";кабель круглый;"жилы: 1; металл: медь; броня: без брони; оболочка: ПВХ; экран: без экрана; толщина жил: очень крупные (120+ мм²); изоляция: резина";1415;3;программный рендер;photos/F00098.webp
F00099;2;99;Инструмент;Генератор дизельный;генератор дизельный;;1412;25;генерация;photos/F00099.webp
F00100;2;100;Монтажные изделия для кабеля;Наконечник;наконечник;;1401;9;генерация;photos/F00100.webp
F00101;2;101;Подшипники;Подшипник шарнирный;подшипник шарнирный;;1380;18;генерация;photos/F00101.webp
F00102;2;102;Опоры и стойки;Опора;опора;;1362;13;генерация;photos/F00102.webp
F00103;2;103;Низковольтное оборудование;"Автоматический выключатель; модульный на DIN-рейку; 4P";автоматический выключатель;признаки: модульный на DIN-рейку · 4P;1358;20;генерация;photos/F00103.webp
F00104;2;104;Электродвигатели;"Электродвигатель; общепромышленный; габарит 56–90; лапы + фланец";электродвигатель;признаки: общепромышленный · габарит 56–90 · лапы + фланец;1350;6;генерация;photos/F00104.webp
F00105;2;105;Подшипники;"Подшипник роликовый; упорный цилиндрический";подшипник роликовый;признаки: упорный цилиндрический;1315;45;генерация;photos/F00105.webp
F00106;2;106;Кабель и провод;"Провод обмоточный; жила: медь; изоляция стекловолокно";провод обмоточный;"жилы: не определено; металл: медь; броня: без брони; оболочка: нет; экран: без экрана; толщина жил: не определено; изоляция: стекловолокно";1307;1;генерация;photos/F00106.webp
F00107;2;107;Светильники;"Люстра; люстра";люстра;признаки: люстра;1301;38;генерация;photos/F00107.webp
F00108;2;108;Низковольтное оборудование;Реле электромеханическое;реле электромеханическое;;1283;20;генерация;photos/F00108.webp
F00109;2;109;Кабель и провод;"Кабель круглый; 3 жил; жилы средние (4–16 мм²); жила: медь; изоляция ПВХ; оболочка ПВХ";кабель круглый;"жилы: 3; металл: медь; броня: без брони; оболочка: ПВХ; экран: без экрана; толщина жил: средние (4–16 мм²); изоляция: ПВХ";1276;27;программный рендер;photos/F00109.webp
F00110;2;110;Кабель и провод;"Кабель круглый; 13-24 жил; жилы тонкие (до 2,5 мм²); жила: медь; изоляция силикон; оболочка ПВХ; броня ленточная";кабель круглый;"жилы: 13-24; металл: медь; броня: броня ленточная; оболочка: ПВХ; экран: без экрана; толщина жил: тонкие (до 2,5 мм²); изоляция: силикон";1261;24;генерация;photos/F00110.webp
F00111;2;111;Кабель и провод;"Кабель круглый; 3 жил; жилы тонкие (до 2,5 мм²); жила: медь; изоляция ПВХ; оболочка ПВХ; экран (оплетка/фольга видна на срезе)";кабель круглый;"жилы: 3; металл: медь; броня: без брони; оболочка: ПВХ; экран: экран; толщина жил: тонкие (до 2,5 мм²); изоляция: ПВХ";1258;23;генерация;photos/F00111.webp
F00112;2;112;Кабель и провод;"Кабель круглый; 13-24 жил; жилы средние (4–16 мм²); жила: медь; изоляция ПВХ; оболочка ПВХ";кабель круглый;"жилы: 13-24; металл: медь; броня: без брони; оболочка: ПВХ; экран: без экрана; толщина жил: средние (4–16 мм²); изоляция: ПВХ";1255;22;генерация;photos/F00112.webp
F00113;2;113;Осветительное оборудование;"Светильник; уличный консольный";светильник;признаки: уличный консольный;1250;75;генерация;photos/F00113.webp
F00114;2;114;Ремни;"Ремень; клиновой с зубцами (вырубкой); широкий профиль";ремень;признаки: клиновой с зубцами (вырубкой) · широкий профиль;1233;37;генерация;photos/F00114.webp
F00115;2;115;Светильники;"Светильник; точечный встраиваемый";светильник;признаки: точечный встраиваемый;1230;72;генерация;photos/F00115.webp
F00116;2;116;Редукторы;Редуктор насадной;редуктор насадной;;1229;4;генерация;photos/F00116.webp
F00117;2;117;Кабель и провод;"Кабель круглый; 25-48 жил; жилы тонкие (до 2,5 мм²); жила: медь; изоляция силикон; оболочка ПВХ; броня ленточная";кабель круглый;"жилы: 25-48; металл: медь; броня: броня ленточная; оболочка: ПВХ; экран: без экрана; толщина жил: тонкие (до 2,5 мм²); изоляция: силикон";1227;27;генерация;photos/F00117.webp
F00118;2;118;Кабель и провод;"Кабель круглый; 4 жил; жилы крупные (25–95 мм²); жила: медь; изоляция ПВХ; оболочка ПВХ";кабель круглый;"жилы: 4; металл: медь; броня: без брони; оболочка: ПВХ; экран: без экрана; толщина жил: крупные (25–95 мм²); изоляция: ПВХ";1201;35;программный рендер;photos/F00118.webp
F00119;2;119;Опоры и стойки;Кронштейн;кронштейн;;1199;1;генерация;photos/F00119.webp
F00120;2;120;Кабель и провод;"Кабель круглый; 13-24 жил; жилы тонкие (до 2,5 мм²); жила: медь; изоляция ПВХ; оболочка безгалогенная (LSZH)";кабель круглый;"жилы: 13-24; металл: медь; броня: без брони; оболочка: безгалогенная (LSZH); экран: без экрана; толщина жил: тонкие (до 2,5 мм²); изоляция: ПВХ";1198;42;генерация;photos/F00120.webp
F00121;2;121;Складское оборудование;Таль ручная;таль ручная;;1196;74;генерация;photos/F00121.webp
F00122;2;122;Складское оборудование;Таль электрическая;таль электрическая;;1196;97;генерация;photos/F00122.webp
F00123;2;123;Кабель и провод;"Кабель круглый; 8-12 жил; жилы тонкие (до 2,5 мм²); жила: медь; изоляция ПВХ; оболочка безгалогенная (LSZH); экран (оплетка/фольга видна на срезе)";кабель круглый;"жилы: 8-12; металл: медь; броня: без брони; оболочка: безгалогенная (LSZH); экран: экран; толщина жил: тонкие (до 2,5 мм²); изоляция: ПВХ";1184;24;генерация;photos/F00123.webp
F00124;2;124;Кабель и провод;"Кабель круглый; 3 жил; жилы крупные (25–95 мм²); жила: медь; изоляция ПВХ; оболочка ПВХ";кабель круглый;"жилы: 3; металл: медь; броня: без брони; оболочка: ПВХ; экран: без экрана; толщина жил: крупные (25–95 мм²); изоляция: ПВХ";1178;38;программный рендер;photos/F00124.webp
F00125;2;125;Кабель и провод;"Кабель круглый; 1 жила; жила: медь; изоляция ПВХ; оболочка ПВХ";кабель круглый;"жилы: 1; металл: медь; броня: без брони; оболочка: ПВХ; экран: без экрана; толщина жил: не определено; изоляция: ПВХ";1135;11;программный рендер;photos/F00125.webp
F00126;2;126;Лотки и кабеленесущие системы;Переходник;переходник;;1132;80;генерация;photos/F00126.webp
F00127;2;127;Электродвигатели;"Электродвигатель; общепромышленный; габарит 160–200; на лапах";электродвигатель;признаки: общепромышленный · габарит 160–200 · на лапах;1130;15;генерация;photos/F00127.webp
F00128;2;128;Кабель и провод;"Кабель круглый; 5 жил; жилы средние (4–16 мм²); жила: медь; изоляция ПВХ; оболочка ПВХ";кабель круглый;"жилы: 5; металл: медь; броня: без брони; оболочка: ПВХ; экран: без экрана; толщина жил: средние (4–16 мм²); изоляция: ПВХ";1115;26;программный рендер;photos/F00128.webp
F00129;2;129;Низковольтное оборудование;"Дифференциальный автомат; 2 модуля";дифференциальный автомат;признаки: 2 модуля;1101;37;генерация;photos/F00129.webp
F00130;2;130;Низковольтное оборудование;"Ввод (самое частое в группе); группа «Прочее низковольтное оборудование»";изделия группы «Прочее низковольтное оборудование»;;1098;59;генерация;photos/F00130.webp
F00131;2;131;Кабель и провод;"Кабель круглый; 1 жила; жилы очень крупные (120+ мм²); жила: алюминий; изоляция сшитый ПЭ; оболочка ПВХ";кабель круглый;"жилы: 1; металл: алюминий; броня: без брони; оболочка: ПВХ; экран: без экрана; толщина жил: очень крупные (120+ мм²); изоляция: сшитый ПЭ";1089;4;программный рендер;photos/F00131.webp
F00132;2;132;Кабель и провод;"Кабель круглый; 8-12 жил; жилы средние (4–16 мм²); жила: медь; изоляция ПВХ; оболочка ПВХ";кабель круглый;"жилы: 8-12; металл: медь; броня: без брони; оболочка: ПВХ; экран: без экрана; толщина жил: средние (4–16 мм²); изоляция: ПВХ";1065;18;генерация;photos/F00132.webp
F00133;2;133;Ремни;"Ремень; клиновой многоручьевой; широкий профиль";ремень;признаки: клиновой многоручьевой · широкий профиль;1062;31;генерация;photos/F00133.webp
F00134;2;134;Лотки и кабеленесущие системы;Профиль;профиль;;1062;16;генерация;photos/F00134.webp
F00135;2;135;Вентиляторы;Вентилятор радиальный;вентилятор радиальный;;1056;22;генерация;photos/F00135.webp
F00136;2;136;Кабель и провод;"Кабель круглый; 25-48 жил; жилы тонкие (до 2,5 мм²); жила: медь; изоляция ПВХ; оболочка ПВХ; броня ленточная; экран (оплетка/фольга видна на срезе)";кабель круглый;"жилы: 25-48; металл: медь; броня: броня ленточная; оболочка: ПВХ; экран: экран; толщина жил: тонкие (до 2,5 мм²); изоляция: ПВХ";1023;40;генерация;photos/F00136.webp
F00137;2;137;Лотки и кабеленесущие системы;"Лоток лестничный; лестничный";лоток лестничный;признаки: лестничный;1014;79;генерация;photos/F00137.webp
F00138;2;138;Кабель и провод;"Провод обмоточный; 1 жила; жила: медь; изоляция ПВХ";провод обмоточный;"жилы: 1; металл: медь; броня: без брони; оболочка: нет; экран: без экрана; толщина жил: не определено; изоляция: ПВХ";1007;4;генерация;photos/F00138.webp
F00139;2;139;Кабель и провод;"Кабель круглый; 1 жила; жилы очень крупные (120+ мм²); жила: медь; изоляция сшитый ПЭ; оболочка ПВХ";кабель круглый;"жилы: 1; металл: медь; броня: без брони; оболочка: ПВХ; экран: без экрана; толщина жил: очень крупные (120+ мм²); изоляция: сшитый ПЭ";995;10;программный рендер;photos/F00139.webp
F00140;2;140;Кабель и провод;"Кабель круглый; 25-48 жил; жилы средние (4–16 мм²); жила: медь; изоляция ПВХ; оболочка ПВХ";кабель круглый;"жилы: 25-48; металл: медь; броня: без брони; оболочка: ПВХ; экран: без экрана; толщина жил: средние (4–16 мм²); изоляция: ПВХ";992;18;генерация;photos/F00140.webp
F00141;2;141;Светильники;"Светильник; потолочный накладной";светильник;признаки: потолочный накладной;989;69;генерация;photos/F00141.webp
F00142;2;142;Кабель и провод;"Кабель круглый; 3 жил; жилы крупные (25–95 мм²); жила: медь; изоляция резина; оболочка ПВХ";кабель круглый;"жилы: 3; металл: медь; броня: без брони; оболочка: ПВХ; экран: без экрана; толщина жил: крупные (25–95 мм²); изоляция: резина";981;4;программный рендер;photos/F00142.webp
F00143;2;143;Кабель и провод;"Провод одножильный; жила: медь; изоляция ПВХ; экран (оплетка/фольга видна на срезе)";провод одножильный;"жилы: не определено; металл: медь; броня: без брони; оболочка: нет (только изоляция); экран: экран; толщина жил: не определено; изоляция: ПВХ";972;1;генерация;photos/F00143.webp
F00144;2;144;Ремни;"Ремень; поликлиновой PK; 7–12 ручьев";ремень;признаки: поликлиновой PK · 7–12 ручьев;961;11;генерация;photos/F00144.webp
F00145;2;145;Подшипники;Втулка стяжная;втулка стяжная;;957;7;генерация;photos/F00145.webp
F00146;2;146;Кабель и провод;"Провод одножильный; 1 жила; жила: медь; изоляция ПВХ";провод одножильный;"жилы: 1; металл: медь; броня: без брони; оболочка: нет (только изоляция); экран: без экрана; толщина жил: не определено; изоляция: ПВХ";955;4;программный рендер;photos/F00146.webp
F00147;2;147;Кабель и провод;"Кабель круглый; 6-7 жил; жилы тонкие (до 2,5 мм²); жила: медь; изоляция ПВХ; оболочка ПВХ; броня ленточная";кабель круглый;"жилы: 6-7; металл: медь; броня: броня ленточная; оболочка: ПВХ; экран: без экрана; толщина жил: тонкие (до 2,5 мм²); изоляция: ПВХ";942;7;генерация;photos/F00147.webp
F00148;2;148;Кабель и провод;"Кабель круглый; 2 жил; жилы средние (4–16 мм²); жила: медь; изоляция ПВХ; оболочка ПВХ";кабель круглый;"жилы: 2; металл: медь; броня: без брони; оболочка: ПВХ; экран: без экрана; толщина жил: средние (4–16 мм²); изоляция: ПВХ";938;20;программный рендер;photos/F00148.webp
F00149;2;149;Электродвигатели;"Электродвигатель; общепромышленный; габарит 56–90; на фланце";электродвигатель;признаки: общепромышленный · габарит 56–90 · на фланце;933;10;генерация;photos/F00149.webp
F00150;2;150;Низковольтное оборудование;"Контактор; средний";контактор;признаки: средний;932;16;генерация;photos/F00150.webp
F00151;2;151;Осветительное оборудование;"Светильник; подвесной линейный / торговый";светильник;признаки: подвесной линейный / торговый;928;23;генерация;photos/F00151.webp
F00152;2;152;Гидравлика;Насос гидравлический;насос гидравлический;;925;1;генерация;photos/F00152.webp
F00153;2;153;Светильники;Блок;блок;;918;26;генерация;photos/F00153.webp
F00154;2;154;Кабель и провод;"Оптический; жила: оптическое волокно; изоляция ПВХ; оболочка ПВХ";оптический;"жилы: —; металл: оптическое волокно; броня: без брони; оболочка: ПВХ; экран: без экрана; толщина жил: —; изоляция: ПВХ";916;4;генерация;photos/F00154.webp
F00155;2;155;Кабель и провод;"Кабель круглый; 25-48 жил; жилы тонкие (до 2,5 мм²); жила: медь; изоляция ПВХ; оболочка безгалогенная (LSZH)";кабель круглый;"жилы: 25-48; металл: медь; броня: без брони; оболочка: безгалогенная (LSZH); экран: без экрана; толщина жил: тонкие (до 2,5 мм²); изоляция: ПВХ";915;37;генерация;photos/F00155.webp
F00156;2;156;Подшипники;"Подшипник роликовый; упорный сферический";подшипник роликовый;признаки: упорный сферический;914;26;генерация;photos/F00156.webp
F00157;2;157;Электродвигатели;"Электродвигатель; общепромышленный; габарит 225–280; на лапах";электродвигатель;признаки: общепромышленный · габарит 225–280 · на лапах;912;13;генерация;photos/F00157.webp
F00158;2;158;Ремни;"Ремень; клиновой с зубцами (вырубкой)";ремень;признаки: клиновой с зубцами (вырубкой);911;46;генерация;photos/F00158.webp
F00159;2;159;Кабель и провод;"Кабель круглый; 8-12 жил; жилы тонкие (до 2,5 мм²); жила: медь; изоляция силикон; оболочка ПВХ; броня ленточная";кабель круглый;"жилы: 8-12; металл: медь; броня: броня ленточная; оболочка: ПВХ; экран: без экрана; толщина жил: тонкие (до 2,5 мм²); изоляция: силикон";911;12;генерация;photos/F00159.webp
F00160;2;160;Кабель и провод;"Кабель круглый; 4 жил; жилы тонкие (до 2,5 мм²); жила: медь; изоляция ПВХ; оболочка ПВХ; броня ленточная";кабель круглый;"жилы: 4; металл: медь; броня: броня ленточная; оболочка: ПВХ; экран: без экрана; толщина жил: тонкие (до 2,5 мм²); изоляция: ПВХ";907;9;генерация;photos/F00160.webp
F00161;2;161;Кабель и провод;"Кабель круглый; 3 жил; жилы очень крупные (120+ мм²); жила: медь; изоляция резина; оболочка ПВХ";кабель круглый;"жилы: 3; металл: медь; броня: без брони; оболочка: ПВХ; экран: без экрана; толщина жил: очень крупные (120+ мм²); изоляция: резина";906;4;программный рендер;photos/F00161.webp
F00162;2;162;Кабель и провод;"Кабель круглый; 8-12 жил; жилы тонкие (до 2,5 мм²); жила: медь; изоляция ПВХ; оболочка безгалогенная (LSZH)";кабель круглый;"жилы: 8-12; металл: медь; броня: без брони; оболочка: безгалогенная (LSZH); экран: без экрана; толщина жил: тонкие (до 2,5 мм²); изоляция: ПВХ";901;30;генерация;photos/F00162.webp
F00163;2;163;Станки и оборудование;Пластина;пластина;;898;8;генерация;photos/F00163.webp
F00164;2;164;Низковольтное оборудование;"Реле промежуточное; штекерное (в колодку)";реле промежуточное;признаки: штекерное (в колодку);891;13;генерация;photos/F00164.webp
F00165;2;165;Складское оборудование;Стеллаж металлический;стеллаж металлический;;886;4;генерация;photos/F00165.webp
F00166;2;166;Кабель и провод;"Кабель круглый; 1 жила; жилы крупные (25–95 мм²); жила: медь; изоляция резина; оболочка ПВХ";кабель круглый;"жилы: 1; металл: медь; броня: без брони; оболочка: ПВХ; экран: без экрана; толщина жил: крупные (25–95 мм²); изоляция: резина";883;3;программный рендер;photos/F00166.webp
F00167;2;167;Строительное оборудование;Шлифмашина угловая;шлифмашина угловая;;851;10;генерация;photos/F00167.webp
F00168;2;168;Светильники;"Светильник; трековый";светильник;признаки: трековый;848;25;генерация;photos/F00168.webp
F00169;2;169;Кабель и провод;"Кабель круглый; 5 жил; жилы тонкие (до 2,5 мм²); жила: медь; изоляция ПВХ; оболочка ПВХ; экран (оплетка/фольга видна на срезе)";кабель круглый;"жилы: 5; металл: медь; броня: без брони; оболочка: ПВХ; экран: экран; толщина жил: тонкие (до 2,5 мм²); изоляция: ПВХ";847;23;генерация;photos/F00169.webp
F00170;2;170;Трубопроводная арматура;Клапан регулирующий;клапан регулирующий;;843;21;генерация;photos/F00170.webp
F00171;2;171;Кабель и провод;"Термопарный; 13-24 жил; жилы тонкие (до 2,5 мм²); жила: термопарный сплав; изоляция ПВХ; оболочка ПВХ; экран (оплетка/фольга видна на срезе)";термопарный;"жилы: 13-24; металл: термопарный сплав; броня: без брони; оболочка: ПВХ; экран: экран; толщина жил: тонкие (до 2,5 мм²); изоляция: ПВХ";833;32;генерация;photos/F00171.webp
F00172;2;172;Ремни;"Ремень; поликлиновой PK; до 6 ручьев";ремень;признаки: поликлиновой PK · до 6 ручьев;827;14;генерация;photos/F00172.webp
F00173;2;173;Станки и оборудование;Фреза отрезная;фреза отрезная;;822;3;генерация;photos/F00173.webp
F00174;2;174;Трубопроводная арматура;Регулятор;регулятор;;822;12;генерация;photos/F00174.webp
F00175;2;175;Лотки и кабеленесущие системы;"Угол вертикальный; вертикальный";угол вертикальный;признаки: вертикальный;820;62;генерация;photos/F00175.webp
F00176;2;176;Подшипники;"Узел подшипниковый (корпусной); стоячий на лапах (UCP)";узел подшипниковый (корпусной);признаки: стоячий на лапах (UCP);819;20;генерация;photos/F00176.webp
F00177;2;177;Кабель и провод;"Кабель круглый; 49+ жил; жилы тонкие (до 2,5 мм²); жила: медь; изоляция ПВХ; оболочка безгалогенная (LSZH); экран (оплетка/фольга видна на срезе)";кабель круглый;"жилы: 49+; металл: медь; броня: без брони; оболочка: безгалогенная (LSZH); экран: экран; толщина жил: тонкие (до 2,5 мм²); изоляция: ПВХ";816;35;генерация;photos/F00177.webp
F00178;2;178;Низковольтное оборудование;"Контактор; малый (до 32 А)";контактор;признаки: малый (до 32 А);810;12;генерация;photos/F00178.webp
F00179;2;179;Кабель и провод;"Кабель круглый; 13-24 жил; жилы тонкие (до 2,5 мм²); жила: медь; изоляция ПВХ; оболочка ПВХ; броня ленточная; экран (оплетка/фольга видна на срезе)";кабель круглый;"жилы: 13-24; металл: медь; броня: броня ленточная; оболочка: ПВХ; экран: экран; толщина жил: тонкие (до 2,5 мм²); изоляция: ПВХ";805;27;генерация;photos/F00179.webp
F00180;2;180;Ремни;"Ремень; в бухте (открытый); зубчатый (синхронный); резиновый черный";ремень;признаки: в бухте (открытый) · зубчатый (синхронный) · резиновый черный;801;32;генерация;photos/F00180.webp
F00181;2;181;Ремни;"Ремень; поликлиновой PJ; больше 12 ручьев";ремень;признаки: поликлиновой PJ · больше 12 ручьев;799;8;генерация;photos/F00181.webp
F00182;2;182;Насосы;Насос химический;насос химический;;794;30;генерация;photos/F00182.webp
F00183;2;183;Трубопроводная арматура;Манометр;манометр;;793;10;генерация;photos/F00183.webp
F00184;2;184;Редукторы;Мотор-редуктор цилиндрический;мотор-редуктор цилиндрический;;793;7;генерация;photos/F00184.webp
F00185;2;185;Трубопроводная арматура;Клапан электромагнитный;клапан электромагнитный;;779;32;генерация;photos/F00185.webp
F00186;2;186;Кабель и провод;"Провод одножильный; 1 жила; жила: медь; изоляция ПВХ; экран (оплетка/фольга видна на срезе)";провод одножильный;"жилы: 1; металл: медь; броня: без брони; оболочка: нет (только изоляция); экран: экран; толщина жил: не определено; изоляция: ПВХ";777;4;генерация;photos/F00186.webp
F00187;2;187;Монтажные изделия для кабеля;Термоусадочная трубка;термоусадочная трубка;;773;20;генерация;photos/F00187.webp
F00188;2;188;Складское оборудование;Штабелер самоходный;штабелер самоходный;;769;13;генерация;photos/F00188.webp
F00189;2;189;Электродвигатели;"Электродвигатель; общепромышленный; габарит 315+; на лапах";электродвигатель;признаки: общепромышленный · габарит 315+ · на лапах;768;10;генерация;photos/F00189.webp
F00190;2;190;Складское оборудование;Стеллаж;стеллаж;;760;11;генерация;photos/F00190.webp
F00191;2;191;Электродвигатели;"Электродвигатель; общепромышленный; габарит 100–132; лапы + фланец";электродвигатель;признаки: общепромышленный · габарит 100–132 · лапы + фланец;754;7;генерация;photos/F00191.webp
F00192;2;192;Светильники;Заглушка;заглушка;;743;11;генерация;photos/F00192.webp
F00193;2;193;Ремни;"Ремень; поликлиновой PL; больше 12 ручьев";ремень;признаки: поликлиновой PL · больше 12 ручьев;731;8;генерация;photos/F00193.webp
F00194;2;194;Низковольтное оборудование;Трансформатор;трансформатор;;729;10;генерация;photos/F00194.webp
F00195;2;195;Насосы;Насос фекальный;насос фекальный;;719;37;генерация;photos/F00195.webp
F00196;2;196;Низковольтное оборудование;"Автоматический выключатель; воздушный (ACB); 3P";автоматический выключатель;признаки: воздушный (ACB) · 3P;717;16;генерация;photos/F00196.webp
F00197;2;197;Низковольтное оборудование;Модуль релейный;модуль релейный;;716;8;генерация;photos/F00197.webp
F00198;2;198;Ремни;"Ремень; зубчатый (синхронный); двухсторонний; полиуретановый (прозрачный/белый)";ремень;признаки: зубчатый (синхронный) · двухсторонний · полиуретановый (прозрачный/белый);715;44;генерация;photos/F00198.webp
F00199;2;199;Трубопроводная арматура;Клапан обратный;клапан обратный;;715;39;генерация;photos/F00199.webp
F00200;2;200;Кабель и провод;"Провод одножильный; 1 жила; жила: медь; изоляция бумага";провод одножильный;"жилы: 1; металл: медь; броня: без брони; оболочка: нет (только изоляция); экран: без экрана; толщина жил: не определено; изоляция: бумага";713;3;программный рендер;photos/F00200.webp
F00201;2;201;Кабель и провод;"Кабель круглый; 6-7 жил; жилы средние (4–16 мм²); жила: медь; изоляция ПВХ; оболочка ПВХ";кабель круглый;"жилы: 6-7; металл: медь; броня: без брони; оболочка: ПВХ; экран: без экрана; толщина жил: средние (4–16 мм²); изоляция: ПВХ";711;11;генерация;photos/F00201.webp
F00202;2;202;Станки и оборудование;Державка;державка;;700;3;генерация;photos/F00202.webp
F00203;2;203;Кабель и провод;"Кабель круглый; 1 жила; жилы очень крупные (120+ мм²); жила: медь; изоляция резина; оболочка безгалогенная (LSZH)";кабель круглый;"жилы: 1; металл: медь; броня: без брони; оболочка: безгалогенная (LSZH); экран: без экрана; толщина жил: очень крупные (120+ мм²); изоляция: резина";694;3;программный рендер;photos/F00203.webp
F00204;2;204;Лотки и кабеленесущие системы;"Полоса (самое частое в группе); группа «Кабельные лотки и аксессуары»";изделия группы «Кабельные лотки и аксессуары»;;694;4;генерация;photos/F00204.webp
F00205;2;205;Подшипники;"Узел подшипниковый (корпусной); фланцевый квадратный (UCF)";узел подшипниковый (корпусной);признаки: фланцевый квадратный (UCF);687;21;генерация;photos/F00205.webp
F00206;2;206;Кабель и провод;"Кабель круглый; 3 жил; жилы очень крупные (120+ мм²); жила: алюминий; изоляция сшитый ПЭ; оболочка полиэтилен";кабель круглый;"жилы: 3; металл: алюминий; броня: без брони; оболочка: полиэтилен; экран: без экрана; толщина жил: очень крупные (120+ мм²); изоляция: сшитый ПЭ";678;6;программный рендер;photos/F00206.webp
F00207;2;207;Станки и оборудование;Сверло кольцевое;сверло кольцевое;;677;5;генерация;photos/F00207.webp
F00208;2;208;Кабель и провод;"Кабель круглый; 4 жил; жилы очень крупные (120+ мм²); жила: медь; изоляция ПВХ; оболочка ПВХ";кабель круглый;"жилы: 4; металл: медь; броня: без брони; оболочка: ПВХ; экран: без экрана; толщина жил: очень крупные (120+ мм²); изоляция: ПВХ";673;33;программный рендер;photos/F00208.webp
F00209;2;209;Трубопроводная арматура;Манометр виброустойчивый;манометр виброустойчивый;;671;4;генерация;photos/F00209.webp
F00210;2;210;Низковольтное оборудование;Реле силовое;реле силовое;;668;5;генерация;photos/F00210.webp
F00211;2;211;Кабель и провод;"Кабель круглый; 5 жил; жилы крупные (25–95 мм²); жила: медь; изоляция ПВХ; оболочка ПВХ";кабель круглый;"жилы: 5; металл: медь; броня: без брони; оболочка: ПВХ; экран: без экрана; толщина жил: крупные (25–95 мм²); изоляция: ПВХ";667;27;программный рендер;photos/F00211.webp
F00212;2;212;Насосы;Станция насосная;станция насосная;;662;38;генерация;photos/F00212.webp
F00213;2;213;Осветительное оборудование;"Светильник; аварийный / указатель выхода";светильник;признаки: аварийный / указатель выхода;659;28;генерация;photos/F00213.webp
F00214;2;214;Насосы;Насос дренажный;насос дренажный;;659;48;генерация;photos/F00214.webp
F00215;2;215;Трубопроводная арматура;Термометр биметаллический;термометр биметаллический;;655;2;генерация;photos/F00215.webp
F00216;2;216;Шкивы;Шкив поликлиновой;шкив поликлиновой;;653;1;генерация;photos/F00216.webp
F00217;2;217;Шкивы;Втулка коническая;втулка коническая;;651;1;генерация;photos/F00217.webp
F00218;2;218;Трубопроводная арматура;Мановакуумметр;мановакуумметр;;647;11;генерация;photos/F00218.webp
F00219;2;219;Монтажные изделия для кабеля;Кольцо маркировочное;кольцо маркировочное;;643;1;генерация;photos/F00219.webp
F00220;2;220;Кабель и провод;"Кабель круглый; 4 жил; жилы тонкие (до 2,5 мм²); жила: медь; изоляция ПВХ; оболочка безгалогенная (LSZH); экран (оплетка/фольга видна на срезе)";кабель круглый;"жилы: 4; металл: медь; броня: без брони; оболочка: безгалогенная (LSZH); экран: экран; толщина жил: тонкие (до 2,5 мм²); изоляция: ПВХ";634;9;генерация;photos/F00220.webp
F00221;2;221;Высоковольтное оборудование;Изолятор;изолятор;;630;4;генерация;photos/F00221.webp
F00222;2;222;Кабель и провод;"Провод одножильный; 1 жила; жила: алюминий; изоляция стекловолокно";провод одножильный;"жилы: 1; металл: алюминий; броня: без брони; оболочка: нет (только изоляция); экран: без экрана; толщина жил: не определено; изоляция: стекловолокно";628;3;программный рендер;photos/F00222.webp
F00223;2;223;Светильники;Профиль;профиль;;624;9;генерация;photos/F00223.webp
F00224;2;224;Станки и оборудование;"Щетка дисковая (самое частое в группе); группа «Оснастка и расходные материалы для станков»";изделия группы «Оснастка и расходные материалы для станков»;;622;44;генерация;photos/F00224.webp
F00225;2;225;Кабель и провод;"Кабель круглый; 2 жил; жилы тонкие (до 2,5 мм²); жила: медь; изоляция ПВХ; оболочка безгалогенная (LSZH); экран (оплетка/фольга видна на срезе)";кабель круглый;"жилы: 2; металл: медь; броня: без брони; оболочка: безгалогенная (LSZH); экран: экран; толщина жил: тонкие (до 2,5 мм²); изоляция: ПВХ";619;9;генерация;photos/F00225.webp
F00226;2;226;Трубопроводная арматура;Манометр общетехнический;манометр общетехнический;;619;7;генерация;photos/F00226.webp
F00227;2;227;Кабель и провод;"Кабель круглый; 3 жил; жилы крупные (25–95 мм²); жила: алюминий; изоляция бумага; оболочка свинец";кабель круглый;"жилы: 3; металл: алюминий; броня: без брони; оболочка: свинец; экран: без экрана; толщина жил: крупные (25–95 мм²); изоляция: бумага";618;6;программный рендер;photos/F00227.webp
F00228;2;228;Станки и оборудование;Верстак;верстак;;616;5;генерация;photos/F00228.webp
F00229;2;229;Ремни;"Ремень; плоский";ремень;признаки: плоский;603;29;генерация;photos/F00229.webp
F00230;2;230;Кабель и провод;"Кабель круглый; 25-48 жил; жилы тонкие (до 2,5 мм²); жила: медь; изоляция ПВХ; оболочка полиэтилен";кабель круглый;"жилы: 25-48; металл: медь; броня: без брони; оболочка: полиэтилен; экран: без экрана; толщина жил: тонкие (до 2,5 мм²); изоляция: ПВХ";596;16;генерация;photos/F00230.webp
F00231;2;231;Строительное оборудование;"Лопасти (самое частое в группе); группа «Комплектующие и запчасти для строительства»";изделия группы «Комплектующие и запчасти для строительства»;;583;42;генерация;photos/F00231.webp
F00232;2;232;Кабель и провод;"Кабель круглый; 3 жил; жилы очень крупные (120+ мм²); жила: медь; изоляция ПВХ; оболочка ПВХ";кабель круглый;"жилы: 3; металл: медь; броня: без брони; оболочка: ПВХ; экран: без экрана; толщина жил: очень крупные (120+ мм²); изоляция: ПВХ";578;23;программный рендер;photos/F00232.webp
F00233;2;233;Кабель и провод;"Провод одножильный; 1 жила; жилы тонкие (до 2,5 мм²); жила: медь; изоляция ПВХ; цвет изоляции желтый";провод одножильный;"жилы: 1; металл: медь; броня: без брони; оболочка: нет (только изоляция); экран: без экрана; толщина жил: тонкие (до 2,5 мм²); изоляция: ПВХ; цвет: желтый";577;15;программный рендер;photos/F00233.webp
F00234;2;234;Ремни;"Ремень; клиновой многоручьевой; узкий профиль";ремень;признаки: клиновой многоручьевой · узкий профиль;574;34;генерация;photos/F00234.webp
F00235;2;235;Ремни;"Ремень; поликлиновой PH; до 6 ручьев";ремень;признаки: поликлиновой PH · до 6 ручьев;574;11;генерация;photos/F00235.webp
F00236;2;236;Кабель и провод;"Кабель круглый; 2 жил; жилы тонкие (до 2,5 мм²); жила: медь; изоляция ПВХ; оболочка ПВХ; броня ленточная";кабель круглый;"жилы: 2; металл: медь; броня: броня ленточная; оболочка: ПВХ; экран: без экрана; толщина жил: тонкие (до 2,5 мм²); изоляция: ПВХ";569;7;генерация;photos/F00236.webp
F00237;2;237;Цепи;Цепь приводная;цепь приводная;;564;8;генерация;photos/F00237.webp
F00238;2;238;Насосы;Насос канализационный;насос канализационный;;562;19;генерация;photos/F00238.webp
F00239;2;239;Низковольтное оборудование;Выключатель воздушный;выключатель воздушный;;558;11;генерация;photos/F00239.webp
F00240;2;240;Низковольтное оборудование;"Корпус; навесной";корпус;признаки: навесной;556;8;генерация;photos/F00240.webp
F00241;2;241;Ремни;"Ремень; поликлиновой PK; больше 12 ручьев";ремень;признаки: поликлиновой PK · больше 12 ручьев;555;8;генерация;photos/F00241.webp
F00242;2;242;Кабель и провод;"Кабель круглый; 4 жил; жилы тонкие (до 2,5 мм²); жила: медь; изоляция ПВХ; оболочка безгалогенная (LSZH)";кабель круглый;"жилы: 4; металл: медь; броня: без брони; оболочка: безгалогенная (LSZH); экран: без экрана; толщина жил: тонкие (до 2,5 мм²); изоляция: ПВХ";555;16;программный рендер;photos/F00242.webp
F00243;2;243;Конвейерные ленты;Лента норийная;лента норийная;;555;6;генерация;photos/F00243.webp
F00244;2;244;Лотки и кабеленесущие системы;"Угол горизонтальный; горизонтальный";угол горизонтальный;признаки: горизонтальный;555;48;генерация;photos/F00244.webp
F00245;2;245;Низковольтное оборудование;Модуль интерфейсный;модуль интерфейсный;;552;8;генерация;photos/F00245.webp
F00246;2;246;Кабель и провод;"Термопарный; 8-12 жил; жилы тонкие (до 2,5 мм²); жила: термопарный сплав; изоляция ПВХ; оболочка ПВХ; экран (оплетка/фольга видна на срезе)";термопарный;"жилы: 8-12; металл: термопарный сплав; броня: без брони; оболочка: ПВХ; экран: экран; толщина жил: тонкие (до 2,5 мм²); изоляция: ПВХ";547;27;генерация;photos/F00246.webp
F00247;2;247;Кабель и провод;"Кабель круглый; 25-48 жил; жилы тонкие (до 2,5 мм²); жила: медь; изоляция ПВХ; оболочка резина; экран (оплетка/фольга видна на срезе)";кабель круглый;"жилы: 25-48; металл: медь; броня: без брони; оболочка: резина; экран: экран; толщина жил: тонкие (до 2,5 мм²); изоляция: ПВХ";546;28;генерация;photos/F00247.webp
F00248;2;248;Осветительное оборудование;"Светильник; садово-парковый";светильник;признаки: садово-парковый;546;36;генерация;photos/F00248.webp
F00249;2;249;Подшипники;"Узел подшипниковый (корпусной); вставка UC без корпуса";узел подшипниковый (корпусной);признаки: вставка UC без корпуса;544;13;генерация;photos/F00249.webp
F00250;2;250;Кабель и провод;"Кабель круглый; 3 жил; жилы очень крупные (120+ мм²); жила: медь; изоляция сшитый ПЭ; оболочка полиэтилен";кабель круглый;"жилы: 3; металл: медь; броня: без брони; оболочка: полиэтилен; экран: без экрана; толщина жил: очень крупные (120+ мм²); изоляция: сшитый ПЭ";544;6;программный рендер;photos/F00250.webp
F00251;2;251;Подшипники;"Подшипник шариковый; радиально-упорный; закрытый резиновыми уплотнениями (2RS)";подшипник шариковый;признаки: радиально-упорный · закрытый резиновыми уплотнениями (2RS);543;20;генерация;photos/F00251.webp
F00252;2;252;Кабель и провод;"Кабель круглый; 1 жила; жилы крупные (25–95 мм²); жила: алюминий; изоляция сшитый ПЭ; оболочка полиэтилен";кабель круглый;"жилы: 1; металл: алюминий; броня: без брони; оболочка: полиэтилен; экран: без экрана; толщина жил: крупные (25–95 мм²); изоляция: сшитый ПЭ";539;6;программный рендер;photos/F00252.webp
F00253;2;253;Кабель и провод;"Провод обмоточный; жила: медь; изоляция ПВХ";провод обмоточный;"жилы: не определено; металл: медь; броня: без брони; оболочка: нет; экран: без экрана; толщина жил: не определено; изоляция: ПВХ";538;1;генерация;photos/F00253.webp
F00254;2;254;Кабель и провод;"Кабель круглый; 2 жил; жилы тонкие (до 2,5 мм²); жила: медь; изоляция ПВХ; оболочка безгалогенная (LSZH)";кабель круглый;"жилы: 2; металл: медь; броня: без брони; оболочка: безгалогенная (LSZH); экран: без экрана; толщина жил: тонкие (до 2,5 мм²); изоляция: ПВХ";531;12;программный рендер;photos/F00254.webp
F00255;2;255;Низковольтное оборудование;"Выключатель-разъединитель; силовой";выключатель-разъединитель;признаки: силовой;531;27;генерация;photos/F00255.webp
F00256;2;256;Кабель и провод;"Кабель круглый; 6-7 жил; жилы тонкие (до 2,5 мм²); жила: медь; изоляция ПВХ; оболочка безгалогенная (LSZH); экран (оплетка/фольга видна на срезе)";кабель круглый;"жилы: 6-7; металл: медь; броня: без брони; оболочка: безгалогенная (LSZH); экран: экран; толщина жил: тонкие (до 2,5 мм²); изоляция: ПВХ";529;13;генерация;photos/F00256.webp
F00257;2;257;Низковольтное оборудование;Реле тепловое;реле тепловое;;526;12;генерация;photos/F00257.webp
F00258;2;258;Трубопроводная арматура;Затвор дисковый;затвор дисковый;;526;28;генерация;photos/F00258.webp
F00259;2;259;Ремни;"Ремень; поликлиновой PJ; 7–12 ручьев";ремень;признаки: поликлиновой PJ · 7–12 ручьев;525;10;генерация;photos/F00259.webp
F00260;2;260;Кабель и провод;"Кабель круглый; 4 жил; жилы средние (4–16 мм²); жила: медь; изоляция ПВХ; оболочка ПВХ; экран (оплетка/фольга видна на срезе)";кабель круглый;"жилы: 4; металл: медь; броня: без брони; оболочка: ПВХ; экран: экран; толщина жил: средние (4–16 мм²); изоляция: ПВХ";524;21;генерация;photos/F00260.webp
F00261;2;261;Кабель и провод;"Кабель круглый; 13-24 жил; жилы тонкие (до 2,5 мм²); жила: медь; изоляция ПВХ; оболочка ПВХ, цвет серый; экран (оплетка/фольга видна на срезе)";кабель круглый;"жилы: 13-24; металл: медь; броня: без брони; оболочка: ПВХ; экран: экран; толщина жил: тонкие (до 2,5 мм²); изоляция: ПВХ; цвет: серый";517;32;генерация;photos/F00261.webp
F00262;2;262;Складское оборудование;Строп двухветвевой;строп двухветвевой;;516;28;генерация;photos/F00262.webp
F00263;2;263;Низковольтное оборудование;Розетка;розетка;;514;18;генерация;photos/F00263.webp
F00264;2;264;Складское оборудование;Строп одноветвевой;строп одноветвевой;;511;27;генерация;photos/F00264.webp
F00265;2;265;Кабель и провод;"Кабель круглый; 1 жила; жилы крупные (25–95 мм²); жила: медь; изоляция сшитый ПЭ; оболочка полиэтилен";кабель круглый;"жилы: 1; металл: медь; броня: без брони; оболочка: полиэтилен; экран: без экрана; толщина жил: крупные (25–95 мм²); изоляция: сшитый ПЭ";510;9;программный рендер;photos/F00265.webp
F00266;2;266;Электродвигатели;"Электродвигатель; общепромышленный; габарит 160–200; лапы + фланец";электродвигатель;признаки: общепромышленный · габарит 160–200 · лапы + фланец;510;7;генерация;photos/F00266.webp
F00267;2;267;Кабель и провод;"Кабель круглый; 13-24 жил; жилы тонкие (до 2,5 мм²); жила: медь; изоляция силикон; оболочка безгалогенная (LSZH)";кабель круглый;"жилы: 13-24; металл: медь; броня: без брони; оболочка: безгалогенная (LSZH); экран: без экрана; толщина жил: тонкие (до 2,5 мм²); изоляция: силикон";508;19;генерация;photos/F00267.webp
F00268;2;268;Подшипники;Подшипник комбинированный;подшипник комбинированный;;506;16;генерация;photos/F00268.webp
F00269;2;269;Кабель и провод;"Кабель круглый; 3 жил; жилы очень крупные (120+ мм²); жила: алюминий; изоляция бумага; оболочка свинец";кабель круглый;"жилы: 3; металл: алюминий; броня: без брони; оболочка: свинец; экран: без экрана; толщина жил: очень крупные (120+ мм²); изоляция: бумага";504;7;программный рендер;photos/F00269.webp
F00270;2;270;Низковольтное оборудование;Шина;шина;;504;20;генерация;photos/F00270.webp
F00271;2;271;Кабель и провод;"Кабель круглый; 2 жил; жилы крупные (25–95 мм²); жила: медь; изоляция ПВХ; оболочка ПВХ";кабель круглый;"жилы: 2; металл: медь; броня: без брони; оболочка: ПВХ; экран: без экрана; толщина жил: крупные (25–95 мм²); изоляция: ПВХ";503;14;программный рендер;photos/F00271.webp
F00272;2;272;Низковольтное оборудование;Вставка плавкая;вставка плавкая;;502;12;генерация;photos/F00272.webp
F00273;2;273;Кабель и провод;"Провод одножильный; 1 жила; жила: алюминий; изоляция силикон";провод одножильный;"жилы: 1; металл: алюминий; броня: без брони; оболочка: нет (только изоляция); экран: без экрана; толщина жил: не определено; изоляция: силикон";501;3;программный рендер;photos/F00273.webp
F00274;2;274;Вентиляторы;Вентилятор осевой;вентилятор осевой;;501;22;генерация;photos/F00274.webp
F00275;2;275;Низковольтное оборудование;"Дифференциальный выключатель (УЗО); 2P (2 модуля)";дифференциальный выключатель (УЗО);признаки: 2P (2 модуля);501;14;генерация;photos/F00275.webp
F00276;2;276;Редукторы;Мотор-редуктор планетарный;мотор-редуктор планетарный;;496;9;генерация;photos/F00276.webp
F00277;2;277;Вентиляторы;Вентилятор крышный;вентилятор крышный;;494;32;генерация;photos/F00277.webp
F00278;2;278;Кабель и провод;"Кабель круглый; 13-24 жил; жилы тонкие (до 2,5 мм²); жила: медь; изоляция ПВХ; оболочка полиэтилен";кабель круглый;"жилы: 13-24; металл: медь; броня: без брони; оболочка: полиэтилен; экран: без экрана; толщина жил: тонкие (до 2,5 мм²); изоляция: ПВХ";491;15;генерация;photos/F00278.webp
F00279;2;279;Станки и оборудование;Станок;станок;;491;42;генерация;photos/F00279.webp
F00280;2;280;Кабель и провод;"Витая пара (LAN); 4 пар; жила: медь; изоляция ПВХ; оболочка ПВХ";витая пара (LAN);"жилы: 4 пар; металл: медь; броня: без брони; оболочка: ПВХ; экран: без экрана; толщина жил: —; изоляция: ПВХ";490;17;генерация;photos/F00280.webp
F00281;2;281;Светильники;"Светильник; настольный";светильник;признаки: настольный;489;22;генерация;photos/F00281.webp
F00282;2;282;Кабель и провод;"Кабель круглый; 3 жил; жилы очень крупные (120+ мм²); жила: медь; изоляция сшитый ПЭ; оболочка ПВХ";кабель круглый;"жилы: 3; металл: медь; броня: без брони; оболочка: ПВХ; экран: без экрана; толщина жил: очень крупные (120+ мм²); изоляция: сшитый ПЭ";478;14;программный рендер;photos/F00282.webp
F00283;2;283;Кабель и провод;"Кабель круглый; жила: медь; изоляция ПВХ; оболочка ПВХ";кабель круглый;"жилы: не определено; металл: медь; броня: без брони; оболочка: ПВХ; экран: без экрана; толщина жил: не определено; изоляция: ПВХ";477;1;генерация;photos/F00283.webp
F00284;2;284;Кабель и провод;"Кабель круглый; 6-7 жил; жилы тонкие (до 2,5 мм²); жила: медь; изоляция ПВХ; оболочка безгалогенная (LSZH)";кабель круглый;"жилы: 6-7; металл: медь; броня: без брони; оболочка: безгалогенная (LSZH); экран: без экрана; толщина жил: тонкие (до 2,5 мм²); изоляция: ПВХ";475;19;генерация;photos/F00284.webp
F00285;2;285;Низковольтное оборудование;"Дифференциальный выключатель (УЗО); 4P (4 модуля)";дифференциальный выключатель (УЗО);признаки: 4P (4 модуля);472;15;генерация;photos/F00285.webp
F00286;2;286;Инструмент;"Манометр (самое частое в группе); группа «Измерительное оборудование»";изделия группы «Измерительное оборудование»;;471;27;генерация;photos/F00286.webp
F00287;2;287;Лотки и кабеленесущие системы;"Угол; горизонтальный";угол;признаки: горизонтальный;471;49;генерация;photos/F00287.webp
F00288;2;288;Ремни;"Ремень; вариаторный";ремень;признаки: вариаторный;468;49;генерация;photos/F00288.webp
F00289;2;289;Низковольтное оборудование;"Дифференциальный автомат; 4 модуля";дифференциальный автомат;признаки: 4 модуля;468;28;генерация;photos/F00289.webp
F00290;2;290;Кабель и провод;"Кабель круглый; 25-48 жил; жилы тонкие (до 2,5 мм²); жила: медь; изоляция ПВХ; оболочка ПВХ; броня проволочная";кабель круглый;"жилы: 25-48; металл: медь; броня: броня проволочная; оболочка: ПВХ; экран: без экрана; толщина жил: тонкие (до 2,5 мм²); изоляция: ПВХ";467;21;генерация;photos/F00290.webp
F00291;2;291;Насосы;Насос консольно-моноблочный;насос консольно-моноблочный;;467;31;генерация;photos/F00291.webp
F00292;2;292;Кабель и провод;"Кабель круглый; 1 жила; жилы крупные (25–95 мм²); жила: медь; изоляция сшитый ПЭ; оболочка ПВХ";кабель круглый;"жилы: 1; металл: медь; броня: без брони; оболочка: ПВХ; экран: без экрана; толщина жил: крупные (25–95 мм²); изоляция: сшитый ПЭ";466;8;программный рендер;photos/F00292.webp
F00293;2;293;Кабель и провод;"Кабель круглый; 3 жил; жилы крупные (25–95 мм²); жила: медь; изоляция бумага; оболочка свинец";кабель круглый;"жилы: 3; металл: медь; броня: без брони; оболочка: свинец; экран: без экрана; толщина жил: крупные (25–95 мм²); изоляция: бумага";465;3;программный рендер;photos/F00293.webp
F00294;2;294;Кабель и провод;"Кабель круглый; 25-48 жил; жилы крупные (25–95 мм²); жила: медь; изоляция ПВХ; оболочка ПВХ; экран (оплетка/фольга видна на срезе)";кабель круглый;"жилы: 25-48; металл: медь; броня: без брони; оболочка: ПВХ; экран: экран; толщина жил: крупные (25–95 мм²); изоляция: ПВХ";464;18;генерация;photos/F00294.webp
F00295;2;295;Кабель и провод;"Термопарный; 13-24 жил; жилы тонкие (до 2,5 мм²); жила: термопарный сплав; изоляция ПВХ; оболочка ПВХ";термопарный;"жилы: 13-24; металл: термопарный сплав; броня: без брони; оболочка: ПВХ; экран: без экрана; толщина жил: тонкие (до 2,5 мм²); изоляция: ПВХ";458;26;генерация;photos/F00295.webp
F00296;2;296;Кабель и провод;"Кабель круглый; 3 жил; жилы крупные (25–95 мм²); жила: медь; изоляция сшитый ПЭ; оболочка ПВХ";кабель круглый;"жилы: 3; металл: медь; броня: без брони; оболочка: ПВХ; экран: без экрана; толщина жил: крупные (25–95 мм²); изоляция: сшитый ПЭ";455;11;программный рендер;photos/F00296.webp
F00297;2;297;Кабель и провод;"Кабель круглый; 6-7 жил; жилы тонкие (до 2,5 мм²); жила: медь; изоляция силикон; оболочка ПВХ; броня ленточная";кабель круглый;"жилы: 6-7; металл: медь; броня: броня ленточная; оболочка: ПВХ; экран: без экрана; толщина жил: тонкие (до 2,5 мм²); изоляция: силикон";454;6;генерация;photos/F00297.webp
F00298;2;298;Кабель и провод;"Кабель круглый; 13-24 жил; жилы тонкие (до 2,5 мм²); жила: медь; изоляция ПВХ; оболочка резина; экран (оплетка/фольга видна на срезе)";кабель круглый;"жилы: 13-24; металл: медь; броня: без брони; оболочка: резина; экран: экран; толщина жил: тонкие (до 2,5 мм²); изоляция: ПВХ";452;20;генерация;photos/F00298.webp
F00299;2;299;Кабель и провод;"Кабель круглый; 3 жил; жилы средние (4–16 мм²); жила: медь; изоляция ПВХ; оболочка ПВХ; экран (оплетка/фольга видна на срезе)";кабель круглый;"жилы: 3; металл: медь; броня: без брони; оболочка: ПВХ; экран: экран; толщина жил: средние (4–16 мм²); изоляция: ПВХ";452;17;генерация;photos/F00299.webp
F00300;2;300;Кабель и провод;"Кабель круглый; 13-24 жил; жилы тонкие (до 2,5 мм²); жила: медь; изоляция силикон; оболочка ПВХ; экран (оплетка/фольга видна на срезе)";кабель круглый;"жилы: 13-24; металл: медь; броня: без брони; оболочка: ПВХ; экран: экран; толщина жил: тонкие (до 2,5 мм²); изоляция: силикон";449;29;генерация;photos/F00300.webp
F00301;2;301;Кабель и провод;"Кабель круглый; 49+ жил; жилы тонкие (до 2,5 мм²); жила: медь; изоляция ПВХ; оболочка ПВХ; броня ленточная; экран (оплетка/фольга видна на срезе)";кабель круглый;"жилы: 49+; металл: медь; броня: броня ленточная; оболочка: ПВХ; экран: экран; толщина жил: тонкие (до 2,5 мм²); изоляция: ПВХ";449;26;генерация;photos/F00301.webp
F00302;2;302;Светильники;Лампа;лампа;;449;47;генерация;photos/F00302.webp
F00303;2;303;Трубопроводная арматура;Манометр электроконтактный;манометр электроконтактный;;448;5;генерация;photos/F00303.webp
F00304;2;304;Складское оборудование;Ветвь канатная;ветвь канатная;;447;19;генерация;photos/F00304.webp
F00305;2;305;Кабель и провод;"Кабель круглый; 1 жила; жилы тонкие (до 2,5 мм²); жила: медь; изоляция ПВХ; оболочка ПВХ; экран (оплетка/фольга видна на срезе)";кабель круглый;"жилы: 1; металл: медь; броня: без брони; оболочка: ПВХ; экран: экран; толщина жил: тонкие (до 2,5 мм²); изоляция: ПВХ";445;10;генерация;photos/F00305.webp
F00306;2;306;Кабель и провод;"Кабель круглый; 13-24 жил; жилы тонкие (до 2,5 мм²); жила: медь; изоляция силикон; оболочка безгалогенная (LSZH); экран (оплетка/фольга видна на срезе)";кабель круглый;"жилы: 13-24; металл: медь; броня: без брони; оболочка: безгалогенная (LSZH); экран: экран; толщина жил: тонкие (до 2,5 мм²); изоляция: силикон";444;18;генерация;photos/F00306.webp
F00307;2;307;Низковольтное оборудование;"Автоматический выключатель; в литом корпусе (силовой); 1P";автоматический выключатель;признаки: в литом корпусе (силовой) · 1P;442;8;генерация;photos/F00307.webp
F00308;2;308;Кабель и провод;"Кабель круглый; 4 жил; жилы средние (4–16 мм²); жила: медь; изоляция ПВХ; оболочка ПВХ; броня ленточная";кабель круглый;"жилы: 4; металл: медь; броня: броня ленточная; оболочка: ПВХ; экран: без экрана; толщина жил: средние (4–16 мм²); изоляция: ПВХ";437;12;генерация;photos/F00308.webp
F00309;2;309;Электродвигатели;"Электродвигатель; общепромышленный; габарит 100–132; на фланце";электродвигатель;признаки: общепромышленный · габарит 100–132 · на фланце;437;10;генерация;photos/F00309.webp
F00310;2;310;Складское оборудование;Лебедка электрическая;лебедка электрическая;;437;25;генерация;photos/F00310.webp
F00311;2;311;Кабель и провод;"Кабель круглый; 4 жил; жилы крупные (25–95 мм²); жила: медь; изоляция ПВХ; оболочка ПВХ; экран (оплетка/фольга видна на срезе)";кабель круглый;"жилы: 4; металл: медь; броня: без брони; оболочка: ПВХ; экран: экран; толщина жил: крупные (25–95 мм²); изоляция: ПВХ";435;20;генерация;photos/F00311.webp
F00312;2;312;Видеонаблюдение;Камера;камера;;435;10;генерация;photos/F00312.webp
F00313;2;313;Низковольтное оборудование;Кнопка;кнопка;;435;27;генерация;photos/F00313.webp
F00314;2;314;Кабель и провод;"Кабель круглый; 5 жил; жилы тонкие (до 2,5 мм²); жила: медь; изоляция ПВХ; оболочка ПВХ; броня ленточная";кабель круглый;"жилы: 5; металл: медь; броня: броня ленточная; оболочка: ПВХ; экран: без экрана; толщина жил: тонкие (до 2,5 мм²); изоляция: ПВХ";433;7;генерация;photos/F00314.webp
F00315;2;315;Инструмент;Компрессор винтовой;компрессор винтовой;;433;9;генерация;photos/F00315.webp
F00316;2;316;Монтажные изделия для кабеля;Розетка;розетка;;433;24;генерация;photos/F00316.webp
F00317;2;317;Кабель и провод;"Кабель круглый; 8-12 жил; жилы тонкие (до 2,5 мм²); жила: медь; изоляция силикон; оболочка безгалогенная (LSZH)";кабель круглый;"жилы: 8-12; металл: медь; броня: без брони; оболочка: безгалогенная (LSZH); экран: без экрана; толщина жил: тонкие (до 2,5 мм²); изоляция: силикон";432;16;генерация;photos/F00317.webp
F00318;2;318;Кабель и провод;"Кабель круглый; 8-12 жил; жилы тонкие (до 2,5 мм²); жила: медь; изоляция силикон; оболочка безгалогенная (LSZH); экран (оплетка/фольга видна на срезе)";кабель круглый;"жилы: 8-12; металл: медь; броня: без брони; оболочка: безгалогенная (LSZH); экран: экран; толщина жил: тонкие (до 2,5 мм²); изоляция: силикон";432;16;генерация;photos/F00318.webp
F00319;2;319;Кабель и провод;"Кабель круглый; 3 жил; жилы крупные (25–95 мм²); жила: алюминий; изоляция сшитый ПЭ; оболочка полиэтилен";кабель круглый;"жилы: 3; металл: алюминий; броня: без брони; оболочка: полиэтилен; экран: без экрана; толщина жил: крупные (25–95 мм²); изоляция: сшитый ПЭ";429;6;программный рендер;photos/F00319.webp
F00320;2;320;Низковольтное оборудование;"Контактор; средний (40–95 А)";контактор;признаки: средний (40–95 А);429;14;генерация;photos/F00320.webp
F00321;2;321;Кабель и провод;"Кабель круглый; 3 жил; жилы крупные (25–95 мм²); жила: медь; изоляция ПВХ; оболочка ПВХ; экран (оплетка/фольга видна на срезе)";кабель круглый;"жилы: 3; металл: медь; броня: без брони; оболочка: ПВХ; экран: экран; толщина жил: крупные (25–95 мм²); изоляция: ПВХ";424;16;генерация;photos/F00321.webp
F00322;2;322;Кабель и провод;"Витая пара (LAN); 4 пар; жила: медь; изоляция ПВХ; оболочка ПВХ; экран (оплетка/фольга видна на срезе)";витая пара (LAN);"жилы: 4 пар; металл: медь; броня: без брони; оболочка: ПВХ; экран: экран; толщина жил: —; изоляция: ПВХ";423;16;генерация;photos/F00322.webp
F00323;2;323;Кабель и провод;"Кабель круглый; 8-12 жил; жилы тонкие (до 2,5 мм²); жила: медь; изоляция ПВХ; оболочка ПВХ; броня ленточная; экран (оплетка/фольга видна на срезе)";кабель круглый;"жилы: 8-12; металл: медь; броня: броня ленточная; оболочка: ПВХ; экран: экран; толщина жил: тонкие (до 2,5 мм²); изоляция: ПВХ";418;13;генерация;photos/F00323.webp
F00324;2;324;Кабель и провод;"Кабель круглый; 4 жил; жилы крупные (25–95 мм²); жила: медь; изоляция ПВХ; оболочка ПВХ; броня ленточная";кабель круглый;"жилы: 4; металл: медь; броня: броня ленточная; оболочка: ПВХ; экран: без экрана; толщина жил: крупные (25–95 мм²); изоляция: ПВХ";416;16;генерация;photos/F00324.webp
F00325;2;325;Низковольтное оборудование;"Контактор; крупный (115 А+)";контактор;признаки: крупный (115 А+);414;24;генерация;photos/F00325.webp
F00326;2;326;Кабель и провод;"Кабель круглый; 3 жил; жилы крупные (25–95 мм²); жила: медь; изоляция резина; оболочка безгалогенная (LSZH)";кабель круглый;"жилы: 3; металл: медь; броня: без брони; оболочка: безгалогенная (LSZH); экран: без экрана; толщина жил: крупные (25–95 мм²); изоляция: резина";406;3;программный рендер;photos/F00326.webp
F00327;2;327;Кабель и провод;"Кабель круглый; 3 жил; жилы крупные (25–95 мм²); жила: медь; изоляция сшитый ПЭ; оболочка полиэтилен";кабель круглый;"жилы: 3; металл: медь; броня: без брони; оболочка: полиэтилен; экран: без экрана; толщина жил: крупные (25–95 мм²); изоляция: сшитый ПЭ";406;6;программный рендер;photos/F00327.webp
F00328;2;328;Кабель и провод;"Кабель круглый; 1 жила; жилы крупные (25–95 мм²); жила: медь; изоляция резина; оболочка безгалогенная (LSZH)";кабель круглый;"жилы: 1; металл: медь; броня: без брони; оболочка: безгалогенная (LSZH); экран: без экрана; толщина жил: крупные (25–95 мм²); изоляция: резина";405;3;программный рендер;photos/F00328.webp
F00329;2;329;Кабель и провод;"Кабель круглый; 13-24 жил; жилы средние (4–16 мм²); жила: медь; изоляция ПВХ; оболочка ПВХ; экран (оплетка/фольга видна на срезе)";кабель круглый;"жилы: 13-24; металл: медь; броня: без брони; оболочка: ПВХ; экран: экран; толщина жил: средние (4–16 мм²); изоляция: ПВХ";404;11;генерация;photos/F00329.webp
F00330;2;330;Кабель и провод;"Кабель круглый; 1 жила; жилы очень крупные (120+ мм²); жила: алюминий; изоляция сшитый ПЭ; оболочка ПВХ; броня ленточная";кабель круглый;"жилы: 1; металл: алюминий; броня: броня ленточная; оболочка: ПВХ; экран: без экрана; толщина жил: очень крупные (120+ мм²); изоляция: сшитый ПЭ";399;6;генерация;photos/F00330.webp
F00331;2;331;Кабель и провод;"Кабель круглый; 1 жила; жилы тонкие (до 2,5 мм²); жила: медь; изоляция ПВХ; оболочка силикон";кабель круглый;"жилы: 1; металл: медь; броня: без брони; оболочка: силикон; экран: без экрана; толщина жил: тонкие (до 2,5 мм²); изоляция: ПВХ";399;10;программный рендер;photos/F00331.webp
F00332;2;332;Подшипники;"Подшипник шариковый; радиально-упорный; закрытый металлическими шайбами (ZZ)";подшипник шариковый;признаки: радиально-упорный · закрытый металлическими шайбами (ZZ);398;13;генерация;photos/F00332.webp
F00333;2;333;Ремни;"Ремень; поликлиновой PL; 7–12 ручьев";ремень;признаки: поликлиновой PL · 7–12 ручьев;398;8;генерация;photos/F00333.webp
F00334;2;334;Низковольтное оборудование;"Автоматический выключатель; в литом корпусе (силовой); 2P";автоматический выключатель;признаки: в литом корпусе (силовой) · 2P;398;8;генерация;photos/F00334.webp
F00335;2;335;Кабель и провод;"Кабель круглый; 49+ жил; жилы тонкие (до 2,5 мм²); жила: медь; изоляция полиэтилен; оболочка полиэтилен; броня ленточная";кабель круглый;"жилы: 49+; металл: медь; броня: броня ленточная; оболочка: полиэтилен; экран: без экрана; толщина жил: тонкие (до 2,5 мм²); изоляция: полиэтилен";397;9;генерация;photos/F00335.webp
F00336;2;336;Ремни;"Ремень; поликлиновой PM; больше 12 ручьев";ремень;признаки: поликлиновой PM · больше 12 ручьев;396;3;генерация;photos/F00336.webp
F00337;2;337;Низковольтное оборудование;Переключатель;переключатель;;396;8;генерация;photos/F00337.webp
F00338;2;338;Кабель и провод;"Кабель круглый; 2 жил; жилы тонкие (до 2,5 мм²); жила: медь; изоляция силикон; оболочка ПВХ";кабель круглый;"жилы: 2; металл: медь; броня: без брони; оболочка: ПВХ; экран: без экрана; толщина жил: тонкие (до 2,5 мм²); изоляция: силикон";394;5;программный рендер;photos/F00338.webp
F00339;2;339;Кабель и провод;"Кабель круглый; 13-24 жил; жилы тонкие (до 2,5 мм²); жила: медь; изоляция резина; оболочка ПВХ";кабель круглый;"жилы: 13-24; металл: медь; броня: без брони; оболочка: ПВХ; экран: без экрана; толщина жил: тонкие (до 2,5 мм²); изоляция: резина";392;14;генерация;photos/F00339.webp
F00340;2;340;Инструмент;Компрессор;компрессор;;391;12;генерация;photos/F00340.webp
F00341;2;341;Ремни;"Ремень; поликлиновой PM";ремень;признаки: поликлиновой PM;388;3;генерация;photos/F00341.webp
F00342;2;342;Кабель и провод;"Кабель круглый; 3 жил; жилы тонкие (до 2,5 мм²); жила: медь; изоляция ПВХ; оболочка безгалогенная (LSZH)";кабель круглый;"жилы: 3; металл: медь; броня: без брони; оболочка: безгалогенная (LSZH); экран: без экрана; толщина жил: тонкие (до 2,5 мм²); изоляция: ПВХ";388;16;программный рендер;photos/F00342.webp
F00343;2;343;Кабель и провод;"Кабель круглый; 5 жил; жилы тонкие (до 2,5 мм²); жила: медь; изоляция ПВХ; оболочка безгалогенная (LSZH)";кабель круглый;"жилы: 5; металл: медь; броня: без брони; оболочка: безгалогенная (LSZH); экран: без экрана; толщина жил: тонкие (до 2,5 мм²); изоляция: ПВХ";387;15;программный рендер;photos/F00343.webp
F00344;2;344;Кабель и провод;"Термопарный; 8-12 жил; жилы тонкие (до 2,5 мм²); жила: термопарный сплав; изоляция ПВХ; оболочка ПВХ";термопарный;"жилы: 8-12; металл: термопарный сплав; броня: без брони; оболочка: ПВХ; экран: без экрана; толщина жил: тонкие (до 2,5 мм²); изоляция: ПВХ";386;24;генерация;photos/F00344.webp
F00345;2;345;Кабель и провод;"Кабель круглый; 3 жил; жилы очень крупные (120+ мм²); жила: медь; изоляция резина; оболочка безгалогенная (LSZH)";кабель круглый;"жилы: 3; металл: медь; броня: без брони; оболочка: безгалогенная (LSZH); экран: без экрана; толщина жил: очень крупные (120+ мм²); изоляция: резина";385;3;программный рендер;photos/F00345.webp
F00346;2;346;Кабель и провод;"Шнур оптический (патч-корд); жила: оптическое волокно; изоляция ПВХ; оболочка безгалогенная (LSZH), цвет розовый";шнур оптический (патч-корд);"жилы: —; металл: оптическое волокно; броня: без брони; оболочка: безгалогенная (LSZH); экран: без экрана; толщина жил: —; изоляция: ПВХ; цвет: розовый";384;1;генерация;photos/F00346.webp
F00347;2;347;Кабель и провод;"Кабель круглый; 1 жила; жилы крупные (25–95 мм²); жила: алюминий; изоляция сшитый ПЭ; оболочка ПВХ";кабель круглый;"жилы: 1; металл: алюминий; броня: без брони; оболочка: ПВХ; экран: без экрана; толщина жил: крупные (25–95 мм²); изоляция: сшитый ПЭ";383;5;программный рендер;photos/F00347.webp
F00348;2;348;Кабель и провод;"Кабель круглый; 3 жил; жилы крупные (25–95 мм²); жила: алюминий; изоляция бумага; оболочка алюминий";кабель круглый;"жилы: 3; металл: алюминий; броня: без брони; оболочка: алюминий; экран: без экрана; толщина жил: крупные (25–95 мм²); изоляция: бумага";381;3;программный рендер;photos/F00348.webp
F00349;2;349;Кабель и провод;"Провод одножильный; жила: медь; изоляция силикон";провод одножильный;"жилы: не определено; металл: медь; броня: без брони; оболочка: нет (только изоляция); экран: без экрана; толщина жил: не определено; изоляция: силикон";380;1;генерация;photos/F00349.webp
F00350;2;350;Кабель и провод;"Провод одножильный; жила: медь; изоляция стекловолокно";провод одножильный;"жилы: не определено; металл: медь; броня: без брони; оболочка: нет (только изоляция); экран: без экрана; толщина жил: не определено; изоляция: стекловолокно";380;1;генерация;photos/F00350.webp
F00351;2;351;Осветительное оборудование;"Светильник; взрывозащищенный";светильник;признаки: взрывозащищенный;379;25;генерация;photos/F00351.webp
F00352;2;352;Складское оборудование;Тележка;тележка;;379;36;генерация;photos/F00352.webp
F00353;2;353;Подшипники;Подшипник игольчатый;подшипник игольчатый;;378;19;генерация;photos/F00353.webp
F00354;2;354;Инструмент;Полуавтомат сварочный;полуавтомат сварочный;;378;11;генерация;photos/F00354.webp
F00355;2;355;Складское оборудование;Погрузчик электрический;погрузчик электрический;;378;3;генерация;photos/F00355.webp
F00356;2;356;Лотки и кабеленесущие системы;Ответвитель;ответвитель;;376;43;генерация;photos/F00356.webp
F00357;2;357;Кабель и провод;"Кабель круглый; 4 жил; жилы тонкие (до 2,5 мм²); жила: медь; изоляция силикон; оболочка ПВХ";кабель круглый;"жилы: 4; металл: медь; броня: без брони; оболочка: ПВХ; экран: без экрана; толщина жил: тонкие (до 2,5 мм²); изоляция: силикон";375;6;программный рендер;photos/F00357.webp
F00358;2;358;Кабель и провод;"Кабель круглый; 8-12 жил; жилы тонкие (до 2,5 мм²); жила: медь; изоляция силикон; оболочка ПВХ; экран (оплетка/фольга видна на срезе)";кабель круглый;"жилы: 8-12; металл: медь; броня: без брони; оболочка: ПВХ; экран: экран; толщина жил: тонкие (до 2,5 мм²); изоляция: силикон";374;17;генерация;photos/F00358.webp
F00359;2;359;Ремни;"Ремень; поликлиновой PH; 7–12 ручьев";ремень;признаки: поликлиновой PH · 7–12 ручьев;372;12;генерация;photos/F00359.webp
F00360;2;360;Кабель и провод;"Кабель круглый; 25-48 жил; жилы тонкие (до 2,5 мм²); жила: медь; изоляция резина; оболочка ПВХ";кабель круглый;"жилы: 25-48; металл: медь; броня: без брони; оболочка: ПВХ; экран: без экрана; толщина жил: тонкие (до 2,5 мм²); изоляция: резина";372;16;генерация;photos/F00360.webp
F00361;2;361;Кабель и провод;"Кабель круглый; 3 жил; жилы очень крупные (120+ мм²); жила: медь; изоляция бумага; оболочка свинец";кабель круглый;"жилы: 3; металл: медь; броня: без брони; оболочка: свинец; экран: без экрана; толщина жил: очень крупные (120+ мм²); изоляция: бумага";372;3;программный рендер;photos/F00361.webp
F00362;2;362;Кабель и провод;"Кабель круглый; 49+ жил; жилы тонкие (до 2,5 мм²); жила: медь; изоляция полиэтилен; оболочка полиэтилен; экран (оплетка/фольга видна на срезе)";кабель круглый;"жилы: 49+; металл: медь; броня: без брони; оболочка: полиэтилен; экран: экран; толщина жил: тонкие (до 2,5 мм²); изоляция: полиэтилен";371;17;генерация;photos/F00362.webp
F00363;2;363;Кабель и провод;"Кабель круглый; 4 жил; жилы крупные (25–95 мм²); жила: медь; изоляция резина; оболочка резина";кабель круглый;"жилы: 4; металл: медь; броня: без брони; оболочка: резина; экран: без экрана; толщина жил: крупные (25–95 мм²); изоляция: резина";368;17;программный рендер;photos/F00363.webp
F00364;2;364;Кабель и провод;"Провод одножильный; 1 жила; жилы тонкие (до 2,5 мм²); жила: медь; изоляция ПВХ; экран (оплетка/фольга видна на срезе)";провод одножильный;"жилы: 1; металл: медь; броня: без брони; оболочка: нет (только изоляция); экран: экран; толщина жил: тонкие (до 2,5 мм²); изоляция: ПВХ";368;18;генерация;photos/F00364.webp
F00365;2;365;Рукава;Рукав;рукав;;366;9;генерация;photos/F00365.webp
F00366;2;366;Лотки и кабеленесущие системы;Поворот;поворот;;366;32;генерация;photos/F00366.webp
F00367;2;367;Складское оборудование;"Кожух моторного (самое частое в группе); группа «Комплектующие и запчасти для склада»";изделия группы «Комплектующие и запчасти для склада»;;365;28;генерация;photos/F00367.webp
F00368;2;368;Кабель и провод;"Кабель круглый; 8-12 жил; жилы тонкие (до 2,5 мм²); жила: медь; изоляция ПВХ; оболочка ПВХ, цвет серый; экран (оплетка/фольга видна на срезе)";кабель круглый;"жилы: 8-12; металл: медь; броня: без брони; оболочка: ПВХ; экран: экран; толщина жил: тонкие (до 2,5 мм²); изоляция: ПВХ; цвет: серый";364;20;генерация;photos/F00368.webp
F00369;2;369;Низковольтное оборудование;Модуль;модуль;;364;11;генерация;photos/F00369.webp
F00370;2;370;Низковольтное оборудование;Устройство;устройство;;364;32;генерация;photos/F00370.webp
F00371;2;371;Кабель и провод;"Кабель круглый; 49+ жил; жилы тонкие (до 2,5 мм²); жила: медь; изоляция полиэтилен; оболочка полиэтилен; броня ленточная; экран (оплетка/фольга видна на срезе)";кабель круглый;"жилы: 49+; металл: медь; броня: броня ленточная; оболочка: полиэтилен; экран: экран; толщина жил: тонкие (до 2,5 мм²); изоляция: полиэтилен";363;17;генерация;photos/F00371.webp
F00372;2;372;Кабель и провод;"Кабель круглый; 3 жил; жилы очень крупные (120+ мм²); жила: алюминий; изоляция сшитый ПЭ; оболочка ПВХ";кабель круглый;"жилы: 3; металл: алюминий; броня: без брони; оболочка: ПВХ; экран: без экрана; толщина жил: очень крупные (120+ мм²); изоляция: сшитый ПЭ";362;6;программный рендер;photos/F00372.webp
F00373;2;373;Электродвигатели;"Электродвигатель; общепромышленный; габарит 225–280; лапы + фланец";электродвигатель;признаки: общепромышленный · габарит 225–280 · лапы + фланец;361;5;генерация;photos/F00373.webp
F00374;2;374;Кабель и провод;"Провод одножильный; 1 жила; жилы тонкие (до 2,5 мм²); жила: медь; изоляция ПВХ; цвет изоляции черный";провод одножильный;"жилы: 1; металл: медь; броня: без брони; оболочка: нет (только изоляция); экран: без экрана; толщина жил: тонкие (до 2,5 мм²); изоляция: ПВХ; цвет: черный";360;13;программный рендер;photos/F00374.webp
F00375;2;375;Кабель и провод;"Провод одножильный; 1 жила; жилы тонкие (до 2,5 мм²); жила: медь; изоляция ПВХ; цвет изоляции белый";провод одножильный;"жилы: 1; металл: медь; броня: без брони; оболочка: нет (только изоляция); экран: без экрана; толщина жил: тонкие (до 2,5 мм²); изоляция: ПВХ; цвет: белый";356;13;программный рендер;photos/F00375.webp
F00376;2;376;Кабель и провод;"Кабель круглый; 13-24 жил; жилы тонкие (до 2,5 мм²); жила: медь; изоляция ПВХ; оболочка ПВХ; броня проволочная";кабель круглый;"жилы: 13-24; металл: медь; броня: броня проволочная; оболочка: ПВХ; экран: без экрана; толщина жил: тонкие (до 2,5 мм²); изоляция: ПВХ";355;15;генерация;photos/F00376.webp
F00377;2;377;Светильники;"Светильник; подвесной линейный / торговый";светильник;признаки: подвесной линейный / торговый;355;19;генерация;photos/F00377.webp
F00378;2;378;Кабель и провод;"Кабель круглый; 3 жил; жилы средние (4–16 мм²); жила: медь; изоляция резина; оболочка ПВХ";кабель круглый;"жилы: 3; металл: медь; броня: без брони; оболочка: ПВХ; экран: без экрана; толщина жил: средние (4–16 мм²); изоляция: резина";352;3;программный рендер;photos/F00378.webp
F00379;2;379;Кабель и провод;"Кабель круглый; 1 жила; жилы тонкие (до 2,5 мм²); жила: медь; изоляция ПВХ; оболочка безгалогенная (LSZH)";кабель круглый;"жилы: 1; металл: медь; броня: без брони; оболочка: безгалогенная (LSZH); экран: без экрана; толщина жил: тонкие (до 2,5 мм²); изоляция: ПВХ";351;8;программный рендер;photos/F00379.webp
F00380;2;380;Кабель и провод;"Кабель круглый; 25-48 жил; жилы тонкие (до 2,5 мм²); жила: медь; изоляция полиэтилен; оболочка ПВХ; броня ленточная";кабель круглый;"жилы: 25-48; металл: медь; броня: броня ленточная; оболочка: ПВХ; экран: без экрана; толщина жил: тонкие (до 2,5 мм²); изоляция: полиэтилен";351;14;генерация;photos/F00380.webp
F00381;2;381;Кабель и провод;"Кабель круглый; 1 жила; жила: медь; изоляция ПВХ; оболочка ПВХ; экран (оплетка/фольга видна на срезе)";кабель круглый;"жилы: 1; металл: медь; броня: без брони; оболочка: ПВХ; экран: экран; толщина жил: не определено; изоляция: ПВХ";350;3;генерация;photos/F00381.webp
F00382;2;382;Инструмент;Перфоратор;перфоратор;;350;5;генерация;photos/F00382.webp
F00383;2;383;Кабель и провод;"Кабель круглый; 13-24 жил; жилы крупные (25–95 мм²); жила: медь; изоляция ПВХ; оболочка ПВХ; экран (оплетка/фольга видна на срезе)";кабель круглый;"жилы: 13-24; металл: медь; броня: без брони; оболочка: ПВХ; экран: экран; толщина жил: крупные (25–95 мм²); изоляция: ПВХ";348;13;генерация;photos/F00383.webp
F00384;2;384;Инструмент;Генератор синхронный;генератор синхронный;;348;5;генерация;photos/F00384.webp
F00385;2;385;Редукторы;Мотор-редуктор червячный;мотор-редуктор червячный;;348;8;генерация;photos/F00385.webp
F00386;2;386;Кабель и провод;"Провод одножильный; 1 жила; жилы тонкие (до 2,5 мм²); жила: медь; изоляция ПВХ; цвет изоляции красный";провод одножильный;"жилы: 1; металл: медь; броня: без брони; оболочка: нет (только изоляция); экран: без экрана; толщина жил: тонкие (до 2,5 мм²); изоляция: ПВХ; цвет: красный";347;13;программный рендер;photos/F00386.webp
F00387;2;387;Инструмент;Генератор бензиновый;генератор бензиновый;;346;15;генерация;photos/F00387.webp
F00388;2;388;Низковольтное оборудование;"Автоматический выключатель; модульный на DIN-рейку; 1P+N";автоматический выключатель;признаки: модульный на DIN-рейку · 1P+N;344;9;генерация;photos/F00388.webp
F00389;2;389;Кабель и провод;"Кабель круглый; 4 жил; жилы тонкие (до 2,5 мм²); жила: медь; изоляция силикон; оболочка ПВХ; экран (оплетка/фольга видна на срезе)";кабель круглый;"жилы: 4; металл: медь; броня: без брони; оболочка: ПВХ; экран: экран; толщина жил: тонкие (до 2,5 мм²); изоляция: силикон";342;5;генерация;photos/F00389.webp
F00390;2;390;Электродвигатели;"Электродвигатель; общепромышленный; лапы + фланец";электродвигатель;признаки: общепромышленный · лапы + фланец;342;13;генерация;photos/F00390.webp
F00391;2;391;Складское оборудование;Тележка гидравлическая;тележка гидравлическая;;342;16;генерация;photos/F00391.webp
F00392;2;392;Лотки и кабеленесущие системы;Разветвитель крестообразный;разветвитель крестообразный;;341;37;генерация;photos/F00392.webp
F00393;2;393;Кабель и провод;"Кабель круглый; 3 жил; жилы очень крупные (120+ мм²); жила: алюминий; изоляция бумага; оболочка алюминий";кабель круглый;"жилы: 3; металл: алюминий; броня: без брони; оболочка: алюминий; экран: без экрана; толщина жил: очень крупные (120+ мм²); изоляция: бумага";340;4;программный рендер;photos/F00393.webp
F00394;2;394;Кабель и провод;"Провод одножильный; 1 жила; жилы тонкие (до 2,5 мм²); жила: медь; изоляция ПВХ; цвет изоляции синий";провод одножильный;"жилы: 1; металл: медь; броня: без брони; оболочка: нет (только изоляция); экран: без экрана; толщина жил: тонкие (до 2,5 мм²); изоляция: ПВХ; цвет: синий";340;12;программный рендер;photos/F00394.webp
F00395;2;395;Осветительное оборудование;"Прожектор; прожектор";прожектор;признаки: прожектор;339;19;генерация;photos/F00395.webp
F00396;2;396;Насосы;Насос консольный;насос консольный;;339;20;генерация;photos/F00396.webp
F00397;2;397;Кабель и провод;"Кабель круглый; 2 жил; жилы тонкие (до 2,5 мм²); жила: медь; изоляция силикон; оболочка ПВХ; экран (оплетка/фольга видна на срезе)";кабель круглый;"жилы: 2; металл: медь; броня: без брони; оболочка: ПВХ; экран: экран; толщина жил: тонкие (до 2,5 мм²); изоляция: силикон";338;5;генерация;photos/F00397.webp
F00398;2;398;Лотки и кабеленесущие системы;Крышка-ответвитель;крышка-ответвитель;;338;42;генерация;photos/F00398.webp
F00399;2;399;Кабель и провод;"Кабель круглый; 3 жил; жилы крупные (25–95 мм²); жила: медь; изоляция ПВХ; оболочка ПВХ; броня ленточная";кабель круглый;"жилы: 3; металл: медь; броня: броня ленточная; оболочка: ПВХ; экран: без экрана; толщина жил: крупные (25–95 мм²); изоляция: ПВХ";336;9;генерация;photos/F00399.webp
F00400;2;400;Электродвигатели;"Электродвигатель; взрывозащищенный; габарит 160–200; на лапах";электродвигатель;признаки: взрывозащищенный · габарит 160–200 · на лапах;334;9;генерация;photos/F00400.webp
F00401;2;401;Складское оборудование;Строп четырехветвевой;строп четырехветвевой;;333;13;генерация;photos/F00401.webp
F00402;2;402;Станки и оборудование;Станок ленточнопильный;станок ленточнопильный;;332;13;генерация;photos/F00402.webp
F00403;2;403;Кабель и провод;"Кабель круглый; 13-24 жил; жилы тонкие (до 2,5 мм²); жила: медь; изоляция силикон; оболочка полиуретан; броня ленточная";кабель круглый;"жилы: 13-24; металл: медь; броня: броня ленточная; оболочка: полиуретан; экран: без экрана; толщина жил: тонкие (до 2,5 мм²); изоляция: силикон";330;24;генерация;photos/F00403.webp
F00404;2;404;Кабель и провод;"Кабель круглый; 25-48 жил; жилы тонкие (до 2,5 мм²); жила: медь; изоляция силикон; оболочка полиуретан; броня ленточная";кабель круглый;"жилы: 25-48; металл: медь; броня: броня ленточная; оболочка: полиуретан; экран: без экрана; толщина жил: тонкие (до 2,5 мм²); изоляция: силикон";330;27;генерация;photos/F00404.webp
F00405;2;405;Низковольтное оборудование;"Пускатель; средний (40–95 А)";пускатель;признаки: средний (40–95 А);329;18;генерация;photos/F00405.webp
F00406;2;406;Светильники;"Светильник; настенный (бра)";светильник;признаки: настенный (бра);326;28;генерация;photos/F00406.webp
F00407;2;407;Лотки и кабеленесущие системы;Стойка потолочная;стойка потолочная;;326;6;генерация;photos/F00407.webp
F00408;2;408;Кабель и провод;"Кабель круглый; 4 жил; жилы тонкие (до 2,5 мм²); жила: медь; изоляция ПВХ; оболочка полиуретан";кабель круглый;"жилы: 4; металл: медь; броня: без брони; оболочка: полиуретан; экран: без экрана; толщина жил: тонкие (до 2,5 мм²); изоляция: ПВХ";325;15;программный рендер;photos/F00408.webp
F00409;2;409;Станки и оборудование;Борфреза твердосплавная;борфреза твердосплавная;;325;4;генерация;photos/F00409.webp
F00410;2;410;Кабель и провод;"Кабель круглый; 25-48 жил; жилы тонкие (до 2,5 мм²); жила: медь; изоляция ПВХ; оболочка ПВХ; броня проволочная; экран (оплетка/фольга видна на срезе)";кабель круглый;"жилы: 25-48; металл: медь; броня: броня проволочная; оболочка: ПВХ; экран: экран; толщина жил: тонкие (до 2,5 мм²); изоляция: ПВХ";322;21;генерация;photos/F00410.webp
F00411;2;411;Лотки и кабеленесущие системы;Консоль;консоль;;322;29;генерация;photos/F00411.webp
F00412;2;412;Кабель и провод;"Кабель круглый; 3 жил; жилы тонкие (до 2,5 мм²); жила: медь; изоляция ПВХ; оболочка безгалогенная (LSZH); экран (оплетка/фольга видна на срезе)";кабель круглый;"жилы: 3; металл: медь; броня: без брони; оболочка: безгалогенная (LSZH); экран: экран; толщина жил: тонкие (до 2,5 мм²); изоляция: ПВХ";319;10;генерация;photos/F00412.webp
F00413;2;413;Строительное оборудование;Двигатель дизельный;двигатель дизельный;;319;14;генерация;photos/F00413.webp
F00414;2;414;Светильники;Изделия раздела «Светильники»;изделия раздела «Светильники»;;318;25;генерация;photos/F00414.webp
F00415;2;415;Кабель и провод;"Кабель круглый; 4 жил; жилы крупные (25–95 мм²); жила: медь; изоляция ПВХ; оболочка безгалогенная (LSZH)";кабель круглый;"жилы: 4; металл: медь; броня: без брони; оболочка: безгалогенная (LSZH); экран: без экрана; толщина жил: крупные (25–95 мм²); изоляция: ПВХ";317;15;программный рендер;photos/F00415.webp
F00416;2;416;Кабель и провод;"Кабель круглый; 4 жил; жилы средние (4–16 мм²); жила: медь; изоляция резина; оболочка резина";кабель круглый;"жилы: 4; металл: медь; броня: без брони; оболочка: резина; экран: без экрана; толщина жил: средние (4–16 мм²); изоляция: резина";317;13;программный рендер;photos/F00416.webp
F00417;2;417;Инструмент;Аппарат сварочный;аппарат сварочный;;316;7;генерация;photos/F00417.webp
F00418;2;418;Подшипники;"Ролик опорный; цилиндрический";ролик опорный;признаки: цилиндрический;315;14;генерация;photos/F00418.webp
F00419;2;419;Кабель и провод;"Провод одножильный; 1 жила; жилы тонкие (до 2,5 мм²); жила: медь; изоляция ПВХ; цвет изоляции коричневый";провод одножильный;"жилы: 1; металл: медь; броня: без брони; оболочка: нет (только изоляция); экран: без экрана; толщина жил: тонкие (до 2,5 мм²); изоляция: ПВХ; цвет: коричневый";315;10;программный рендер;photos/F00419.webp
F00420;2;420;Электродвигатели;"Электродвигатель; общепромышленный; габарит 315+; лапы + фланец";электродвигатель;признаки: общепромышленный · габарит 315+ · лапы + фланец;314;4;генерация;photos/F00420.webp
F00421;2;421;Кабель и провод;"Кабель круглый; 3 жил; жилы средние (4–16 мм²); жила: медь; изоляция резина; оболочка резина; экран (оплетка/фольга видна на срезе)";кабель круглый;"жилы: 3; металл: медь; броня: без брони; оболочка: резина; экран: экран; толщина жил: средние (4–16 мм²); изоляция: резина";313;8;генерация;photos/F00421.webp
F00422;2;422;Кабель и провод;"Кабель круглый; 13-24 жил; жилы тонкие (до 2,5 мм²); жила: медь; изоляция силикон; оболочка ПВХ";кабель круглый;"жилы: 13-24; металл: медь; броня: без брони; оболочка: ПВХ; экран: без экрана; толщина жил: тонкие (до 2,5 мм²); изоляция: силикон";311;21;генерация;photos/F00422.webp
F00423;2;423;Кабель и провод;"Кабель круглый; 25-48 жил; жилы тонкие (до 2,5 мм²); жила: медь; изоляция ПВХ; оболочка ПВХ, цвет серый; экран (оплетка/фольга видна на срезе)";кабель круглый;"жилы: 25-48; металл: медь; броня: без брони; оболочка: ПВХ; экран: экран; толщина жил: тонкие (до 2,5 мм²); изоляция: ПВХ; цвет: серый";311;33;генерация;photos/F00423.webp
F00424;2;424;Кабель и провод;"Провод одножильный; 1 жила; жилы тонкие (до 2,5 мм²); жила: медь; изоляция ПВХ; цвет изоляции зеленый";провод одножильный;"жилы: 1; металл: медь; броня: без брони; оболочка: нет (только изоляция); экран: без экрана; толщина жил: тонкие (до 2,5 мм²); изоляция: ПВХ; цвет: зеленый";311;10;программный рендер;photos/F00424.webp
F00425;2;425;Лотки и кабеленесущие системы;Профиль монтажный;профиль монтажный;;311;7;генерация;photos/F00425.webp
F00426;2;426;Кабель и провод;"Кабель круглый; 2 жил; жилы средние (4–16 мм²); жила: медь; изоляция ПВХ; оболочка ПВХ; экран (оплетка/фольга видна на срезе)";кабель круглый;"жилы: 2; металл: медь; броня: без брони; оболочка: ПВХ; экран: экран; толщина жил: средние (4–16 мм²); изоляция: ПВХ";310;10;генерация;photos/F00426.webp
F00427;2;427;Кабель и провод;"Кабель круглый; 8-12 жил; жилы тонкие (до 2,5 мм²); жила: медь; изоляция силикон; оболочка ПВХ";кабель круглый;"жилы: 8-12; металл: медь; броня: без брони; оболочка: ПВХ; экран: без экрана; толщина жил: тонкие (до 2,5 мм²); изоляция: силикон";309;16;генерация;photos/F00427.webp
F00428;2;428;Складское оборудование;Тележка платформенная;тележка платформенная;;309;16;генерация;photos/F00428.webp
F00429;2;429;Рукава;Воздуховод гибкий;воздуховод гибкий;;308;2;генерация;photos/F00429.webp
F00430;2;430;Кабель и провод;"Кабель круглый; 49+ жил; жилы тонкие (до 2,5 мм²); жила: медь; изоляция ПВХ; оболочка полиэтилен";кабель круглый;"жилы: 49+; металл: медь; броня: без брони; оболочка: полиэтилен; экран: без экрана; толщина жил: тонкие (до 2,5 мм²); изоляция: ПВХ";307;17;генерация;photos/F00430.webp
F00431;2;431;Кабель и провод;"Кабель круглый; 49+ жил; жилы тонкие (до 2,5 мм²); жила: медь; изоляция ПВХ; оболочка ПВХ; броня проволочная";кабель круглый;"жилы: 49+; металл: медь; броня: броня проволочная; оболочка: ПВХ; экран: без экрана; толщина жил: тонкие (до 2,5 мм²); изоляция: ПВХ";307;15;генерация;photos/F00431.webp
F00432;2;432;Кабель и провод;"Провод одножильный; 1 жила; жилы тонкие (до 2,5 мм²); жила: медь; изоляция полиэтилен; экран (оплетка/фольга видна на срезе)";провод одножильный;"жилы: 1; металл: медь; броня: без брони; оболочка: нет (только изоляция); экран: экран; толщина жил: тонкие (до 2,5 мм²); изоляция: полиэтилен";307;29;генерация;photos/F00432.webp
F00433;2;433;Кабель и провод;"Кабель круглый; 25-48 жил; жилы тонкие (до 2,5 мм²); жила: медь; изоляция ПВХ; оболочка полиуретан";кабель круглый;"жилы: 25-48; металл: медь; броня: без брони; оболочка: полиуретан; экран: без экрана; толщина жил: тонкие (до 2,5 мм²); изоляция: ПВХ";306;24;генерация;photos/F00433.webp
F00434;2;434;Осветительное оборудование;"Прожектор светодиодный; прожектор";прожектор светодиодный;признаки: прожектор;306;27;генерация;photos/F00434.webp
F00435;2;435;Низковольтное оборудование;Источник бесперебойного;источник бесперебойного;;306;11;генерация;photos/F00435.webp
F00436;2;436;Лотки и кабеленесущие системы;"Ответвитель; вертикальный";ответвитель;признаки: вертикальный;306;38;генерация;photos/F00436.webp
F00437;2;437;Кабель и провод;"Кабель круглый; 1 жила; жилы очень крупные (120+ мм²); жила: алюминий; изоляция сшитый ПЭ; оболочка полиэтилен; экран (оплетка/фольга видна на срезе)";кабель круглый;"жилы: 1; металл: алюминий; броня: без брони; оболочка: полиэтилен; экран: экран; толщина жил: очень крупные (120+ мм²); изоляция: сшитый ПЭ";305;4;генерация;photos/F00437.webp
F00438;2;438;Лотки и кабеленесущие системы;Т-отвод;т-отвод;;305;40;генерация;photos/F00438.webp
F00439;2;439;Кабель и провод;"Кабель круглый; 4 жил; жилы средние (4–16 мм²); жила: медь; изоляция ПВХ; оболочка безгалогенная (LSZH)";кабель круглый;"жилы: 4; металл: медь; броня: без брони; оболочка: безгалогенная (LSZH); экран: без экрана; толщина жил: средние (4–16 мм²); изоляция: ПВХ";304;10;программный рендер;photos/F00439.webp
F00440;2;440;Светильники;Коннектор;коннектор;;304;17;генерация;photos/F00440.webp
F00441;2;441;Лотки и кабеленесущие системы;"Лоток проволочный; проволочный";лоток проволочный;признаки: проволочный;304;42;генерация;photos/F00441.webp
F00442;2;442;Кабель и провод;"Кабель круглый; 4 жил; жилы очень крупные (120+ мм²); жила: медь; изоляция ПВХ; оболочка ПВХ; броня ленточная";кабель круглый;"жилы: 4; металл: медь; броня: броня ленточная; оболочка: ПВХ; экран: без экрана; толщина жил: очень крупные (120+ мм²); изоляция: ПВХ";303;15;генерация;photos/F00442.webp
F00443;2;443;Низковольтное оборудование;Датчик;датчик;;301;12;генерация;photos/F00443.webp
F00444;2;444;Складское оборудование;Лебедка ручная;лебедка ручная;;301;24;генерация;photos/F00444.webp
F00445;2;445;Кабель и провод;"Кабель круглый; 1 жила; жила: медь; изоляция ПВХ; оболочка полиуретан";кабель круглый;"жилы: 1; металл: медь; броня: без брони; оболочка: полиуретан; экран: без экрана; толщина жил: не определено; изоляция: ПВХ";300;1;программный рендер;photos/F00445.webp
F00446;2;446;Кабель и провод;"Кабель круглый; 25-48 жил; жилы тонкие (до 2,5 мм²); жила: медь; изоляция резина; оболочка ПВХ; экран (оплетка/фольга видна на срезе)";кабель круглый;"жилы: 25-48; металл: медь; броня: без брони; оболочка: ПВХ; экран: экран; толщина жил: тонкие (до 2,5 мм²); изоляция: резина";299;12;генерация;photos/F00446.webp
F00447;2;447;Кабель и провод;"Кабель круглый; 5 жил; жилы средние (4–16 мм²); жила: медь; изоляция ПВХ; оболочка ПВХ; экран (оплетка/фольга видна на срезе)";кабель круглый;"жилы: 5; металл: медь; броня: без брони; оболочка: ПВХ; экран: экран; толщина жил: средние (4–16 мм²); изоляция: ПВХ";298;18;генерация;photos/F00447.webp
F00448;2;448;Кабель и провод;"Кабель круглый; 13-24 жил; жилы тонкие (до 2,5 мм²); жила: медь; изоляция ПВХ; оболочка ПВХ, цвет серый";кабель круглый;"жилы: 13-24; металл: медь; броня: без брони; оболочка: ПВХ; экран: без экрана; толщина жил: тонкие (до 2,5 мм²); изоляция: ПВХ; цвет: серый";297;30;генерация;photos/F00448.webp
F00449;2;449;Кабель и провод;"Кабель круглый; 1 жила; жилы средние (4–16 мм²); жила: медь; изоляция резина; оболочка ПВХ";кабель круглый;"жилы: 1; металл: медь; броня: без брони; оболочка: ПВХ; экран: без экрана; толщина жил: средние (4–16 мм²); изоляция: резина";297;2;программный рендер;photos/F00449.webp
F00450;2;450;Монтажные изделия для кабеля;Кабель-канал;кабель-канал;;297;15;генерация;photos/F00450.webp
F00451;2;451;Подшипники;"Узел подшипниковый (корпусной); фланцевый ромбический (UCFL)";узел подшипниковый (корпусной);признаки: фланцевый ромбический (UCFL);296;18;генерация;photos/F00451.webp
F00452;2;452;Станки и оборудование;Полотно пильное;полотно пильное;;296;6;генерация;photos/F00452.webp
F00453;2;453;Кабель и провод;"Кабель круглый; 25-48 жил; жилы тонкие (до 2,5 мм²); жила: медь; изоляция ПВХ; оболочка ПВХ, цвет серый";кабель круглый;"жилы: 25-48; металл: медь; броня: без брони; оболочка: ПВХ; экран: без экрана; толщина жил: тонкие (до 2,5 мм²); изоляция: ПВХ; цвет: серый";293;32;генерация;photos/F00453.webp
F00454;2;454;Кабель и провод;"Провод одножильный; жила: медь; изоляция ПВХ";провод одножильный;"жилы: не определено; металл: медь; броня: без брони; оболочка: нет (только изоляция); экран: без экрана; толщина жил: не определено; изоляция: ПВХ";293;1;генерация;photos/F00454.webp
F00455;2;455;Кабель и провод;"Кабель круглый; 3 жил; жилы тонкие (до 2,5 мм²); жила: медь; изоляция ПВХ; оболочка полиуретан";кабель круглый;"жилы: 3; металл: медь; броня: без брони; оболочка: полиуретан; экран: без экрана; толщина жил: тонкие (до 2,5 мм²); изоляция: ПВХ";292;13;программный рендер;photos/F00455.webp
F00456;2;456;Гидравлика;Насос шестеренный;насос шестеренный;;292;1;генерация;photos/F00456.webp
F00457;2;457;Кабель и провод;"Термопарный; 13-24 жил; жилы тонкие (до 2,5 мм²); жила: медь; изоляция ПВХ; оболочка ПВХ; экран (оплетка/фольга видна на срезе)";термопарный;"жилы: 13-24; металл: медь; броня: без брони; оболочка: ПВХ; экран: экран; толщина жил: тонкие (до 2,5 мм²); изоляция: ПВХ";291;23;генерация;photos/F00457.webp
F00458;2;458;Станки и оборудование;Полотно ленточное;полотно ленточное;;291;7;генерация;photos/F00458.webp
F00459;2;459;Кабель и провод;"Кабель круглый; 49+ жил; жилы тонкие (до 2,5 мм²); жила: медь; изоляция ПВХ; оболочка безгалогенная (LSZH)";кабель круглый;"жилы: 49+; металл: медь; броня: без брони; оболочка: безгалогенная (LSZH); экран: без экрана; толщина жил: тонкие (до 2,5 мм²); изоляция: ПВХ";289;20;генерация;photos/F00459.webp
F00460;2;460;Кабель и провод;"Кабель круглый; 4 жил; жилы крупные (25–95 мм²); жила: алюминий; изоляция ПВХ; оболочка ПВХ";кабель круглый;"жилы: 4; металл: алюминий; броня: без брони; оболочка: ПВХ; экран: без экрана; толщина жил: крупные (25–95 мм²); изоляция: ПВХ";289;16;программный рендер;photos/F00460.webp
F00461;2;461;Кабель и провод;"Провод многожильный (круглый); 2 жил; жилы тонкие (до 2,5 мм²); жила: медь; изоляция ПВХ; оболочка ПВХ";провод многожильный (круглый);"жилы: 2; металл: медь; броня: без брони; оболочка: ПВХ; экран: без экрана; толщина жил: тонкие (до 2,5 мм²); изоляция: ПВХ";289;19;программный рендер;photos/F00461.webp
F00462;2;462;Электродвигатели;"Электродвигатель; общепромышленный; габарит 160–200; на фланце";электродвигатель;признаки: общепромышленный · габарит 160–200 · на фланце;289;8;генерация;photos/F00462.webp
F00463;2;463;Низковольтное оборудование;"Пускатель; малый (до 32 А)";пускатель;признаки: малый (до 32 А);289;8;генерация;photos/F00463.webp
F00464;2;464;Станки и оборудование;Сверло кобальтовое;сверло кобальтовое;;289;4;генерация;photos/F00464.webp
F00465;2;465;Кабель и провод;"Кабель круглый; 5 жил; жилы очень крупные (120+ мм²); жила: медь; изоляция ПВХ; оболочка ПВХ";кабель круглый;"жилы: 5; металл: медь; броня: без брони; оболочка: ПВХ; экран: без экрана; толщина жил: очень крупные (120+ мм²); изоляция: ПВХ";288;17;программный рендер;photos/F00465.webp
F00466;2;466;Кабель и провод;"Кабель круглый; 13-24 жил; жилы тонкие (до 2,5 мм²); жила: медь; изоляция ПВХ; оболочка ПВХ, цвет черный";кабель круглый;"жилы: 13-24; металл: медь; броня: без брони; оболочка: ПВХ; экран: без экрана; толщина жил: тонкие (до 2,5 мм²); изоляция: ПВХ; цвет: черный";287;29;генерация;photos/F00466.webp
F00467;2;467;Кабель и провод;"Кабель круглый; 1 жила; жилы крупные (25–95 мм²); жила: медь; изоляция ПВХ; оболочка ПВХ, цвет черный";кабель круглый;"жилы: 1; металл: медь; броня: без брони; оболочка: ПВХ; экран: без экрана; толщина жил: крупные (25–95 мм²); изоляция: ПВХ; цвет: черный";287;8;программный рендер;photos/F00467.webp
F00468;2;468;Инструмент;Компрессор поршневой;компрессор поршневой;;287;8;генерация;photos/F00468.webp
F00469;2;469;Станки и оборудование;Станок сверлильный;станок сверлильный;;287;16;генерация;photos/F00469.webp
F00470;2;470;Кабель и провод;"Кабель круглый; 25-48 жил; жилы тонкие (до 2,5 мм²); жила: медь; изоляция силикон; оболочка ПВХ; экран (оплетка/фольга видна на срезе)";кабель круглый;"жилы: 25-48; металл: медь; броня: без брони; оболочка: ПВХ; экран: экран; толщина жил: тонкие (до 2,5 мм²); изоляция: силикон";286;39;генерация;photos/F00470.webp
F00471;2;471;Инструмент;Аккумулятор;аккумулятор;;286;2;генерация;photos/F00471.webp
F00472;2;472;Лотки и кабеленесущие системы;Соединитель угловой;соединитель угловой;;286;36;генерация;photos/F00472.webp
F00473;2;473;Низковольтное оборудование;"Автоматический выключатель; в литом корпусе (силовой); 4P";автоматический выключатель;признаки: в литом корпусе (силовой) · 4P;285;11;генерация;photos/F00473.webp
F00474;2;474;Кабель и провод;"Кабель круглый; 3 жил; жилы крупные (25–95 мм²); жила: медь; изоляция ПВХ; оболочка безгалогенная (LSZH)";кабель круглый;"жилы: 3; металл: медь; броня: без брони; оболочка: безгалогенная (LSZH); экран: без экрана; толщина жил: крупные (25–95 мм²); изоляция: ПВХ";284;11;программный рендер;photos/F00474.webp
F00475;2;475;Монтажные изделия для кабеля;Выключатель;выключатель;;283;20;генерация;photos/F00475.webp
F00476;2;476;Кабель и провод;"Кабель круглый; 3 жил; жилы крупные (25–95 мм²); жила: алюминий; изоляция сшитый ПЭ; оболочка ПВХ";кабель круглый;"жилы: 3; металл: алюминий; броня: без брони; оболочка: ПВХ; экран: без экрана; толщина жил: крупные (25–95 мм²); изоляция: сшитый ПЭ";282;6;программный рендер;photos/F00476.webp
F00477;2;477;Кабель и провод;"Кабель круглый; 4 жил; жилы крупные (25–95 мм²); жила: медь; изоляция сшитый ПЭ; оболочка ПВХ";кабель круглый;"жилы: 4; металл: медь; броня: без брони; оболочка: ПВХ; экран: без экрана; толщина жил: крупные (25–95 мм²); изоляция: сшитый ПЭ";282;12;программный рендер;photos/F00477.webp
F00478;2;478;Подшипники;"Подшипник шариковый; самоустанавливающийся двухрядный; закрытый резиновыми уплотнениями (2RS)";подшипник шариковый;признаки: самоустанавливающийся двухрядный · закрытый резиновыми уплотнениями (2RS);281;14;генерация;photos/F00478.webp
F00479;2;479;Ремни;"Ремень; поликлиновой PJ; до 6 ручьев";ремень;признаки: поликлиновой PJ · до 6 ручьев;280;10;генерация;photos/F00479.webp
F00480;2;480;Кабель и провод;"Кабель круглый; 13-24 жил; жилы тонкие (до 2,5 мм²); жила: медь; изоляция ПВХ; оболочка ПВХ; броня проволочная; экран (оплетка/фольга видна на срезе)";кабель круглый;"жилы: 13-24; металл: медь; броня: броня проволочная; оболочка: ПВХ; экран: экран; толщина жил: тонкие (до 2,5 мм²); изоляция: ПВХ";280;16;генерация;photos/F00480.webp
F00481;2;481;Низковольтное оборудование;"Контактор модульный; модульный";контактор модульный;признаки: модульный;280;24;генерация;photos/F00481.webp
F00482;2;482;Лотки и кабеленесущие системы;Угол;угол;;280;35;генерация;photos/F00482.webp
F00483;2;483;Кабель и провод;"Провод одножильный; 1 жила; жилы тонкие (до 2,5 мм²); жила: медь; изоляция полиэтилен";провод одножильный;"жилы: 1; металл: медь; броня: без брони; оболочка: нет (только изоляция); экран: без экрана; толщина жил: тонкие (до 2,5 мм²); изоляция: полиэтилен";279;25;программный рендер;photos/F00483.webp
F00484;2;484;Кабель и провод;"Провод одножильный; 1 жила; жилы тонкие (до 2,5 мм²); жила: сплав; изоляция фторопласт";провод одножильный;"жилы: 1; металл: сплав; броня: без брони; оболочка: нет (только изоляция); экран: без экрана; толщина жил: тонкие (до 2,5 мм²); изоляция: фторопласт";279;18;программный рендер;photos/F00484.webp
F00485;2;485;Кабель и провод;"Кабель круглый; 13-24 жил; жилы тонкие (до 2,5 мм²); жила: медь; изоляция полиэтилен; оболочка ПВХ; броня ленточная";кабель круглый;"жилы: 13-24; металл: медь; броня: броня ленточная; оболочка: ПВХ; экран: без экрана; толщина жил: тонкие (до 2,5 мм²); изоляция: полиэтилен";278;12;генерация;photos/F00485.webp
F00486;2;486;Кабель и провод;"Кабель круглый; 3 жил; жилы крупные (25–95 мм²); жила: медь; изоляция резина; оболочка резина";кабель круглый;"жилы: 3; металл: медь; броня: без брони; оболочка: резина; экран: без экрана; толщина жил: крупные (25–95 мм²); изоляция: резина";278;16;программный рендер;photos/F00486.webp
F00487;2;487;Подшипники;"Узел подшипниковый (корпусной); натяжной (UCT)";узел подшипниковый (корпусной);признаки: натяжной (UCT);277;15;генерация;photos/F00487.webp
F00488;2;488;Кабель и провод;"Кабель круглый; 25-48 жил; жилы тонкие (до 2,5 мм²); жила: медь; изоляция ПВХ; оболочка полиэтилен; броня ленточная; экран (оплетка/фольга видна на срезе)";кабель круглый;"жилы: 25-48; металл: медь; броня: броня ленточная; оболочка: полиэтилен; экран: экран; толщина жил: тонкие (до 2,5 мм²); изоляция: ПВХ";277;11;генерация;photos/F00488.webp
F00489;2;489;Кабель и провод;"Кабель круглый; 6-7 жил; жилы тонкие (до 2,5 мм²); жила: медь; изоляция ПВХ; оболочка полиуретан";кабель круглый;"жилы: 6-7; металл: медь; броня: без брони; оболочка: полиуретан; экран: без экрана; толщина жил: тонкие (до 2,5 мм²); изоляция: ПВХ";277;17;генерация;photos/F00489.webp
F00490;2;490;Кабель и провод;"Кабель круглый; 3 жил; жилы крупные (25–95 мм²); жила: медь; изоляция резина; оболочка резина; экран (оплетка/фольга видна на срезе)";кабель круглый;"жилы: 3; металл: медь; броня: без брони; оболочка: резина; экран: экран; толщина жил: крупные (25–95 мм²); изоляция: резина";275;7;генерация;photos/F00490.webp
F00491;2;491;Кабель и провод;"Кабель круглый; 3 жил; жилы крупные (25–95 мм²); жила: алюминий; изоляция ПВХ; оболочка ПВХ";кабель круглый;"жилы: 3; металл: алюминий; броня: без брони; оболочка: ПВХ; экран: без экрана; толщина жил: крупные (25–95 мм²); изоляция: ПВХ";274;8;программный рендер;photos/F00491.webp
F00492;2;492;Кабель и провод;"Кабель круглый; 3 жил; жилы средние (4–16 мм²); жила: медь; изоляция ПВХ; оболочка безгалогенная (LSZH)";кабель круглый;"жилы: 3; металл: медь; броня: без брони; оболочка: безгалогенная (LSZH); экран: без экрана; толщина жил: средние (4–16 мм²); изоляция: ПВХ";273;8;программный рендер;photos/F00492.webp
F00493;2;493;Низковольтное оборудование;"Шкаф сборный; навесной";шкаф сборный;признаки: навесной;273;2;генерация;photos/F00493.webp
F00494;2;494;Кабель и провод;"Кабель круглый; 13-24 жил; жилы тонкие (до 2,5 мм²); жила: медь; изоляция сшитый ПЭ; оболочка ПВХ; броня ленточная";кабель круглый;"жилы: 13-24; металл: медь; броня: броня ленточная; оболочка: ПВХ; экран: без экрана; толщина жил: тонкие (до 2,5 мм²); изоляция: сшитый ПЭ";272;27;генерация;photos/F00494.webp
F00495;2;495;Кабель и провод;"Кабель круглый; 6-7 жил; жилы тонкие (до 2,5 мм²); жила: медь; изоляция ПВХ; оболочка ПВХ, цвет серый; экран (оплетка/фольга видна на срезе)";кабель круглый;"жилы: 6-7; металл: медь; броня: без брони; оболочка: ПВХ; экран: экран; толщина жил: тонкие (до 2,5 мм²); изоляция: ПВХ; цвет: серый";272;14;генерация;photos/F00495.webp
F00496;2;496;Кабель и провод;"Кабель круглый; 4 жил; жилы тонкие (до 2,5 мм²); жила: медь; изоляция силикон; оболочка безгалогенная (LSZH)";кабель круглый;"жилы: 4; металл: медь; броня: без брони; оболочка: безгалогенная (LSZH); экран: без экрана; толщина жил: тонкие (до 2,5 мм²); изоляция: силикон";271;4;программный рендер;photos/F00496.webp
F00497;2;497;Кабель и провод;"Кабель круглый; 5 жил; жилы крупные (25–95 мм²); жила: медь; изоляция ПВХ; оболочка ПВХ; броня ленточная";кабель круглый;"жилы: 5; металл: медь; броня: броня ленточная; оболочка: ПВХ; экран: без экрана; толщина жил: крупные (25–95 мм²); изоляция: ПВХ";271;10;генерация;photos/F00497.webp
F00498;2;498;Светильники;"Прожектор; прожектор";прожектор;признаки: прожектор;271;18;генерация;photos/F00498.webp
F00499;2;499;Кабель и провод;"Кабель круглый; 25-48 жил; жилы тонкие (до 2,5 мм²); жила: медь; изоляция сшитый ПЭ; оболочка ПВХ; броня ленточная";кабель круглый;"жилы: 25-48; металл: медь; броня: броня ленточная; оболочка: ПВХ; экран: без экрана; толщина жил: тонкие (до 2,5 мм²); изоляция: сшитый ПЭ";270;30;генерация;photos/F00499.webp
F00500;2;500;Низковольтное оборудование;"Преобразователь; 30 кВт и больше";преобразователь;признаки: 30 кВт и больше;270;13;генерация;photos/F00500.webp
F00501;2;501;Насосы;Насос шестеренный;насос шестеренный;;270;20;генерация;photos/F00501.webp
F00502;2;502;Кабель и провод;"Кабель круглый; 4 жил; жилы тонкие (до 2,5 мм²); жила: медь; изоляция силикон; оболочка безгалогенная (LSZH); экран (оплетка/фольга видна на срезе)";кабель круглый;"жилы: 4; металл: медь; броня: без брони; оболочка: безгалогенная (LSZH); экран: экран; толщина жил: тонкие (до 2,5 мм²); изоляция: силикон";269;4;генерация;photos/F00502.webp
F00503;2;503;Кабель и провод;"Кабель круглый; 1 жила; жилы очень крупные (120+ мм²); жила: медь; изоляция ПВХ; оболочка безгалогенная (LSZH)";кабель круглый;"жилы: 1; металл: медь; броня: без брони; оболочка: безгалогенная (LSZH); экран: без экрана; толщина жил: очень крупные (120+ мм²); изоляция: ПВХ";267;5;программный рендер;photos/F00503.webp
F00504;2;504;Кабель и провод;"Кабель круглый; 3 жил; жилы средние (4–16 мм²); жила: медь; изоляция ПВХ; оболочка ПВХ; броня ленточная";кабель круглый;"жилы: 3; металл: медь; броня: броня ленточная; оболочка: ПВХ; экран: без экрана; толщина жил: средние (4–16 мм²); изоляция: ПВХ";267;6;генерация;photos/F00504.webp
F00505;2;505;Кабель и провод;"Провод одножильный; 1 жила; жилы тонкие (до 2,5 мм²); жила: медь; изоляция фторопласт; экран (оплетка/фольга видна на срезе)";провод одножильный;"жилы: 1; металл: медь; броня: без брони; оболочка: нет (только изоляция); экран: экран; толщина жил: тонкие (до 2,5 мм²); изоляция: фторопласт";267;12;генерация;photos/F00505.webp
F00506;2;506;Кабель и провод;"Кабель круглый; 2 жил; жилы тонкие (до 2,5 мм²); жила: медь; изоляция силикон; оболочка безгалогенная (LSZH)";кабель круглый;"жилы: 2; металл: медь; броня: без брони; оболочка: безгалогенная (LSZH); экран: без экрана; толщина жил: тонкие (до 2,5 мм²); изоляция: силикон";266;4;программный рендер;photos/F00506.webp
F00507;2;507;Кабель и провод;"Кабель круглый; 3 жил; жилы тонкие (до 2,5 мм²); жила: медь; изоляция ПВХ; оболочка ПВХ; броня ленточная";кабель круглый;"жилы: 3; металл: медь; броня: броня ленточная; оболочка: ПВХ; экран: без экрана; толщина жил: тонкие (до 2,5 мм²); изоляция: ПВХ";266;7;генерация;photos/F00507.webp
F00508;2;508;Лотки и кабеленесущие системы;Заглушка-редукция;заглушка-редукция;;266;36;генерация;photos/F00508.webp
F00509;2;509;Кабель и провод;"Кабель круглый; 13-24 жил; жилы тонкие (до 2,5 мм²); жила: медь; изоляция резина; оболочка резина";кабель круглый;"жилы: 13-24; металл: медь; броня: без брони; оболочка: резина; экран: без экрана; толщина жил: тонкие (до 2,5 мм²); изоляция: резина";265;13;генерация;photos/F00509.webp
F00510;2;510;Кабель и провод;"Кабель круглый; 2 жил; жилы тонкие (до 2,5 мм²); жила: медь; изоляция силикон; оболочка безгалогенная (LSZH); экран (оплетка/фольга видна на срезе)";кабель круглый;"жилы: 2; металл: медь; броня: без брони; оболочка: безгалогенная (LSZH); экран: экран; толщина жил: тонкие (до 2,5 мм²); изоляция: силикон";265;4;генерация;photos/F00510.webp
F00511;2;511;Кабель и провод;"Кабель круглый; 25-48 жил; жилы крупные (25–95 мм²); жила: медь; изоляция ПВХ; оболочка ПВХ; броня ленточная; экран (оплетка/фольга видна на срезе)";кабель круглый;"жилы: 25-48; металл: медь; броня: броня ленточная; оболочка: ПВХ; экран: экран; толщина жил: крупные (25–95 мм²); изоляция: ПВХ";264;17;генерация;photos/F00511.webp
F00512;2;512;Строительное оборудование;Коронка алмазная;коронка алмазная;;264;5;генерация;photos/F00512.webp
F00513;2;513;Трубопроводная арматура;Отвод стальной;отвод стальной;;264;19;генерация;photos/F00513.webp
F00514;2;514;Кабель и провод;"Нагревательный; 1 жила; жилы тонкие (до 2,5 мм²); жила: медь; изоляция ПВХ; оболочка ПВХ";нагревательный;"жилы: 1; металл: медь; броня: без брони; оболочка: ПВХ; экран: без экрана; толщина жил: тонкие (до 2,5 мм²); изоляция: ПВХ";263;3;генерация;photos/F00514.webp
F00515;2;515;Низковольтное оборудование;Блок;блок;;262;13;генерация;photos/F00515.webp
F00516;2;516;Инструмент;Инвертор сварочный;инвертор сварочный;;261;5;генерация;photos/F00516.webp
F00517;2;517;Кабель и провод;"Кабель круглый; 8-12 жил; жилы средние (4–16 мм²); жила: медь; изоляция ПВХ; оболочка ПВХ; экран (оплетка/фольга видна на срезе)";кабель круглый;"жилы: 8-12; металл: медь; броня: без брони; оболочка: ПВХ; экран: экран; толщина жил: средние (4–16 мм²); изоляция: ПВХ";260;8;генерация;photos/F00517.webp
F00518;2;518;Монтажные изделия для кабеля;Рамка;рамка;;260;27;генерация;photos/F00518.webp
F00519;2;519;Кабель и провод;"Кабель круглый; 1 жила; жилы средние (4–16 мм²); жила: медь; изоляция ПВХ; оболочка безгалогенная (LSZH)";кабель круглый;"жилы: 1; металл: медь; броня: без брони; оболочка: безгалогенная (LSZH); экран: без экрана; толщина жил: средние (4–16 мм²); изоляция: ПВХ";259;10;программный рендер;photos/F00519.webp
F00520;2;520;Кабель и провод;"Кабель круглый; 1 жила; жилы крупные (25–95 мм²); жила: медь; изоляция ПВХ; оболочка силикон";кабель круглый;"жилы: 1; металл: медь; броня: без брони; оболочка: силикон; экран: без экрана; толщина жил: крупные (25–95 мм²); изоляция: ПВХ";259;6;программный рендер;photos/F00520.webp
F00521;2;521;Кабель и провод;"Кабель круглый; 25-48 жил; жилы тонкие (до 2,5 мм²); жила: медь; изоляция ПВХ; оболочка свинец";кабель круглый;"жилы: 25-48; металл: медь; броня: без брони; оболочка: свинец; экран: без экрана; толщина жил: тонкие (до 2,5 мм²); изоляция: ПВХ";259;13;генерация;photos/F00521.webp
F00522;2;522;Рукава;Шланг высокотемпературный;шланг высокотемпературный;;259;2;генерация;photos/F00522.webp
F00523;2;523;Ремни;"Ремень; поликлиновой PJ";ремень;признаки: поликлиновой PJ;258;9;генерация;photos/F00523.webp
F00524;2;524;Кабель и провод;"Кабель круглый; 4 жил; жилы средние (4–16 мм²); жила: алюминий; изоляция ПВХ; оболочка ПВХ";кабель круглый;"жилы: 4; металл: алюминий; броня: без брони; оболочка: ПВХ; экран: без экрана; толщина жил: средние (4–16 мм²); изоляция: ПВХ";257;11;программный рендер;photos/F00524.webp
F00525;2;525;Кабель и провод;"Кабель круглый; 4 жил; жилы тонкие (до 2,5 мм²); жила: медь; изоляция ПВХ; оболочка ПВХ, цвет серый; экран (оплетка/фольга видна на срезе)";кабель круглый;"жилы: 4; металл: медь; броня: без брони; оболочка: ПВХ; экран: экран; толщина жил: тонкие (до 2,5 мм²); изоляция: ПВХ; цвет: серый";257;11;генерация;photos/F00525.webp
F00526;2;526;Станки и оборудование;Фреза дисковая;фреза дисковая;;257;4;генерация;photos/F00526.webp
F00527;2;527;Кабель и провод;"Провод одножильный; жила: медь; изоляция стекловолокно; экран (оплетка/фольга видна на срезе)";провод одножильный;"жилы: не определено; металл: медь; броня: без брони; оболочка: нет (только изоляция); экран: экран; толщина жил: не определено; изоляция: стекловолокно";256;1;генерация;photos/F00527.webp
F00528;2;528;Светильники;Экран;экран;;256;5;генерация;photos/F00528.webp
F00529;2;529;Низковольтное оборудование;Комплект;комплект;;256;16;генерация;photos/F00529.webp
F00530;2;530;Кабель и провод;"Кабель круглый; 2 жил; жилы тонкие (до 2,5 мм²); жила: медь; изоляция ПВХ; оболочка полиуретан";кабель круглый;"жилы: 2; металл: медь; броня: без брони; оболочка: полиуретан; экран: без экрана; толщина жил: тонкие (до 2,5 мм²); изоляция: ПВХ";255;10;программный рендер;photos/F00530.webp
F00531;2;531;Кабель и провод;"Кабель круглый; 3 жил; жилы средние (4–16 мм²); жила: медь; изоляция резина; оболочка резина";кабель круглый;"жилы: 3; металл: медь; броня: без брони; оболочка: резина; экран: без экрана; толщина жил: средние (4–16 мм²); изоляция: резина";255;14;программный рендер;photos/F00531.webp
F00532;2;532;Кабель и провод;"Кабель круглый; 8-12 жил; жилы тонкие (до 2,5 мм²); жила: медь; изоляция ПВХ; оболочка резина; экран (оплетка/фольга видна на срезе)";кабель круглый;"жилы: 8-12; металл: медь; броня: без брони; оболочка: резина; экран: экран; толщина жил: тонкие (до 2,5 мм²); изоляция: ПВХ";255;10;генерация;photos/F00532.webp
F00533;2;533;Низковольтное оборудование;"Бирка маркировочная (самое частое в группе); группа «Оснастка щита»";изделия группы «Оснастка щита»;;254;13;генерация;photos/F00533.webp
F00534;2;534;Кабель и провод;"Кабель круглый; 3 жил; жилы крупные (25–95 мм²); жила: медь; изоляция резина; оболочка ПВХ; броня ленточная";кабель круглый;"жилы: 3; металл: медь; броня: броня ленточная; оболочка: ПВХ; экран: без экрана; толщина жил: крупные (25–95 мм²); изоляция: резина";253;3;генерация;photos/F00534.webp
F00535;2;535;Кабель и провод;"Кабель круглый; 1 жила; жилы очень крупные (120+ мм²); жила: алюминий; изоляция ПВХ; оболочка ПВХ; броня ленточная";кабель круглый;"жилы: 1; металл: алюминий; броня: броня ленточная; оболочка: ПВХ; экран: без экрана; толщина жил: очень крупные (120+ мм²); изоляция: ПВХ";252;7;генерация;photos/F00535.webp
F00536;2;536;Кабель и провод;"Кабель круглый; 3 жил; жилы очень крупные (120+ мм²); жила: алюминий; изоляция сшитый ПЭ; оболочка ПВХ; броня ленточная";кабель круглый;"жилы: 3; металл: алюминий; броня: броня ленточная; оболочка: ПВХ; экран: без экрана; толщина жил: очень крупные (120+ мм²); изоляция: сшитый ПЭ";252;7;генерация;photos/F00536.webp
F00537;2;537;Кабель и провод;"Кабель круглый; 49+ жил; жилы тонкие (до 2,5 мм²); жила: медь; изоляция полиэтилен; оболочка полиэтилен";кабель круглый;"жилы: 49+; металл: медь; броня: без брони; оболочка: полиэтилен; экран: без экрана; толщина жил: тонкие (до 2,5 мм²); изоляция: полиэтилен";252;9;генерация;photos/F00537.webp
F00538;2;538;Кабель и провод;"Кабель круглый; 5 жил; жилы средние (4–16 мм²); жила: медь; изоляция ПВХ; оболочка безгалогенная (LSZH)";кабель круглый;"жилы: 5; металл: медь; броня: без брони; оболочка: безгалогенная (LSZH); экран: без экрана; толщина жил: средние (4–16 мм²); изоляция: ПВХ";252;8;программный рендер;photos/F00538.webp
F00539;2;539;Электродвигатели;"Электродвигатель; общепромышленный; габарит 315+; на фланце";электродвигатель;признаки: общепромышленный · габарит 315+ · на фланце;252;4;генерация;photos/F00539.webp
F00540;2;540;Станки и оборудование;Цанга;цанга;;252;8;генерация;photos/F00540.webp
F00541;2;541;Лотки и кабеленесущие системы;Кронштейн консольный;кронштейн консольный;;252;4;генерация;photos/F00541.webp
F00542;2;542;Кабель и провод;"Кабель круглый; 1 жила; жилы крупные (25–95 мм²); жила: медь; изоляция ПВХ; оболочка ПВХ; экран (оплетка/фольга видна на срезе)";кабель круглый;"жилы: 1; металл: медь; броня: без брони; оболочка: ПВХ; экран: экран; толщина жил: крупные (25–95 мм²); изоляция: ПВХ";251;12;генерация;photos/F00542.webp
F00543;2;543;Кабель и провод;"Кабель круглый; 1 жила; жилы крупные (25–95 мм²); жила: медь; изоляция ПВХ; оболочка безгалогенная (LSZH)";кабель круглый;"жилы: 1; металл: медь; броня: без брони; оболочка: безгалогенная (LSZH); экран: без экрана; толщина жил: крупные (25–95 мм²); изоляция: ПВХ";251;9;программный рендер;photos/F00543.webp
F00544;2;544;Кабель и провод;"Кабель круглый; 13-24 жил; жилы тонкие (до 2,5 мм²); жила: медь; изоляция ПВХ; оболочка полиуретан";кабель круглый;"жилы: 13-24; металл: медь; броня: без брони; оболочка: полиуретан; экран: без экрана; толщина жил: тонкие (до 2,5 мм²); изоляция: ПВХ";250;21;генерация;photos/F00544.webp
F00545;2;545;Кабель и провод;"Кабель круглый; 3 жил; жилы тонкие (до 2,5 мм²); жила: медь; изоляция резина; оболочка резина";кабель круглый;"жилы: 3; металл: медь; броня: без брони; оболочка: резина; экран: без экрана; толщина жил: тонкие (до 2,5 мм²); изоляция: резина";250;16;программный рендер;photos/F00545.webp
F00546;2;546;Цепи;Цепь грузовая;цепь грузовая;;250;7;генерация;photos/F00546.webp
F00547;2;547;Низковольтное оборудование;"Корпус (самое частое в группе); группа «Щиты, шкафы, корпуса»";изделия группы «Щиты, шкафы, корпуса»;;250;14;генерация;photos/F00547.webp
F00548;2;548;Низковольтное оборудование;Реле твердотельное;реле твердотельное;;250;7;генерация;photos/F00548.webp
F00549;2;549;Трубопроводная арматура;Клапан запорный;клапан запорный;;250;18;генерация;photos/F00549.webp
F00550;2;550;Кабель и провод;"Кабель круглый; 1 жила; жилы очень крупные (120+ мм²); жила: алюминий; изоляция ПВХ; оболочка ПВХ";кабель круглый;"жилы: 1; металл: алюминий; броня: без брони; оболочка: ПВХ; экран: без экрана; толщина жил: очень крупные (120+ мм²); изоляция: ПВХ";249;6;программный рендер;photos/F00550.webp
F00551;2;551;Кабель и провод;"Кабель круглый; 3 жил; жилы очень крупные (120+ мм²); жила: медь; изоляция ПВХ; оболочка ПВХ; броня ленточная";кабель круглый;"жилы: 3; металл: медь; броня: броня ленточная; оболочка: ПВХ; экран: без экрана; толщина жил: очень крупные (120+ мм²); изоляция: ПВХ";249;9;генерация;photos/F00551.webp
F00552;2;552;Монтажные изделия для кабеля;Удлинитель;удлинитель;;249;3;генерация;photos/F00552.webp
F00553;2;553;Лотки и кабеленесущие системы;"Лоток неперфорированный; неперфорированный; горячий цинк (матовый)";лоток неперфорированный;признаки: неперфорированный · горячий цинк (матовый);249;24;генерация;photos/F00553.webp
F00554;2;554;Лотки и кабеленесущие системы;"Лоток перфорированный; перфорированный; горячий цинк (матовый)";лоток перфорированный;признаки: перфорированный · горячий цинк (матовый);249;24;генерация;photos/F00554.webp
F00555;2;555;Кабель и провод;"Кабель круглый; 25-48 жил; жилы средние (4–16 мм²); жила: медь; изоляция ПВХ; оболочка ПВХ; экран (оплетка/фольга видна на срезе)";кабель круглый;"жилы: 25-48; металл: медь; броня: без брони; оболочка: ПВХ; экран: экран; толщина жил: средние (4–16 мм²); изоляция: ПВХ";248;10;генерация;photos/F00555.webp
F00556;2;556;Инструмент;Пистолет;пистолет;;248;5;генерация;photos/F00556.webp
F00557;2;557;Низковольтное оборудование;Расцепитель независимый;расцепитель независимый;;248;4;генерация;photos/F00557.webp
F00558;2;558;Ремни;"Ремень; поликлиновой PK";ремень;признаки: поликлиновой PK;247;5;генерация;photos/F00558.webp
F00559;2;559;Кабель и провод;"Кабель круглый; 8-12 жил; жилы тонкие (до 2,5 мм²); жила: медь; изоляция ПВХ; оболочка полиуретан";кабель круглый;"жилы: 8-12; металл: медь; броня: без брони; оболочка: полиуретан; экран: без экрана; толщина жил: тонкие (до 2,5 мм²); изоляция: ПВХ";247;19;генерация;photos/F00559.webp
F00560;2;560;Кабель и провод;"Кабель круглый; 13-24 жил; жилы тонкие (до 2,5 мм²); жила: медь; изоляция резина; оболочка ПВХ; экран (оплетка/фольга видна на срезе)";кабель круглый;"жилы: 13-24; металл: медь; броня: без брони; оболочка: ПВХ; экран: экран; толщина жил: тонкие (до 2,5 мм²); изоляция: резина";246;9;генерация;photos/F00560.webp
F00561;2;561;Кабель и провод;"Кабель круглый; 3 жил; жилы средние (4–16 мм²); жила: медь; изоляция сшитый ПЭ; оболочка ПВХ";кабель круглый;"жилы: 3; металл: медь; броня: без брони; оболочка: ПВХ; экран: без экрана; толщина жил: средние (4–16 мм²); изоляция: сшитый ПЭ";246;8;программный рендер;photos/F00561.webp
F00562;2;562;Кабель и провод;"Кабель круглый; 49+ жил; жилы крупные (25–95 мм²); жила: медь; изоляция ПВХ; оболочка ПВХ; экран (оплетка/фольга видна на срезе)";кабель круглый;"жилы: 49+; металл: медь; броня: без брони; оболочка: ПВХ; экран: экран; толщина жил: крупные (25–95 мм²); изоляция: ПВХ";246;12;генерация;photos/F00562.webp
F00563;2;563;Кабель и провод;"Кабель круглый; 4 жил; жилы тонкие (до 2,5 мм²); жила: медь; изоляция резина; оболочка резина";кабель круглый;"жилы: 4; металл: медь; броня: без брони; оболочка: резина; экран: без экрана; толщина жил: тонкие (до 2,5 мм²); изоляция: резина";246;14;программный рендер;photos/F00563.webp
F00564;2;564;Кабель и провод;"Кабель круглый; 5 жил; жилы тонкие (до 2,5 мм²); жила: медь; изоляция ПВХ; оболочка безгалогенная (LSZH); экран (оплетка/фольга видна на срезе)";кабель круглый;"жилы: 5; металл: медь; броня: без брони; оболочка: безгалогенная (LSZH); экран: экран; толщина жил: тонкие (до 2,5 мм²); изоляция: ПВХ";246;9;генерация;photos/F00564.webp
F00565;2;565;Кабель и провод;"Кабель круглый; 8-12 жил; жилы тонкие (до 2,5 мм²); жила: медь; изоляция ПВХ; оболочка ПВХ, цвет серый";кабель круглый;"жилы: 8-12; металл: медь; броня: без брони; оболочка: ПВХ; экран: без экрана; толщина жил: тонкие (до 2,5 мм²); изоляция: ПВХ; цвет: серый";246;20;генерация;photos/F00565.webp
F00566;2;566;Рукава;Рукав напорный;рукав напорный;;246;2;генерация;photos/F00566.webp
F00567;2;567;Светильники;Выключатель (самое частое в группе);изделия раздела «Светильники»;;246;21;генерация;photos/F00567.webp
F00568;2;568;Низковольтное оборудование;Преобразователь;преобразователь;;246;9;генерация;photos/F00568.webp
F00569;2;569;Кабель и провод;"Кабель круглый; 5 жил; жилы тонкие (до 2,5 мм²); жила: медь; изоляция ПВХ; оболочка полиуретан";кабель круглый;"жилы: 5; металл: медь; броня: без брони; оболочка: полиуретан; экран: без экрана; толщина жил: тонкие (до 2,5 мм²); изоляция: ПВХ";245;11;программный рендер;photos/F00569.webp
F00570;2;570;Кабель и провод;"Кабель круглый; 8-12 жил; жилы тонкие (до 2,5 мм²); жила: медь; изоляция ПВХ; оболочка полиэтилен";кабель круглый;"жилы: 8-12; металл: медь; броня: без брони; оболочка: полиэтилен; экран: без экрана; толщина жил: тонкие (до 2,5 мм²); изоляция: ПВХ";245;9;генерация;photos/F00570.webp
F00571;2;571;Светильники;"Бра; настенный (бра)";бра;признаки: настенный (бра);245;9;генерация;photos/F00571.webp
F00572;2;572;Кабель и провод;"Кабель круглый; 49+ жил; жилы тонкие (до 2,5 мм²); жила: медь; изоляция силикон; оболочка ПВХ; броня ленточная";кабель круглый;"жилы: 49+; металл: медь; броня: броня ленточная; оболочка: ПВХ; экран: без экрана; толщина жил: тонкие (до 2,5 мм²); изоляция: силикон";244;9;генерация;photos/F00572.webp
F00573;2;573;Кабель и провод;"Кабель круглый; 5 жил; жилы средние (4–16 мм²); жила: медь; изоляция ПВХ; оболочка ПВХ; броня ленточная";кабель круглый;"жилы: 5; металл: медь; броня: броня ленточная; оболочка: ПВХ; экран: без экрана; толщина жил: средние (4–16 мм²); изоляция: ПВХ";244;7;генерация;photos/F00573.webp
F00574;2;574;Кабель и провод;"Провод одножильный; 1 жила; жилы тонкие (до 2,5 мм²); жила: медь; изоляция шелк";провод одножильный;"жилы: 1; металл: медь; броня: без брони; оболочка: нет (только изоляция); экран: без экрана; толщина жил: тонкие (до 2,5 мм²); изоляция: шелк";244;38;программный рендер;photos/F00574.webp
F00575;2;575;Гидравлика;Гидроцилиндр;гидроцилиндр;;244;3;генерация;photos/F00575.webp
F00576;2;576;Рукава;Шланг;шланг;;243;7;генерация;photos/F00576.webp
F00577;2;577;Кабель и провод;"Кабель круглый; 1 жила; жилы средние (4–16 мм²); жила: медь; изоляция ПВХ; оболочка ПВХ, цвет черный";кабель круглый;"жилы: 1; металл: медь; броня: без брони; оболочка: ПВХ; экран: без экрана; толщина жил: средние (4–16 мм²); изоляция: ПВХ; цвет: черный";242;5;программный рендер;photos/F00577.webp
F00578;2;578;Кабель и провод;"Кабель круглый; 4 жил; жилы тонкие (до 2,5 мм²); жила: медь; изоляция силикон; оболочка ПВХ; броня ленточная";кабель круглый;"жилы: 4; металл: медь; броня: броня ленточная; оболочка: ПВХ; экран: без экрана; толщина жил: тонкие (до 2,5 мм²); изоляция: силикон";242;3;генерация;photos/F00578.webp
F00579;2;579;Низковольтное оборудование;Катушка;катушка;;242;8;генерация;photos/F00579.webp
F00580;2;580;Станки и оборудование;Сверло;сверло;;242;5;генерация;photos/F00580.webp
F00581;2;581;Трубопроводная арматура;Клапан балансировочный;клапан балансировочный;;242;30;генерация;photos/F00581.webp
F00582;2;582;Кабель и провод;"Кабель круглый; 8-12 жил; жилы тонкие (до 2,5 мм²); жила: медь; изоляция силикон; оболочка полиуретан; броня ленточная";кабель круглый;"жилы: 8-12; металл: медь; броня: броня ленточная; оболочка: полиуретан; экран: без экрана; толщина жил: тонкие (до 2,5 мм²); изоляция: силикон";241;12;генерация;photos/F00582.webp
F00583;2;583;Низковольтное оборудование;Переходник электрический;переходник электрический;;241;1;генерация;photos/F00583.webp
F00584;2;584;Кабель и провод;"Провод одножильный; 1 жила; жилы тонкие (до 2,5 мм²); жила: медь; изоляция фторопласт";провод одножильный;"жилы: 1; металл: медь; броня: без брони; оболочка: нет (только изоляция); экран: без экрана; толщина жил: тонкие (до 2,5 мм²); изоляция: фторопласт";240;14;программный рендер;photos/F00584.webp
F00585;2;585;Подшипники;Каретка;каретка;;239;3;генерация;photos/F00585.webp
F00586;2;586;Кабель и провод;"Кабель круглый; 13-24 жил; жилы тонкие (до 2,5 мм²); жила: медь; изоляция полиэтилен; оболочка ПВХ";кабель круглый;"жилы: 13-24; металл: медь; броня: без брони; оболочка: ПВХ; экран: без экрана; толщина жил: тонкие (до 2,5 мм²); изоляция: полиэтилен";239;18;генерация;photos/F00586.webp
F00587;2;587;Кабель и провод;"Кабель круглый; 1 жила; жилы очень крупные (120+ мм²); жила: медь; изоляция ПВХ; оболочка ПВХ, цвет черный";кабель круглый;"жилы: 1; металл: медь; броня: без брони; оболочка: ПВХ; экран: без экрана; толщина жил: очень крупные (120+ мм²); изоляция: ПВХ; цвет: черный";239;8;программный рендер;photos/F00587.webp
F00588;2;588;Кабель и провод;"Кабель круглый; 3 жил; жилы крупные (25–95 мм²); жила: алюминий; изоляция ПВХ; оболочка ПВХ; броня ленточная";кабель круглый;"жилы: 3; металл: алюминий; броня: броня ленточная; оболочка: ПВХ; экран: без экрана; толщина жил: крупные (25–95 мм²); изоляция: ПВХ";238;10;генерация;photos/F00588.webp
F00589;2;589;Кабель и провод;"Кабель круглый; 3 жил; жилы тонкие (до 2,5 мм²); жила: медь; изоляция ПВХ; оболочка ПВХ, цвет серый; экран (оплетка/фольга видна на срезе)";кабель круглый;"жилы: 3; металл: медь; броня: без брони; оболочка: ПВХ; экран: экран; толщина жил: тонкие (до 2,5 мм²); изоляция: ПВХ; цвет: серый";238;11;генерация;photos/F00589.webp
F00590;2;590;Кабель и провод;"Кабель круглый; 3 жил; жилы очень крупные (120+ мм²); жила: медь; изоляция резина; оболочка ПВХ; броня ленточная";кабель круглый;"жилы: 3; металл: медь; броня: броня ленточная; оболочка: ПВХ; экран: без экрана; толщина жил: очень крупные (120+ мм²); изоляция: резина";238;3;генерация;photos/F00590.webp
F00591;2;591;Монтажные изделия для кабеля;Изолятор;изолятор;;238;5;генерация;photos/F00591.webp
F00592;2;592;Строительное оборудование;Бетоносмеситель;бетоносмеситель;;237;16;генерация;photos/F00592.webp
F00593;2;593;Кабель и провод;"Кабель круглый; 1 жила; жилы тонкие (до 2,5 мм²); жила: медь; изоляция фторопласт; оболочка ПВХ";кабель круглый;"жилы: 1; металл: медь; броня: без брони; оболочка: ПВХ; экран: без экрана; толщина жил: тонкие (до 2,5 мм²); изоляция: фторопласт";236;21;программный рендер;photos/F00593.webp
F00594;2;594;Кабель и провод;"Кабель круглый; 6-7 жил; жилы средние (4–16 мм²); жила: медь; изоляция ПВХ; оболочка ПВХ; экран (оплетка/фольга видна на срезе)";кабель круглый;"жилы: 6-7; металл: медь; броня: без брони; оболочка: ПВХ; экран: экран; толщина жил: средние (4–16 мм²); изоляция: ПВХ";236;15;генерация;photos/F00594.webp
F00595;2;595;Кабель и провод;"Кабель круглый; 8-12 жил; жилы тонкие (до 2,5 мм²); жила: медь; изоляция ПВХ; оболочка ПВХ, цвет черный";кабель круглый;"жилы: 8-12; металл: медь; броня: без брони; оболочка: ПВХ; экран: без экрана; толщина жил: тонкие (до 2,5 мм²); изоляция: ПВХ; цвет: черный";236;20;генерация;photos/F00595.webp
F00596;2;596;Лотки и кабеленесущие системы;"Крышка; горизонтальный";крышка;признаки: горизонтальный;236;23;генерация;photos/F00596.webp
F00597;2;597;Низковольтное оборудование;"Источник бесперебойного; настольный/башня (до 3 кВА)";источник бесперебойного;признаки: настольный/башня (до 3 кВА);235;4;генерация;photos/F00597.webp
F00598;2;598;Кабель и провод;"Кабель круглый; 1 жила; жилы тонкие (до 2,5 мм²); жила: медь; изоляция ПВХ; оболочка ПВХ, цвет черный";кабель круглый;"жилы: 1; металл: медь; броня: без брони; оболочка: ПВХ; экран: без экрана; толщина жил: тонкие (до 2,5 мм²); изоляция: ПВХ; цвет: черный";234;6;программный рендер;photos/F00598.webp
F00599;2;599;Кабель и провод;"Провод неизолированный; 1 жила; жила: сталеалюминий";провод неизолированный;"жилы: 1; металл: сталеалюминий; броня: без брони; оболочка: нет; экран: без экрана; толщина жил: не определено; изоляция: нет";234;6;генерация;photos/F00599.webp
F00600;2;600;Кабель и провод;"Провод одножильный; 1 жила; жилы крупные (25–95 мм²); жила: медь; изоляция ПВХ; оболочка ПВХ";провод одножильный;"жилы: 1; металл: медь; броня: без брони; оболочка: ПВХ; экран: без экрана; толщина жил: крупные (25–95 мм²); изоляция: ПВХ";233;24;программный рендер;photos/F00600.webp
F00601;2;601;Низковольтное оборудование;Предохранитель;предохранитель;;233;12;генерация;photos/F00601.webp
F00602;2;602;Кабель и провод;"Кабель круглый; 1 жила; жилы средние (4–16 мм²); жила: медь; изоляция ПВХ; оболочка силикон";кабель круглый;"жилы: 1; металл: медь; броня: без брони; оболочка: силикон; экран: без экрана; толщина жил: средние (4–16 мм²); изоляция: ПВХ";232;5;программный рендер;photos/F00602.webp
F00603;2;603;Кабель и провод;"Кабель круглый; 2 жил; жилы тонкие (до 2,5 мм²); жила: медь; изоляция ПВХ; оболочка ПВХ, цвет серый; экран (оплетка/фольга видна на срезе)";кабель круглый;"жилы: 2; металл: медь; броня: без брони; оболочка: ПВХ; экран: экран; толщина жил: тонкие (до 2,5 мм²); изоляция: ПВХ; цвет: серый";232;8;генерация;photos/F00603.webp
F00604;2;604;Кабель и провод;"Кабель круглый; 2 жил; жилы средние (4–16 мм²); жила: медь; изоляция ПВХ; оболочка ПВХ; броня ленточная";кабель круглый;"жилы: 2; металл: медь; броня: броня ленточная; оболочка: ПВХ; экран: без экрана; толщина жил: средние (4–16 мм²); изоляция: ПВХ";232;6;генерация;photos/F00604.webp
F00605;2;605;Кабель и провод;"Кабель круглый; 8-12 жил; жилы тонкие (до 2,5 мм²); жила: медь; изоляция резина; оболочка ПВХ";кабель круглый;"жилы: 8-12; металл: медь; броня: без брони; оболочка: ПВХ; экран: без экрана; толщина жил: тонкие (до 2,5 мм²); изоляция: резина";232;8;генерация;photos/F00605.webp
F00606;2;606;Подшипники;"Узел подшипниковый (корпусной); фланцевый круглый (UCFC)";узел подшипниковый (корпусной);признаки: фланцевый круглый (UCFC);231;16;генерация;photos/F00606.webp
F00607;2;607;Кабель и провод;"Кабель круглый; 3 жил; жилы очень крупные (120+ мм²); жила: алюминий; изоляция ПВХ; оболочка ПВХ";кабель круглый;"жилы: 3; металл: алюминий; броня: без брони; оболочка: ПВХ; экран: без экрана; толщина жил: очень крупные (120+ мм²); изоляция: ПВХ";231;6;программный рендер;photos/F00607.webp
F00608;2;608;Кабель и провод;"Термопарный; жила: сплав";термопарный;металл: сплав;231;23;генерация;photos/F00608.webp
F00609;2;609;Подшипники;Подшипник линейный;подшипник линейный;;230;6;генерация;photos/F00609.webp
F00610;2;610;Электродвигатели;"Электродвигатель; взрывозащищенный; габарит 225–280; на лапах";электродвигатель;признаки: взрывозащищенный · габарит 225–280 · на лапах;230;8;генерация;photos/F00610.webp
F00611;2;611;Монтажные изделия для кабеля;Металлорукав;металлорукав;;230;10;генерация;photos/F00611.webp
F00612;2;612;Кабель и провод;"Кабель круглый; 4 жил; жилы крупные (25–95 мм²); жила: алюминий; изоляция ПВХ; оболочка ПВХ; броня ленточная";кабель круглый;"жилы: 4; металл: алюминий; броня: броня ленточная; оболочка: ПВХ; экран: без экрана; толщина жил: крупные (25–95 мм²); изоляция: ПВХ";229;14;генерация;photos/F00612.webp
F00613;2;613;Инструмент;Мультиметр цифровой;мультиметр цифровой;;229;1;генерация;photos/F00613.webp
F00614;2;614;Монтажные изделия для кабеля;"Труба гофрированная; гофрированная; ПНД (черная)";труба гофрированная;признаки: гофрированная · ПНД (черная);229;8;генерация;photos/F00614.webp
F00615;2;615;Кабель и провод;"Кабель круглый; 4 жил; жилы очень крупные (120+ мм²); жила: медь; изоляция сшитый ПЭ; оболочка ПВХ";кабель круглый;"жилы: 4; металл: медь; броня: без брони; оболочка: ПВХ; экран: без экрана; толщина жил: очень крупные (120+ мм²); изоляция: сшитый ПЭ";227;13;программный рендер;photos/F00615.webp
F00616;2;616;Монтажные изделия для кабеля;Стяжка кабельная;стяжка кабельная;;227;5;генерация;photos/F00616.webp
F00617;2;617;Кабель и провод;"Кабель круглый; 1 жила; жилы очень крупные (120+ мм²); жила: медь; изоляция ПВХ; оболочка ПВХ; броня ленточная";кабель круглый;"жилы: 1; металл: медь; броня: броня ленточная; оболочка: ПВХ; экран: без экрана; толщина жил: очень крупные (120+ мм²); изоляция: ПВХ";226;9;генерация;photos/F00617.webp
F00618;2;618;Кабель и провод;"Кабель круглый; 8-12 жил; жилы тонкие (до 2,5 мм²); жила: медь; изоляция ПВХ; оболочка ПВХ; броня проволочная";кабель круглый;"жилы: 8-12; металл: медь; броня: броня проволочная; оболочка: ПВХ; экран: без экрана; толщина жил: тонкие (до 2,5 мм²); изоляция: ПВХ";226;10;генерация;photos/F00618.webp
F00619;2;619;Строительное оборудование;Вибратор площадочный;вибратор площадочный;;226;12;генерация;photos/F00619.webp
F00620;2;620;Инструмент;Уровень лазерный;уровень лазерный;;226;2;генерация;photos/F00620.webp
F00621;2;621;Низковольтное оборудование;"Автоматический выключатель; модульный на DIN-рейку; 3P+N";автоматический выключатель;признаки: модульный на DIN-рейку · 3P+N;226;5;генерация;photos/F00621.webp
F00622;2;622;Низковольтное оборудование;"Мини-контактор (самое частое в группе); группа «Контакторы и пускатели»";изделия группы «Контакторы и пускатели»;;226;19;генерация;photos/F00622.webp
F00623;2;623;Кабель и провод;"Кабель круглый; 25-48 жил; жилы тонкие (до 2,5 мм²); жила: медь; изоляция ПВХ; оболочка ПВХ, цвет черный";кабель круглый;"жилы: 25-48; металл: медь; броня: без брони; оболочка: ПВХ; экран: без экрана; толщина жил: тонкие (до 2,5 мм²); изоляция: ПВХ; цвет: черный";225;23;генерация;photos/F00623.webp
F00624;2;624;Кабель и провод;"Кабель круглый; 2 жил; жилы крупные (25–95 мм²); жила: медь; изоляция ПВХ; оболочка ПВХ; броня ленточная";кабель круглый;"жилы: 2; металл: медь; броня: броня ленточная; оболочка: ПВХ; экран: без экрана; толщина жил: крупные (25–95 мм²); изоляция: ПВХ";224;6;генерация;photos/F00624.webp
F00625;2;625;Кабель и провод;"Кабель круглый; 3 жил; жилы очень крупные (120+ мм²); жила: алюминий; изоляция ПВХ; оболочка ПВХ; броня ленточная";кабель круглый;"жилы: 3; металл: алюминий; броня: броня ленточная; оболочка: ПВХ; экран: без экрана; толщина жил: очень крупные (120+ мм²); изоляция: ПВХ";224;12;генерация;photos/F00625.webp
F00626;2;626;Кабель и провод;"Кабель круглый; 4 жил; жилы тонкие (до 2,5 мм²); жила: медь; изоляция ПВХ; оболочка ПВХ, цвет черный";кабель круглый;"жилы: 4; металл: медь; броня: без брони; оболочка: ПВХ; экран: без экрана; толщина жил: тонкие (до 2,5 мм²); изоляция: ПВХ; цвет: черный";224;7;программный рендер;photos/F00626.webp
F00627;2;627;Строительное оборудование;Машина шлифовальная;машина шлифовальная;;224;14;генерация;photos/F00627.webp
F00628;2;628;Низковольтное оборудование;"Корпус металлический; металлический; навесной";корпус металлический;признаки: металлический · навесной;224;8;генерация;photos/F00628.webp
F00629;2;629;Навесное оборудование;Ковш усиленный;ковш усиленный;;223;1;генерация;photos/F00629.webp
F00630;2;630;Кабель и провод;"СИП (самонесущий изолированный); 3 жил; жилы крупные (25–95 мм²); жила: алюминий; изоляция сшитый ПЭ; оболочка ПВХ";СИП (самонесущий изолированный);"жилы: 3; металл: алюминий; броня: без брони; оболочка: ПВХ; экран: без экрана; толщина жил: крупные (25–95 мм²); изоляция: сшитый ПЭ";223;8;генерация;photos/F00630.webp
F00631;2;631;Кабель и провод;"Кабель круглый; 2 жил; жилы очень крупные (120+ мм²); жила: медь; изоляция ПВХ; оболочка ПВХ";кабель круглый;"жилы: 2; металл: медь; броня: без брони; оболочка: ПВХ; экран: без экрана; толщина жил: очень крупные (120+ мм²); изоляция: ПВХ";223;10;программный рендер;photos/F00631.webp
F00632;2;632;Кабель и провод;"Кабель круглый; 2 жил; жилы крупные (25–95 мм²); жила: медь; изоляция ПВХ; оболочка ПВХ; экран (оплетка/фольга видна на срезе)";кабель круглый;"жилы: 2; металл: медь; броня: без брони; оболочка: ПВХ; экран: экран; толщина жил: крупные (25–95 мм²); изоляция: ПВХ";223;8;генерация;photos/F00632.webp
F00633;2;633;Станки и оборудование;"Зиг (самое частое в группе); группа «Станки»";изделия группы «Станки»;;223;12;генерация;photos/F00633.webp
F00634;2;634;Кабель и провод;"Кабель круглый; 25-48 жил; жилы тонкие (до 2,5 мм²); жила: медь; изоляция резина; оболочка резина";кабель круглый;"жилы: 25-48; металл: медь; броня: без брони; оболочка: резина; экран: без экрана; толщина жил: тонкие (до 2,5 мм²); изоляция: резина";222;11;генерация;photos/F00634.webp
F00635;2;635;Кабель и провод;"Кабель круглый; 25-48 жил; жилы тонкие (до 2,5 мм²); жила: медь; изоляция ПВХ; оболочка полиэтилен; броня ленточная";кабель круглый;"жилы: 25-48; металл: медь; броня: броня ленточная; оболочка: полиэтилен; экран: без экрана; толщина жил: тонкие (до 2,5 мм²); изоляция: ПВХ";222;14;генерация;photos/F00635.webp
F00636;2;636;Осветительное оборудование;"Светильник; линейный";светильник;признаки: линейный;222;19;генерация;photos/F00636.webp
F00637;2;637;Кабель и провод;"Кабель круглый; 4 жил; жилы очень крупные (120+ мм²); жила: алюминий; изоляция ПВХ; оболочка ПВХ";кабель круглый;"жилы: 4; металл: алюминий; броня: без брони; оболочка: ПВХ; экран: без экрана; толщина жил: очень крупные (120+ мм²); изоляция: ПВХ";221;12;программный рендер;photos/F00637.webp
F00638;2;638;Кабель и провод;"Провод одножильный; 1 жила; жилы очень крупные (120+ мм²); жила: медь; изоляция ПВХ; оболочка ПВХ";провод одножильный;"жилы: 1; металл: медь; броня: без брони; оболочка: ПВХ; экран: без экрана; толщина жил: очень крупные (120+ мм²); изоляция: ПВХ";221;21;программный рендер;photos/F00638.webp
F00639;2;639;Кабель и провод;"Кабель круглый; 3 жил; жилы крупные (25–95 мм²); жила: алюминий; изоляция бумага; оболочка свинец; броня ленточная";кабель круглый;"жилы: 3; металл: алюминий; броня: броня ленточная; оболочка: свинец; экран: без экрана; толщина жил: крупные (25–95 мм²); изоляция: бумага";220;3;генерация;photos/F00639.webp
F00640;2;640;Кабель и провод;"Кабель круглый; 3 жил; жилы крупные (25–95 мм²); жила: медь; изоляция бумага; оболочка свинец; броня ленточная";кабель круглый;"жилы: 3; металл: медь; броня: броня ленточная; оболочка: свинец; экран: без экрана; толщина жил: крупные (25–95 мм²); изоляция: бумага";220;3;генерация;photos/F00640.webp
F00641;2;641;Кабель и провод;"Кабель круглый; 4 жил; жилы средние (4–16 мм²); жила: алюминий; изоляция ПВХ; оболочка ПВХ; броня ленточная";кабель круглый;"жилы: 4; металл: алюминий; броня: броня ленточная; оболочка: ПВХ; экран: без экрана; толщина жил: средние (4–16 мм²); изоляция: ПВХ";220;9;генерация;photos/F00641.webp
F00642;2;642;Складское оборудование;Ремень стяжной;ремень стяжной;;220;13;генерация;photos/F00642.webp
F00643;2;643;Складское оборудование;Стол подъемный;стол подъемный;;220;13;генерация;photos/F00643.webp
F00644;2;644;Лотки и кабеленесущие системы;"Подвес вертикальный; вертикальный";подвес вертикальный;признаки: вертикальный;219;3;генерация;photos/F00644.webp
F00645;2;645;Навесное оборудование;Ковш планировочный;ковш планировочный;;218;3;генерация;photos/F00645.webp
F00646;2;646;Кабель и провод;"Провод одножильный; 1 жила; жилы средние (4–16 мм²); жила: медь; изоляция ПВХ; цвет изоляции желтый";провод одножильный;"жилы: 1; металл: медь; броня: без брони; оболочка: нет (только изоляция); экран: без экрана; толщина жил: средние (4–16 мм²); изоляция: ПВХ; цвет: желтый";218;6;программный рендер;photos/F00646.webp
F00647;2;647;Гидравлика;Гидромотор;гидромотор;;218;5;генерация;photos/F00647.webp
F00648;2;648;Светильники;"Светильник; аварийный / указатель выхода";светильник;признаки: аварийный / указатель выхода;218;14;генерация;photos/F00648.webp
F00649;2;649;Трубопроводная арматура;Фильтр сетчатый;фильтр сетчатый;;218;18;генерация;photos/F00649.webp
F00650;2;650;Кабель и провод;"Провод одножильный; 1 жила; жилы крупные (25–95 мм²); жила: медь; изоляция ПВХ; цвет изоляции желтый";провод одножильный;"жилы: 1; металл: медь; броня: без брони; оболочка: нет (только изоляция); экран: без экрана; толщина жил: крупные (25–95 мм²); изоляция: ПВХ; цвет: желтый";217;7;программный рендер;photos/F00650.webp
F00651;2;651;Складское оборудование;Штабелер гидравлический;штабелер гидравлический;;217;7;генерация;photos/F00651.webp
F00652;2;652;Кабель и провод;"Кабель круглый; 1 жила; жилы средние (4–16 мм²); жила: медь; изоляция ПВХ; оболочка ПВХ; экран (оплетка/фольга видна на срезе)";кабель круглый;"жилы: 1; металл: медь; броня: без брони; оболочка: ПВХ; экран: экран; толщина жил: средние (4–16 мм²); изоляция: ПВХ";216;10;генерация;photos/F00652.webp
F00653;2;653;Лотки и кабеленесущие системы;"Угол лестничный; лестничный; горизонтальный";угол лестничный;признаки: лестничный · горизонтальный;216;22;генерация;photos/F00653.webp
F00654;2;654;Лотки и кабеленесущие системы;"Угол листовой; горизонтальный";угол листовой;признаки: горизонтальный;216;22;генерация;photos/F00654.webp
F00655;2;655;Кабель и провод;"Кабель круглый; 13-24 жил; жилы тонкие (до 2,5 мм²); жила: медь; изоляция ПВХ; оболочка полиэтилен; броня ленточная; экран (оплетка/фольга видна на срезе)";кабель круглый;"жилы: 13-24; металл: медь; броня: броня ленточная; оболочка: полиэтилен; экран: экран; толщина жил: тонкие (до 2,5 мм²); изоляция: ПВХ";215;8;генерация;photos/F00655.webp
F00656;2;656;Кабель и провод;"Кабель круглый; 3 жил; жилы тонкие (до 2,5 мм²); жила: медь; изоляция ПВХ; оболочка ПВХ, цвет черный";кабель круглый;"жилы: 3; металл: медь; броня: без брони; оболочка: ПВХ; экран: без экрана; толщина жил: тонкие (до 2,5 мм²); изоляция: ПВХ; цвет: черный";215;7;программный рендер;photos/F00656.webp
F00657;2;657;Кабель и провод;"Кабель круглый; 3 жил; жилы средние (4–16 мм²); жила: медь; изоляция ПВХ; оболочка ПВХ; броня ленточная; экран (оплетка/фольга видна на срезе)";кабель круглый;"жилы: 3; металл: медь; броня: броня ленточная; оболочка: ПВХ; экран: экран; толщина жил: средние (4–16 мм²); изоляция: ПВХ";215;4;генерация;photos/F00657.webp
F00658;2;658;Кабель и провод;"Кабель круглый; 4 жил; жилы средние (4–16 мм²); жила: медь; изоляция сшитый ПЭ; оболочка ПВХ";кабель круглый;"жилы: 4; металл: медь; броня: без брони; оболочка: ПВХ; экран: без экрана; толщина жил: средние (4–16 мм²); изоляция: сшитый ПЭ";215;10;программный рендер;photos/F00658.webp
F00659;2;659;Кабель и провод;"Оптический; жила: оптическое волокно; изоляция ПВХ; оболочка полиэтилен; броня";оптический;"жилы: —; металл: оптическое волокно; броня: броня; оболочка: полиэтилен; экран: без экрана; толщина жил: —; изоляция: ПВХ";215;1;генерация;photos/F00659.webp
F00660;2;660;Кабель и провод;"Кабель круглый; 1 жила; жилы тонкие (до 2,5 мм²); жила: медь; изоляция силикон; оболочка силикон";кабель круглый;"жилы: 1; металл: медь; броня: без брони; оболочка: силикон; экран: без экрана; толщина жил: тонкие (до 2,5 мм²); изоляция: силикон";214;21;программный рендер;photos/F00660.webp
F00661;2;661;Кабель и провод;"Кабель круглый; 2 жил; жилы средние (4–16 мм²); жила: медь; изоляция ПВХ; оболочка безгалогенная (LSZH)";кабель круглый;"жилы: 2; металл: медь; броня: без брони; оболочка: безгалогенная (LSZH); экран: без экрана; толщина жил: средние (4–16 мм²); изоляция: ПВХ";214;6;программный рендер;photos/F00661.webp
F00662;2;662;Кабель и провод;"Кабель круглый; 5 жил; жилы тонкие (до 2,5 мм²); жила: медь; изоляция ПВХ; оболочка ПВХ, цвет серый; экран (оплетка/фольга видна на срезе)";кабель круглый;"жилы: 5; металл: медь; броня: без брони; оболочка: ПВХ; экран: экран; толщина жил: тонкие (до 2,5 мм²); изоляция: ПВХ; цвет: серый";214;11;генерация;photos/F00662.webp
F00663;2;663;Электродвигатели;"Электродвигатель; общепромышленный; габарит 225–280; на фланце";электродвигатель;признаки: общепромышленный · габарит 225–280 · на фланце;214;5;генерация;photos/F00663.webp
F00664;2;664;Кабель и провод;"Кабель круглый; 3 жил; жилы крупные (25–95 мм²); жила: алюминий; изоляция сшитый ПЭ; оболочка ПВХ; броня ленточная";кабель круглый;"жилы: 3; металл: алюминий; броня: броня ленточная; оболочка: ПВХ; экран: без экрана; толщина жил: крупные (25–95 мм²); изоляция: сшитый ПЭ";213;6;генерация;photos/F00664.webp
F00665;2;665;Кабель и провод;"Кабель круглый; 13-24 жил; жилы тонкие (до 2,5 мм²); жила: медь; изоляция ПВХ; оболочка свинец";кабель круглый;"жилы: 13-24; металл: медь; броня: без брони; оболочка: свинец; экран: без экрана; толщина жил: тонкие (до 2,5 мм²); изоляция: ПВХ";212;10;генерация;photos/F00665.webp
F00666;2;666;Кабель и провод;"Кабель круглый; 1 жила; жилы крупные (25–95 мм²); жила: медь; изоляция резина; оболочка резина";кабель круглый;"жилы: 1; металл: медь; броня: без брони; оболочка: резина; экран: без экрана; толщина жил: крупные (25–95 мм²); изоляция: резина";212;6;программный рендер;photos/F00666.webp
F00667;2;667;Кабель и провод;"Термопарный; 25-48 жил; жилы тонкие (до 2,5 мм²); жила: термопарный сплав; изоляция ПВХ; оболочка ПВХ; экран (оплетка/фольга видна на срезе)";термопарный;"жилы: 25-48; металл: термопарный сплав; броня: без брони; оболочка: ПВХ; экран: экран; толщина жил: тонкие (до 2,5 мм²); изоляция: ПВХ";212;10;генерация;photos/F00667.webp
F00668;2;668;Кабель и провод;"Кабель круглый; 3 жил; жилы средние (4–16 мм²); жила: алюминий; изоляция ПВХ; оболочка ПВХ";кабель круглый;"жилы: 3; металл: алюминий; броня: без брони; оболочка: ПВХ; экран: без экрана; толщина жил: средние (4–16 мм²); изоляция: ПВХ";211;4;программный рендер;photos/F00668.webp
F00669;2;669;Кабель и провод;"Кабель круглый; 5 жил; жилы крупные (25–95 мм²); жила: медь; изоляция ПВХ; оболочка ПВХ; экран (оплетка/фольга видна на срезе)";кабель круглый;"жилы: 5; металл: медь; броня: без брони; оболочка: ПВХ; экран: экран; толщина жил: крупные (25–95 мм²); изоляция: ПВХ";211;13;генерация;photos/F00669.webp
F00670;2;670;Кабель и провод;"Коаксиальный; жила: медь; изоляция ПВХ; оболочка ПВХ";коаксиальный;"жилы: —; металл: медь; броня: без брони; оболочка: ПВХ; экран: без экрана; толщина жил: —; изоляция: ПВХ";211;1;генерация;photos/F00670.webp
F00671;2;671;Кабель и провод;"Провод одножильный; 1 жила; жилы тонкие (до 2,5 мм²); жила: медь; изоляция ПВХ; оболочка ПВХ";провод одножильный;"жилы: 1; металл: медь; броня: без брони; оболочка: ПВХ; экран: без экрана; толщина жил: тонкие (до 2,5 мм²); изоляция: ПВХ";211;24;программный рендер;photos/F00671.webp
F00672;2;672;Инструмент;Дрель ударная;дрель ударная;;210;2;генерация;photos/F00672.webp
F00673;2;673;Низковольтное оборудование;Каркас;каркас;;210;7;генерация;photos/F00673.webp
F00674;2;674;Кабель и провод;"Кабель круглый; 1 жила; жилы тонкие (до 2,5 мм²); жила: медь; изоляция силикон; оболочка ПВХ";кабель круглый;"жилы: 1; металл: медь; броня: без брони; оболочка: ПВХ; экран: без экрана; толщина жил: тонкие (до 2,5 мм²); изоляция: силикон";209;12;программный рендер;photos/F00674.webp
F00675;2;675;Вентиляторы;Вентилятор канальный;вентилятор канальный;;209;8;генерация;photos/F00675.webp
F00676;2;676;Светильники;Датчик;датчик;;209;10;генерация;photos/F00676.webp
F00677;2;677;Насосы;Насос самовсасывающий;насос самовсасывающий;;208;15;генерация;photos/F00677.webp
F00678;2;678;Складское оборудование;Строп трехветвевой;строп трехветвевой;;207;11;генерация;photos/F00678.webp
F00679;2;679;Навесное оборудование;Ковш стандартный;ковш стандартный;;206;2;генерация;photos/F00679.webp
F00680;2;680;Кабель и провод;"Кабель круглый; 4 жил; жилы крупные (25–95 мм²); жила: медь; изоляция ПВХ; оболочка ПВХ, цвет черный";кабель круглый;"жилы: 4; металл: медь; броня: без брони; оболочка: ПВХ; экран: без экрана; толщина жил: крупные (25–95 мм²); изоляция: ПВХ; цвет: черный";206;9;программный рендер;photos/F00680.webp
F00681;2;681;Кабель и провод;"Термопарный; 13-24 жил; жилы тонкие (до 2,5 мм²); жила: медь; изоляция ПВХ; оболочка ПВХ";термопарный;"жилы: 13-24; металл: медь; броня: без брони; оболочка: ПВХ; экран: без экрана; толщина жил: тонкие (до 2,5 мм²); изоляция: ПВХ";206;23;генерация;photos/F00681.webp
F00682;2;682;Кабель и провод;"Витая пара (LAN); 4 пар; жила: медь; изоляция полиэтилен; оболочка ПВХ";витая пара (LAN);"жилы: 4 пар; металл: медь; броня: без брони; оболочка: ПВХ; экран: без экрана; толщина жил: —; изоляция: полиэтилен";205;22;генерация;photos/F00682.webp
F00683;2;683;Складское оборудование;Балка концевая;балка концевая;;205;17;генерация;photos/F00683.webp
F00684;2;684;Кабель и провод;"Оптический; жила: оптическое волокно; изоляция ПВХ; оболочка полиэтилен; броня ленточная";оптический;"жилы: —; металл: оптическое волокно; броня: броня ленточная; оболочка: полиэтилен; экран: без экрана; толщина жил: —; изоляция: ПВХ";204;1;генерация;photos/F00684.webp
F00685;2;685;Электродвигатели;"Электродвигатель; взрывозащищенный; габарит 100–132; на лапах";электродвигатель;признаки: взрывозащищенный · габарит 100–132 · на лапах;204;7;генерация;photos/F00685.webp
F00686;2;686;Кабель и провод;"Кабель круглый; 1 жила; жилы очень крупные (120+ мм²); жила: медь; изоляция ПВХ; оболочка ПВХ; экран (оплетка/фольга видна на срезе)";кабель круглый;"жилы: 1; металл: медь; броня: без брони; оболочка: ПВХ; экран: экран; толщина жил: очень крупные (120+ мм²); изоляция: ПВХ";203;9;генерация;photos/F00686.webp
F00687;2;687;Кабель и провод;"Кабель круглый; 25-48 жил; жилы тонкие (до 2,5 мм²); жила: медь; изоляция полиэтилен; оболочка ПВХ";кабель круглый;"жилы: 25-48; металл: медь; броня: без брони; оболочка: ПВХ; экран: без экрана; толщина жил: тонкие (до 2,5 мм²); изоляция: полиэтилен";203;17;генерация;photos/F00687.webp
F00688;2;688;Кабель и провод;"Кабель круглый; 49+ жил; жилы тонкие (до 2,5 мм²); жила: медь; изоляция ПВХ; оболочка ПВХ; броня проволочная; экран (оплетка/фольга видна на срезе)";кабель круглый;"жилы: 49+; металл: медь; броня: броня проволочная; оболочка: ПВХ; экран: экран; толщина жил: тонкие (до 2,5 мм²); изоляция: ПВХ";202;15;генерация;photos/F00688.webp
F00689;2;689;Кабель и провод;"Кабель круглый; 13-24 жил; жилы тонкие (до 2,5 мм²); жила: медь; изоляция ПВХ; оболочка безгалогенная (LSZH); броня ленточная";кабель круглый;"жилы: 13-24; металл: медь; броня: броня ленточная; оболочка: безгалогенная (LSZH); экран: без экрана; толщина жил: тонкие (до 2,5 мм²); изоляция: ПВХ";201;19;генерация;photos/F00689.webp
F00690;3;690;Кабель и провод;"Кабель круглый; 1 жила; жилы крупные (25–95 мм²); жила: медь; изоляция ПВХ; оболочка ПВХ; броня ленточная";кабель круглый;"жилы: 1; металл: медь; броня: броня ленточная; оболочка: ПВХ; экран: без экрана; толщина жил: крупные (25–95 мм²); изоляция: ПВХ";201;6;генерация;photos/F00690.webp
F00691;3;691;Низковольтное оборудование;Вакуум;вакуум;;201;3;генерация;photos/F00691.webp
F00692;3;692;Насосы;"Насос линейный; моноблочный / ин-лайн";насос линейный;признаки: моноблочный / ин-лайн;201;16;генерация;photos/F00692.webp
F00693;3;693;Складское оборудование;Верстак двухтумбовый;верстак двухтумбовый;;201;2;генерация;photos/F00693.webp
F00694;3;694;Кабель и провод;"Кабель круглый; 3 жил; жилы очень крупные (120+ мм²); жила: медь; изоляция сшитый ПЭ; оболочка ПВХ; броня ленточная";кабель круглый;"жилы: 3; металл: медь; броня: броня ленточная; оболочка: ПВХ; экран: без экрана; толщина жил: очень крупные (120+ мм²); изоляция: сшитый ПЭ";200;3;генерация;photos/F00694.webp
F00695;3;695;Кабель и провод;"Кабель круглый; 6-7 жил; жилы тонкие (до 2,5 мм²); жила: медь; изоляция силикон; оболочка безгалогенная (LSZH); экран (оплетка/фольга видна на срезе)";кабель круглый;"жилы: 6-7; металл: медь; броня: без брони; оболочка: безгалогенная (LSZH); экран: экран; толщина жил: тонкие (до 2,5 мм²); изоляция: силикон";200;8;генерация;photos/F00695.webp
F00696;3;696;Кабель и провод;"Шнур оптический (патч-корд); жила: оптическое волокно; изоляция ПВХ; оболочка безгалогенная (LSZH), цвет оранжевый";шнур оптический (патч-корд);"жилы: —; металл: оптическое волокно; броня: без брони; оболочка: безгалогенная (LSZH); экран: без экрана; толщина жил: —; изоляция: ПВХ; цвет: оранжевый";200;1;генерация;photos/F00696.webp
F00697;3;697;Кабель и провод;"Кабель круглый; 13-24 жил; жила: медь";кабель круглый;"жилы: 13-24; металл: медь; броня: без брони";199;27;генерация;photos/F00697.webp
F00698;3;698;Кабель и провод;"Провод обмоточный; 1 жила; жила: медь; изоляция силикон";провод обмоточный;"жилы: 1; металл: медь; броня: без брони; оболочка: нет; экран: без экрана; толщина жил: не определено; изоляция: силикон";199;4;генерация;photos/F00698.webp
F00699;3;699;Кабель и провод;"Термопарный; 8-12 жил; жилы крупные (25–95 мм²); жила: термопарный сплав; изоляция ПВХ; оболочка ПВХ; экран (оплетка/фольга видна на срезе)";термопарный;"жилы: 8-12; металл: термопарный сплав; броня: без брони; оболочка: ПВХ; экран: экран; толщина жил: крупные (25–95 мм²); изоляция: ПВХ";199;11;генерация;photos/F00699.webp
F00700;3;700;Кабель и провод;"Шнур оптический (патч-корд); жила: оптическое волокно; изоляция ПВХ; оболочка ПВХ";шнур оптический (патч-корд);"жилы: —; металл: оптическое волокно; броня: без брони; оболочка: ПВХ; экран: без экрана; толщина жил: —; изоляция: ПВХ";199;8;генерация;photos/F00700.webp
F00701;3;701;Ремни;"Ремень; поликлиновой PM; 7–12 ручьев";ремень;признаки: поликлиновой PM · 7–12 ручьев;198;3;генерация;photos/F00701.webp
F00702;3;702;Кабель и провод;"Кабель круглый; 49+ жил; жилы тонкие (до 2,5 мм²); жила: медь; изоляция силикон; оболочка ПВХ; экран (оплетка/фольга видна на срезе)";кабель круглый;"жилы: 49+; металл: медь; броня: без брони; оболочка: ПВХ; экран: экран; толщина жил: тонкие (до 2,5 мм²); изоляция: силикон";198;30;генерация;photos/F00702.webp
F00703;3;703;Кабель и провод;"Кабель круглый; 25-48 жил; жилы тонкие (до 2,5 мм²); жила: медь; изоляция ПВХ; оболочка безгалогенная (LSZH); броня ленточная";кабель круглый;"жилы: 25-48; металл: медь; броня: броня ленточная; оболочка: безгалогенная (LSZH); экран: без экрана; толщина жил: тонкие (до 2,5 мм²); изоляция: ПВХ";197;21;генерация;photos/F00703.webp
F00704;3;704;Кабель и провод;"Кабель круглый; 3 жил; жилы очень крупные (120+ мм²); жила: алюминий; изоляция бумага; оболочка свинец; броня ленточная";кабель круглый;"жилы: 3; металл: алюминий; броня: броня ленточная; оболочка: свинец; экран: без экрана; толщина жил: очень крупные (120+ мм²); изоляция: бумага";197;4;генерация;photos/F00704.webp
F00705;3;705;Складское оборудование;Стол сварочный;стол сварочный;;197;5;генерация;photos/F00705.webp
F00706;3;706;Кабель и провод;"Кабель круглый; 8-12 жил; жилы тонкие (до 2,5 мм²); жила: медь; изоляция сшитый ПЭ; оболочка ПВХ; броня ленточная";кабель круглый;"жилы: 8-12; металл: медь; броня: броня ленточная; оболочка: ПВХ; экран: без экрана; толщина жил: тонкие (до 2,5 мм²); изоляция: сшитый ПЭ";196;15;генерация;photos/F00706.webp
F00707;3;707;Лотки и кабеленесущие системы;Ответвитель-переходник;ответвитель-переходник;;196;12;генерация;photos/F00707.webp
F00708;3;708;Кабель и провод;"Кабель круглый; 4 жил; жилы средние (4–16 мм²); жила: медь; изоляция ПВХ; оболочка ПВХ, цвет черный";кабель круглый;"жилы: 4; металл: медь; броня: без брони; оболочка: ПВХ; экран: без экрана; толщина жил: средние (4–16 мм²); изоляция: ПВХ; цвет: черный";195;8;программный рендер;photos/F00708.webp
F00709;3;709;Кабель и провод;"Провод одножильный; 1 жила; жила: алюминий; изоляция бумага";провод одножильный;"жилы: 1; металл: алюминий; броня: без брони; оболочка: нет (только изоляция); экран: без экрана; толщина жил: не определено; изоляция: бумага";195;2;программный рендер;photos/F00709.webp
F00710;3;710;Низковольтное оборудование;"Щит; металлический; навесной";щит;признаки: металлический · навесной;195;12;генерация;photos/F00710.webp
F00711;3;711;Складское оборудование;Таль передвижная;таль передвижная;;195;3;генерация;photos/F00711.webp
F00712;3;712;Кабель и провод;"Шнур оптический (патч-корд); жила: оптическое волокно; изоляция ПВХ; оболочка безгалогенная (LSZH), цвет голубой";шнур оптический (патч-корд);"жилы: —; металл: оптическое волокно; броня: без брони; оболочка: безгалогенная (LSZH); экран: без экрана; толщина жил: —; изоляция: ПВХ; цвет: голубой";193;1;генерация;photos/F00712.webp
F00713;3;713;Строительное оборудование;Вал гибкий;вал гибкий;;193;5;генерация;photos/F00713.webp
F00714;3;714;Низковольтное оборудование;"Выключатель; модульный на DIN-рейку; 1P";выключатель;признаки: модульный на DIN-рейку · 1P;193;17;генерация;photos/F00714.webp
F00715;3;715;Кабель и провод;"Кабель круглый; 13-24 жил; жилы крупные (25–95 мм²); жила: медь; изоляция ПВХ; оболочка ПВХ; броня ленточная; экран (оплетка/фольга видна на срезе)";кабель круглый;"жилы: 13-24; металл: медь; броня: броня ленточная; оболочка: ПВХ; экран: экран; толщина жил: крупные (25–95 мм²); изоляция: ПВХ";192;10;генерация;photos/F00715.webp
F00716;3;716;Кабель и провод;"Кабель круглый; 3 жил; жилы крупные (25–95 мм²); жила: медь; изоляция сшитый ПЭ; оболочка ПВХ; броня ленточная";кабель круглый;"жилы: 3; металл: медь; броня: броня ленточная; оболочка: ПВХ; экран: без экрана; толщина жил: крупные (25–95 мм²); изоляция: сшитый ПЭ";192;3;генерация;photos/F00716.webp
F00717;3;717;Кабель и провод;"Кабель круглый; 4 жил; жилы тонкие (до 2,5 мм²); жила: медь; изоляция резина; оболочка ПВХ";кабель круглый;"жилы: 4; металл: медь; броня: без брони; оболочка: ПВХ; экран: без экрана; толщина жил: тонкие (до 2,5 мм²); изоляция: резина";192;6;программный рендер;photos/F00717.webp
F00718;3;718;Кабель и провод;"Термопарный; 8-12 жил; жилы крупные (25–95 мм²); жила: термопарный сплав; изоляция ПВХ; оболочка ПВХ";термопарный;"жилы: 8-12; металл: термопарный сплав; броня: без брони; оболочка: ПВХ; экран: без экрана; толщина жил: крупные (25–95 мм²); изоляция: ПВХ";192;8;генерация;photos/F00718.webp
F00719;3;719;Кабель и провод;"Шнур; жила: медь";шнур;металл: медь;192;16;генерация;photos/F00719.webp
F00720;3;720;Станки и оборудование;Станок токарный;станок токарный;;191;12;генерация;photos/F00720.webp
F00721;3;721;Кабель и провод;"Кабель круглый; 13-24 жил; жилы тонкие (до 2,5 мм²); жила: медь; изоляция ПВХ; оболочка резина";кабель круглый;"жилы: 13-24; металл: медь; броня: без брони; оболочка: резина; экран: без экрана; толщина жил: тонкие (до 2,5 мм²); изоляция: ПВХ";190;17;генерация;photos/F00721.webp
F00722;3;722;Кабель и провод;"Кабель круглый; 3 жил; жилы крупные (25–95 мм²); жила: алюминий; изоляция бумага; оболочка свинец; оплетка текстильная";кабель круглый;"жилы: 3; металл: алюминий; броня: оплетка текстильная; оболочка: свинец; экран: без экрана; толщина жил: крупные (25–95 мм²); изоляция: бумага";190;5;генерация;photos/F00722.webp
F00723;3;723;Кабель и провод;"Кабель круглый; 3 жил; жилы тонкие (до 2,5 мм²); жила: медь; изоляция ПВХ; оболочка ПВХ, цвет серый";кабель круглый;"жилы: 3; металл: медь; броня: без брони; оболочка: ПВХ; экран: без экрана; толщина жил: тонкие (до 2,5 мм²); изоляция: ПВХ; цвет: серый";190;7;программный рендер;photos/F00723.webp
F00724;3;724;Складское оборудование;Шкаф;шкаф;;190;14;генерация;photos/F00724.webp
F00725;3;725;Кабель и провод;"Кабель круглый; 2 жил; жилы средние (4–16 мм²); жила: медь; изоляция резина; оболочка ПВХ";кабель круглый;"жилы: 2; металл: медь; броня: без брони; оболочка: ПВХ; экран: без экрана; толщина жил: средние (4–16 мм²); изоляция: резина";189;2;программный рендер;photos/F00725.webp
F00726;3;726;Кабель и провод;"Кабель круглый; 4 жил; жилы крупные (25–95 мм²); жила: медь; изоляция ПВХ; оболочка ПВХ; броня ленточная; экран (оплетка/фольга видна на срезе)";кабель круглый;"жилы: 4; металл: медь; броня: броня ленточная; оболочка: ПВХ; экран: экран; толщина жил: крупные (25–95 мм²); изоляция: ПВХ";189;6;генерация;photos/F00726.webp
F00727;3;727;Кабель и провод;"Кабель круглый; 5 жил; жилы крупные (25–95 мм²); жила: медь; изоляция ПВХ; оболочка безгалогенная (LSZH)";кабель круглый;"жилы: 5; металл: медь; броня: без брони; оболочка: безгалогенная (LSZH); экран: без экрана; толщина жил: крупные (25–95 мм²); изоляция: ПВХ";188;7;программный рендер;photos/F00727.webp
F00728;3;728;Кабель и провод;"Кабель круглый; 8-12 жил; жилы тонкие (до 2,5 мм²); жила: медь; изоляция резина; оболочка резина";кабель круглый;"жилы: 8-12; металл: медь; броня: без брони; оболочка: резина; экран: без экрана; толщина жил: тонкие (до 2,5 мм²); изоляция: резина";188;12;генерация;photos/F00728.webp
F00729;3;729;Строительное оборудование;Подъемник ножничный;подъемник ножничный;;188;8;генерация;photos/F00729.webp
F00730;3;730;Монтажные изделия для кабеля;Гильза концевая;гильза концевая;;188;11;генерация;photos/F00730.webp
F00731;3;731;Монтажные изделия для кабеля;Инструмент;инструмент;;188;5;генерация;photos/F00731.webp
F00732;3;732;Монтажные изделия для кабеля;Соединитель;соединитель;;187;7;генерация;photos/F00732.webp
F00733;3;733;Складское оборудование;Таль цепная;таль цепная;;187;26;генерация;photos/F00733.webp
F00734;3;734;Кабель и провод;"Кабель круглый; 1 жила; жилы тонкие (до 2,5 мм²); жила: медь; изоляция ПВХ; оболочка ПВХ, цвет синий";кабель круглый;"жилы: 1; металл: медь; броня: без брони; оболочка: ПВХ; экран: без экрана; толщина жил: тонкие (до 2,5 мм²); изоляция: ПВХ; цвет: синий";186;4;программный рендер;photos/F00734.webp
F00735;3;735;Кабель и провод;"Кабель круглый; 49+ жил; жилы тонкие (до 2,5 мм²); жила: медь; изоляция полиэтилен; оболочка ПВХ";кабель круглый;"жилы: 49+; металл: медь; броня: без брони; оболочка: ПВХ; экран: без экрана; толщина жил: тонкие (до 2,5 мм²); изоляция: полиэтилен";186;12;генерация;photos/F00735.webp
F00736;3;736;Кабель и провод;"Провод одножильный; 1 жила; жилы средние (4–16 мм²); жила: медь; изоляция ПВХ; оболочка ПВХ";провод одножильный;"жилы: 1; металл: медь; броня: без брони; оболочка: ПВХ; экран: без экрана; толщина жил: средние (4–16 мм²); изоляция: ПВХ";186;16;программный рендер;photos/F00736.webp
F00737;3;737;Строительное оборудование;Виброплита;виброплита;;185;12;генерация;photos/F00737.webp
F00738;3;738;Монтажные изделия для кабеля;Изделия раздела «Монтажные изделия для кабеля»;изделия раздела «Монтажные изделия для кабеля»;;185;1;генерация;photos/F00738.webp
F00739;3;739;Кабель и провод;"Оптический; жила: оптическое волокно; изоляция ПВХ; оболочка безгалогенная (LSZH)";оптический;"жилы: —; металл: оптическое волокно; броня: без брони; оболочка: безгалогенная (LSZH); экран: без экрана; толщина жил: —; изоляция: ПВХ";184;3;генерация;photos/F00739.webp
F00740;3;740;Кабель и провод;"Термопарный; 8-12 жил; жилы тонкие (до 2,5 мм²); жила: медь; изоляция ПВХ; оболочка ПВХ; экран (оплетка/фольга видна на срезе)";термопарный;"жилы: 8-12; металл: медь; броня: без брони; оболочка: ПВХ; экран: экран; толщина жил: тонкие (до 2,5 мм²); изоляция: ПВХ";184;15;генерация;photos/F00740.webp
F00741;3;741;Кабель и провод;"Кабель круглый; 6-7 жил; жилы тонкие (до 2,5 мм²); жила: медь; изоляция силикон; оболочка безгалогенная (LSZH)";кабель круглый;"жилы: 6-7; металл: медь; броня: без брони; оболочка: безгалогенная (LSZH); экран: без экрана; толщина жил: тонкие (до 2,5 мм²); изоляция: силикон";183;8;генерация;photos/F00741.webp
F00742;3;742;Трубопроводная арматура;Фланец плоский;фланец плоский;;183;10;генерация;photos/F00742.webp
F00743;3;743;Кабель и провод;"Кабель круглый; 2 жил; жилы крупные (25–95 мм²); жила: медь; изоляция ПВХ; оболочка безгалогенная (LSZH)";кабель круглый;"жилы: 2; металл: медь; броня: без брони; оболочка: безгалогенная (LSZH); экран: без экрана; толщина жил: крупные (25–95 мм²); изоляция: ПВХ";182;6;программный рендер;photos/F00743.webp
F00744;3;744;Кабель и провод;"Провод одножильный; 1 жила; жилы крупные (25–95 мм²); жила: медь; изоляция ПВХ";провод одножильный;"жилы: 1; металл: медь; броня: без брони; оболочка: нет (только изоляция); экран: без экрана; толщина жил: крупные (25–95 мм²); изоляция: ПВХ";182;11;программный рендер;photos/F00744.webp
F00745;3;745;Низковольтное оборудование;Выключатель дифференциального;выключатель дифференциального;;182;15;генерация;photos/F00745.webp
F00746;3;746;Низковольтное оборудование;Перемычка;перемычка;;182;11;генерация;photos/F00746.webp
F00747;3;747;Станки и оборудование;Патрон цанговый;патрон цанговый;;182;4;генерация;photos/F00747.webp
F00748;3;748;Кабель и провод;"Кабель круглый; 13-24 жил; жилы тонкие (до 2,5 мм²); жила: медь; изоляция ПВХ; оболочка полиэтилен; броня ленточная";кабель круглый;"жилы: 13-24; металл: медь; броня: броня ленточная; оболочка: полиэтилен; экран: без экрана; толщина жил: тонкие (до 2,5 мм²); изоляция: ПВХ";181;11;генерация;photos/F00748.webp
F00749;3;749;Кабель и провод;"Кабель круглый; 8-12 жил; жилы тонкие (до 2,5 мм²); жила: медь; изоляция ПВХ; оболочка ПВХ; броня проволочная; экран (оплетка/фольга видна на срезе)";кабель круглый;"жилы: 8-12; металл: медь; броня: броня проволочная; оболочка: ПВХ; экран: экран; толщина жил: тонкие (до 2,5 мм²); изоляция: ПВХ";181;9;генерация;photos/F00749.webp
F00750;3;750;Трубопроводная арматура;Задвижка клиновая;задвижка клиновая;;181;18;генерация;photos/F00750.webp
F00751;3;751;Лотки и кабеленесущие системы;"Ответвитель; горизонтальный";ответвитель;признаки: горизонтальный;181;24;генерация;photos/F00751.webp
F00752;3;752;Кабель и провод;"Кабель круглый; 13-24 жил; жилы крупные (25–95 мм²); жила: медь; изоляция ПВХ; оболочка ПВХ";кабель круглый;"жилы: 13-24; металл: медь; броня: без брони; оболочка: ПВХ; экран: без экрана; толщина жил: крупные (25–95 мм²); изоляция: ПВХ";180;13;генерация;photos/F00752.webp
F00753;3;753;Кабель и провод;"Термопарный; 13-24 жил; жилы тонкие (до 2,5 мм²); жила: сплав; изоляция ПВХ; оболочка ПВХ; экран (оплетка/фольга видна на срезе)";термопарный;"жилы: 13-24; металл: сплав; броня: без брони; оболочка: ПВХ; экран: экран; толщина жил: тонкие (до 2,5 мм²); изоляция: ПВХ";180;13;генерация;photos/F00753.webp
F00754;3;754;Кабель и провод;"Кабель круглый; 2 жил; жилы тонкие (до 2,5 мм²); жила: медь; изоляция ПВХ; оболочка ПВХ, цвет черный";кабель круглый;"жилы: 2; металл: медь; броня: без брони; оболочка: ПВХ; экран: без экрана; толщина жил: тонкие (до 2,5 мм²); изоляция: ПВХ; цвет: черный";179;4;программный рендер;photos/F00754.webp
F00755;3;755;Светильники;"Светильник; линейный";светильник;признаки: линейный;179;13;генерация;photos/F00755.webp
F00756;3;756;Кабель и провод;"Кабель круглый; 3 жил; жилы очень крупные (120+ мм²); жила: медь; изоляция бумага; оболочка свинец; броня ленточная";кабель круглый;"жилы: 3; металл: медь; броня: броня ленточная; оболочка: свинец; экран: без экрана; толщина жил: очень крупные (120+ мм²); изоляция: бумага";178;3;генерация;photos/F00756.webp
F00757;3;757;Кабель и провод;"Кабель круглый; 4 жил; жилы средние (4–16 мм²); жила: медь; изоляция ПВХ; оболочка полиуретан";кабель круглый;"жилы: 4; металл: медь; броня: без брони; оболочка: полиуретан; экран: без экрана; толщина жил: средние (4–16 мм²); изоляция: ПВХ";178;11;программный рендер;photos/F00757.webp
F00758;3;758;Кабель и провод;"Провод многожильный (круглый); 3 жил; жилы тонкие (до 2,5 мм²); жила: медь; изоляция ПВХ; оболочка ПВХ";провод многожильный (круглый);"жилы: 3; металл: медь; броня: без брони; оболочка: ПВХ; экран: без экрана; толщина жил: тонкие (до 2,5 мм²); изоляция: ПВХ";178;13;программный рендер;photos/F00758.webp
F00759;3;759;Кабель и провод;"Провод одножильный; 1 жила; жилы очень крупные (120+ мм²); жила: медь; изоляция ПВХ; цвет изоляции желтый";провод одножильный;"жилы: 1; металл: медь; броня: без брони; оболочка: нет (только изоляция); экран: без экрана; толщина жил: очень крупные (120+ мм²); изоляция: ПВХ; цвет: желтый";178;6;программный рендер;photos/F00759.webp
F00760;3;760;Кабель и провод;"Кабель круглый; 1 жила; жилы средние (4–16 мм²); жила: медь; изоляция сшитый ПЭ; оболочка ПВХ";кабель круглый;"жилы: 1; металл: медь; броня: без брони; оболочка: ПВХ; экран: без экрана; толщина жил: средние (4–16 мм²); изоляция: сшитый ПЭ";177;5;программный рендер;photos/F00760.webp
F00761;3;761;Кабель и провод;"Кабель круглый; 3 жил; жилы крупные (25–95 мм²); жила: медь; изоляция ПВХ; оболочка ПВХ, цвет черный";кабель круглый;"жилы: 3; металл: медь; броня: без брони; оболочка: ПВХ; экран: без экрана; толщина жил: крупные (25–95 мм²); изоляция: ПВХ; цвет: черный";177;9;программный рендер;photos/F00761.webp
F00762;3;762;Насосы;Насос колодезный;насос колодезный;;177;10;генерация;photos/F00762.webp
F00763;3;763;Кабель и провод;"Кабель круглый; 4 жил; жилы очень крупные (120+ мм²); жила: медь; изоляция резина; оболочка резина";кабель круглый;"жилы: 4; металл: медь; броня: без брони; оболочка: резина; экран: без экрана; толщина жил: очень крупные (120+ мм²); изоляция: резина";176;13;программный рендер;photos/F00763.webp
F00764;3;764;Кабель и провод;"Термопарный; 6-7 жил; жилы тонкие (до 2,5 мм²); жила: термопарный сплав; изоляция ПВХ; оболочка ПВХ; экран (оплетка/фольга видна на срезе)";термопарный;"жилы: 6-7; металл: термопарный сплав; броня: без брони; оболочка: ПВХ; экран: экран; толщина жил: тонкие (до 2,5 мм²); изоляция: ПВХ";176;9;генерация;photos/F00764.webp
F00765;3;765;Станки и оборудование;Полотно;полотно;;176;2;генерация;photos/F00765.webp
F00766;3;766;Кабель и провод;"Термопарный; 4 жил; жилы тонкие (до 2,5 мм²); жила: термопарный сплав; изоляция ПВХ; оболочка ПВХ; экран (оплетка/фольга видна на срезе)";термопарный;"жилы: 4; металл: термопарный сплав; броня: без брони; оболочка: ПВХ; экран: экран; толщина жил: тонкие (до 2,5 мм²); изоляция: ПВХ";175;9;генерация;photos/F00766.webp
F00767;3;767;Кабель и провод;"Кабель круглый; 6-7 жил; жилы тонкие (до 2,5 мм²); жила: медь; изоляция ПВХ; оболочка ПВХ; броня ленточная; экран (оплетка/фольга видна на срезе)";кабель круглый;"жилы: 6-7; металл: медь; броня: броня ленточная; оболочка: ПВХ; экран: экран; толщина жил: тонкие (до 2,5 мм²); изоляция: ПВХ";174;5;генерация;photos/F00767.webp
F00768;3;768;Кабель и провод;"Нагревательный; 2 жил; жила: медь; изоляция фторопласт; оболочка ПВХ";нагревательный;"жилы: 2; металл: медь; броня: без брони; оболочка: ПВХ; экран: без экрана; толщина жил: не определено; изоляция: фторопласт";174;5;генерация;photos/F00768.webp
F00769;3;769;Строительное оборудование;Вибратор глубинный;вибратор глубинный;;174;9;генерация;photos/F00769.webp
F00770;3;770;Низковольтное оборудование;"Преобразователь; до 4 кВт";преобразователь;признаки: до 4 кВт;174;9;генерация;photos/F00770.webp
F00771;3;771;Монтажные изделия для кабеля;Наконечник кабельный;наконечник кабельный;;174;2;генерация;photos/F00771.webp
F00772;3;772;Складское оборудование;Пульт;пульт;;174;8;генерация;photos/F00772.webp
F00773;3;773;Кабель и провод;"Кабель круглый; 3 жил; жилы тонкие (до 2,5 мм²); жила: медь; изоляция резина; оболочка ПВХ";кабель круглый;"жилы: 3; металл: медь; броня: без брони; оболочка: ПВХ; экран: без экрана; толщина жил: тонкие (до 2,5 мм²); изоляция: резина";173;4;программный рендер;photos/F00773.webp
F00774;3;774;Кабель и провод;"Провод одножильный; 1 жила; жилы тонкие (до 2,5 мм²); жила: медь; изоляция ПВХ";провод одножильный;"жилы: 1; металл: медь; броня: без брони; оболочка: нет (только изоляция); экран: без экрана; толщина жил: тонкие (до 2,5 мм²); изоляция: ПВХ";173;5;программный рендер;photos/F00774.webp
F00775;3;775;Станки и оборудование;Диск пильный;диск пильный;;173;3;генерация;photos/F00775.webp
F00776;3;776;Станки и оборудование;Фреза сферическая;фреза сферическая;;173;2;генерация;photos/F00776.webp
F00777;3;777;Кабель и провод;"Кабель круглый; 2 жил; жилы средние (4–16 мм²); жила: алюминий; изоляция ПВХ; оболочка ПВХ";кабель круглый;"жилы: 2; металл: алюминий; броня: без брони; оболочка: ПВХ; экран: без экрана; толщина жил: средние (4–16 мм²); изоляция: ПВХ";172;4;программный рендер;photos/F00777.webp
F00778;3;778;Насосы;Насос;насос;;172;22;генерация;photos/F00778.webp
F00779;3;779;Кабель и провод;"Кабель круглый; 1 жила; жилы тонкие (до 2,5 мм²); жила: медь; изоляция ПВХ; оболочка безгалогенная (LSZH); экран (оплетка/фольга видна на срезе)";кабель круглый;"жилы: 1; металл: медь; броня: без брони; оболочка: безгалогенная (LSZH); экран: экран; толщина жил: тонкие (до 2,5 мм²); изоляция: ПВХ";171;5;генерация;photos/F00779.webp
F00780;3;780;Кабель и провод;"Кабель круглый; 5 жил; жилы тонкие (до 2,5 мм²); жила: медь; изоляция ПВХ; оболочка ПВХ, цвет черный";кабель круглый;"жилы: 5; металл: медь; броня: без брони; оболочка: ПВХ; экран: без экрана; толщина жил: тонкие (до 2,5 мм²); изоляция: ПВХ; цвет: черный";171;7;программный рендер;photos/F00780.webp
F00781;3;781;Кабель и провод;"Кабель круглый; 5 жил; жилы очень крупные (120+ мм²); жила: медь; изоляция ПВХ; оболочка ПВХ; броня ленточная";кабель круглый;"жилы: 5; металл: медь; броня: броня ленточная; оболочка: ПВХ; экран: без экрана; толщина жил: очень крупные (120+ мм²); изоляция: ПВХ";171;10;генерация;photos/F00781.webp
F00782;3;782;Кабель и провод;"Кабель круглый; 3 жил; жилы крупные (25–95 мм²); жила: медь; изоляция бумага; оболочка свинец; оплетка текстильная";кабель круглый;"жилы: 3; металл: медь; броня: оплетка текстильная; оболочка: свинец; экран: без экрана; толщина жил: крупные (25–95 мм²); изоляция: бумага";170;3;генерация;photos/F00782.webp
F00783;3;783;Монтажные изделия для кабеля;Муфта;муфта;;170;4;генерация;photos/F00783.webp
F00784;3;784;Кабель и провод;"Кабель круглый; 4 жил; жилы крупные (25–95 мм²); жила: алюминий; изоляция сшитый ПЭ; оболочка ПВХ";кабель круглый;"жилы: 4; металл: алюминий; броня: без брони; оболочка: ПВХ; экран: без экрана; толщина жил: крупные (25–95 мм²); изоляция: сшитый ПЭ";169;6;программный рендер;photos/F00784.webp
F00785;3;785;Кабель и провод;"Кабель круглый; 4 жил; жилы тонкие (до 2,5 мм²); жила: медь; изоляция ПВХ; оболочка ПВХ, цвет серый";кабель круглый;"жилы: 4; металл: медь; броня: без брони; оболочка: ПВХ; экран: без экрана; толщина жил: тонкие (до 2,5 мм²); изоляция: ПВХ; цвет: серый";169;7;программный рендер;photos/F00785.webp
F00786;3;786;Строительное оборудование;Круг алмазный;круг алмазный;;169;6;генерация;photos/F00786.webp
F00787;3;787;Станки и оборудование;Оправка;оправка;;169;6;генерация;photos/F00787.webp
F00788;3;788;Кабель и провод;"Кабель круглый; 3 жил; жилы очень крупные (120+ мм²); жила: алюминий; изоляция бумага; оболочка свинец; оплетка текстильная";кабель круглый;"жилы: 3; металл: алюминий; броня: оплетка текстильная; оболочка: свинец; экран: без экрана; толщина жил: очень крупные (120+ мм²); изоляция: бумага";168;5;генерация;photos/F00788.webp
F00789;3;789;Кабель и провод;"Кабель круглый; 5 жил; жилы крупные (25–95 мм²); жила: алюминий; изоляция ПВХ; оболочка ПВХ";кабель круглый;"жилы: 5; металл: алюминий; броня: без брони; оболочка: ПВХ; экран: без экрана; толщина жил: крупные (25–95 мм²); изоляция: ПВХ";168;7;программный рендер;photos/F00789.webp
F00790;3;790;Светильники;Люстра подвесная;люстра подвесная;;168;10;генерация;photos/F00790.webp
F00791;3;791;Станки и оборудование;Сверло твердосплавное;сверло твердосплавное;;168;2;генерация;photos/F00791.webp
F00792;3;792;Станки и оборудование;Фреза шпоночная;фреза шпоночная;;168;7;генерация;photos/F00792.webp
F00793;3;793;Кабель и провод;"Кабель круглый; 2 жил; жилы тонкие (до 2,5 мм²); жила: медь; изоляция резина; оболочка ПВХ";кабель круглый;"жилы: 2; металл: медь; броня: без брони; оболочка: ПВХ; экран: без экрана; толщина жил: тонкие (до 2,5 мм²); изоляция: резина";167;3;программный рендер;photos/F00793.webp
F00794;3;794;Кабель и провод;"Кабель круглый; 25-48 жил; жилы тонкие (до 2,5 мм²); жила: медь; изоляция ПВХ; оболочка полиэтилен; экран (оплетка/фольга видна на срезе)";кабель круглый;"жилы: 25-48; металл: медь; броня: без брони; оболочка: полиэтилен; экран: экран; толщина жил: тонкие (до 2,5 мм²); изоляция: ПВХ";166;14;генерация;photos/F00794.webp
F00795;3;795;Кабель и провод;"Кабель круглый; 4 жил; жилы очень крупные (120+ мм²); жила: алюминий; изоляция ПВХ; оболочка ПВХ; броня ленточная";кабель круглый;"жилы: 4; металл: алюминий; броня: броня ленточная; оболочка: ПВХ; экран: без экрана; толщина жил: очень крупные (120+ мм²); изоляция: ПВХ";166;12;генерация;photos/F00795.webp
F00796;3;796;Кабель и провод;"Кабель круглый; 6-7 жил; жилы тонкие (до 2,5 мм²); жила: медь; изоляция силикон; оболочка ПВХ; экран (оплетка/фольга видна на срезе)";кабель круглый;"жилы: 6-7; металл: медь; броня: без брони; оболочка: ПВХ; экран: экран; толщина жил: тонкие (до 2,5 мм²); изоляция: силикон";166;9;генерация;photos/F00796.webp
F00797;3;797;Станки и оборудование;Патрон;патрон;;166;7;генерация;photos/F00797.webp
F00798;3;798;Кабель и провод;"Кабель круглый; 4 жил; жилы крупные (25–95 мм²); жила: медь; изоляция ПВХ; оболочка безгалогенная (LSZH); экран (оплетка/фольга видна на срезе)";кабель круглый;"жилы: 4; металл: медь; броня: без брони; оболочка: безгалогенная (LSZH); экран: экран; толщина жил: крупные (25–95 мм²); изоляция: ПВХ";164;8;генерация;photos/F00798.webp
F00799;3;799;Светильники;Люстра потолочная;люстра потолочная;;164;8;генерация;photos/F00799.webp
F00800;3;800;Трубопроводная арматура;Задвижка чугунная;задвижка чугунная;;164;13;генерация;photos/F00800.webp
F00801;3;801;Кабель и провод;"Кабель круглый; 4 жил; жилы средние (4–16 мм²); жила: медь; изоляция резина; оболочка ПВХ";кабель круглый;"жилы: 4; металл: медь; броня: без брони; оболочка: ПВХ; экран: без экрана; толщина жил: средние (4–16 мм²); изоляция: резина";163;4;программный рендер;photos/F00801.webp
F00802;3;802;Кабель и провод;"Коаксиальный; жила: медь; изоляция полиэтилен; оболочка ПВХ";коаксиальный;"жилы: —; металл: медь; броня: без брони; оболочка: ПВХ; экран: без экрана; толщина жил: —; изоляция: полиэтилен";163;2;генерация;photos/F00802.webp
F00803;3;803;Станки и оборудование;Втулка переходная;втулка переходная;;163;4;генерация;photos/F00803.webp
F00804;3;804;Навесное оборудование;Ковш скальный;ковш скальный;;162;1;генерация;photos/F00804.webp
F00805;3;805;Кабель и провод;"Кабель круглый; 4 жил; жилы крупные (25–95 мм²); жила: алюминий; изоляция бумага; оболочка свинец";кабель круглый;"жилы: 4; металл: алюминий; броня: без брони; оболочка: свинец; экран: без экрана; толщина жил: крупные (25–95 мм²); изоляция: бумага";162;6;программный рендер;photos/F00805.webp
F00806;3;806;Кабель и провод;"Кабель круглый; 6-7 жил; жилы тонкие (до 2,5 мм²); жила: медь; изоляция ПВХ; оболочка ПВХ, цвет черный";кабель круглый;"жилы: 6-7; металл: медь; броня: без брони; оболочка: ПВХ; экран: без экрана; толщина жил: тонкие (до 2,5 мм²); изоляция: ПВХ; цвет: черный";162;10;генерация;photos/F00806.webp
F00807;3;807;Низковольтное оборудование;Источник;источник;;162;7;генерация;photos/F00807.webp
F00808;3;808;Складское оборудование;Штабелер электрический;штабелер электрический;;162;16;генерация;photos/F00808.webp
F00809;3;809;Кабель и провод;"Кабель круглый; 25-48 жил; жилы крупные (25–95 мм²); жила: медь; изоляция ПВХ; оболочка ПВХ";кабель круглый;"жилы: 25-48; металл: медь; броня: без брони; оболочка: ПВХ; экран: без экрана; толщина жил: крупные (25–95 мм²); изоляция: ПВХ";161;12;генерация;photos/F00809.webp
F00810;3;810;Кабель и провод;"Кабель круглый; 2 жил; жилы тонкие (до 2,5 мм²); жила: медь; изоляция резина; оболочка резина";кабель круглый;"жилы: 2; металл: медь; броня: без брони; оболочка: резина; экран: без экрана; толщина жил: тонкие (до 2,5 мм²); изоляция: резина";161;5;программный рендер;photos/F00810.webp
F00811;3;811;Лотки и кабеленесущие системы;Соединитель;соединитель;;161;19;генерация;photos/F00811.webp
F00812;3;812;Ремни;"Ремень; поликлиновой PL; до 6 ручьев";ремень;признаки: поликлиновой PL · до 6 ручьев;160;9;генерация;photos/F00812.webp
F00813;3;813;Кабель и провод;"Кабель круглый; 2 жил; жилы средние (4–16 мм²); жила: медь; изоляция сшитый ПЭ; оболочка ПВХ";кабель круглый;"жилы: 2; металл: медь; броня: без брони; оболочка: ПВХ; экран: без экрана; толщина жил: средние (4–16 мм²); изоляция: сшитый ПЭ";160;6;программный рендер;photos/F00813.webp
F00814;3;814;Кабель и провод;"Кабель круглый; 4 жил; жилы тонкие (до 2,5 мм²); жила: медь; изоляция ПВХ; оболочка полиэтилен";кабель круглый;"жилы: 4; металл: медь; броня: без брони; оболочка: полиэтилен; экран: без экрана; толщина жил: тонкие (до 2,5 мм²); изоляция: ПВХ";160;5;программный рендер;photos/F00814.webp
F00815;3;815;Кабель и провод;"Провод одножильный; 1 жила; жилы тонкие (до 2,5 мм²); жила: медь; изоляция ПВХ; оболочка ПВХ; экран (оплетка/фольга видна на срезе)";провод одножильный;"жилы: 1; металл: медь; броня: без брони; оболочка: ПВХ; экран: экран; толщина жил: тонкие (до 2,5 мм²); изоляция: ПВХ";160;16;генерация;photos/F00815.webp
F00816;3;816;Низковольтное оборудование;"Шкаф навесной; металлический; навесной";шкаф навесной;признаки: металлический · навесной;160;3;генерация;photos/F00816.webp
F00817;3;817;Станки и оборудование;Микрорезец;микрорезец;;160;1;генерация;photos/F00817.webp
F00818;3;818;Станки и оборудование;Набор;набор;;160;10;генерация;photos/F00818.webp
F00819;3;819;Лотки и кабеленесущие системы;"Т-отвод вертикальный; вертикальный";т-отвод вертикальный;признаки: вертикальный;160;20;генерация;photos/F00819.webp
F00820;3;820;Кабель и провод;"Кабель круглый; 1 жила; жилы тонкие (до 2,5 мм²); жила: медь; изоляция ПВХ; оболочка ПВХ, цвет белый";кабель круглый;"жилы: 1; металл: медь; броня: без брони; оболочка: ПВХ; экран: без экрана; толщина жил: тонкие (до 2,5 мм²); изоляция: ПВХ; цвет: белый";159;4;программный рендер;photos/F00820.webp
F00821;3;821;Кабель и провод;"Кабель круглый; 1 жила; жилы очень крупные (120+ мм²); жила: медь; изоляция резина; оболочка резина";кабель круглый;"жилы: 1; металл: медь; броня: без брони; оболочка: резина; экран: без экрана; толщина жил: очень крупные (120+ мм²); изоляция: резина";159;7;программный рендер;photos/F00821.webp
F00822;3;822;Кабель и провод;"Кабель круглый; 1 жила; жилы тонкие (до 2,5 мм²); жила: медь; изоляция ПВХ; оболочка ПВХ, цвет красный";кабель круглый;"жилы: 1; металл: медь; броня: без брони; оболочка: ПВХ; экран: без экрана; толщина жил: тонкие (до 2,5 мм²); изоляция: ПВХ; цвет: красный";158;4;программный рендер;photos/F00822.webp
F00823;3;823;Кабель и провод;"Кабель круглый; 6-7 жил; жилы тонкие (до 2,5 мм²); жила: медь; изоляция ПВХ; оболочка ПВХ, цвет серый";кабель круглый;"жилы: 6-7; металл: медь; броня: без брони; оболочка: ПВХ; экран: без экрана; толщина жил: тонкие (до 2,5 мм²); изоляция: ПВХ; цвет: серый";158;11;генерация;photos/F00823.webp
F00824;3;824;Низковольтное оборудование;Клемма;клемма;;158;16;генерация;photos/F00824.webp
F00825;3;825;Низковольтное оборудование;"Реле; на DIN-рейку";реле;признаки: на DIN-рейку;158;6;генерация;photos/F00825.webp
F00826;3;826;Низковольтное оборудование;Розетка кабельная;розетка кабельная;;158;14;генерация;photos/F00826.webp
F00827;3;827;Кабель и провод;"Провод одножильный; 1 жила; жилы средние (4–16 мм²); жила: медь; изоляция ПВХ";провод одножильный;"жилы: 1; металл: медь; броня: без брони; оболочка: нет (только изоляция); экран: без экрана; толщина жил: средние (4–16 мм²); изоляция: ПВХ";157;11;программный рендер;photos/F00827.webp
F00828;3;828;Монтажные изделия для кабеля;Ярлык;ярлык;;157;1;генерация;photos/F00828.webp
F00829;3;829;Ремни;"Ремень; поликлиновой PH; больше 12 ручьев";ремень;признаки: поликлиновой PH · больше 12 ручьев;156;8;генерация;photos/F00829.webp
F00830;3;830;Кабель и провод;"Кабель круглый; 2 жил; жилы средние (4–16 мм²); жила: медь; изоляция резина; оболочка резина";кабель круглый;"жилы: 2; металл: медь; броня: без брони; оболочка: резина; экран: без экрана; толщина жил: средние (4–16 мм²); изоляция: резина";156;5;программный рендер;photos/F00830.webp
F00831;3;831;Кабель и провод;"Кабель круглый; 8-12 жил; жилы средние (4–16 мм²); жила: медь; изоляция ПВХ; оболочка ПВХ; броня ленточная";кабель круглый;"жилы: 8-12; металл: медь; броня: броня ленточная; оболочка: ПВХ; экран: без экрана; толщина жил: средние (4–16 мм²); изоляция: ПВХ";156;5;генерация;photos/F00831.webp
F00832;3;832;Станки и оборудование;Станок заточной;станок заточной;;156;8;генерация;photos/F00832.webp
F00833;3;833;Кабель и провод;"Кабель круглый; 1 жила; жилы крупные (25–95 мм²); жила: алюминий; изоляция ПВХ; оболочка ПВХ";кабель круглый;"жилы: 1; металл: алюминий; броня: без брони; оболочка: ПВХ; экран: без экрана; толщина жил: крупные (25–95 мм²); изоляция: ПВХ";155;7;программный рендер;photos/F00833.webp
F00834;3;834;Кабель и провод;"Кабель круглый; 1 жила; жилы тонкие (до 2,5 мм²); жила: медь; изоляция ПВХ; оболочка ПВХ, цвет зеленый";кабель круглый;"жилы: 1; металл: медь; броня: без брони; оболочка: ПВХ; экран: без экрана; толщина жил: тонкие (до 2,5 мм²); изоляция: ПВХ; цвет: зеленый";155;4;программный рендер;photos/F00834.webp
F00835;3;835;Кабель и провод;"Кабель круглый; 2 жил; жилы крупные (25–95 мм²); жила: алюминий; изоляция ПВХ; оболочка ПВХ";кабель круглый;"жилы: 2; металл: алюминий; броня: без брони; оболочка: ПВХ; экран: без экрана; толщина жил: крупные (25–95 мм²); изоляция: ПВХ";155;5;программный рендер;photos/F00835.webp
F00836;3;836;Кабель и провод;"Кабель круглый; 3 жил; жилы крупные (25–95 мм²); жила: алюминий; изоляция бумага; оболочка алюминий; оплетка текстильная";кабель круглый;"жилы: 3; металл: алюминий; броня: оплетка текстильная; оболочка: алюминий; экран: без экрана; толщина жил: крупные (25–95 мм²); изоляция: бумага";155;3;генерация;photos/F00836.webp
F00837;3;837;Кабель и провод;"Кабель круглый; 3 жил; жилы очень крупные (120+ мм²); жила: медь; изоляция ПВХ; оболочка безгалогенная (LSZH)";кабель круглый;"жилы: 3; металл: медь; броня: без брони; оболочка: безгалогенная (LSZH); экран: без экрана; толщина жил: очень крупные (120+ мм²); изоляция: ПВХ";155;6;программный рендер;photos/F00837.webp
F00838;3;838;Кабель и провод;"Кабель круглый; 4 жил; жилы средние (4–16 мм²); жила: медь; изоляция резина; оболочка резина; экран (оплетка/фольга видна на срезе)";кабель круглый;"жилы: 4; металл: медь; броня: без брони; оболочка: резина; экран: экран; толщина жил: средние (4–16 мм²); изоляция: резина";155;5;генерация;photos/F00838.webp
F00839;3;839;Низковольтное оборудование;Счетчик;счетчик;;155;9;генерация;photos/F00839.webp
F00840;3;840;Кабель и провод;"Кабель круглый; 1 жила; жилы тонкие (до 2,5 мм²); жила: медь; изоляция ПВХ; оболочка ПВХ, цвет серый";кабель круглый;"жилы: 1; металл: медь; броня: без брони; оболочка: ПВХ; экран: без экрана; толщина жил: тонкие (до 2,5 мм²); изоляция: ПВХ; цвет: серый";154;4;программный рендер;photos/F00840.webp
F00841;3;841;Кабель и провод;"Кабель круглый; 4 жил; жилы очень крупные (120+ мм²); жила: медь; изоляция ПВХ; оболочка ПВХ; экран (оплетка/фольга видна на срезе)";кабель круглый;"жилы: 4; металл: медь; броня: без брони; оболочка: ПВХ; экран: экран; толщина жил: очень крупные (120+ мм²); изоляция: ПВХ";154;12;генерация;photos/F00841.webp
F00842;3;842;Кабель и провод;"Кабель круглый; 4 жил; жилы крупные (25–95 мм²); жила: медь; изоляция сшитый ПЭ; оболочка ПВХ; броня ленточная";кабель круглый;"жилы: 4; металл: медь; броня: броня ленточная; оболочка: ПВХ; экран: без экрана; толщина жил: крупные (25–95 мм²); изоляция: сшитый ПЭ";154;7;генерация;photos/F00842.webp
F00843;3;843;Насосы;Насос вихревой;насос вихревой;;154;17;генерация;photos/F00843.webp
F00844;3;844;Кабель и провод;"Кабель круглый; 25-48 жил; жилы тонкие (до 2,5 мм²); жила: медь; изоляция ПВХ; оболочка резина";кабель круглый;"жилы: 25-48; металл: медь; броня: без брони; оболочка: резина; экран: без экрана; толщина жил: тонкие (до 2,5 мм²); изоляция: ПВХ";153;16;генерация;photos/F00844.webp
F00845;3;845;Кабель и провод;"Кабель круглый; 3 жил; жилы очень крупные (120+ мм²); жила: медь; изоляция ПВХ; оболочка ПВХ; экран (оплетка/фольга видна на срезе)";кабель круглый;"жилы: 3; металл: медь; броня: без брони; оболочка: ПВХ; экран: экран; толщина жил: очень крупные (120+ мм²); изоляция: ПВХ";153;8;генерация;photos/F00845.webp
F00846;3;846;Кабель и провод;"Кабель круглый; 4 жил; жилы средние (4–16 мм²); жила: медь; изоляция ПВХ; оболочка безгалогенная (LSZH); экран (оплетка/фольга видна на срезе)";кабель круглый;"жилы: 4; металл: медь; броня: без брони; оболочка: безгалогенная (LSZH); экран: экран; толщина жил: средние (4–16 мм²); изоляция: ПВХ";153;8;генерация;photos/F00846.webp
F00847;3;847;Кабель и провод;"Кабель круглый; 4 жил; жилы средние (4–16 мм²); жила: медь; изоляция ПВХ; оболочка ПВХ; броня ленточная; экран (оплетка/фольга видна на срезе)";кабель круглый;"жилы: 4; металл: медь; броня: броня ленточная; оболочка: ПВХ; экран: экран; толщина жил: средние (4–16 мм²); изоляция: ПВХ";153;4;генерация;photos/F00847.webp
F00848;3;848;Цепи;Цепь транспортерная;цепь транспортерная;;153;5;генерация;photos/F00848.webp
F00849;3;849;Светильники;Панель;панель;;153;2;генерация;photos/F00849.webp
F00850;3;850;Низковольтное оборудование;Колодка клеммная;колодка клеммная;;153;19;генерация;photos/F00850.webp
F00851;3;851;Станки и оборудование;Метчик;метчик;;153;7;генерация;photos/F00851.webp
F00852;3;852;Инструмент;Измеритель;измеритель;;152;3;генерация;photos/F00852.webp
F00853;3;853;Станки и оборудование;Комплект;комплект;;152;11;генерация;photos/F00853.webp
F00854;3;854;Лотки и кабеленесущие системы;"Соединитель угловой; внешний";соединитель угловой;признаки: внешний;152;25;генерация;photos/F00854.webp
F00855;3;855;Лотки и кабеленесущие системы;"Соединитель угловой; внутренний";соединитель угловой;признаки: внутренний;152;25;генерация;photos/F00855.webp
F00856;3;856;Навесное оборудование;Ковш траншейный;ковш траншейный;;151;3;генерация;photos/F00856.webp
F00857;3;857;Кабель и провод;"СИП (самонесущий изолированный); 4 жил; жилы крупные (25–95 мм²); жила: алюминий; изоляция сшитый ПЭ; оболочка ПВХ";СИП (самонесущий изолированный);"жилы: 4; металл: алюминий; броня: без брони; оболочка: ПВХ; экран: без экрана; толщина жил: крупные (25–95 мм²); изоляция: сшитый ПЭ";151;9;генерация;photos/F00857.webp
F00858;3;858;Кабель и провод;"Кабель круглый; 1 жила; жила: медь; изоляция резина; оболочка ПВХ";кабель круглый;"жилы: 1; металл: медь; броня: без брони; оболочка: ПВХ; экран: без экрана; толщина жил: не определено; изоляция: резина";151;1;программный рендер;photos/F00858.webp
F00859;3;859;Кабель и провод;"Кабель круглый; 2 жил; жилы крупные (25–95 мм²); жила: медь; изоляция резина; оболочка ПВХ";кабель круглый;"жилы: 2; металл: медь; броня: без брони; оболочка: ПВХ; экран: без экрана; толщина жил: крупные (25–95 мм²); изоляция: резина";151;3;программный рендер;photos/F00859.webp
F00860;3;860;Высоковольтное оборудование;Ограничитель;ограничитель;;151;2;генерация;photos/F00860.webp
F00861;3;861;Трубопроводная арматура;Затвор поворотный;затвор поворотный;;151;16;генерация;photos/F00861.webp
F00862;3;862;Кабель и провод;"Кабель круглый; 8-12 жил; жилы тонкие (до 2,5 мм²); жила: медь; изоляция ПВХ; оболочка безгалогенная (LSZH); броня ленточная";кабель круглый;"жилы: 8-12; металл: медь; броня: броня ленточная; оболочка: безгалогенная (LSZH); экран: без экрана; толщина жил: тонкие (до 2,5 мм²); изоляция: ПВХ";150;12;генерация;photos/F00862.webp
F00863;3;863;Кабель и провод;"Провод одножильный; 1 жила; жилы тонкие (до 2,5 мм²); жила: медь; изоляция ПВХ; цвет изоляции голубой";провод одножильный;"жилы: 1; металл: медь; броня: без брони; оболочка: нет (только изоляция); экран: без экрана; толщина жил: тонкие (до 2,5 мм²); изоляция: ПВХ; цвет: голубой";150;7;программный рендер;photos/F00863.webp
F00864;3;864;Высоковольтное оборудование;Опора шинная;опора шинная;;150;2;генерация;photos/F00864.webp
F00865;3;865;Станки и оборудование;Фреза;фреза;;150;9;генерация;photos/F00865.webp
F00866;3;866;Лотки и кабеленесущие системы;Т-ответвитель;т-ответвитель;;150;22;генерация;photos/F00866.webp
F00867;3;867;Кабель и провод;"Кабель круглый; 1 жила; жилы очень крупные (120+ мм²); жила: медь; изоляция ПВХ; оболочка силикон";кабель круглый;"жилы: 1; металл: медь; броня: без брони; оболочка: силикон; экран: без экрана; толщина жил: очень крупные (120+ мм²); изоляция: ПВХ";149;3;программный рендер;photos/F00867.webp
F00868;3;868;Кабель и провод;"Кабель круглый; 4 жил; жилы тонкие (до 2,5 мм²); жила: медь; изоляция ПВХ; оболочка ПВХ; броня ленточная; экран (оплетка/фольга видна на срезе)";кабель круглый;"жилы: 4; металл: медь; броня: броня ленточная; оболочка: ПВХ; экран: экран; толщина жил: тонкие (до 2,5 мм²); изоляция: ПВХ";149;3;генерация;photos/F00868.webp
F00869;3;869;Строительное оборудование;Аппарат окрасочный;аппарат окрасочный;;149;12;генерация;photos/F00869.webp
F00870;3;870;Низковольтное оборудование;Устройство плавного;устройство плавного;;149;10;генерация;photos/F00870.webp
F00871;3;871;Кабель и провод;"Кабель круглый; 4 жил; жилы очень крупные (120+ мм²); жила: медь; изоляция ПВХ; оболочка безгалогенная (LSZH)";кабель круглый;"жилы: 4; металл: медь; броня: без брони; оболочка: безгалогенная (LSZH); экран: без экрана; толщина жил: очень крупные (120+ мм²); изоляция: ПВХ";148;8;программный рендер;photos/F00871.webp
F00872;3;872;Кабель и провод;"Кабель круглый; 8-12 жил; жилы тонкие (до 2,5 мм²); жила: медь; изоляция ПВХ; оболочка ПВХ; броня; экран (оплетка/фольга видна на срезе)";кабель круглый;"жилы: 8-12; металл: медь; броня: броня; оболочка: ПВХ; экран: экран; толщина жил: тонкие (до 2,5 мм²); изоляция: ПВХ";148;8;генерация;photos/F00872.webp
F00873;3;873;Светильники;Контроллер;контроллер;;148;8;генерация;photos/F00873.webp
F00874;3;874;Низковольтное оборудование;Сальник;сальник;;148;9;генерация;photos/F00874.webp
F00875;3;875;Трубопроводная арматура;Манометр точных;манометр точных;;148;3;генерация;photos/F00875.webp
F00876;3;876;Кабель и провод;"Кабель круглый; 2 жил; жилы крупные (25–95 мм²); жила: медь; изоляция резина; оболочка резина";кабель круглый;"жилы: 2; металл: медь; броня: без брони; оболочка: резина; экран: без экрана; толщина жил: крупные (25–95 мм²); изоляция: резина";147;5;программный рендер;photos/F00876.webp
F00877;3;877;Кабель и провод;"Кабель круглый; 5 жил; жилы тонкие (до 2,5 мм²); жила: медь; изоляция ПВХ; оболочка ПВХ, цвет серый";кабель круглый;"жилы: 5; металл: медь; броня: без брони; оболочка: ПВХ; экран: без экрана; толщина жил: тонкие (до 2,5 мм²); изоляция: ПВХ; цвет: серый";147;7;программный рендер;photos/F00877.webp
F00878;3;878;Строительное оборудование;Диск;диск;;147;7;генерация;photos/F00878.webp
F00879;3;879;Кабель и провод;"Кабель круглый; 13-24 жил; жилы тонкие (до 2,5 мм²); жила: медь; изоляция ПВХ; оболочка полиэтилен; экран (оплетка/фольга видна на срезе)";кабель круглый;"жилы: 13-24; металл: медь; броня: без брони; оболочка: полиэтилен; экран: экран; толщина жил: тонкие (до 2,5 мм²); изоляция: ПВХ";146;12;генерация;photos/F00879.webp
F00880;3;880;Кабель и провод;"Кабель круглый; 1 жила; жилы тонкие (до 2,5 мм²); жила: медь; изоляция ПВХ; оболочка ПВХ, цвет коричневый";кабель круглый;"жилы: 1; металл: медь; броня: без брони; оболочка: ПВХ; экран: без экрана; толщина жил: тонкие (до 2,5 мм²); изоляция: ПВХ; цвет: коричневый";146;4;программный рендер;photos/F00880.webp
F00881;3;881;Кабель и провод;"Кабель круглый; 49+ жил; жилы тонкие (до 2,5 мм²); жила: медь; изоляция полиэтилен; оболочка ПВХ; броня ленточная";кабель круглый;"жилы: 49+; металл: медь; броня: броня ленточная; оболочка: ПВХ; экран: без экрана; толщина жил: тонкие (до 2,5 мм²); изоляция: полиэтилен";146;9;генерация;photos/F00881.webp
F00882;3;882;Низковольтное оборудование;Пк;пк;;146;2;генерация;photos/F00882.webp
F00883;3;883;Лотки и кабеленесущие системы;"Поворот; вертикальный";поворот;признаки: вертикальный;146;20;генерация;photos/F00883.webp
F00884;3;884;Кабель и провод;"Кабель круглый; 2 жил; жилы очень крупные (120+ мм²); жила: медь; изоляция ПВХ; оболочка ПВХ; броня ленточная";кабель круглый;"жилы: 2; металл: медь; броня: броня ленточная; оболочка: ПВХ; экран: без экрана; толщина жил: очень крупные (120+ мм²); изоляция: ПВХ";145;9;генерация;photos/F00884.webp
F00885;3;885;Кабель и провод;"Кабель круглый; 6-7 жил; жилы тонкие (до 2,5 мм²); жила: медь; изоляция силикон; оболочка ПВХ";кабель круглый;"жилы: 6-7; металл: медь; броня: без брони; оболочка: ПВХ; экран: без экрана; толщина жил: тонкие (до 2,5 мм²); изоляция: силикон";145;9;генерация;photos/F00885.webp
F00886;3;886;Кабель и провод;"Коаксиальный; жила: медь; изоляция полиэтилен; оболочка ПВХ; экран (оплетка/фольга видна на срезе)";коаксиальный;"жилы: —; металл: медь; броня: без брони; оболочка: ПВХ; экран: экран; толщина жил: —; изоляция: полиэтилен";145;1;генерация;photos/F00886.webp
F00887;3;887;Осветительное оборудование;"Светильник; торшер";светильник;признаки: торшер;145;17;генерация;photos/F00887.webp
F00888;3;888;Насосы;Насос шламовый;насос шламовый;;145;11;генерация;photos/F00888.webp
F00889;3;889;Лотки и кабеленесущие системы;"Ответвитель горизонтальный; горизонтальный";ответвитель горизонтальный;признаки: горизонтальный;145;23;генерация;photos/F00889.webp
F00890;3;890;Кабель и провод;"Кабель круглый; 13-24 жил; жилы крупные (25–95 мм²); жила: медь; изоляция ПВХ; оболочка ПВХ; броня ленточная";кабель круглый;"жилы: 13-24; металл: медь; броня: броня ленточная; оболочка: ПВХ; экран: без экрана; толщина жил: крупные (25–95 мм²); изоляция: ПВХ";144;10;генерация;photos/F00890.webp
F00891;3;891;Станки и оборудование;Патрон сверлильный;патрон сверлильный;;144;6;генерация;photos/F00891.webp
F00892;3;892;Монтажные изделия для кабеля;Кабель;кабель;;144;6;генерация;photos/F00892.webp
F00893;3;893;Кабель и провод;"Кабель круглый; 1 жила; жилы средние (4–16 мм²); жила: медь; изоляция ПВХ; оболочка ПВХ; броня ленточная";кабель круглый;"жилы: 1; металл: медь; броня: броня ленточная; оболочка: ПВХ; экран: без экрана; толщина жил: средние (4–16 мм²); изоляция: ПВХ";143;6;генерация;photos/F00893.webp
F00894;3;894;Кабель и провод;"Кабель круглый; 4 жил; жилы тонкие (до 2,5 мм²); жила: медь; изоляция полиэтилен; оболочка ПВХ";кабель круглый;"жилы: 4; металл: медь; броня: без брони; оболочка: ПВХ; экран: без экрана; толщина жил: тонкие (до 2,5 мм²); изоляция: полиэтилен";143;5;программный рендер;photos/F00894.webp
F00895;3;895;Кабель и провод;"Кабель круглый; 4 жил; жилы тонкие (до 2,5 мм²); жила: медь; изоляция ПВХ; оболочка резина";кабель круглый;"жилы: 4; металл: медь; броня: без брони; оболочка: резина; экран: без экрана; толщина жил: тонкие (до 2,5 мм²); изоляция: ПВХ";143;9;программный рендер;photos/F00895.webp
F00896;3;896;Цепи;Цепь якорная;цепь якорная;;143;1;генерация;photos/F00896.webp
F00897;3;897;Низковольтное оборудование;"Рубильник; силовой";рубильник;признаки: силовой;143;17;генерация;photos/F00897.webp
F00898;3;898;Строительное оборудование;Диск алмазный;диск алмазный;;142;7;генерация;photos/F00898.webp
F00899;3;899;Кабель и провод;"Кабель круглый; 5 жил; жилы средние (4–16 мм²); жила: медь; изоляция сшитый ПЭ; оболочка ПВХ";кабель круглый;"жилы: 5; металл: медь; броня: без брони; оболочка: ПВХ; экран: без экрана; толщина жил: средние (4–16 мм²); изоляция: сшитый ПЭ";141;5;программный рендер;photos/F00899.webp
F00900;3;900;Кабель и провод;"Кабель круглый; 6-7 жил; жила: медь";кабель круглый;"жилы: 6-7; металл: медь; броня: без брони";141;19;генерация;photos/F00900.webp
F00901;3;901;Кабель и провод;"Кабель круглый; 8-12 жил; жила: медь";кабель круглый;"жилы: 8-12; металл: медь; броня: без брони";141;20;генерация;photos/F00901.webp
F00902;3;902;Кабель и провод;"Провод одножильный; 1 жила; жилы средние (4–16 мм²); жила: алюминий; изоляция стекловолокно";провод одножильный;"жилы: 1; металл: алюминий; броня: без брони; оболочка: нет (только изоляция); экран: без экрана; толщина жил: средние (4–16 мм²); изоляция: стекловолокно";141;2;программный рендер;photos/F00902.webp
F00903;3;903;Лотки и кабеленесущие системы;Ответвитель-крышка т-образная;ответвитель-крышка т-образная;;141;24;генерация;photos/F00903.webp
F00904;3;904;Кабель и провод;"Кабель круглый; 13-24 жил; жилы тонкие (до 2,5 мм²); жила: медь; изоляция резина; оболочка резина; экран (оплетка/фольга видна на срезе)";кабель круглый;"жилы: 13-24; металл: медь; броня: без брони; оболочка: резина; экран: экран; толщина жил: тонкие (до 2,5 мм²); изоляция: резина";140;10;генерация;photos/F00904.webp
F00905;3;905;Кабель и провод;"Кабель круглый; 25-48 жил; жилы крупные (25–95 мм²); жила: медь; изоляция ПВХ; оболочка резина; экран (оплетка/фольга видна на срезе)";кабель круглый;"жилы: 25-48; металл: медь; броня: без брони; оболочка: резина; экран: экран; толщина жил: крупные (25–95 мм²); изоляция: ПВХ";140;11;генерация;photos/F00905.webp
F00906;3;906;Кабель и провод;"Кабель круглый; 25-48 жил; жилы крупные (25–95 мм²); жила: медь; изоляция ПВХ; оболочка ПВХ; броня ленточная";кабель круглый;"жилы: 25-48; металл: медь; броня: броня ленточная; оболочка: ПВХ; экран: без экрана; толщина жил: крупные (25–95 мм²); изоляция: ПВХ";140;7;генерация;photos/F00906.webp
F00907;3;907;Кабель и провод;"Кабель круглый; 2 жил; жилы тонкие (до 2,5 мм²); жила: медь; изоляция ПВХ; оболочка ПВХ, цвет серый";кабель круглый;"жилы: 2; металл: медь; броня: без брони; оболочка: ПВХ; экран: без экрана; толщина жил: тонкие (до 2,5 мм²); изоляция: ПВХ; цвет: серый";140;4;программный рендер;photos/F00907.webp
F00908;3;908;Кабель и провод;"Кабель круглый; 4 жил; жилы крупные (25–95 мм²); жила: медь; изоляция резина; оболочка ПВХ";кабель круглый;"жилы: 4; металл: медь; броня: без брони; оболочка: ПВХ; экран: без экрана; толщина жил: крупные (25–95 мм²); изоляция: резина";140;6;программный рендер;photos/F00908.webp
F00909;3;909;Кабель и провод;"Кабель круглый; 5 жил; жилы средние (4–16 мм²); жила: алюминий; изоляция ПВХ; оболочка ПВХ";кабель круглый;"жилы: 5; металл: алюминий; броня: без брони; оболочка: ПВХ; экран: без экрана; толщина жил: средние (4–16 мм²); изоляция: ПВХ";140;5;программный рендер;photos/F00909.webp
F00910;3;910;Строительное оборудование;Резак пропановый;резак пропановый;;140;4;генерация;photos/F00910.webp
F00911;3;911;Светильники;Прожекторы светодиодные (самое частое в группе);изделия раздела «Светильники»;;140;8;генерация;photos/F00911.webp
F00912;3;912;Низковольтное оборудование;"Радиатор (самое частое в группе); группа «Реле»";изделия группы «Реле»;;140;11;генерация;photos/F00912.webp
F00913;3;913;Низковольтное оборудование;Ограничитель импульсных;ограничитель импульсных;;140;11;генерация;photos/F00913.webp
F00914;3;914;Кабель и провод;"Кабель круглый; 13-24 жил; жила: медь; броня ленточная";кабель круглый;"жилы: 13-24; металл: медь; броня: броня ленточная";139;22;генерация;photos/F00914.webp
F00915;3;915;Кабель и провод;"Кабель круглый; 13-24 жил; жилы тонкие (до 2,5 мм²); жила: медь; изоляция ПВХ; оболочка ПВХ; броня; экран (оплетка/фольга видна на срезе)";кабель круглый;"жилы: 13-24; металл: медь; броня: броня; оболочка: ПВХ; экран: экран; толщина жил: тонкие (до 2,5 мм²); изоляция: ПВХ";139;7;генерация;photos/F00915.webp
F00916;3;916;Кабель и провод;"Кабель круглый; 8-12 жил; жилы тонкие (до 2,5 мм²); жила: медь; изоляция полиэтилен; оболочка ПВХ";кабель круглый;"жилы: 8-12; металл: медь; броня: без брони; оболочка: ПВХ; экран: без экрана; толщина жил: тонкие (до 2,5 мм²); изоляция: полиэтилен";139;12;генерация;photos/F00916.webp
F00917;3;917;Кабель и провод;"Провод обмоточный; 1 жила; жила: медь; изоляция стекловолокно";провод обмоточный;"жилы: 1; металл: медь; броня: без брони; оболочка: нет; экран: без экрана; толщина жил: не определено; изоляция: стекловолокно";139;4;генерация;photos/F00917.webp
F00918;3;918;Кабель и провод;"Провод одножильный; 1 жила; жилы крупные (25–95 мм²); жила: медь; изоляция бумага";провод одножильный;"жилы: 1; металл: медь; броня: без брони; оболочка: нет (только изоляция); экран: без экрана; толщина жил: крупные (25–95 мм²); изоляция: бумага";139;3;программный рендер;photos/F00918.webp
F00919;3;919;Высоковольтное оборудование;Патрон;патрон;;139;3;генерация;photos/F00919.webp
F00920;3;920;Светильники;Держатель;держатель;;139;8;генерация;photos/F00920.webp
F00921;3;921;Низковольтное оборудование;Маркировка;маркировка;;139;5;генерация;photos/F00921.webp
F00922;3;922;Низковольтное оборудование;"Пускатель электромагнитный; средний (40–95 А)";пускатель электромагнитный;признаки: средний (40–95 А);139;8;генерация;photos/F00922.webp
F00923;3;923;Кабель и провод;"Кабель круглый; 3 жил; жилы средние (4–16 мм²); жила: медь; изоляция резина; оболочка безгалогенная (LSZH)";кабель круглый;"жилы: 3; металл: медь; броня: без брони; оболочка: безгалогенная (LSZH); экран: без экрана; толщина жил: средние (4–16 мм²); изоляция: резина";138;2;программный рендер;photos/F00923.webp
F00924;3;924;Кабель и провод;"Кабель круглый; 3 жил; жила: медь; оболочка термоэластопласт";кабель круглый;"жилы: 3; металл: медь; броня: без брони; оболочка: термоэластопласт";138;18;программный рендер;photos/F00924.webp
F00925;3;925;Инструмент;Дальномер лазерный;дальномер лазерный;;138;2;генерация;photos/F00925.webp
F00926;3;926;Насосы;Насос поверхностный;насос поверхностный;;138;15;генерация;photos/F00926.webp
F00927;3;927;Кабель и провод;"Кабель круглый; 4 жил; жилы очень крупные (120+ мм²); жила: медь; изоляция ПВХ; оболочка ПВХ; броня ленточная; экран (оплетка/фольга видна на срезе)";кабель круглый;"жилы: 4; металл: медь; броня: броня ленточная; оболочка: ПВХ; экран: экран; толщина жил: очень крупные (120+ мм²); изоляция: ПВХ";137;6;генерация;photos/F00927.webp
F00928;3;928;Рукава;Камлок;камлок;;137;4;генерация;photos/F00928.webp
F00929;3;929;Низковольтное оборудование;Расцепитель минимального;расцепитель минимального;;137;3;генерация;photos/F00929.webp
F00930;3;930;Станки и оборудование;Станок листогибочный;станок листогибочный;;137;8;генерация;photos/F00930.webp
F00931;3;931;Лотки и кабеленесущие системы;"Крышка; вертикальный";крышка;признаки: вертикальный;137;12;генерация;photos/F00931.webp
F00932;3;932;Кабель и провод;"Кабель круглый; 13-24 жил; жилы тонкие (до 2,5 мм²); жила: медь; изоляция резина; оболочка безгалогенная (LSZH)";кабель круглый;"жилы: 13-24; металл: медь; броня: без брони; оболочка: безгалогенная (LSZH); экран: без экрана; толщина жил: тонкие (до 2,5 мм²); изоляция: резина";136;8;генерация;photos/F00932.webp
F00933;3;933;Кабель и провод;"Кабель круглый; 3 жил; жилы очень крупные (120+ мм²); жила: алюминий; изоляция бумага; оболочка алюминий; броня ленточная";кабель круглый;"жилы: 3; металл: алюминий; броня: броня ленточная; оболочка: алюминий; экран: без экрана; толщина жил: очень крупные (120+ мм²); изоляция: бумага";136;4;генерация;photos/F00933.webp
F00934;3;934;Кабель и провод;"Кабель круглый; 3 жил; жилы очень крупные (120+ мм²); жила: алюминий; изоляция бумага; оболочка алюминий; оплетка текстильная";кабель круглый;"жилы: 3; металл: алюминий; броня: оплетка текстильная; оболочка: алюминий; экран: без экрана; толщина жил: очень крупные (120+ мм²); изоляция: бумага";136;4;генерация;photos/F00934.webp
F00935;3;935;Кабель и провод;"Кабель круглый; 3 жил; жилы очень крупные (120+ мм²); жила: медь; изоляция бумага; оболочка свинец; оплетка текстильная";кабель круглый;"жилы: 3; металл: медь; броня: оплетка текстильная; оболочка: свинец; экран: без экрана; толщина жил: очень крупные (120+ мм²); изоляция: бумага";136;3;генерация;photos/F00935.webp
F00936;3;936;Кабель и провод;"Кабель круглый; 4 жил; жилы крупные (25–95 мм²); жила: медь; изоляция ПВХ; оболочка резина";кабель круглый;"жилы: 4; металл: медь; броня: без брони; оболочка: резина; экран: без экрана; толщина жил: крупные (25–95 мм²); изоляция: ПВХ";136;11;программный рендер;photos/F00936.webp
F00937;3;937;Кабель и провод;"Кабель круглый; 8-12 жил; жилы тонкие (до 2,5 мм²); жила: медь; изоляция полиэтилен; оболочка ПВХ; броня ленточная";кабель круглый;"жилы: 8-12; металл: медь; броня: броня ленточная; оболочка: ПВХ; экран: без экрана; толщина жил: тонкие (до 2,5 мм²); изоляция: полиэтилен";136;6;генерация;photos/F00937.webp
F00938;3;938;Электродвигатели;"Электродвигатель; взрывозащищенный; габарит 160–200; лапы + фланец";электродвигатель;признаки: взрывозащищенный · габарит 160–200 · лапы + фланец;136;5;генерация;photos/F00938.webp
F00939;3;939;Низковольтное оборудование;Реле одиночное;реле одиночное;;136;2;генерация;photos/F00939.webp
F00940;3;940;Монтажные изделия для кабеля;Кросс;кросс;;136;9;генерация;photos/F00940.webp
F00941;3;941;Монтажные изделия для кабеля;"Труба гофрированная; гофрированная; ПВХ (серая)";труба гофрированная;признаки: гофрированная · ПВХ (серая);136;5;генерация;photos/F00941.webp
F00942;3;942;Монтажные изделия для кабеля;Удлинитель-шнур силовой;удлинитель-шнур силовой;;136;2;генерация;photos/F00942.webp
F00943;3;943;Лотки и кабеленесущие системы;"Профиль перфорированный; перфорированный";профиль перфорированный;признаки: перфорированный;136;7;генерация;photos/F00943.webp
F00944;3;944;Кабель и провод;"Кабель круглый; 3 жил; жила: медь";кабель круглый;"жилы: 3; металл: медь; броня: без брони";135;16;программный рендер;photos/F00944.webp
F00945;3;945;Кабель и провод;"Кабель круглый; 5 жил; жилы тонкие (до 2,5 мм²); жила: медь; изоляция резина; оболочка ПВХ";кабель круглый;"жилы: 5; металл: медь; броня: без брони; оболочка: ПВХ; экран: без экрана; толщина жил: тонкие (до 2,5 мм²); изоляция: резина";135;4;программный рендер;photos/F00945.webp
F00946;3;946;Кабель и провод;"Коаксиальный; жила: медь; изоляция полиэтилен; оболочка полиэтилен";коаксиальный;"жилы: —; металл: медь; броня: без брони; оболочка: полиэтилен; экран: без экрана; толщина жил: —; изоляция: полиэтилен";135;1;генерация;photos/F00946.webp
F00947;3;947;Строительное оборудование;Краскопульт пневматический;краскопульт пневматический;;135;2;генерация;photos/F00947.webp
F00948;3;948;Высоковольтное оборудование;Разъединитель;разъединитель;;135;1;генерация;photos/F00948.webp
F00949;3;949;Инструмент;Нивелир лазерный;нивелир лазерный;;135;2;генерация;photos/F00949.webp
F00950;3;950;Низковольтное оборудование;Розетка силовая;розетка силовая;;135;2;генерация;photos/F00950.webp
F00951;3;951;Кабель и провод;"Кабель круглый; 3 жил; жилы крупные (25–95 мм²); жила: алюминий; изоляция бумага; оболочка алюминий; броня ленточная";кабель круглый;"жилы: 3; металл: алюминий; броня: броня ленточная; оболочка: алюминий; экран: без экрана; толщина жил: крупные (25–95 мм²); изоляция: бумага";134;3;генерация;photos/F00951.webp
F00952;3;952;Кабель и провод;"Кабель круглый; 4 жил; жилы очень крупные (120+ мм²); жила: алюминий; изоляция сшитый ПЭ; оболочка ПВХ";кабель круглый;"жилы: 4; металл: алюминий; броня: без брони; оболочка: ПВХ; экран: без экрана; толщина жил: очень крупные (120+ мм²); изоляция: сшитый ПЭ";134;6;программный рендер;photos/F00952.webp
F00953;3;953;Кабель и провод;"Кабель круглый; 4 жил; жилы средние (4–16 мм²); жила: медь; изоляция ПВХ; оболочка ПВХ, цвет серый; экран (оплетка/фольга видна на срезе)";кабель круглый;"жилы: 4; металл: медь; броня: без брони; оболочка: ПВХ; экран: экран; толщина жил: средние (4–16 мм²); изоляция: ПВХ; цвет: серый";134;6;генерация;photos/F00953.webp
F00954;3;954;Кабель и провод;"Кабель круглый; 4 жил; жилы тонкие (до 2,5 мм²); жила: медь; изоляция ПВХ; оболочка резина; экран (оплетка/фольга видна на срезе)";кабель круглый;"жилы: 4; металл: медь; броня: без брони; оболочка: резина; экран: экран; толщина жил: тонкие (до 2,5 мм²); изоляция: ПВХ";134;3;генерация;photos/F00954.webp
F00955;3;955;Кабель и провод;"Оптический; жила: оптическое волокно; изоляция ПВХ; оболочка ПВХ; броня";оптический;"жилы: —; металл: оптическое волокно; броня: броня; оболочка: ПВХ; экран: без экрана; толщина жил: —; изоляция: ПВХ";134;1;генерация;photos/F00955.webp
F00956;3;956;Электродвигатели;"Электродвигатель; однофазный; габарит 56–90; на лапах";электродвигатель;признаки: однофазный · габарит 56–90 · на лапах;134;7;генерация;photos/F00956.webp
F00957;3;957;Кабель и провод;"Кабель круглый; 1 жила; жилы очень крупные (120+ мм²); жила: алюминий; изоляция сшитый ПЭ; оболочка ПВХ; экран (оплетка/фольга видна на срезе)";кабель круглый;"жилы: 1; металл: алюминий; броня: без брони; оболочка: ПВХ; экран: экран; толщина жил: очень крупные (120+ мм²); изоляция: сшитый ПЭ";133;4;генерация;photos/F00957.webp
F00958;3;958;Кабель и провод;"Кабель круглый; 1 жила; жилы средние (4–16 мм²); жила: медь; изоляция резина; оболочка резина";кабель круглый;"жилы: 1; металл: медь; броня: без брони; оболочка: резина; экран: без экрана; толщина жил: средние (4–16 мм²); изоляция: резина";133;5;программный рендер;photos/F00958.webp
F00959;3;959;Кабель и провод;"Кабель круглый; 4 жил; жилы очень крупные (120+ мм²); жила: алюминий; изоляция бумага; оболочка свинец";кабель круглый;"жилы: 4; металл: алюминий; броня: без брони; оболочка: свинец; экран: без экрана; толщина жил: очень крупные (120+ мм²); изоляция: бумага";133;6;программный рендер;photos/F00959.webp
F00960;3;960;Кабель и провод;"Кабель круглый; 8-12 жил; жилы крупные (25–95 мм²); жила: медь; изоляция ПВХ; оболочка ПВХ; экран (оплетка/фольга видна на срезе)";кабель круглый;"жилы: 8-12; металл: медь; броня: без брони; оболочка: ПВХ; экран: экран; толщина жил: крупные (25–95 мм²); изоляция: ПВХ";133;6;генерация;photos/F00960.webp
F00961;3;961;Инструмент;Генератор;генератор;;133;10;генерация;photos/F00961.webp
F00962;3;962;Низковольтное оборудование;"Эмс-фильтры (самое частое в группе); группа «Трансформаторы и источники питания»";изделия группы «Трансформаторы и источники питания»;;133;6;генерация;photos/F00962.webp
F00963;3;963;Низковольтное оборудование;"Корпус сварной; навесной";корпус сварной;признаки: навесной;133;6;генерация;photos/F00963.webp
F00964;3;964;Трубопроводная арматура;Термометр;термометр;;133;2;генерация;photos/F00964.webp
F00965;3;965;Складское оборудование;Лебедка автомобильная;лебедка автомобильная;;133;10;генерация;photos/F00965.webp
F00966;3;966;Кабель и провод;"Кабель круглый; 4 жил; жилы очень крупные (120+ мм²); жила: алюминий; изоляция бумага; оболочка алюминий";кабель круглый;"жилы: 4; металл: алюминий; броня: без брони; оболочка: алюминий; экран: без экрана; толщина жил: очень крупные (120+ мм²); изоляция: бумага";132;7;программный рендер;photos/F00966.webp
F00967;3;967;Кабель и провод;"Кабель круглый; 6-7 жил; жилы тонкие (до 2,5 мм²); жила: медь; изоляция ПВХ; оболочка полиэтилен";кабель круглый;"жилы: 6-7; металл: медь; броня: без брони; оболочка: полиэтилен; экран: без экрана; толщина жил: тонкие (до 2,5 мм²); изоляция: ПВХ";132;4;генерация;photos/F00967.webp
F00968;3;968;Низковольтное оборудование;"Клеммы (самое частое в группе); группа «Клеммы и разъёмы»";изделия группы «Клеммы и разъёмы»;;132;10;генерация;photos/F00968.webp
F00969;3;969;Низковольтное оборудование;Контакт дополнительный;контакт дополнительный;;132;8;генерация;photos/F00969.webp
F00970;3;970;Низковольтное оборудование;Переключатель кулачковый;переключатель кулачковый;;132;6;генерация;photos/F00970.webp
F00971;3;971;Кабель и провод;"Витая пара (LAN); 4 пар; жила: медь; изоляция полиэтилен; оболочка безгалогенная (LSZH)";витая пара (LAN);"жилы: 4 пар; металл: медь; броня: без брони; оболочка: безгалогенная (LSZH); экран: без экрана; толщина жил: —; изоляция: полиэтилен";131;17;генерация;photos/F00971.webp
F00972;3;972;Кабель и провод;"Кабель круглый; 25-48 жил; жилы тонкие (до 2,5 мм²); жила: медь; изоляция резина; оболочка безгалогенная (LSZH)";кабель круглый;"жилы: 25-48; металл: медь; броня: без брони; оболочка: безгалогенная (LSZH); экран: без экрана; толщина жил: тонкие (до 2,5 мм²); изоляция: резина";131;9;генерация;photos/F00972.webp
F00973;3;973;Кабель и провод;"Кабель круглый; 4 жил; жилы крупные (25–95 мм²); жила: алюминий; изоляция бумага; оболочка алюминий";кабель круглый;"жилы: 4; металл: алюминий; броня: без брони; оболочка: алюминий; экран: без экрана; толщина жил: крупные (25–95 мм²); изоляция: бумага";131;7;программный рендер;photos/F00973.webp
F00974;3;974;Кабель и провод;"Кабель круглый; 5 жил; жилы очень крупные (120+ мм²); жила: алюминий; изоляция ПВХ; оболочка ПВХ";кабель круглый;"жилы: 5; металл: алюминий; броня: без брони; оболочка: ПВХ; экран: без экрана; толщина жил: очень крупные (120+ мм²); изоляция: ПВХ";131;4;программный рендер;photos/F00974.webp
F00975;3;975;Кабель и провод;"Кабель круглый; 8-12 жил; жилы тонкие (до 2,5 мм²); жила: медь; изоляция резина; оболочка ПВХ; экран (оплетка/фольга видна на срезе)";кабель круглый;"жилы: 8-12; металл: медь; броня: без брони; оболочка: ПВХ; экран: экран; толщина жил: тонкие (до 2,5 мм²); изоляция: резина";131;5;генерация;photos/F00975.webp
F00976;3;976;Конвейерные ленты;Фторопласт;фторопласт;;131;5;генерация;photos/F00976.webp
F00977;3;977;Низковольтное оборудование;"Щит распределительный; металлический; навесной";щит распределительный;признаки: металлический · навесной;131;11;генерация;photos/F00977.webp
F00978;3;978;Кабель и провод;"Кабель круглый; 2 жил; жилы очень крупные (120+ мм²); жила: алюминий; изоляция ПВХ; оболочка ПВХ";кабель круглый;"жилы: 2; металл: алюминий; броня: без брони; оболочка: ПВХ; экран: без экрана; толщина жил: очень крупные (120+ мм²); изоляция: ПВХ";130;3;программный рендер;photos/F00978.webp
F00979;3;979;Низковольтное оборудование;Заглушка;заглушка;;130;8;генерация;photos/F00979.webp
F00980;3;980;Низковольтное оборудование;"Преобразователь; 5,5–22 кВт";преобразователь;признаки: 5,5–22 кВт;130;6;генерация;photos/F00980.webp
F00981;3;981;Монтажные изделия для кабеля;Коробка распаячная;коробка распаячная;;130;12;генерация;photos/F00981.webp
F00982;3;982;Кабель и провод;"Кабель круглый; 4 жил; жилы средние (4–16 мм²); жила: медь; изоляция ПВХ; оболочка резина";кабель круглый;"жилы: 4; металл: медь; броня: без брони; оболочка: резина; экран: без экрана; толщина жил: средние (4–16 мм²); изоляция: ПВХ";129;8;программный рендер;photos/F00982.webp
F00983;3;983;Кабель и провод;"Кабель круглый; 8-12 жил; жилы средние (4–16 мм²); жила: медь; изоляция ПВХ; оболочка полиэтилен";кабель круглый;"жилы: 8-12; металл: медь; броня: без брони; оболочка: полиэтилен; экран: без экрана; толщина жил: средние (4–16 мм²); изоляция: ПВХ";129;9;генерация;photos/F00983.webp
F00984;3;984;Кабель и провод;"Провод одножильный; 1 жила; жилы средние (4–16 мм²); жила: медь; изоляция ПВХ; цвет изоляции черный";провод одножильный;"жилы: 1; металл: медь; броня: без брони; оболочка: нет (только изоляция); экран: без экрана; толщина жил: средние (4–16 мм²); изоляция: ПВХ; цвет: черный";129;6;программный рендер;photos/F00984.webp
F00985;3;985;Инструмент;Перфоратор аккумуляторный;перфоратор аккумуляторный;;129;3;генерация;photos/F00985.webp
F00986;3;986;Низковольтное оборудование;Выключатель модульный;выключатель модульный;;129;7;генерация;photos/F00986.webp
F00987;3;987;Лотки и кабеленесущие системы;"Переходник вертикальный; вертикальный";переходник вертикальный;признаки: вертикальный;129;15;генерация;photos/F00987.webp
F00988;3;988;Лотки и кабеленесущие системы;Скоба;скоба;;129;11;генерация;photos/F00988.webp
F00989;3;989;Кабель и провод;"СИП (самонесущий изолированный); жила: алюминий";СИП (самонесущий изолированный);металл: алюминий;128;14;генерация;photos/F00989.webp
F00990;3;990;Кабель и провод;"Кабель круглый; 1 жила; жилы крупные (25–95 мм²); жила: алюминий; изоляция сшитый ПЭ; оболочка ПВХ; броня ленточная";кабель круглый;"жилы: 1; металл: алюминий; броня: броня ленточная; оболочка: ПВХ; экран: без экрана; толщина жил: крупные (25–95 мм²); изоляция: сшитый ПЭ";128;6;генерация;photos/F00990.webp
F00991;3;991;Кабель и провод;"Кабель круглый; 3 жил; жилы очень крупные (120+ мм²); жила: медь; изоляция ПВХ; оболочка ПВХ, цвет черный";кабель круглый;"жилы: 3; металл: медь; броня: без брони; оболочка: ПВХ; экран: без экрана; толщина жил: очень крупные (120+ мм²); изоляция: ПВХ; цвет: черный";128;9;программный рендер;photos/F00991.webp
F00992;3;992;Кабель и провод;"Кабель круглый; 4 жил; жилы крупные (25–95 мм²); жила: алюминий; изоляция сшитый ПЭ; оболочка ПВХ; броня ленточная";кабель круглый;"жилы: 4; металл: алюминий; броня: броня ленточная; оболочка: ПВХ; экран: без экрана; толщина жил: крупные (25–95 мм²); изоляция: сшитый ПЭ";128;6;генерация;photos/F00992.webp
F00993;3;993;Кабель и провод;"Термопарный; 8-12 жил; жилы тонкие (до 2,5 мм²); жила: медь; изоляция ПВХ; оболочка ПВХ";термопарный;"жилы: 8-12; металл: медь; броня: без брони; оболочка: ПВХ; экран: без экрана; толщина жил: тонкие (до 2,5 мм²); изоляция: ПВХ";128;14;генерация;photos/F00993.webp
F00994;3;994;Инструмент;Генератор газовый;генератор газовый;;128;5;генерация;photos/F00994.webp
F00995;3;995;Насосы;Насос пищевой;насос пищевой;;128;10;генерация;photos/F00995.webp
F00996;3;996;Кабель и провод;"Кабель круглый; 3 жил; жилы средние (4–16 мм²); жила: медь; изоляция ПВХ; оболочка полиэтилен";кабель круглый;"жилы: 3; металл: медь; броня: без брони; оболочка: полиэтилен; экран: без экрана; толщина жил: средние (4–16 мм²); изоляция: ПВХ";127;6;программный рендер;photos/F00996.webp
F00997;3;997;Кабель и провод;"Кабель круглый; 4 жил; жилы крупные (25–95 мм²); жила: медь; изоляция резина; оболочка резина; экран (оплетка/фольга видна на срезе)";кабель круглый;"жилы: 4; металл: медь; броня: без брони; оболочка: резина; экран: экран; толщина жил: крупные (25–95 мм²); изоляция: резина";127;7;генерация;photos/F00997.webp
F00998;3;998;Кабель и провод;"Кабель круглый; 4 жил; жилы очень крупные (120+ мм²); жила: медь; изоляция сшитый ПЭ; оболочка ПВХ; броня ленточная";кабель круглый;"жилы: 4; металл: медь; броня: броня ленточная; оболочка: ПВХ; экран: без экрана; толщина жил: очень крупные (120+ мм²); изоляция: сшитый ПЭ";127;7;генерация;photos/F00998.webp
F00999;3;999;Светильники;"Светильник; взрывозащищенный";светильник;признаки: взрывозащищенный;127;14;генерация;photos/F00999.webp
F01000;3;1000;Низковольтное оборудование;Панель монтажная;панель монтажная;;127;4;генерация;photos/F01000.webp
F01001;3;1001;Лотки и кабеленесущие системы;Ответвитель т-образный;ответвитель т-образный;;127;20;генерация;photos/F01001.webp
F01002;3;1002;Кабель и провод;"Кабель круглый; 1 жила; жилы очень крупные (120+ мм²); жила: медь; изоляция сшитый ПЭ; оболочка полиэтилен; экран (оплетка/фольга видна на срезе)";кабель круглый;"жилы: 1; металл: медь; броня: без брони; оболочка: полиэтилен; экран: экран; толщина жил: очень крупные (120+ мм²); изоляция: сшитый ПЭ";126;2;генерация;photos/F01002.webp
F01003;3;1003;Кабель и провод;"Кабель круглый; 3 жил; жилы тонкие (до 2,5 мм²); жила: медь; изоляция ПВХ; оболочка резина";кабель круглый;"жилы: 3; металл: медь; броня: без брони; оболочка: резина; экран: без экрана; толщина жил: тонкие (до 2,5 мм²); изоляция: ПВХ";126;9;программный рендер;photos/F01003.webp
F01004;3;1004;Кабель и провод;"Кабель круглый; 49+ жил; жилы тонкие (до 2,5 мм²); жила: медь; изоляция ПВХ; оболочка ПВХ, цвет серый";кабель круглый;"жилы: 49+; металл: медь; броня: без брони; оболочка: ПВХ; экран: без экрана; толщина жил: тонкие (до 2,5 мм²); изоляция: ПВХ; цвет: серый";126;13;генерация;photos/F01004.webp
F01005;3;1005;Кабель и провод;"Кабель круглый; 4 жил; жила: медь; оболочка ПВХ; броня ленточная";кабель круглый;"жилы: 4; металл: медь; броня: броня ленточная; оболочка: ПВХ";126;12;генерация;photos/F01005.webp
F01006;3;1006;Низковольтное оборудование;"Выключатель; модульный на DIN-рейку; 3P";выключатель;признаки: модульный на DIN-рейку · 3P;126;10;генерация;photos/F01006.webp
F01007;3;1007;Низковольтное оборудование;"Корпус монтажного; металлический; навесной";корпус монтажного;признаки: металлический · навесной;126;4;генерация;photos/F01007.webp
F01008;3;1008;Насосы;Насос нефтяной;насос нефтяной;;126;5;генерация;photos/F01008.webp
F01009;3;1009;Лотки и кабеленесущие системы;Стойка настенная;стойка настенная;;126;6;генерация;photos/F01009.webp
F01010;3;1010;Кабель и провод;"Кабель круглый; 1 жила; жилы средние (4–16 мм²); жила: медь; изоляция силикон; оболочка силикон";кабель круглый;"жилы: 1; металл: медь; броня: без брони; оболочка: силикон; экран: без экрана; толщина жил: средние (4–16 мм²); изоляция: силикон";125;13;программный рендер;photos/F01010.webp
F01011;3;1011;Кабель и провод;"Кабель круглый; 25-48 жил; жилы тонкие (до 2,5 мм²); жила: медь; изоляция силикон; оболочка безгалогенная (LSZH)";кабель круглый;"жилы: 25-48; металл: медь; броня: без брони; оболочка: безгалогенная (LSZH); экран: без экрана; толщина жил: тонкие (до 2,5 мм²); изоляция: силикон";125;8;генерация;photos/F01011.webp
F01012;3;1012;Кабель и провод;"Кабель круглый; 2 жил; жилы тонкие (до 2,5 мм²); жила: медь; изоляция резина; оболочка ПВХ; экран (оплетка/фольга видна на срезе)";кабель круглый;"жилы: 2; металл: медь; броня: без брони; оболочка: ПВХ; экран: экран; толщина жил: тонкие (до 2,5 мм²); изоляция: резина";125;3;генерация;photos/F01012.webp
F01013;3;1013;Кабель и провод;"Кабель круглый; 5 жил; жилы средние (4–16 мм²); жила: медь; изоляция ПВХ; оболочка ПВХ, цвет серый; экран (оплетка/фольга видна на срезе)";кабель круглый;"жилы: 5; металл: медь; броня: без брони; оболочка: ПВХ; экран: экран; толщина жил: средние (4–16 мм²); изоляция: ПВХ; цвет: серый";125;7;генерация;photos/F01013.webp
F01014;3;1014;Кабель и провод;"Кабель круглый; 8-12 жил; жилы тонкие (до 2,5 мм²); жила: медь; изоляция ПВХ; оболочка полиэтилен; экран (оплетка/фольга видна на срезе)";кабель круглый;"жилы: 8-12; металл: медь; броня: без брони; оболочка: полиэтилен; экран: экран; толщина жил: тонкие (до 2,5 мм²); изоляция: ПВХ";125;13;генерация;photos/F01014.webp
F01015;3;1015;Кабель и провод;"Кабель круглый; 8-12 жил; жилы тонкие (до 2,5 мм²); жила: медь; изоляция ПВХ; оболочка резина";кабель круглый;"жилы: 8-12; металл: медь; броня: без брони; оболочка: резина; экран: без экрана; толщина жил: тонкие (до 2,5 мм²); изоляция: ПВХ";125;13;генерация;photos/F01015.webp
F01016;3;1016;Кабель и провод;"Провод одножильный; 1 жила; жилы средние (4–16 мм²); жила: медь; изоляция ПВХ; цвет изоляции белый";провод одножильный;"жилы: 1; металл: медь; броня: без брони; оболочка: нет (только изоляция); экран: без экрана; толщина жил: средние (4–16 мм²); изоляция: ПВХ; цвет: белый";125;6;программный рендер;photos/F01016.webp
F01017;3;1017;Кабель и провод;"Термопарный; 4 жил; жилы тонкие (до 2,5 мм²); жила: термопарный сплав; изоляция ПВХ; оболочка ПВХ";термопарный;"жилы: 4; металл: термопарный сплав; броня: без брони; оболочка: ПВХ; экран: без экрана; толщина жил: тонкие (до 2,5 мм²); изоляция: ПВХ";125;9;генерация;photos/F01017.webp
F01018;3;1018;Строительное оборудование;Вибростол;вибростол;;125;10;генерация;photos/F01018.webp
F01019;3;1019;Инструмент;Батарея аккумуляторная;батарея аккумуляторная;;125;1;генерация;photos/F01019.webp
F01020;3;1020;Светильники;Соединитель;соединитель;;125;6;генерация;photos/F01020.webp
F01021;3;1021;Складское оборудование;Таль;таль;;125;18;генерация;photos/F01021.webp
F01022;3;1022;Кабель и провод;"Кабель круглый; 25-48 жил; жилы тонкие (до 2,5 мм²); жила: медь; изоляция резина; оболочка резина; экран (оплетка/фольга видна на срезе)";кабель круглый;"жилы: 25-48; металл: медь; броня: без брони; оболочка: резина; экран: экран; толщина жил: тонкие (до 2,5 мм²); изоляция: резина";124;10;генерация;photos/F01022.webp
F01023;3;1023;Кабель и провод;"Кабель круглый; 3 жил; жилы крупные (25–95 мм²); жила: медь; изоляция ПВХ; оболочка безгалогенная (LSZH); экран (оплетка/фольга видна на срезе)";кабель круглый;"жилы: 3; металл: медь; броня: без брони; оболочка: безгалогенная (LSZH); экран: экран; толщина жил: крупные (25–95 мм²); изоляция: ПВХ";124;5;генерация;photos/F01023.webp
F01024;3;1024;Кабель и провод;"Кабель круглый; 5 жил; жилы тонкие (до 2,5 мм²); жила: медь; изоляция резина; оболочка резина";кабель круглый;"жилы: 5; металл: медь; броня: без брони; оболочка: резина; экран: без экрана; толщина жил: тонкие (до 2,5 мм²); изоляция: резина";124;9;программный рендер;photos/F01024.webp
F01025;3;1025;Низковольтное оборудование;Коробка;коробка;;124;10;генерация;photos/F01025.webp
F01026;3;1026;Монтажные изделия для кабеля;"Наконечник; медный трубчатый (ТМЛ)";наконечник;признаки: медный трубчатый (ТМЛ);124;2;генерация;photos/F01026.webp
F01027;3;1027;Складское оборудование;Блок монтажный;блок монтажный;;124;14;генерация;photos/F01027.webp
F01028;3;1028;Кабель и провод;"Кабель круглый; 3 жил; жила: алюминий; оболочка ПВХ";кабель круглый;"жилы: 3; металл: алюминий; броня: без брони; оболочка: ПВХ";123;10;программный рендер;photos/F01028.webp
F01029;3;1029;Вентиляторы;Вентилятор;вентилятор;;123;3;генерация;photos/F01029.webp
F01030;3;1030;Низковольтное оборудование;"Корпус пластиковый; пластиковый; навесной";корпус пластиковый;признаки: пластиковый · навесной;123;10;генерация;photos/F01030.webp
F01031;3;1031;Кабель и провод;"Кабель круглый; 1 жила; жилы очень крупные (120+ мм²); жила: алюминий; изоляция резина; оболочка ПВХ";кабель круглый;"жилы: 1; металл: алюминий; броня: без брони; оболочка: ПВХ; экран: без экрана; толщина жил: очень крупные (120+ мм²); изоляция: резина";122;3;программный рендер;photos/F01031.webp
F01032;3;1032;Кабель и провод;"Кабель круглый; 4 жил; жилы тонкие (до 2,5 мм²); жила: медь; изоляция резина; оболочка ПВХ; экран (оплетка/фольга видна на срезе)";кабель круглый;"жилы: 4; металл: медь; броня: без брони; оболочка: ПВХ; экран: экран; толщина жил: тонкие (до 2,5 мм²); изоляция: резина";122;3;генерация;photos/F01032.webp
F01033;3;1033;Низковольтное оборудование;"Пускатель; в корпусе с кнопками";пускатель;признаки: в корпусе с кнопками;122;6;генерация;photos/F01033.webp
F01034;3;1034;Складское оборудование;Каретка;каретка;;122;19;генерация;photos/F01034.webp
F01035;3;1035;Кабель и провод;"Кабель круглый; 2 жил; жилы тонкие (до 2,5 мм²); жила: медь; изоляция ПВХ; оболочка ПВХ; броня ленточная; экран (оплетка/фольга видна на срезе)";кабель круглый;"жилы: 2; металл: медь; броня: броня ленточная; оболочка: ПВХ; экран: экран; толщина жил: тонкие (до 2,5 мм²); изоляция: ПВХ";121;3;генерация;photos/F01035.webp
F01036;3;1036;Кабель и провод;"Кабель круглый; 49+ жил; жилы тонкие (до 2,5 мм²); жила: медь; изоляция ПВХ; оболочка ПВХ, цвет серый; экран (оплетка/фольга видна на срезе)";кабель круглый;"жилы: 49+; металл: медь; броня: без брони; оболочка: ПВХ; экран: экран; толщина жил: тонкие (до 2,5 мм²); изоляция: ПВХ; цвет: серый";121;17;генерация;photos/F01036.webp
F01037;3;1037;Вентиляторы;Вентилятор дутьевой;вентилятор дутьевой;;121;8;генерация;photos/F01037.webp
F01038;3;1038;Высоковольтное оборудование;Предохранитель;предохранитель;;121;2;генерация;photos/F01038.webp
F01039;3;1039;Рукава;Рукав напорно-всасывающий;рукав напорно-всасывающий;;121;3;генерация;photos/F01039.webp
F01040;3;1040;Опоры и стойки;Деталь;деталь;;121;1;генерация;photos/F01040.webp
F01041;3;1041;Монтажные изделия для кабеля;"Труба гофрированная; гофрированная";труба гофрированная;признаки: гофрированная;121;6;генерация;photos/F01041.webp
F01042;3;1042;Кабель и провод;"Кабель круглый; 1 жила; жилы тонкие (до 2,5 мм²); жила: медь; изоляция ПВХ; оболочка ПВХ, цвет желтый";кабель круглый;"жилы: 1; металл: медь; броня: без брони; оболочка: ПВХ; экран: без экрана; толщина жил: тонкие (до 2,5 мм²); изоляция: ПВХ; цвет: желтый";120;4;программный рендер;photos/F01042.webp
F01043;3;1043;Кабель и провод;"Кабель круглый; 49+ жил; жилы крупные (25–95 мм²); жила: медь; изоляция ПВХ; оболочка ПВХ; броня ленточная; экран (оплетка/фольга видна на срезе)";кабель круглый;"жилы: 49+; металл: медь; броня: броня ленточная; оболочка: ПВХ; экран: экран; толщина жил: крупные (25–95 мм²); изоляция: ПВХ";120;10;генерация;photos/F01043.webp
F01044;3;1044;Кабель и провод;"Кабель круглый; 4 жил; жила: медь; оболочка безгалогенная (LSZH)";кабель круглый;"жилы: 4; металл: медь; броня: без брони; оболочка: безгалогенная (LSZH)";120;10;программный рендер;photos/F01044.webp
F01045;3;1045;Кабель и провод;"Кабель круглый; 6-7 жил; жилы тонкие (до 2,5 мм²); жила: медь; изоляция резина; оболочка резина";кабель круглый;"жилы: 6-7; металл: медь; броня: без брони; оболочка: резина; экран: без экрана; толщина жил: тонкие (до 2,5 мм²); изоляция: резина";120;7;генерация;photos/F01045.webp
F01046;3;1046;Кабель и провод;"Кабель круглый; 6-7 жил; жилы тонкие (до 2,5 мм²); жила: медь; изоляция силикон; оболочка полиуретан; броня ленточная";кабель круглый;"жилы: 6-7; металл: медь; броня: броня ленточная; оболочка: полиуретан; экран: без экрана; толщина жил: тонкие (до 2,5 мм²); изоляция: силикон";120;6;генерация;photos/F01046.webp
F01047;3;1047;Кабель и провод;"Провод одножильный; 1 жила; жилы средние (4–16 мм²); жила: медь; изоляция ПВХ; цвет изоляции красный";провод одножильный;"жилы: 1; металл: медь; броня: без брони; оболочка: нет (только изоляция); экран: без экрана; толщина жил: средние (4–16 мм²); изоляция: ПВХ; цвет: красный";120;6;программный рендер;photos/F01047.webp
F01048;3;1048;Кабель и провод;"Термопарный; 6-7 жил; жилы тонкие (до 2,5 мм²); жила: термопарный сплав; изоляция ПВХ; оболочка ПВХ";термопарный;"жилы: 6-7; металл: термопарный сплав; броня: без брони; оболочка: ПВХ; экран: без экрана; толщина жил: тонкие (до 2,5 мм²); изоляция: ПВХ";120;8;генерация;photos/F01048.webp
F01049;3;1049;Осветительное оборудование;"Светильник; потолочный накладной";светильник;признаки: потолочный накладной;120;14;генерация;photos/F01049.webp
F01050;3;1050;Лотки и кабеленесущие системы;"Поворот; лестничный";поворот;признаки: лестничный;120;17;генерация;photos/F01050.webp
F01051;3;1051;Лотки и кабеленесущие системы;"Тройник; лестничный";тройник;признаки: лестничный;120;17;генерация;photos/F01051.webp
F01052;3;1052;Кабель и провод;"Кабель круглый; 6-7 жил; жилы средние (4–16 мм²); жила: медь; изоляция ПВХ; оболочка ПВХ; броня ленточная";кабель круглый;"жилы: 6-7; металл: медь; броня: броня ленточная; оболочка: ПВХ; экран: без экрана; толщина жил: средние (4–16 мм²); изоляция: ПВХ";119;4;генерация;photos/F01052.webp
F01053;3;1053;Кабель и провод;"Провод одножильный; 1 жила; жилы крупные (25–95 мм²); жила: медь; изоляция ПВХ; цвет изоляции черный";провод одножильный;"жилы: 1; металл: медь; броня: без брони; оболочка: нет (только изоляция); экран: без экрана; толщина жил: крупные (25–95 мм²); изоляция: ПВХ; цвет: черный";119;7;программный рендер;photos/F01053.webp
F01054;3;1054;Кабель и провод;"Провод одножильный; 1 жила; жилы тонкие (до 2,5 мм²); жила: сплав; изоляция ПВХ";провод одножильный;"жилы: 1; металл: сплав; броня: без брони; оболочка: нет (только изоляция); экран: без экрана; толщина жил: тонкие (до 2,5 мм²); изоляция: ПВХ";119;19;программный рендер;photos/F01054.webp
F01055;3;1055;Конвейерные ленты;Лента плоская;лента плоская;;119;4;генерация;photos/F01055.webp
F01056;3;1056;Низковольтное оборудование;Вилка кабельная;вилка кабельная;;119;12;генерация;photos/F01056.webp
F01057;3;1057;Низковольтное оборудование;Вилка силовая;вилка силовая;;119;2;генерация;photos/F01057.webp
F01058;3;1058;Низковольтное оборудование;Клемма строительно-монтажная;клемма строительно-монтажная;;119;8;генерация;photos/F01058.webp
F01059;3;1059;Монтажные изделия для кабеля;Механизм;механизм;;119;11;генерация;photos/F01059.webp
F01060;3;1060;Складское оборудование;Крюк;крюк;;119;11;генерация;photos/F01060.webp
F01061;3;1061;Кабель и провод;"Кабель круглый; 3 жил; жилы средние (4–16 мм²); жила: медь; изоляция ПВХ; оболочка ПВХ, цвет серый; экран (оплетка/фольга видна на срезе)";кабель круглый;"жилы: 3; металл: медь; броня: без брони; оболочка: ПВХ; экран: экран; толщина жил: средние (4–16 мм²); изоляция: ПВХ; цвет: серый";118;6;генерация;photos/F01061.webp
F01062;3;1062;Кабель и провод;"Кабель круглый; 5 жил; жилы крупные (25–95 мм²); жила: медь; изоляция сшитый ПЭ; оболочка ПВХ";кабель круглый;"жилы: 5; металл: медь; броня: без брони; оболочка: ПВХ; экран: без экрана; толщина жил: крупные (25–95 мм²); изоляция: сшитый ПЭ";118;5;программный рендер;photos/F01062.webp
F01063;3;1063;Кабель и провод;"Кабель круглый; 5 жил; жилы средние (4–16 мм²); жила: медь; изоляция ПВХ; оболочка полиуретан";кабель круглый;"жилы: 5; металл: медь; броня: без брони; оболочка: полиуретан; экран: без экрана; толщина жил: средние (4–16 мм²); изоляция: ПВХ";118;12;программный рендер;photos/F01063.webp
F01064;3;1064;Кабель и провод;"Кабель круглый; 6-7 жил; жилы тонкие (до 2,5 мм²); жила: медь; изоляция резина; оболочка ПВХ";кабель круглый;"жилы: 6-7; металл: медь; броня: без брони; оболочка: ПВХ; экран: без экрана; толщина жил: тонкие (до 2,5 мм²); изоляция: резина";118;5;генерация;photos/F01064.webp
F01065;3;1065;Кабель и провод;"Термопарный; 13-24 жил; жилы крупные (25–95 мм²); жила: термопарный сплав; изоляция ПВХ; оболочка ПВХ; экран (оплетка/фольга видна на срезе)";термопарный;"жилы: 13-24; металл: термопарный сплав; броня: без брони; оболочка: ПВХ; экран: экран; толщина жил: крупные (25–95 мм²); изоляция: ПВХ";118;8;генерация;photos/F01065.webp
F01066;3;1066;Электродвигатели;"Электродвигатель; взрывозащищенный; габарит 56–90; на лапах";электродвигатель;признаки: взрывозащищенный · габарит 56–90 · на лапах;118;6;генерация;photos/F01066.webp
F01067;3;1067;Низковольтное оборудование;Модуль полупроводникового;модуль полупроводникового;;118;2;генерация;photos/F01067.webp
F01068;3;1068;Насосы;Насос погружной;насос погружной;;118;13;генерация;photos/F01068.webp
F01069;3;1069;Лотки и кабеленесущие системы;Подвес потолочный;подвес потолочный;;118;2;генерация;photos/F01069.webp
F01070;3;1070;Кабель и провод;"Кабель круглый; 1 жила; жилы очень крупные (120+ мм²); жила: алюминий; изоляция сшитый ПЭ; оболочка безгалогенная (LSZH)";кабель круглый;"жилы: 1; металл: алюминий; броня: без брони; оболочка: безгалогенная (LSZH); экран: без экрана; толщина жил: очень крупные (120+ мм²); изоляция: сшитый ПЭ";117;6;программный рендер;photos/F01070.webp
F01071;3;1071;Кабель и провод;"Кабель круглый; 1 жила; жилы средние (4–16 мм²); жила: медь; изоляция ПВХ; оболочка ПВХ, цвет серый";кабель круглый;"жилы: 1; металл: медь; броня: без брони; оболочка: ПВХ; экран: без экрана; толщина жил: средние (4–16 мм²); изоляция: ПВХ; цвет: серый";117;4;программный рендер;photos/F01071.webp
F01072;3;1072;Кабель и провод;"Кабель круглый; 25-48 жил; жилы тонкие (до 2,5 мм²); жила: медь; изоляция силикон; оболочка ПВХ";кабель круглый;"жилы: 25-48; металл: медь; броня: без брони; оболочка: ПВХ; экран: без экрана; толщина жил: тонкие (до 2,5 мм²); изоляция: силикон";117;12;генерация;photos/F01072.webp
F01073;3;1073;Кабель и провод;"Кабель круглый; 2 жил; жилы крупные (25–95 мм²); жила: медь; изоляция сшитый ПЭ; оболочка ПВХ";кабель круглый;"жилы: 2; металл: медь; броня: без брони; оболочка: ПВХ; экран: без экрана; толщина жил: крупные (25–95 мм²); изоляция: сшитый ПЭ";117;5;программный рендер;photos/F01073.webp
F01074;3;1074;Кабель и провод;"Кабель круглый; 2 жил; жилы тонкие (до 2,5 мм²); жила: медь; изоляция ПВХ; оболочка резина";кабель круглый;"жилы: 2; металл: медь; броня: без брони; оболочка: резина; экран: без экрана; толщина жил: тонкие (до 2,5 мм²); изоляция: ПВХ";117;7;программный рендер;photos/F01074.webp
F01075;3;1075;Кабель и провод;"Кабель круглый; 3 жил; жилы крупные (25–95 мм²); жила: алюминий; изоляция сшитый ПЭ; оболочка полиэтилен; экран (оплетка/фольга видна на срезе)";кабель круглый;"жилы: 3; металл: алюминий; броня: без брони; оболочка: полиэтилен; экран: экран; толщина жил: крупные (25–95 мм²); изоляция: сшитый ПЭ";117;3;генерация;photos/F01075.webp
F01076;3;1076;Кабель и провод;"Кабель круглый; 3 жил; жилы средние (4–16 мм²); жила: медь; изоляция ПВХ; оболочка ПВХ, цвет черный";кабель круглый;"жилы: 3; металл: медь; броня: без брони; оболочка: ПВХ; экран: без экрана; толщина жил: средние (4–16 мм²); изоляция: ПВХ; цвет: черный";117;6;программный рендер;photos/F01076.webp
F01077;3;1077;Кабель и провод;"Кабель круглый; 4 жил; жилы крупные (25–95 мм²); жила: медь; изоляция бумага; оболочка свинец";кабель круглый;"жилы: 4; металл: медь; броня: без брони; оболочка: свинец; экран: без экрана; толщина жил: крупные (25–95 мм²); изоляция: бумага";117;6;программный рендер;photos/F01077.webp
F01078;3;1078;Станки и оборудование;Набор пильных;набор пильных;;117;4;генерация;photos/F01078.webp
F01079;3;1079;Шкивы;Втулка зажимная;втулка зажимная;;117;4;генерация;photos/F01079.webp
F01080;3;1080;Шкивы;Втулка;втулка;;117;1;генерация;photos/F01080.webp
F01081;3;1081;Складское оборудование;Стеллаж односторонний;стеллаж односторонний;;117;1;генерация;photos/F01081.webp
F01082;3;1082;Кабель и провод;"Кабель круглый; 2 жил; жилы тонкие (до 2,5 мм²); жила: медь; изоляция ПВХ; оболочка полиэтилен";кабель круглый;"жилы: 2; металл: медь; броня: без брони; оболочка: полиэтилен; экран: без экрана; толщина жил: тонкие (до 2,5 мм²); изоляция: ПВХ";116;4;программный рендер;photos/F01082.webp
F01083;3;1083;Кабель и провод;"Кабель круглый; 4 жил; жилы очень крупные (120+ мм²); жила: медь; изоляция ПВХ; оболочка ПВХ, цвет черный";кабель круглый;"жилы: 4; металл: медь; броня: без брони; оболочка: ПВХ; экран: без экрана; толщина жил: очень крупные (120+ мм²); изоляция: ПВХ; цвет: черный";116;9;программный рендер;photos/F01083.webp
F01084;3;1084;Кабель и провод;"Кабель круглый; жила: алюминий";кабель круглый;металл: алюминий;116;16;генерация;photos/F01084.webp
F01085;3;1085;Кабель и провод;"Провод одножильный; 1 жила; жилы средние (4–16 мм²); жила: алюминий; изоляция силикон";провод одножильный;"жилы: 1; металл: алюминий; броня: без брони; оболочка: нет (только изоляция); экран: без экрана; толщина жил: средние (4–16 мм²); изоляция: силикон";116;2;программный рендер;photos/F01085.webp
F01086;3;1086;Кабель и провод;"Провод одножильный; 1 жила; жилы средние (4–16 мм²); жила: медь; изоляция ПВХ; цвет изоляции синий";провод одножильный;"жилы: 1; металл: медь; броня: без брони; оболочка: нет (только изоляция); экран: без экрана; толщина жил: средние (4–16 мм²); изоляция: ПВХ; цвет: синий";116;6;программный рендер;photos/F01086.webp
F01087;3;1087;Низковольтное оборудование;Амперметр;амперметр;;116;9;генерация;photos/F01087.webp
F01088;3;1088;Станки и оборудование;Верстак модульный;верстак модульный;;116;1;генерация;photos/F01088.webp
F01089;3;1089;Станки и оборудование;Станок шлифовальный;станок шлифовальный;;116;9;генерация;photos/F01089.webp
F01090;3;1090;Лотки и кабеленесущие системы;"Омега-профиль (самое частое в группе); группа «Кабельные лотки и аксессуары»";изделия группы «Кабельные лотки и аксессуары»;;116;7;генерация;photos/F01090.webp
F01091;3;1091;Лотки и кабеленесущие системы;"Подвес потолочный; горячий цинк (матовый)";подвес потолочный;признаки: горячий цинк (матовый);116;1;генерация;photos/F01091.webp
F01092;3;1092;Кабель и провод;"Кабель круглый; 5 жил; жилы средние (4–16 мм²); жила: медь; изоляция ПВХ; оболочка безгалогенная (LSZH); экран (оплетка/фольга видна на срезе)";кабель круглый;"жилы: 5; металл: медь; броня: без брони; оболочка: безгалогенная (LSZH); экран: экран; толщина жил: средние (4–16 мм²); изоляция: ПВХ";115;7;генерация;photos/F01092.webp
F01093;3;1093;Кабель и провод;"Провод многожильный (круглый); 8-12 жил; жилы тонкие (до 2,5 мм²); жила: медь; изоляция резина; оболочка резина; экран (оплетка/фольга видна на срезе)";провод многожильный (круглый);"жилы: 8-12; металл: медь; броня: без брони; оболочка: резина; экран: экран; толщина жил: тонкие (до 2,5 мм²); изоляция: резина";115;10;генерация;photos/F01093.webp
F01094;3;1094;Вентиляторы;Дымосос;дымосос;;115;8;генерация;photos/F01094.webp
F01095;3;1095;Монтажные изделия для кабеля;Заглушка;заглушка;;115;13;генерация;photos/F01095.webp
F01096;3;1096;Лотки и кабеленесущие системы;"Лоток (самое частое в группе); группа «Кабельные лотки и аксессуары»";изделия группы «Кабельные лотки и аксессуары»;;115;16;генерация;photos/F01096.webp
F01097;3;1097;Лотки и кабеленесущие системы;"Крышка вертикального; вертикальный";крышка вертикального;признаки: вертикальный;115;7;генерация;photos/F01097.webp
F01098;3;1098;Кабель и провод;"Кабель круглый; 3 жил; жилы очень крупные (120+ мм²); жила: медь; изоляция резина; оболочка резина";кабель круглый;"жилы: 3; металл: медь; броня: без брони; оболочка: резина; экран: без экрана; толщина жил: очень крупные (120+ мм²); изоляция: резина";114;8;программный рендер;photos/F01098.webp
F01099;3;1099;Кабель и провод;"Кабель круглый; 5 жил; жилы средние (4–16 мм²); жила: медь; изоляция резина; оболочка резина";кабель круглый;"жилы: 5; металл: медь; броня: без брони; оболочка: резина; экран: без экрана; толщина жил: средние (4–16 мм²); изоляция: резина";114;9;программный рендер;photos/F01099.webp
F01100;3;1100;Кабель и провод;"Провод одножильный; 1 жила; жилы крупные (25–95 мм²); жила: медь; изоляция ПВХ; цвет изоляции белый";провод одножильный;"жилы: 1; металл: медь; броня: без брони; оболочка: нет (только изоляция); экран: без экрана; толщина жил: крупные (25–95 мм²); изоляция: ПВХ; цвет: белый";114;7;программный рендер;photos/F01100.webp
F01101;3;1101;Кабель и провод;"Термопарный; 13-24 жил; жилы тонкие (до 2,5 мм²); жила: сплав; изоляция ПВХ; оболочка ПВХ";термопарный;"жилы: 13-24; металл: сплав; броня: без брони; оболочка: ПВХ; экран: без экрана; толщина жил: тонкие (до 2,5 мм²); изоляция: ПВХ";114;13;генерация;photos/F01101.webp
F01102;3;1102;Низковольтное оборудование;Розетка встраиваемая;розетка встраиваемая;;114;12;генерация;photos/F01102.webp
F01103;3;1103;Трубопроводная арматура;Манометр цифровой;манометр цифровой;;114;1;генерация;photos/F01103.webp
F01104;3;1104;Лотки и кабеленесущие системы;"Стойка потолочного; горячий цинк (матовый)";стойка потолочного;признаки: горячий цинк (матовый);114;2;генерация;photos/F01104.webp
F01105;3;1105;Кабель и провод;"Кабель круглый; 1 жила; жилы очень крупные (120+ мм²); жила: медь; изоляция сшитый ПЭ; оболочка ПВХ; броня ленточная";кабель круглый;"жилы: 1; металл: медь; броня: броня ленточная; оболочка: ПВХ; экран: без экрана; толщина жил: очень крупные (120+ мм²); изоляция: сшитый ПЭ";113;4;генерация;photos/F01105.webp
F01106;3;1106;Кабель и провод;"Кабель круглый; 3 жил; жилы средние (4–16 мм²); жила: медь; изоляция ПВХ; оболочка безгалогенная (LSZH); экран (оплетка/фольга видна на срезе)";кабель круглый;"жилы: 3; металл: медь; броня: без брони; оболочка: безгалогенная (LSZH); экран: экран; толщина жил: средние (4–16 мм²); изоляция: ПВХ";113;5;генерация;photos/F01106.webp
F01107;3;1107;Кабель и провод;"Кабель круглый; 6-7 жил; жилы тонкие (до 2,5 мм²); жила: медь; изоляция ПВХ; оболочка резина; экран (оплетка/фольга видна на срезе)";кабель круглый;"жилы: 6-7; металл: медь; броня: без брони; оболочка: резина; экран: экран; толщина жил: тонкие (до 2,5 мм²); изоляция: ПВХ";113;6;генерация;photos/F01107.webp
F01108;3;1108;Кабель и провод;"Кабель круглый; жила: медь; изоляция ПВХ; оболочка фторопласт";кабель круглый;"жилы: не определено; металл: медь; броня: без брони; оболочка: фторопласт; экран: без экрана; толщина жил: не определено; изоляция: ПВХ";113;10;генерация;photos/F01108.webp
F01109;3;1109;Кабель и провод;Провод одножильный;провод одножильный;;113;9;генерация;photos/F01109.webp
F01110;3;1110;Инструмент;Микроскоп;микроскоп;;113;6;генерация;photos/F01110.webp
F01111;3;1111;Низковольтное оборудование;"Пускатель; крупный (115 А+)";пускатель;признаки: крупный (115 А+);113;5;генерация;photos/F01111.webp
F01112;3;1112;Станки и оборудование;Станок точильно-шлифовальный;станок точильно-шлифовальный;;113;5;генерация;photos/F01112.webp
F01113;3;1113;Складское оборудование;Штабелер ручной;штабелер ручной;;113;10;генерация;photos/F01113.webp
F01114;3;1114;Кабель и провод;"Кабель круглый; 25-48 жил; жила: медь";кабель круглый;"жилы: 25-48; металл: медь; броня: без брони";112;16;генерация;photos/F01114.webp
F01115;3;1115;Кабель и провод;"Кабель круглый; 5 жил; жилы крупные (25–95 мм²); жила: медь; изоляция резина; оболочка резина";кабель круглый;"жилы: 5; металл: медь; броня: без брони; оболочка: резина; экран: без экрана; толщина жил: крупные (25–95 мм²); изоляция: резина";112;10;программный рендер;photos/F01115.webp
F01116;3;1116;Кабель и провод;"Провод одножильный; 1 жила; жилы крупные (25–95 мм²); жила: медь; изоляция ПВХ; цвет изоляции красный";провод одножильный;"жилы: 1; металл: медь; броня: без брони; оболочка: нет (только изоляция); экран: без экрана; толщина жил: крупные (25–95 мм²); изоляция: ПВХ; цвет: красный";112;7;программный рендер;photos/F01116.webp
F01117;3;1117;Низковольтное оборудование;Разъем панельный;разъем панельный;;112;7;генерация;photos/F01117.webp
F01118;3;1118;Низковольтное оборудование;Шина нулевая;шина нулевая;;112;9;генерация;photos/F01118.webp
F01119;3;1119;Станки и оборудование;Станок магнитный;станок магнитный;;112;7;генерация;photos/F01119.webp
F01120;3;1120;Трубопроводная арматура;Задвижка шиберная;задвижка шиберная;;112;8;генерация;photos/F01120.webp
F01121;3;1121;Кабель и провод;"Кабель круглый; 1 жила; жилы средние (4–16 мм²); жила: медь; изоляция резина; оболочка безгалогенная (LSZH)";кабель круглый;"жилы: 1; металл: медь; броня: без брони; оболочка: безгалогенная (LSZH); экран: без экрана; толщина жил: средние (4–16 мм²); изоляция: резина";111;2;программный рендер;photos/F01121.webp
F01122;3;1122;Кабель и провод;"Кабель круглый; 2 жил; жилы тонкие (до 2,5 мм²); жила: медь; изоляция ПВХ; оболочка резина; экран (оплетка/фольга видна на срезе)";кабель круглый;"жилы: 2; металл: медь; броня: без брони; оболочка: резина; экран: экран; толщина жил: тонкие (до 2,5 мм²); изоляция: ПВХ";111;4;генерация;photos/F01122.webp
F01123;3;1123;Кабель и провод;"Кабель круглый; 3 жил; жилы тонкие (до 2,5 мм²); жила: медь; изоляция резина; оболочка ПВХ; экран (оплетка/фольга видна на срезе)";кабель круглый;"жилы: 3; металл: медь; броня: без брони; оболочка: ПВХ; экран: экран; толщина жил: тонкие (до 2,5 мм²); изоляция: резина";111;4;генерация;photos/F01123.webp
F01124;3;1124;Кабель и провод;"Кабель круглый; 6-7 жил; жилы крупные (25–95 мм²); жила: медь; изоляция ПВХ; оболочка ПВХ; экран (оплетка/фольга видна на срезе)";кабель круглый;"жилы: 6-7; металл: медь; броня: без брони; оболочка: ПВХ; экран: экран; толщина жил: крупные (25–95 мм²); изоляция: ПВХ";111;5;генерация;photos/F01124.webp
F01125;3;1125;Кабель и провод;"Термопарный; 8-12 жил; жилы тонкие (до 2,5 мм²); жила: сплав; изоляция ПВХ; оболочка ПВХ; экран (оплетка/фольга видна на срезе)";термопарный;"жилы: 8-12; металл: сплав; броня: без брони; оболочка: ПВХ; экран: экран; толщина жил: тонкие (до 2,5 мм²); изоляция: ПВХ";111;8;генерация;photos/F01125.webp
F01126;3;1126;Низковольтное оборудование;Цоколь;цоколь;;111;5;генерация;photos/F01126.webp
F01127;3;1127;Складское оборудование;Погрузчик дизельный;погрузчик дизельный;;111;2;генерация;photos/F01127.webp
F01128;3;1128;Кабель и провод;"Кабель круглый; 1 жила; жилы крупные (25–95 мм²); жила: алюминий; изоляция резина; оболочка ПВХ";кабель круглый;"жилы: 1; металл: алюминий; броня: без брони; оболочка: ПВХ; экран: без экрана; толщина жил: крупные (25–95 мм²); изоляция: резина";110;3;программный рендер;photos/F01128.webp
F01129;3;1129;Кабель и провод;"Кабель круглый; 5 жил; жилы крупные (25–95 мм²); жила: медь; изоляция ПВХ; оболочка безгалогенная (LSZH); экран (оплетка/фольга видна на срезе)";кабель круглый;"жилы: 5; металл: медь; броня: без брони; оболочка: безгалогенная (LSZH); экран: экран; толщина жил: крупные (25–95 мм²); изоляция: ПВХ";110;5;генерация;photos/F01129.webp
F01130;3;1130;Кабель и провод;"Кабель круглый; 5 жил; жилы тонкие (до 2,5 мм²); жила: медь; изоляция силикон; оболочка ПВХ; броня ленточная";кабель круглый;"жилы: 5; металл: медь; броня: броня ленточная; оболочка: ПВХ; экран: без экрана; толщина жил: тонкие (до 2,5 мм²); изоляция: силикон";110;3;генерация;photos/F01130.webp
F01131;3;1131;Кабель и провод;"Оптический; жила: оптическое волокно; изоляция ПВХ; оболочка ПВХ; броня ленточная";оптический;"жилы: —; металл: оптическое волокно; броня: броня ленточная; оболочка: ПВХ; экран: без экрана; толщина жил: —; изоляция: ПВХ";110;1;генерация;photos/F01131.webp
F01132;3;1132;Инструмент;Мультиметр;мультиметр;;110;3;генерация;photos/F01132.webp
F01133;3;1133;Насосы;Насос пластинчатый;насос пластинчатый;;110;2;генерация;photos/F01133.webp
F01134;3;1134;Кабель и провод;"Кабель круглый; 1 жила; жилы средние (4–16 мм²); жила: медь; изоляция ПВХ; оболочка ПВХ, цвет белый";кабель круглый;"жилы: 1; металл: медь; броня: без брони; оболочка: ПВХ; экран: без экрана; толщина жил: средние (4–16 мм²); изоляция: ПВХ; цвет: белый";109;2;программный рендер;photos/F01134.webp
F01135;3;1135;Кабель и провод;"Кабель круглый; 1 жила; жилы средние (4–16 мм²); жила: медь; изоляция ПВХ; оболочка ПВХ, цвет синий";кабель круглый;"жилы: 1; металл: медь; броня: без брони; оболочка: ПВХ; экран: без экрана; толщина жил: средние (4–16 мм²); изоляция: ПВХ; цвет: синий";109;2;программный рендер;photos/F01135.webp
F01136;3;1136;Кабель и провод;"Кабель круглый; 1 жила; жилы тонкие (до 2,5 мм²); жила: медь; изоляция ПВХ; оболочка ПВХ, цвет оранжевый";кабель круглый;"жилы: 1; металл: медь; броня: без брони; оболочка: ПВХ; экран: без экрана; толщина жил: тонкие (до 2,5 мм²); изоляция: ПВХ; цвет: оранжевый";109;4;программный рендер;photos/F01136.webp
F01137;3;1137;Кабель и провод;"Кабель круглый; 6-7 жил; жилы крупные (25–95 мм²); жила: медь; изоляция ПВХ; оболочка ПВХ";кабель круглый;"жилы: 6-7; металл: медь; броня: без брони; оболочка: ПВХ; экран: без экрана; толщина жил: крупные (25–95 мм²); изоляция: ПВХ";109;9;генерация;photos/F01137.webp
F01138;3;1138;Инструмент;Аппарат инверторный;аппарат инверторный;;109;4;генерация;photos/F01138.webp
F01139;3;1139;Низковольтное оборудование;Лампа;лампа;;109;6;генерация;photos/F01139.webp
F01140;3;1140;Насосы;Гидроаккумулятор;гидроаккумулятор;;109;8;генерация;photos/F01140.webp
F01141;3;1141;Насосы;Насос сточно-массный;насос сточно-массный;;109;10;генерация;photos/F01141.webp
F01142;3;1142;Кабель и провод;"Витая пара (LAN); 13-50 пар; жила: медь; изоляция полиэтилен; оболочка полиэтилен; экран (оплетка/фольга видна на срезе)";витая пара (LAN);"жилы: 13-50 пар; металл: медь; броня: без брони; оболочка: полиэтилен; экран: экран; толщина жил: —; изоляция: полиэтилен";108;6;генерация;photos/F01142.webp
F01143;3;1143;Кабель и провод;"Кабель круглый; 2 жил; жила: медь; броня ленточная";кабель круглый;"жилы: 2; металл: медь; броня: броня ленточная";108;13;генерация;photos/F01143.webp
F01144;3;1144;Кабель и провод;"Кабель круглый; 8-12 жил; жилы тонкие (до 2,5 мм²); жила: медь; изоляция ПВХ; оболочка свинец";кабель круглый;"жилы: 8-12; металл: медь; броня: без брони; оболочка: свинец; экран: без экрана; толщина жил: тонкие (до 2,5 мм²); изоляция: ПВХ";108;7;генерация;photos/F01144.webp
F01145;3;1145;Кабель и провод;"Провод многожильный (круглый); жила: медь";провод многожильный (круглый);металл: медь;108;9;генерация;photos/F01145.webp
F01146;3;1146;Кабель и провод;"Провод одножильный; 1 жила; жилы крупные (25–95 мм²); жила: медь; изоляция ПВХ; цвет изоляции зеленый";провод одножильный;"жилы: 1; металл: медь; броня: без брони; оболочка: нет (только изоляция); экран: без экрана; толщина жил: крупные (25–95 мм²); изоляция: ПВХ; цвет: зеленый";108;6;программный рендер;photos/F01146.webp
F01147;3;1147;Кабель и провод;"Провод одножильный; 1 жила; жилы крупные (25–95 мм²); жила: медь; изоляция ПВХ; цвет изоляции коричневый";провод одножильный;"жилы: 1; металл: медь; броня: без брони; оболочка: нет (только изоляция); экран: без экрана; толщина жил: крупные (25–95 мм²); изоляция: ПВХ; цвет: коричневый";108;6;программный рендер;photos/F01147.webp
F01148;3;1148;Низковольтное оборудование;Разъем;разъем;;108;13;генерация;photos/F01148.webp
F01149;3;1149;Трубопроводная арматура;Термоманометр;термоманометр;;108;4;генерация;photos/F01149.webp
F01150;3;1150;Редукторы;Фланец;фланец;;108;1;генерация;photos/F01150.webp
F01151;3;1151;Лотки и кабеленесущие системы;"Т-ответвитель лестничный; лестничный";т-ответвитель лестничный;признаки: лестничный;108;14;генерация;photos/F01151.webp
F01152;3;1152;Лотки и кабеленесущие системы;Т-ответвитель листовой;т-ответвитель листовой;;108;14;генерация;photos/F01152.webp
F01153;3;1153;Лотки и кабеленесущие системы;"Угол лестничный; лестничный; вертикальный";угол лестничный;признаки: лестничный · вертикальный;108;14;генерация;photos/F01153.webp
F01154;3;1154;Лотки и кабеленесущие системы;"Х-ответвитель лестничный; лестничный";х-ответвитель лестничный;признаки: лестничный;108;14;генерация;photos/F01154.webp
F01155;3;1155;Лотки и кабеленесущие системы;Х-ответвитель листовой;х-ответвитель листовой;;108;14;генерация;photos/F01155.webp
F01156;3;1156;Кабель и провод;"Кабель круглый; 13-24 жил; жилы крупные (25–95 мм²); жила: медь; изоляция ПВХ; оболочка резина; экран (оплетка/фольга видна на срезе)";кабель круглый;"жилы: 13-24; металл: медь; броня: без брони; оболочка: резина; экран: экран; толщина жил: крупные (25–95 мм²); изоляция: ПВХ";107;7;генерация;photos/F01156.webp
F01157;3;1157;Кабель и провод;"Кабель круглый; 2 жил; жила: медь; оболочка безгалогенная (LSZH)";кабель круглый;"жилы: 2; металл: медь; броня: без брони; оболочка: безгалогенная (LSZH)";107;9;программный рендер;photos/F01157.webp
F01158;3;1158;Кабель и провод;"Кабель круглый; 5 жил; жилы средние (4–16 мм²); жила: медь; изоляция ПВХ; оболочка ПВХ, цвет черный";кабель круглый;"жилы: 5; металл: медь; броня: без брони; оболочка: ПВХ; экран: без экрана; толщина жил: средние (4–16 мм²); изоляция: ПВХ; цвет: черный";107;5;программный рендер;photos/F01158.webp
F01159;3;1159;Кабель и провод;"Провод одножильный; 1 жила; жилы крупные (25–95 мм²); жила: медь; изоляция ПВХ; цвет изоляции синий";провод одножильный;"жилы: 1; металл: медь; броня: без брони; оболочка: нет (только изоляция); экран: без экрана; толщина жил: крупные (25–95 мм²); изоляция: ПВХ; цвет: синий";107;7;программный рендер;photos/F01159.webp
F01160;3;1160;Кабель и провод;"Кабель круглый; 13-24 жил; жилы тонкие (до 2,5 мм²); жила: медь; изоляция фторопласт; оболочка фторопласт";кабель круглый;"жилы: 13-24; металл: медь; броня: без брони; оболочка: фторопласт; экран: без экрана; толщина жил: тонкие (до 2,5 мм²); изоляция: фторопласт";106;16;генерация;photos/F01160.webp
F01161;3;1161;Кабель и провод;"Кабель круглый; 1 жила; жилы очень крупные (120+ мм²); жила: медь; изоляция ПВХ; оболочка безгалогенная (LSZH); экран (оплетка/фольга видна на срезе)";кабель круглый;"жилы: 1; металл: медь; броня: без брони; оболочка: безгалогенная (LSZH); экран: экран; толщина жил: очень крупные (120+ мм²); изоляция: ПВХ";106;3;генерация;photos/F01161.webp
F01162;3;1162;Кабель и провод;"Кабель круглый; 2 жил; жила: медь; оболочка термоэластопласт";кабель круглый;"жилы: 2; металл: медь; броня: без брони; оболочка: термоэластопласт";106;12;программный рендер;photos/F01162.webp
F01163;3;1163;Кабель и провод;"Кабель круглый; 4 жил; жила: медь; оболочка полиэтилен";кабель круглый;"жилы: 4; металл: медь; броня: без брони; оболочка: полиэтилен";106;13;программный рендер;photos/F01163.webp
F01164;3;1164;Низковольтное оборудование;Изолятор;изолятор;;106;10;генерация;photos/F01164.webp
F01165;3;1165;Трубопроводная арматура;Фланец воротниковый;фланец воротниковый;;106;9;генерация;photos/F01165.webp
F01166;3;1166;Кабель и провод;"Кабель круглый; 3 жил; жилы крупные (25–95 мм²); жила: алюминий; изоляция резина; оболочка ПВХ";кабель круглый;"жилы: 3; металл: алюминий; броня: без брони; оболочка: ПВХ; экран: без экрана; толщина жил: крупные (25–95 мм²); изоляция: резина";105;3;программный рендер;photos/F01166.webp
F01167;3;1167;Кабель и провод;"Кабель круглый; 4 жил; жилы тонкие (до 2,5 мм²); жила: медь; изоляция ПВХ; оболочка ПВХ; броня проволочная";кабель круглый;"жилы: 4; металл: медь; броня: броня проволочная; оболочка: ПВХ; экран: без экрана; толщина жил: тонкие (до 2,5 мм²); изоляция: ПВХ";105;3;генерация;photos/F01167.webp
F01168;3;1168;Инструмент;Компрессор воздушный;компрессор воздушный;;105;5;генерация;photos/F01168.webp
F01169;3;1169;Инструмент;Лобзик;лобзик;;105;4;генерация;photos/F01169.webp
F01170;3;1170;Светильники;Диммер;диммер;;105;6;генерация;photos/F01170.webp
F01171;3;1171;Низковольтное оборудование;Кабельный ввод;кабельный ввод;;105;5;генерация;photos/F01171.webp
F01172;3;1172;Насосы;Насос вакуумный;насос вакуумный;;105;10;генерация;photos/F01172.webp
F01173;3;1173;Монтажные изделия для кабеля;Держатель;держатель;;105;7;генерация;photos/F01173.webp
F01174;3;1174;Лотки и кабеленесущие системы;"Ответвитель т-образный; вертикальный";ответвитель т-образный;признаки: вертикальный;105;14;генерация;photos/F01174.webp
F01175;3;1175;Кабель и провод;"Кабель круглый; 1 жила; жилы крупные (25–95 мм²); жила: медь; изоляция ПВХ; оболочка ПВХ, цвет синий";кабель круглый;"жилы: 1; металл: медь; броня: без брони; оболочка: ПВХ; экран: без экрана; толщина жил: крупные (25–95 мм²); изоляция: ПВХ; цвет: синий";104;3;программный рендер;photos/F01175.webp
F01176;3;1176;Кабель и провод;"Кабель круглый; 1 жила; жилы средние (4–16 мм²); жила: медь; изоляция фторопласт; оболочка ПВХ";кабель круглый;"жилы: 1; металл: медь; броня: без брони; оболочка: ПВХ; экран: без экрана; толщина жил: средние (4–16 мм²); изоляция: фторопласт";104;12;программный рендер;photos/F01176.webp
F01177;3;1177;Кабель и провод;"Кабель круглый; 3 жил; жилы средние (4–16 мм²); жила: алюминий; изоляция ПВХ; оболочка ПВХ; броня ленточная";кабель круглый;"жилы: 3; металл: алюминий; броня: броня ленточная; оболочка: ПВХ; экран: без экрана; толщина жил: средние (4–16 мм²); изоляция: ПВХ";104;5;генерация;photos/F01177.webp
F01178;3;1178;Кабель и провод;"Кабель круглый; 3 жил; жилы средние (4–16 мм²); жила: медь; изоляция резина; оболочка ПВХ; экран (оплетка/фольга видна на срезе)";кабель круглый;"жилы: 3; металл: медь; броня: без брони; оболочка: ПВХ; экран: экран; толщина жил: средние (4–16 мм²); изоляция: резина";104;3;генерация;photos/F01178.webp
F01179;3;1179;Кабель и провод;"Кабель круглый; 6-7 жил; жилы тонкие (до 2,5 мм²); жила: медь; изоляция сшитый ПЭ; оболочка ПВХ; броня ленточная";кабель круглый;"жилы: 6-7; металл: медь; броня: броня ленточная; оболочка: ПВХ; экран: без экрана; толщина жил: тонкие (до 2,5 мм²); изоляция: сшитый ПЭ";104;8;генерация;photos/F01179.webp
F01180;3;1180;Кабель и провод;"Провод одножильный; 1 жила; жилы тонкие (до 2,5 мм²); жила: медь; изоляция шелк; экран (оплетка/фольга видна на срезе)";провод одножильный;"жилы: 1; металл: медь; броня: без брони; оболочка: нет (только изоляция); экран: экран; толщина жил: тонкие (до 2,5 мм²); изоляция: шелк";104;3;генерация;photos/F01180.webp
F01181;3;1181;Электродвигатели;"Электродвигатель; однофазный; габарит 56–90; лапы + фланец";электродвигатель;признаки: однофазный · габарит 56–90 · лапы + фланец;104;4;генерация;photos/F01181.webp
F01182;3;1182;Монтажные изделия для кабеля;Контакт;контакт;;104;1;генерация;photos/F01182.webp
F01183;3;1183;Складское оборудование;Ветвь цепная;ветвь цепная;;104;8;генерация;photos/F01183.webp
F01184;3;1184;Складское оборудование;группа «Трелевочные чокеры»;изделия группы «Трелевочные чокеры»;;104;5;генерация;photos/F01184.webp
F01185;3;1185;Кабель и провод;"Кабель круглый; 1 жила; жилы средние (4–16 мм²); жила: алюминий; изоляция ПВХ; оболочка ПВХ";кабель круглый;"жилы: 1; металл: алюминий; броня: без брони; оболочка: ПВХ; экран: без экрана; толщина жил: средние (4–16 мм²); изоляция: ПВХ";103;4;программный рендер;photos/F01185.webp
F01186;3;1186;Кабель и провод;"Кабель круглый; 1 жила; жилы тонкие (до 2,5 мм²); жила: медь; изоляция резина; оболочка ПВХ";кабель круглый;"жилы: 1; металл: медь; броня: без брони; оболочка: ПВХ; экран: без экрана; толщина жил: тонкие (до 2,5 мм²); изоляция: резина";103;3;программный рендер;photos/F01186.webp
F01187;3;1187;Кабель и провод;"Кабель круглый; 2 жил; жила: медь; оболочка резина";кабель круглый;"жилы: 2; металл: медь; броня: без брони; оболочка: резина";103;11;программный рендер;photos/F01187.webp
F01188;3;1188;Кабель и провод;"Кабель круглый; 3 жил; жила: медь; оболочка безгалогенная (LSZH)";кабель круглый;"жилы: 3; металл: медь; броня: без брони; оболочка: безгалогенная (LSZH)";103;8;программный рендер;photos/F01188.webp
F01189;3;1189;Монтажные изделия для кабеля;Аксессуар;аксессуар;;103;1;генерация;photos/F01189.webp
F01190;3;1190;Кабель и провод;"Витая пара (LAN); 4 пар; жила: медь; изоляция ПВХ; оболочка безгалогенная (LSZH); экран (оплетка/фольга видна на срезе)";витая пара (LAN);"жилы: 4 пар; металл: медь; броня: без брони; оболочка: безгалогенная (LSZH); экран: экран; толщина жил: —; изоляция: ПВХ";102;4;генерация;photos/F01190.webp
F01191;3;1191;Кабель и провод;"Кабель круглый; 1 жила; жилы тонкие (до 2,5 мм²); жила: медь; изоляция ПВХ; оболочка ПВХ; броня ленточная";кабель круглый;"жилы: 1; металл: медь; броня: броня ленточная; оболочка: ПВХ; экран: без экрана; толщина жил: тонкие (до 2,5 мм²); изоляция: ПВХ";102;5;генерация;photos/F01191.webp
F01192;3;1192;Кабель и провод;"Кабель круглый; 2 жил; жилы тонкие (до 2,5 мм²); жила: медь; изоляция полиэтилен; оболочка ПВХ";кабель круглый;"жилы: 2; металл: медь; броня: без брони; оболочка: ПВХ; экран: без экрана; толщина жил: тонкие (до 2,5 мм²); изоляция: полиэтилен";102;5;программный рендер;photos/F01192.webp
F01193;3;1193;Кабель и провод;"Кабель круглый; 5 жил; жила: медь; оболочка безгалогенная (LSZH)";кабель круглый;"жилы: 5; металл: медь; броня: без брони; оболочка: безгалогенная (LSZH)";102;8;программный рендер;photos/F01193.webp
F01194;3;1194;Низковольтное оборудование;"Рубильник-переключатель (самое частое в группе); группа «Выключатели нагрузки и разъединители»";изделия группы «Выключатели нагрузки и разъединители»;;102;12;генерация;photos/F01194.webp
F01195;3;1195;Станки и оборудование;Фреза радиусная;фреза радиусная;;102;2;генерация;photos/F01195.webp
F01196;3;1196;Складское оборудование;Захват;захват;;102;11;генерация;photos/F01196.webp
F01197;3;1197;Кабель и провод;"Кабель круглый; 13-24 жил; жилы тонкие (до 2,5 мм²); жила: медь; изоляция ПВХ; оболочка ПВХ, цвет черный; экран (оплетка/фольга видна на срезе)";кабель круглый;"жилы: 13-24; металл: медь; броня: без брони; оболочка: ПВХ; экран: экран; толщина жил: тонкие (до 2,5 мм²); изоляция: ПВХ; цвет: черный";101;13;генерация;photos/F01197.webp
F01198;3;1198;Кабель и провод;"Кабель круглый; 4 жил; жилы очень крупные (120+ мм²); жила: медь; изоляция ПВХ; оболочка безгалогенная (LSZH); экран (оплетка/фольга видна на срезе)";кабель круглый;"жилы: 4; металл: медь; броня: без брони; оболочка: безгалогенная (LSZH); экран: экран; толщина жил: очень крупные (120+ мм²); изоляция: ПВХ";101;6;генерация;photos/F01198.webp
F01199;3;1199;Кабель и провод;"Провод одножильный; 1 жила; жила: сталеалюминий; изоляция ПВХ";провод одножильный;"жилы: 1; металл: сталеалюминий; броня: без брони; оболочка: нет (только изоляция); экран: без экрана; толщина жил: не определено; изоляция: ПВХ";101;5;программный рендер;photos/F01199.webp
F01200;3;1200;Кабель и провод;"Кабель круглый; 13-24 жил; жилы тонкие (до 2,5 мм²); жила: медь; изоляция резина; оболочка резина; броня ленточная";кабель круглый;"жилы: 13-24; металл: медь; броня: броня ленточная; оболочка: резина; экран: без экрана; толщина жил: тонкие (до 2,5 мм²); изоляция: резина";100;9;генерация;photos/F01200.webp
F01201;3;1201;Кабель и провод;"Кабель круглый; 3 жил; жила: алюминий; броня ленточная";кабель круглый;"жилы: 3; металл: алюминий; броня: броня ленточная";100;13;генерация;photos/F01201.webp
F01202;3;1202;Кабель и провод;"Кабель круглый; 5 жил; жилы тонкие (до 2,5 мм²); жила: медь; изоляция резина; оболочка ПВХ; экран (оплетка/фольга видна на срезе)";кабель круглый;"жилы: 5; металл: медь; броня: без брони; оболочка: ПВХ; экран: экран; толщина жил: тонкие (до 2,5 мм²); изоляция: резина";100;3;генерация;photos/F01202.webp
F01203;3;1203;Кабель и провод;"Кабель круглый; 5 жил; жилы средние (4–16 мм²); жила: медь; изоляция ПВХ; оболочка резина";кабель круглый;"жилы: 5; металл: медь; броня: без брони; оболочка: резина; экран: без экрана; толщина жил: средние (4–16 мм²); изоляция: ПВХ";100;6;программный рендер;photos/F01203.webp
F01204;3;1204;Кабель и провод;"Кабель круглый; 6-7 жил; жилы тонкие (до 2,5 мм²); жила: медь; изоляция ПВХ; оболочка безгалогенная (LSZH); броня ленточная";кабель круглый;"жилы: 6-7; металл: медь; броня: броня ленточная; оболочка: безгалогенная (LSZH); экран: без экрана; толщина жил: тонкие (до 2,5 мм²); изоляция: ПВХ";100;7;генерация;photos/F01204.webp
F01205;3;1205;Лотки и кабеленесущие системы;Профиль двойной;профиль двойной;;100;5;генерация;photos/F01205.webp
F01206;3;1206;Кабель и провод;"Кабель круглый; 1 жила; жила: медь; оболочка резина";кабель круглый;"жилы: 1; металл: медь; броня: без брони; оболочка: резина";99;7;программный рендер;photos/F01206.webp
F01207;3;1207;Кабель и провод;"Кабель круглый; 4 жил; жилы очень крупные (120+ мм²); жила: алюминий; изоляция сшитый ПЭ; оболочка ПВХ; броня ленточная";кабель круглый;"жилы: 4; металл: алюминий; броня: броня ленточная; оболочка: ПВХ; экран: без экрана; толщина жил: очень крупные (120+ мм²); изоляция: сшитый ПЭ";99;6;генерация;photos/F01207.webp
F01208;3;1208;Кабель и провод;"Провод многожильный (круглый); 2 жил; жила: медь";провод многожильный (круглый);"жилы: 2; металл: медь; броня: без брони";99;8;программный рендер;photos/F01208.webp
F01209;3;1209;Кабель и провод;"Провод одножильный; 1 жила; жилы тонкие (до 2,5 мм²); жила: медь; изоляция ПВХ; цвет изоляции желтый; экран (оплетка/фольга видна на срезе)";провод одножильный;"жилы: 1; металл: медь; броня: без брони; оболочка: нет (только изоляция); экран: экран; толщина жил: тонкие (до 2,5 мм²); изоляция: ПВХ; цвет: желтый";99;5;генерация;photos/F01209.webp
F01210;3;1210;Светильники;"Дроссель (самое частое в группе); группа «Комплектующие для освещения»";изделия группы «Комплектующие для освещения»;;99;9;генерация;photos/F01210.webp
F01211;3;1211;Складское оборудование;Комплект;комплект;;99;11;генерация;photos/F01211.webp
F01212;3;1212;Складское оборудование;Ричтрак электрический;ричтрак электрический;;99;3;генерация;photos/F01212.webp
F01213;3;1213;Кабель и провод;"Кабель круглый; 25-48 жил; жила: медь; броня ленточная";кабель круглый;"жилы: 25-48; металл: медь; броня: броня ленточная";98;12;генерация;photos/F01213.webp
F01214;3;1214;Кабель и провод;"Кабель круглый; 2 жил; жилы средние (4–16 мм²); жила: медь; изоляция резина; оболочка ПВХ; экран (оплетка/фольга видна на срезе)";кабель круглый;"жилы: 2; металл: медь; броня: без брони; оболочка: ПВХ; экран: экран; толщина жил: средние (4–16 мм²); изоляция: резина";98;2;генерация;photos/F01214.webp
F01215;3;1215;Кабель и провод;"Кабель круглый; 3 жил; жилы очень крупные (120+ мм²); жила: алюминий; изоляция резина; оболочка ПВХ";кабель круглый;"жилы: 3; металл: алюминий; броня: без брони; оболочка: ПВХ; экран: без экрана; толщина жил: очень крупные (120+ мм²); изоляция: резина";98;3;программный рендер;photos/F01215.webp
F01216;3;1216;Кабель и провод;"Кабель круглый; 4 жил; жила: алюминий";кабель круглый;"жилы: 4; металл: алюминий";98;9;генерация;photos/F01216.webp
F01217;3;1217;Кабель и провод;"Кабель круглый; 4 жил; жила: алюминий; оболочка ПВХ; броня ленточная";кабель круглый;"жилы: 4; металл: алюминий; броня: броня ленточная; оболочка: ПВХ";98;11;генерация;photos/F01217.webp
F01218;3;1218;Кабель и провод;"Кабель круглый; 5 жил; жилы средние (4–16 мм²); жила: алюминий; изоляция ПВХ; оболочка ПВХ; броня ленточная";кабель круглый;"жилы: 5; металл: алюминий; броня: броня ленточная; оболочка: ПВХ; экран: без экрана; толщина жил: средние (4–16 мм²); изоляция: ПВХ";98;4;генерация;photos/F01218.webp
F01219;3;1219;Кабель и провод;"Провод многожильный (круглый); жила: сплав";провод многожильный (круглый);металл: сплав;98;13;генерация;photos/F01219.webp
F01220;3;1220;Кабель и провод;"Провод одножильный; 1 жила; жила: медь";провод одножильный;"жилы: 1; металл: медь; броня: без брони; оболочка: нет (только изоляция); экран: без экрана; толщина жил: не определено";98;1;программный рендер;photos/F01220.webp
F01221;3;1221;Видеонаблюдение;"Удлинитель (самое частое в группе); группа «Комплектующие для видеонаблюдения»";изделия группы «Комплектующие для видеонаблюдения»;;98;9;генерация;photos/F01221.webp
F01222;3;1222;Кабель и провод;"Кабель круглый; 1 жила; жила: алюминий; оболочка ПВХ";кабель круглый;"жилы: 1; металл: алюминий; броня: без брони; оболочка: ПВХ";97;10;программный рендер;photos/F01222.webp
F01223;3;1223;Кабель и провод;"Кабель круглый; 1 жила; жилы тонкие (до 2,5 мм²); жила: медь; изоляция сшитый ПЭ; оболочка ПВХ";кабель круглый;"жилы: 1; металл: медь; броня: без брони; оболочка: ПВХ; экран: без экрана; толщина жил: тонкие (до 2,5 мм²); изоляция: сшитый ПЭ";97;5;программный рендер;photos/F01223.webp
F01224;3;1224;Кабель и провод;"Кабель круглый; 1 жила; жилы крупные (25–95 мм²); жила: медь; изоляция ПВХ; оболочка безгалогенная (LSZH); экран (оплетка/фольга видна на срезе)";кабель круглый;"жилы: 1; металл: медь; броня: без брони; оболочка: безгалогенная (LSZH); экран: экран; толщина жил: крупные (25–95 мм²); изоляция: ПВХ";97;3;генерация;photos/F01224.webp
F01225;3;1225;Кабель и провод;"Кабель круглый; 1 жила; жилы тонкие (до 2,5 мм²); жила: медь; изоляция ПВХ; оболочка полиуретан";кабель круглый;"жилы: 1; металл: медь; броня: без брони; оболочка: полиуретан; экран: без экрана; толщина жил: тонкие (до 2,5 мм²); изоляция: ПВХ";97;7;программный рендер;photos/F01225.webp
F01226;3;1226;Кабель и провод;"Кабель круглый; 2 жил; жилы крупные (25–95 мм²); жила: медь; изоляция ПВХ; оболочка безгалогенная (LSZH); экран (оплетка/фольга видна на срезе)";кабель круглый;"жилы: 2; металл: медь; броня: без брони; оболочка: безгалогенная (LSZH); экран: экран; толщина жил: крупные (25–95 мм²); изоляция: ПВХ";97;4;генерация;photos/F01226.webp
F01227;3;1227;Кабель и провод;"Коаксиальный; жила: медь; изоляция полиэтилен; оболочка полиэтилен; экран (оплетка/фольга видна на срезе)";коаксиальный;"жилы: —; металл: медь; броня: без брони; оболочка: полиэтилен; экран: экран; толщина жил: —; изоляция: полиэтилен";97;1;генерация;photos/F01227.webp
F01228;3;1228;Кабель и провод;"Провод одножильный; 1 жила; жила: алюминий; изоляция ПВХ; экран (оплетка/фольга видна на срезе)";провод одножильный;"жилы: 1; металл: алюминий; броня: без брони; оболочка: нет (только изоляция); экран: экран; толщина жил: не определено; изоляция: ПВХ";97;1;генерация;photos/F01228.webp
F01229;3;1229;Строительное оборудование;Машина полировальная;машина полировальная;;97;5;генерация;photos/F01229.webp
F01230;3;1230;Инструмент;Аппарат;аппарат;;97;11;генерация;photos/F01230.webp
F01231;3;1231;Трубопроводная арматура;Компенсатор резиновый;компенсатор резиновый;;97;7;генерация;photos/F01231.webp
F01232;3;1232;Складское оборудование;Лебедка;лебедка;;97;9;генерация;photos/F01232.webp
F01233;3;1233;Складское оборудование;Шкаф инструментальный;шкаф инструментальный;;97;5;генерация;photos/F01233.webp
F01234;3;1234;Кабель и провод;"Витая пара (LAN); 4 пар; жила: медь; изоляция ПВХ; оболочка полиэтилен";витая пара (LAN);"жилы: 4 пар; металл: медь; броня: без брони; оболочка: полиэтилен; экран: без экрана; толщина жил: —; изоляция: ПВХ";96;10;генерация;photos/F01234.webp
F01235;3;1235;Кабель и провод;"Кабель круглый; 13-24 жил; жилы тонкие (до 2,5 мм²); жила: медь; изоляция ПВХ; оболочка полиуретан, цвет серый; экран (оплетка/фольга видна на срезе)";кабель круглый;"жилы: 13-24; металл: медь; броня: без брони; оболочка: полиуретан; экран: экран; толщина жил: тонкие (до 2,5 мм²); изоляция: ПВХ; цвет: серый";96;11;генерация;photos/F01235.webp
F01236;3;1236;Кабель и провод;"Кабель круглый; 49+ жил; жила: медь";кабель круглый;"жилы: 49+; металл: медь; броня: без брони";96;10;генерация;photos/F01236.webp
F01237;3;1237;Кабель и провод;"Термопарный; 1 жила; жилы тонкие (до 2,5 мм²); жила: термопарный сплав; изоляция ПВХ; оболочка ПВХ";термопарный;"жилы: 1; металл: термопарный сплав; броня: без брони; оболочка: ПВХ; экран: без экрана; толщина жил: тонкие (до 2,5 мм²); изоляция: ПВХ";96;2;генерация;photos/F01237.webp
F01238;3;1238;Кабель и провод;"Термопарный; 1 жила; жилы тонкие (до 2,5 мм²); жила: термопарный сплав; изоляция ПВХ; оболочка ПВХ; экран (оплетка/фольга видна на срезе)";термопарный;"жилы: 1; металл: термопарный сплав; броня: без брони; оболочка: ПВХ; экран: экран; толщина жил: тонкие (до 2,5 мм²); изоляция: ПВХ";96;2;генерация;photos/F01238.webp
F01239;3;1239;Кабель и провод;"Термопарный; 4 жил; жилы крупные (25–95 мм²); жила: термопарный сплав; изоляция ПВХ; оболочка ПВХ";термопарный;"жилы: 4; металл: термопарный сплав; броня: без брони; оболочка: ПВХ; экран: без экрана; толщина жил: крупные (25–95 мм²); изоляция: ПВХ";96;4;генерация;photos/F01239.webp
F01240;3;1240;Кабель и провод;"Термопарный; 6-7 жил; жилы крупные (25–95 мм²); жила: термопарный сплав; изоляция ПВХ; оболочка ПВХ";термопарный;"жилы: 6-7; металл: термопарный сплав; броня: без брони; оболочка: ПВХ; экран: без экрана; толщина жил: крупные (25–95 мм²); изоляция: ПВХ";96;4;генерация;photos/F01240.webp
F01241;3;1241;Кабель и провод;"Термопарный; 8-12 жил; жилы тонкие (до 2,5 мм²); жила: сплав; изоляция ПВХ; оболочка ПВХ";термопарный;"жилы: 8-12; металл: сплав; броня: без брони; оболочка: ПВХ; экран: без экрана; толщина жил: тонкие (до 2,5 мм²); изоляция: ПВХ";96;12;генерация;photos/F01241.webp
F01242;3;1242;Низковольтное оборудование;Держатель;держатель;;96;9;генерация;photos/F01242.webp
F01243;3;1243;Низковольтное оборудование;"Щит; навесной";щит;признаки: навесной;96;5;генерация;photos/F01243.webp
F01244;3;1244;Станки и оборудование;Станок токарно-винторезный;станок токарно-винторезный;;96;6;генерация;photos/F01244.webp
F01245;3;1245;Складское оборудование;Верстак однотумбовый;верстак однотумбовый;;96;3;генерация;photos/F01245.webp
F01246;3;1246;Кабель и провод;"Кабель круглый; 1 жила; жилы очень крупные (120+ мм²); жила: медь; изоляция сшитый ПЭ; оболочка безгалогенная (LSZH)";кабель круглый;"жилы: 1; металл: медь; броня: без брони; оболочка: безгалогенная (LSZH); экран: без экрана; толщина жил: очень крупные (120+ мм²); изоляция: сшитый ПЭ";95;3;программный рендер;photos/F01246.webp
F01247;3;1247;Кабель и провод;"Кабель круглый; 2 жил; жила: алюминий; оболочка безгалогенная (LSZH)";кабель круглый;"жилы: 2; металл: алюминий; броня: без брони; оболочка: безгалогенная (LSZH)";95;9;программный рендер;photos/F01247.webp
F01248;3;1248;Кабель и провод;"Кабель круглый; 2 жил; жилы тонкие (до 2,5 мм²); жила: медь; изоляция ПВХ; оболочка ПВХ; броня проволочная";кабель круглый;"жилы: 2; металл: медь; броня: броня проволочная; оболочка: ПВХ; экран: без экрана; толщина жил: тонкие (до 2,5 мм²); изоляция: ПВХ";95;3;генерация;photos/F01248.webp
F01249;3;1249;Кабель и провод;"Кабель круглый; 4 жил; жилы очень крупные (120+ мм²); жила: медь; изоляция бумага; оболочка свинец";кабель круглый;"жилы: 4; металл: медь; броня: без брони; оболочка: свинец; экран: без экрана; толщина жил: очень крупные (120+ мм²); изоляция: бумага";95;6;программный рендер;photos/F01249.webp
F01250;3;1250;Кабель и провод;"Кабель круглый; 5 жил; жилы крупные (25–95 мм²); жила: алюминий; изоляция ПВХ; оболочка ПВХ; броня ленточная";кабель круглый;"жилы: 5; металл: алюминий; броня: броня ленточная; оболочка: ПВХ; экран: без экрана; толщина жил: крупные (25–95 мм²); изоляция: ПВХ";95;5;генерация;photos/F01250.webp
F01251;3;1251;Электродвигатели;"Электродвигатель; взрывозащищенный; габарит 100–132; лапы + фланец";электродвигатель;признаки: взрывозащищенный · габарит 100–132 · лапы + фланец;95;4;генерация;photos/F01251.webp
F01252;3;1252;Низковольтное оборудование;Реле интерфейсное;реле интерфейсное;;95;2;генерация;photos/F01252.webp
F01253;3;1253;Станки и оборудование;Корпус;корпус;;95;4;генерация;photos/F01253.webp
F01254;3;1254;Кабель и провод;"Кабель круглый; 25-48 жил; жилы тонкие (до 2,5 мм²); жила: медь; изоляция ПВХ; оболочка полиуретан, цвет серый; экран (оплетка/фольга видна на срезе)";кабель круглый;"жилы: 25-48; металл: медь; броня: без брони; оболочка: полиуретан; экран: экран; толщина жил: тонкие (до 2,5 мм²); изоляция: ПВХ; цвет: серый";94;10;генерация;photos/F01254.webp
F01255;3;1255;Кабель и провод;"Кабель круглый; 8-12 жил; жилы тонкие (до 2,5 мм²); жила: медь; изоляция ПВХ; оболочка ПВХ, цвет черный; экран (оплетка/фольга видна на срезе)";кабель круглый;"жилы: 8-12; металл: медь; броня: без брони; оболочка: ПВХ; экран: экран; толщина жил: тонкие (до 2,5 мм²); изоляция: ПВХ; цвет: черный";94;12;генерация;photos/F01255.webp
F01256;3;1256;Кабель и провод;"Кабель круглый; 8-12 жил; жилы тонкие (до 2,5 мм²); жила: медь; изоляция ПВХ; оболочка полиэтилен; броня ленточная";кабель круглый;"жилы: 8-12; металл: медь; броня: броня ленточная; оболочка: полиэтилен; экран: без экрана; толщина жил: тонкие (до 2,5 мм²); изоляция: ПВХ";94;8;генерация;photos/F01256.webp
F01257;3;1257;Кабель и провод;"Провод одножильный; 1 жила; жилы средние (4–16 мм²); жила: медь; изоляция ПВХ; цвет изоляции коричневый";провод одножильный;"жилы: 1; металл: медь; броня: без брони; оболочка: нет (только изоляция); экран: без экрана; толщина жил: средние (4–16 мм²); изоляция: ПВХ; цвет: коричневый";94;4;программный рендер;photos/F01257.webp
F01258;3;1258;Строительное оборудование;Вибратор внешний;вибратор внешний;;94;7;генерация;photos/F01258.webp
F01259;3;1259;Конвейерные ленты;Техпластина;техпластина;;94;3;генерация;photos/F01259.webp
F01260;3;1260;Низковольтное оборудование;Разъединитель;разъединитель;;94;12;генерация;photos/F01260.webp
F01261;3;1261;Низковольтное оборудование;Шина соединительная;шина соединительная;;94;10;генерация;photos/F01261.webp
F01262;3;1262;Монтажные изделия для кабеля;Изделия раздела «Монтажные изделия для кабеля»;изделия раздела «Монтажные изделия для кабеля»;;94;1;генерация;photos/F01262.webp
F01263;3;1263;Монтажные изделия для кабеля;"Труба гладкая; гладкая; ПВХ (серая)";труба гладкая;признаки: гладкая · ПВХ (серая);94;4;генерация;photos/F01263.webp
F01264;3;1264;Лотки и кабеленесущие системы;"Профиль перфорированный; перфорированный; горячий цинк (матовый)";профиль перфорированный;признаки: перфорированный · горячий цинк (матовый);94;2;генерация;photos/F01264.webp
F01265;3;1265;Кабель и провод;"Кабель круглый; 3 жил; жила: алюминий; оболочка ПВХ; броня ленточная";кабель круглый;"жилы: 3; металл: алюминий; броня: броня ленточная; оболочка: ПВХ";93;7;генерация;photos/F01265.webp
F01266;3;1266;Кабель и провод;"Кабель круглый; 4 жил; жила: медь; оболочка ПВХ; броня проволочная";кабель круглый;"жилы: 4; металл: медь; броня: броня проволочная; оболочка: ПВХ";93;8;генерация;photos/F01266.webp
F01267;3;1267;Кабель и провод;"Провод одножильный; 1 жила; жилы очень крупные (120+ мм²); жила: медь; изоляция ПВХ; цвет изоляции белый";провод одножильный;"жилы: 1; металл: медь; броня: без брони; оболочка: нет (только изоляция); экран: без экрана; толщина жил: очень крупные (120+ мм²); изоляция: ПВХ; цвет: белый";93;6;программный рендер;photos/F01267.webp
F01268;3;1268;Кабель и провод;"Провод одножильный; 1 жила; жилы средние (4–16 мм²); жила: медь; изоляция ПВХ; цвет изоляции зеленый";провод одножильный;"жилы: 1; металл: медь; броня: без брони; оболочка: нет (только изоляция); экран: без экрана; толщина жил: средние (4–16 мм²); изоляция: ПВХ; цвет: зеленый";93;4;программный рендер;photos/F01268.webp
F01269;3;1269;Кабель и провод;"Термопарный; 4 жил; жилы крупные (25–95 мм²); жила: термопарный сплав; изоляция ПВХ; оболочка ПВХ; экран (оплетка/фольга видна на срезе)";термопарный;"жилы: 4; металл: термопарный сплав; броня: без брони; оболочка: ПВХ; экран: экран; толщина жил: крупные (25–95 мм²); изоляция: ПВХ";93;5;генерация;photos/F01269.webp
F01270;3;1270;Кабель и провод;"Термопарный; 6-7 жил; жилы крупные (25–95 мм²); жила: термопарный сплав; изоляция ПВХ; оболочка ПВХ; экран (оплетка/фольга видна на срезе)";термопарный;"жилы: 6-7; металл: термопарный сплав; броня: без брони; оболочка: ПВХ; экран: экран; толщина жил: крупные (25–95 мм²); изоляция: ПВХ";93;5;генерация;photos/F01270.webp
F01271;3;1271;Инструмент;Генератор инверторный;генератор инверторный;;93;10;генерация;photos/F01271.webp
F01272;3;1272;Низковольтное оборудование;Выключатель кнопочный;выключатель кнопочный;;93;11;генерация;photos/F01272.webp
F01273;3;1273;Низковольтное оборудование;"Выключатель; модульный на DIN-рейку; 2P";выключатель;признаки: модульный на DIN-рейку · 2P;93;10;генерация;photos/F01273.webp
F01274;3;1274;Низковольтное оборудование;Привод моторный;привод моторный;;93;3;генерация;photos/F01274.webp
F01275;3;1275;Редукторы;Редуктор крановый;редуктор крановый;;93;7;генерация;photos/F01275.webp
F01276;3;1276;Кабель и провод;"Кабель круглый; 13-24 жил; жилы тонкие (до 2,5 мм²); жила: медь; изоляция силикон; оболочка резина";кабель круглый;"жилы: 13-24; металл: медь; броня: без брони; оболочка: резина; экран: без экрана; толщина жил: тонкие (до 2,5 мм²); изоляция: силикон";92;13;генерация;photos/F01276.webp
F01277;3;1277;Кабель и провод;"Кабель круглый; 13-24 жил; жилы тонкие (до 2,5 мм²); жила: медь; изоляция силикон; оболочка резина; экран (оплетка/фольга видна на срезе)";кабель круглый;"жилы: 13-24; металл: медь; броня: без брони; оболочка: резина; экран: экран; толщина жил: тонкие (до 2,5 мм²); изоляция: силикон";92;13;генерация;photos/F01277.webp
F01278;3;1278;Кабель и провод;"Кабель круглый; 1 жила; жилы крупные (25–95 мм²); жила: алюминий; изоляция ПВХ; оболочка ПВХ; броня ленточная";кабель круглый;"жилы: 1; металл: алюминий; броня: броня ленточная; оболочка: ПВХ; экран: без экрана; толщина жил: крупные (25–95 мм²); изоляция: ПВХ";92;6;генерация;photos/F01278.webp
F01279;3;1279;Кабель и провод;"Кабель круглый; 3 жил; жилы тонкие (до 2,5 мм²); жила: медь; изоляция фторопласт; оболочка ПВХ";кабель круглый;"жилы: 3; металл: медь; броня: без брони; оболочка: ПВХ; экран: без экрана; толщина жил: тонкие (до 2,5 мм²); изоляция: фторопласт";92;7;программный рендер;photos/F01279.webp
F01280;3;1280;Кабель и провод;"Кабель круглый; 3 жил; жилы очень крупные (120+ мм²); жила: медь; изоляция резина; оболочка резина; экран (оплетка/фольга видна на срезе)";кабель круглый;"жилы: 3; металл: медь; броня: без брони; оболочка: резина; экран: экран; толщина жил: очень крупные (120+ мм²); изоляция: резина";92;6;генерация;photos/F01280.webp
F01281;3;1281;Кабель и провод;"Провод многожильный (круглый); 2 жил; жилы тонкие (до 2,5 мм²); жила: термопарный сплав; изоляция ПВХ; оболочка ПВХ";провод многожильный (круглый);"жилы: 2; металл: термопарный сплав; броня: без брони; оболочка: ПВХ; экран: без экрана; толщина жил: тонкие (до 2,5 мм²); изоляция: ПВХ";92;4;программный рендер;photos/F01281.webp
F01282;3;1282;Кабель и провод;"Провод одножильный; 1 жила; жилы тонкие (до 2,5 мм²); жила: медь; изоляция ПВХ; цвет изоляции фиолетовый";провод одножильный;"жилы: 1; металл: медь; броня: без брони; оболочка: нет (только изоляция); экран: без экрана; толщина жил: тонкие (до 2,5 мм²); изоляция: ПВХ; цвет: фиолетовый";92;4;программный рендер;photos/F01282.webp
F01283;3;1283;Низковольтное оборудование;Адаптер;адаптер;;92;4;генерация;photos/F01283.webp
F01284;3;1284;Низковольтное оборудование;"Вспомогательный (самое частое в группе); группа «Модули и комплектующие»";изделия группы «Модули и комплектующие»;;92;7;генерация;photos/F01284.webp
F01285;3;1285;Станки и оборудование;Шарошка;шарошка;;92;2;генерация;photos/F01285.webp
F01286;3;1286;Лотки и кабеленесущие системы;Переходник центральный;переходник центральный;;92;13;генерация;photos/F01286.webp
F01287;3;1287;Кабель и провод;"Кабель круглый; 1 жила; жилы средние (4–16 мм²); жила: медь; изоляция ПВХ; оболочка ПВХ, цвет красный";кабель круглый;"жилы: 1; металл: медь; броня: без брони; оболочка: ПВХ; экран: без экрана; толщина жил: средние (4–16 мм²); изоляция: ПВХ; цвет: красный";91;2;программный рендер;photos/F01287.webp
F01288;3;1288;Кабель и провод;"Кабель круглый; 25-48 жил; жилы тонкие (до 2,5 мм²); жила: медь; изоляция резина; оболочка резина; броня ленточная";кабель круглый;"жилы: 25-48; металл: медь; броня: броня ленточная; оболочка: резина; экран: без экрана; толщина жил: тонкие (до 2,5 мм²); изоляция: резина";91;8;генерация;photos/F01288.webp
F01289;3;1289;Кабель и провод;"Кабель круглый; 2 жил; жилы крупные (25–95 мм²); жила: медь; изоляция сшитый ПЭ; оболочка ПВХ; броня ленточная";кабель круглый;"жилы: 2; металл: медь; броня: броня ленточная; оболочка: ПВХ; экран: без экрана; толщина жил: крупные (25–95 мм²); изоляция: сшитый ПЭ";91;3;генерация;photos/F01289.webp
F01290;3;1290;Кабель и провод;"Кабель круглый; 3 жил; жила: медь";кабель круглый;"жилы: 3; металл: медь";91;15;генерация;photos/F01290.webp
F01291;3;1291;Кабель и провод;"Кабель круглый; 3 жил; жилы тонкие (до 2,5 мм²); жила: медь; изоляция сшитый ПЭ; оболочка ПВХ";кабель круглый;"жилы: 3; металл: медь; броня: без брони; оболочка: ПВХ; экран: без экрана; толщина жил: тонкие (до 2,5 мм²); изоляция: сшитый ПЭ";91;5;программный рендер;photos/F01291.webp
F01292;3;1292;Кабель и провод;"Кабель круглый; 4 жил; жилы тонкие (до 2,5 мм²); жила: медь; изоляция фторопласт; оболочка ПВХ";кабель круглый;"жилы: 4; металл: медь; броня: без брони; оболочка: ПВХ; экран: без экрана; толщина жил: тонкие (до 2,5 мм²); изоляция: фторопласт";91;7;программный рендер;photos/F01292.webp
F01293;3;1293;Кабель и провод;"Кабель круглый; 5 жил; жила: медь; оболочка ПВХ";кабель круглый;"жилы: 5; металл: медь; броня: без брони; оболочка: ПВХ";91;10;программный рендер;photos/F01293.webp
F01294;3;1294;Кабель и провод;"Кабель круглый; 5 жил; жилы тонкие (до 2,5 мм²); жила: медь; изоляция ПВХ; оболочка резина";кабель круглый;"жилы: 5; металл: медь; броня: без брони; оболочка: резина; экран: без экрана; толщина жил: тонкие (до 2,5 мм²); изоляция: ПВХ";91;7;программный рендер;photos/F01294.webp
F01295;3;1295;Строительное оборудование;Комплект;комплект;;91;7;генерация;photos/F01295.webp
F01296;3;1296;Низковольтное оборудование;Выключатель-разъеденитель;выключатель-разъеденитель;;91;8;генерация;photos/F01296.webp
F01297;3;1297;Монтажные изделия для кабеля;Изолента;изолента;;91;11;генерация;photos/F01297.webp
F01298;3;1298;Лотки и кабеленесущие системы;Заглушка;заглушка;;91;12;генерация;photos/F01298.webp
F01299;3;1299;Кабель и провод;"Витая пара (LAN); 13-50 пар; жила: медь; изоляция полиэтилен; оболочка полиэтилен";витая пара (LAN);"жилы: 13-50 пар; металл: медь; броня: без брони; оболочка: полиэтилен; экран: без экрана; толщина жил: —; изоляция: полиэтилен";90;6;генерация;photos/F01299.webp
F01300;3;1300;Кабель и провод;"Кабель круглый; 1 жила; жилы крупные (25–95 мм²); жила: медь; изоляция ПВХ; оболочка полиуретан";кабель круглый;"жилы: 1; металл: медь; броня: без брони; оболочка: полиуретан; экран: без экрана; толщина жил: крупные (25–95 мм²); изоляция: ПВХ";90;7;программный рендер;photos/F01300.webp
F01301;3;1301;Кабель и провод;"Кабель круглый; 1 жила; жила: медь; оболочка термоэластопласт";кабель круглый;"жилы: 1; металл: медь; броня: без брони; оболочка: термоэластопласт";90;11;программный рендер;photos/F01301.webp
F01302;3;1302;Кабель и провод;"Кабель круглый; 1 жила; жила: медь; оболочка резина; броня ленточная";кабель круглый;"жилы: 1; металл: медь; броня: броня ленточная; оболочка: резина";90;7;генерация;photos/F01302.webp
F01303;3;1303;Кабель и провод;"Кабель круглый; 25-48 жил; жилы тонкие (до 2,5 мм²); жила: медь; изоляция резина; оболочка безгалогенная (LSZH); экран (оплетка/фольга видна на срезе)";кабель круглый;"жилы: 25-48; металл: медь; броня: без брони; оболочка: безгалогенная (LSZH); экран: экран; толщина жил: тонкие (до 2,5 мм²); изоляция: резина";90;7;генерация;photos/F01303.webp
F01304;3;1304;Кабель и провод;"Кабель круглый; 3 жил; жилы крупные (25–95 мм²); жила: алюминий; изоляция резина; оболочка ПВХ; броня ленточная";кабель круглый;"жилы: 3; металл: алюминий; броня: броня ленточная; оболочка: ПВХ; экран: без экрана; толщина жил: крупные (25–95 мм²); изоляция: резина";90;3;генерация;photos/F01304.webp
F01305;3;1305;Кабель и провод;"Кабель круглый; 49+ жил; жилы тонкие (до 2,5 мм²); жила: медь; изоляция ПВХ; оболочка полиэтилен; броня ленточная; экран (оплетка/фольга видна на срезе)";кабель круглый;"жилы: 49+; металл: медь; броня: броня ленточная; оболочка: полиэтилен; экран: экран; толщина жил: тонкие (до 2,5 мм²); изоляция: ПВХ";90;5;генерация;photos/F01305.webp
F01306;3;1306;Кабель и провод;"Кабель круглый; 4 жил; жила: медь; броня ленточная";кабель круглый;"жилы: 4; металл: медь; броня: броня ленточная";90;13;генерация;photos/F01306.webp
F01307;3;1307;Кабель и провод;"Провод одножильный; 1 жила; жилы очень крупные (120+ мм²); жила: медь; изоляция ПВХ; цвет изоляции зеленый";провод одножильный;"жилы: 1; металл: медь; броня: без брони; оболочка: нет (только изоляция); экран: без экрана; толщина жил: очень крупные (120+ мм²); изоляция: ПВХ; цвет: зеленый";90;6;программный рендер;photos/F01307.webp
F01308;3;1308;Кабель и провод;"Провод одножильный; 1 жила; жилы очень крупные (120+ мм²); жила: медь; изоляция ПВХ; цвет изоляции черный";провод одножильный;"жилы: 1; металл: медь; броня: без брони; оболочка: нет (только изоляция); экран: без экрана; толщина жил: очень крупные (120+ мм²); изоляция: ПВХ; цвет: черный";90;6;программный рендер;photos/F01308.webp
F01309;3;1309;Строительное оборудование;Виброрейка;виброрейка;;90;8;генерация;photos/F01309.webp
F01310;3;1310;Инструмент;Компрессор безмасляный;компрессор безмасляный;;90;5;генерация;photos/F01310.webp
F01311;3;1311;Низковольтное оборудование;Миниконтактор;миниконтактор;;90;6;генерация;photos/F01311.webp
F01312;3;1312;Низковольтное оборудование;Реле основание;реле основание;;90;5;генерация;photos/F01312.webp
F01313;3;1313;Складское оборудование;Полка;полка;;90;7;генерация;photos/F01313.webp
F01314;3;1314;Кабель и провод;"Кабель круглый; 13-24 жил; жила: медь; оболочка ПВХ";кабель круглый;"жилы: 13-24; металл: медь; броня: без брони; оболочка: ПВХ";89;12;генерация;photos/F01314.webp
F01315;3;1315;Кабель и провод;"Кабель круглый; 25-48 жил; жилы тонкие (до 2,5 мм²); жила: медь; изоляция ПВХ; оболочка полиуретан; экран (оплетка/фольга видна на срезе)";кабель круглый;"жилы: 25-48; металл: медь; броня: без брони; оболочка: полиуретан; экран: экран; толщина жил: тонкие (до 2,5 мм²); изоляция: ПВХ";89;7;генерация;photos/F01315.webp
F01316;3;1316;Кабель и провод;"Кабель круглый; 3 жил; жилы очень крупные (120+ мм²); жила: алюминий; изоляция сшитый ПЭ; оболочка полиэтилен; экран (оплетка/фольга видна на срезе)";кабель круглый;"жилы: 3; металл: алюминий; броня: без брони; оболочка: полиэтилен; экран: экран; толщина жил: очень крупные (120+ мм²); изоляция: сшитый ПЭ";89;3;генерация;photos/F01316.webp
F01317;3;1317;Кабель и провод;"Кабель круглый; 3 жил; жила: медь; оболочка безгалогенная (LSZH); броня ленточная";кабель круглый;"жилы: 3; металл: медь; броня: броня ленточная; оболочка: безгалогенная (LSZH)";89;9;генерация;photos/F01317.webp
F01318;3;1318;Кабель и провод;"Кабель круглый; 4 жил; жилы средние (4–16 мм²); жила: медь; изоляция сшитый ПЭ; оболочка ПВХ; броня ленточная";кабель круглый;"жилы: 4; металл: медь; броня: броня ленточная; оболочка: ПВХ; экран: без экрана; толщина жил: средние (4–16 мм²); изоляция: сшитый ПЭ";89;4;генерация;photos/F01318.webp
F01319;3;1319;Кабель и провод;"Кабель круглый; 5 жил; жилы средние (4–16 мм²); жила: медь; изоляция резина; оболочка ПВХ";кабель круглый;"жилы: 5; металл: медь; броня: без брони; оболочка: ПВХ; экран: без экрана; толщина жил: средние (4–16 мм²); изоляция: резина";89;3;программный рендер;photos/F01319.webp
F01320;3;1320;Кабель и провод;"Кабель круглый; 6-7 жил; жилы тонкие (до 2,5 мм²); жила: медь; изоляция ПВХ; оболочка резина";кабель круглый;"жилы: 6-7; металл: медь; броня: без брони; оболочка: резина; экран: без экрана; толщина жил: тонкие (до 2,5 мм²); изоляция: ПВХ";89;9;генерация;photos/F01320.webp
F01321;3;1321;Кабель и провод;"Провод одножильный; 1 жила; жилы очень крупные (120+ мм²); жила: медь; изоляция ПВХ; цвет изоляции коричневый";провод одножильный;"жилы: 1; металл: медь; броня: без брони; оболочка: нет (только изоляция); экран: без экрана; толщина жил: очень крупные (120+ мм²); изоляция: ПВХ; цвет: коричневый";89;6;программный рендер;photos/F01321.webp
F01322;3;1322;Кабель и провод;"Провод одножильный; 1 жила; жилы очень крупные (120+ мм²); жила: медь; изоляция ПВХ; цвет изоляции красный";провод одножильный;"жилы: 1; металл: медь; броня: без брони; оболочка: нет (только изоляция); экран: без экрана; толщина жил: очень крупные (120+ мм²); изоляция: ПВХ; цвет: красный";89;6;программный рендер;photos/F01322.webp
F01323;3;1323;Инструмент;Лобзик электрический;лобзик электрический;;89;1;генерация;photos/F01323.webp
F01324;3;1324;Низковольтное оборудование;"Пост (самое частое в группе); группа «Кнопки, переключатели, индикация»";изделия группы «Кнопки, переключатели, индикация»;;89;5;генерация;photos/F01324.webp
F01325;3;1325;Монтажные изделия для кабеля;Изделия раздела «Монтажные изделия для кабеля»;изделия раздела «Монтажные изделия для кабеля»;;89;1;генерация;photos/F01325.webp
F01326;3;1326;Кабель и провод;"Кабель круглый; 1 жила; жилы средние (4–16 мм²); жила: медь; изоляция силикон; оболочка ПВХ";кабель круглый;"жилы: 1; металл: медь; броня: без брони; оболочка: ПВХ; экран: без экрана; толщина жил: средние (4–16 мм²); изоляция: силикон";88;5;программный рендер;photos/F01326.webp
F01327;3;1327;Кабель и провод;"Кабель круглый; 1 жила; жила: медь; оболочка ПВХ; броня проволочная";кабель круглый;"жилы: 1; металл: медь; броня: броня проволочная; оболочка: ПВХ";88;9;генерация;photos/F01327.webp
F01328;3;1328;Кабель и провод;"Кабель круглый; 2 жил; жилы средние (4–16 мм²); жила: медь; изоляция ПВХ; оболочка безгалогенная (LSZH); экран (оплетка/фольга видна на срезе)";кабель круглый;"жилы: 2; металл: медь; броня: без брони; оболочка: безгалогенная (LSZH); экран: экран; толщина жил: средние (4–16 мм²); изоляция: ПВХ";88;3;генерация;photos/F01328.webp
F01329;3;1329;Кабель и провод;"Кабель круглый; 3 жил; жила: медь; оболочка полиэтилен";кабель круглый;"жилы: 3; металл: медь; броня: без брони; оболочка: полиэтилен";88;10;программный рендер;photos/F01329.webp
F01330;3;1330;Кабель и провод;"Кабель круглый; 3 жил; жилы крупные (25–95 мм²); жила: медь; изоляция ПВХ; оболочка ПВХ; броня ленточная; экран (оплетка/фольга видна на срезе)";кабель круглый;"жилы: 3; металл: медь; броня: броня ленточная; оболочка: ПВХ; экран: экран; толщина жил: крупные (25–95 мм²); изоляция: ПВХ";88;5;генерация;photos/F01330.webp
F01331;3;1331;Кабель и провод;"Кабель круглый; 4 жил; жилы крупные (25–95 мм²); жила: медь; изоляция ПВХ; оболочка ПВХ, цвет серый; экран (оплетка/фольга видна на срезе)";кабель круглый;"жилы: 4; металл: медь; броня: без брони; оболочка: ПВХ; экран: экран; толщина жил: крупные (25–95 мм²); изоляция: ПВХ; цвет: серый";88;5;генерация;photos/F01331.webp
F01332;3;1332;Кабель и провод;"Кабель круглый; 5 жил; жила: медь";кабель круглый;"жилы: 5; металл: медь";88;10;генерация;photos/F01332.webp
F01333;3;1333;Кабель и провод;"Провод многожильный (круглый); 4 жил; жилы тонкие (до 2,5 мм²); жила: медь; изоляция ПВХ; оболочка ПВХ";провод многожильный (круглый);"жилы: 4; металл: медь; броня: без брони; оболочка: ПВХ; экран: без экрана; толщина жил: тонкие (до 2,5 мм²); изоляция: ПВХ";88;10;программный рендер;photos/F01333.webp
F01334;3;1334;Кабель и провод;"Провод одножильный; 1 жила; жилы крупные (25–95 мм²); жила: медь; изоляция ПВХ; цвет изоляции голубой";провод одножильный;"жилы: 1; металл: медь; броня: без брони; оболочка: нет (только изоляция); экран: без экрана; толщина жил: крупные (25–95 мм²); изоляция: ПВХ; цвет: голубой";88;6;программный рендер;photos/F01334.webp
F01335;3;1335;Электродвигатели;"Электродвигатель; общепромышленный; на фланце";электродвигатель;признаки: общепромышленный · на фланце;88;10;генерация;photos/F01335.webp
F01336;3;1336;Лотки и кабеленесущие системы;"Поворот; вертикальный; горячий цинк (матовый)";поворот;признаки: вертикальный · горячий цинк (матовый);88;10;генерация;photos/F01336.webp
F01337;3;1337;Лотки и кабеленесущие системы;Хомут двускатной;хомут двускатной;;88;2;генерация;photos/F01337.webp
F01338;3;1338;Ремни;"Ремень; поликлиновой PL";ремень;признаки: поликлиновой PL;87;5;генерация;photos/F01338.webp
F01339;3;1339;Ремни;"Ремень; поликлиновой PM; до 6 ручьев";ремень;признаки: поликлиновой PM · до 6 ручьев;87;6;генерация;photos/F01339.webp
F01340;3;1340;Кабель и провод;"Кабель круглый; 1 жила; жилы крупные (25–95 мм²); жила: алюминий; изоляция сшитый ПЭ; оболочка полиэтилен; экран (оплетка/фольга видна на срезе)";кабель круглый;"жилы: 1; металл: алюминий; броня: без брони; оболочка: полиэтилен; экран: экран; толщина жил: крупные (25–95 мм²); изоляция: сшитый ПЭ";87;3;генерация;photos/F01340.webp
F01341;3;1341;Кабель и провод;"Кабель круглый; 3 жил; жилы тонкие (до 2,5 мм²); жила: медь; изоляция ПВХ; оболочка резина; экран (оплетка/фольга видна на срезе)";кабель круглый;"жилы: 3; металл: медь; броня: без брони; оболочка: резина; экран: экран; толщина жил: тонкие (до 2,5 мм²); изоляция: ПВХ";87;3;генерация;photos/F01341.webp
F01342;3;1342;Кабель и провод;"Кабель круглый; 4 жил; жила: медь; оболочка безгалогенная (LSZH); броня ленточная";кабель круглый;"жилы: 4; металл: медь; броня: броня ленточная; оболочка: безгалогенная (LSZH)";87;8;генерация;photos/F01342.webp
F01343;3;1343;Кабель и провод;"Кабель круглый; 5 жил; жила: алюминий; оболочка ПВХ; броня ленточная";кабель круглый;"жилы: 5; металл: алюминий; броня: броня ленточная; оболочка: ПВХ";87;11;генерация;photos/F01343.webp
F01344;3;1344;Кабель и провод;"Кабель круглый; 6-7 жил; жилы тонкие (до 2,5 мм²); жила: медь; изоляция ПВХ; оболочка полиуретан; экран (оплетка/фольга видна на срезе)";кабель круглый;"жилы: 6-7; металл: медь; броня: без брони; оболочка: полиуретан; экран: экран; толщина жил: тонкие (до 2,5 мм²); изоляция: ПВХ";87;8;генерация;photos/F01344.webp
F01345;3;1345;Кабель и провод;"Кабель круглый; 8-12 жил; жилы тонкие (до 2,5 мм²); жила: медь; изоляция ПВХ; оболочка полиуретан, цвет серый; экран (оплетка/фольга видна на срезе)";кабель круглый;"жилы: 8-12; металл: медь; броня: без брони; оболочка: полиуретан; экран: экран; толщина жил: тонкие (до 2,5 мм²); изоляция: ПВХ; цвет: серый";87;9;генерация;photos/F01345.webp
F01346;3;1346;Кабель и провод;"Термопарный; 1 жила; жилы средние (4–16 мм²); жила: медь; изоляция ПВХ; оболочка ПВХ";термопарный;"жилы: 1; металл: медь; броня: без брони; оболочка: ПВХ; экран: без экрана; толщина жил: средние (4–16 мм²); изоляция: ПВХ";87;2;генерация;photos/F01346.webp
F01347;3;1347;Кабель и провод;"Термопарный; 1 жила; жилы средние (4–16 мм²); жила: медь; изоляция ПВХ; оболочка ПВХ; экран (оплетка/фольга видна на срезе)";термопарный;"жилы: 1; металл: медь; броня: без брони; оболочка: ПВХ; экран: экран; толщина жил: средние (4–16 мм²); изоляция: ПВХ";87;2;генерация;photos/F01347.webp
F01348;3;1348;Рукава;Рукав дюритовый;рукав дюритовый;;87;2;генерация;photos/F01348.webp
F01349;3;1349;Осветительное оборудование;Указатель световой;указатель световой;;87;8;генерация;photos/F01349.webp
F01350;3;1350;Станки и оборудование;Втулка шлифовальная;втулка шлифовальная;;87;2;генерация;photos/F01350.webp
F01351;3;1351;Станки и оборудование;Лента шлифовальная;лента шлифовальная;;87;4;генерация;photos/F01351.webp
F01352;3;1352;Станки и оборудование;Сверло алмазное;сверло алмазное;;87;1;генерация;photos/F01352.webp
F01353;3;1353;Монтажные изделия для кабеля;"Наконечник штыревой; штыревой изолированный (НШВИ)";наконечник штыревой;признаки: штыревой изолированный (НШВИ);87;6;генерация;photos/F01353.webp
F01354;3;1354;Кабель и провод;"Кабель круглый; 1 жила; жилы средние (4–16 мм²); жила: медь; изоляция ПВХ; оболочка ПВХ, цвет зеленый";кабель круглый;"жилы: 1; металл: медь; броня: без брони; оболочка: ПВХ; экран: без экрана; толщина жил: средние (4–16 мм²); изоляция: ПВХ; цвет: зеленый";86;2;программный рендер;photos/F01354.webp
F01355;3;1355;Кабель и провод;"Кабель круглый; 1 жила; жилы тонкие (до 2,5 мм²); жила: медь; изоляция ПВХ; оболочка безгалогенная (LSZH), цвет красный";кабель круглый;"жилы: 1; металл: медь; броня: без брони; оболочка: безгалогенная (LSZH); экран: без экрана; толщина жил: тонкие (до 2,5 мм²); изоляция: ПВХ; цвет: красный";86;3;программный рендер;photos/F01355.webp
F01356;3;1356;Кабель и провод;"Кабель круглый; 1 жила; жилы крупные (25–95 мм²); жила: медь; изоляция сшитый ПЭ; оболочка ПВХ; броня ленточная";кабель круглый;"жилы: 1; металл: медь; броня: броня ленточная; оболочка: ПВХ; экран: без экрана; толщина жил: крупные (25–95 мм²); изоляция: сшитый ПЭ";86;3;генерация;photos/F01356.webp
F01357;3;1357;Кабель и провод;"Кабель круглый; 2 жил; жила: алюминий; оболочка ПВХ; броня проволочная";кабель круглый;"жилы: 2; металл: алюминий; броня: броня проволочная; оболочка: ПВХ";86;8;генерация;photos/F01357.webp
F01358;3;1358;Кабель и провод;"Кабель круглый; 2 жил; жилы тонкие (до 2,5 мм²); жила: медь; изоляция фторопласт; оболочка ПВХ";кабель круглый;"жилы: 2; металл: медь; броня: без брони; оболочка: ПВХ; экран: без экрана; толщина жил: тонкие (до 2,5 мм²); изоляция: фторопласт";86;6;программный рендер;photos/F01358.webp
F01359;3;1359;Кабель и провод;"Кабель круглый; 4 жил; жилы средние (4–16 мм²); жила: медь; оболочка безгалогенная (LSZH); экран (оплетка/фольга видна на срезе)";кабель круглый;"жилы: 4; металл: медь; броня: без брони; оболочка: безгалогенная (LSZH); экран: экран; толщина жил: средние (4–16 мм²)";86;3;генерация;photos/F01359.webp
F01360;3;1360;Кабель и провод;"Кабель круглый; 5 жил; жилы крупные (25–95 мм²); жила: медь; изоляция сшитый ПЭ; оболочка ПВХ; броня ленточная";кабель круглый;"жилы: 5; металл: медь; броня: броня ленточная; оболочка: ПВХ; экран: без экрана; толщина жил: крупные (25–95 мм²); изоляция: сшитый ПЭ";86;3;генерация;photos/F01360.webp
F01361;3;1361;Инструмент;Клещи токовые;клещи токовые;;86;1;генерация;photos/F01361.webp
F01362;3;1362;Низковольтное оборудование;Панель;панель;;86;10;генерация;photos/F01362.webp
F01363;3;1363;Кабель и провод;"Кабель круглый; 1 жила; жилы тонкие (до 2,5 мм²); жила: медь; изоляция резина; оболочка резина";кабель круглый;"жилы: 1; металл: медь; броня: без брони; оболочка: резина; экран: без экрана; толщина жил: тонкие (до 2,5 мм²); изоляция: резина";85;3;программный рендер;photos/F01363.webp
F01364;3;1364;Кабель и провод;"Кабель круглый; 3 жил; жилы очень крупные (120+ мм²); жила: алюминий; изоляция резина; оболочка ПВХ; броня ленточная";кабель круглый;"жилы: 3; металл: алюминий; броня: броня ленточная; оболочка: ПВХ; экран: без экрана; толщина жил: очень крупные (120+ мм²); изоляция: резина";85;3;генерация;photos/F01364.webp
F01365;3;1365;Кабель и провод;"Кабель круглый; 4 жил; жилы средние (4–16 мм²); жила: медь; изоляция ПВХ; оболочка полиуретан; экран (оплетка/фольга видна на срезе)";кабель круглый;"жилы: 4; металл: медь; броня: без брони; оболочка: полиуретан; экран: экран; толщина жил: средние (4–16 мм²); изоляция: ПВХ";85;7;генерация;photos/F01365.webp
F01366;3;1366;Кабель и провод;"Нагревательный; 1 жила; жилы тонкие (до 2,5 мм²); жила: сталь; изоляция ПВХ; оболочка ПВХ";нагревательный;"жилы: 1; металл: сталь; броня: без брони; оболочка: ПВХ; экран: без экрана; толщина жил: тонкие (до 2,5 мм²); изоляция: ПВХ";85;3;генерация;photos/F01366.webp
F01367;3;1367;Кабель и провод;"Провод одножильный; 1 жила; жилы тонкие (до 2,5 мм²); жила: медь; изоляция ПВХ; цвет изоляции оранжевый";провод одножильный;"жилы: 1; металл: медь; броня: без брони; оболочка: нет (только изоляция); экран: без экрана; толщина жил: тонкие (до 2,5 мм²); изоляция: ПВХ; цвет: оранжевый";85;5;программный рендер;photos/F01367.webp
F01368;3;1368;Кабель и провод;"Термопарный; 4 жил; жилы тонкие (до 2,5 мм²); жила: медь; изоляция ПВХ; оболочка ПВХ; экран (оплетка/фольга видна на срезе)";термопарный;"жилы: 4; металл: медь; броня: без брони; оболочка: ПВХ; экран: экран; толщина жил: тонкие (до 2,5 мм²); изоляция: ПВХ";85;7;генерация;photos/F01368.webp
F01369;3;1369;Лотки и кабеленесущие системы;Переход односторонний;переход односторонний;;85;3;генерация;photos/F01369.webp
F01370;3;1370;Кабель и провод;"Кабель круглый; 25-48 жил; жилы тонкие (до 2,5 мм²); жила: медь; изоляция фторопласт; оболочка фторопласт";кабель круглый;"жилы: 25-48; металл: медь; броня: без брони; оболочка: фторопласт; экран: без экрана; толщина жил: тонкие (до 2,5 мм²); изоляция: фторопласт";84;13;генерация;photos/F01370.webp
F01371;3;1371;Кабель и провод;"Кабель круглый; 3 жил; жилы крупные (25–95 мм²); жила: медь; изоляция ПВХ; оболочка полиэтилен";кабель круглый;"жилы: 3; металл: медь; броня: без брони; оболочка: полиэтилен; экран: без экрана; толщина жил: крупные (25–95 мм²); изоляция: ПВХ";84;3;программный рендер;photos/F01371.webp
F01372;3;1372;Кабель и провод;"Кабель круглый; 49+ жил; жилы тонкие (до 2,5 мм²); жила: медь; изоляция ПВХ; оболочка свинец";кабель круглый;"жилы: 49+; металл: медь; броня: без брони; оболочка: свинец; экран: без экрана; толщина жил: тонкие (до 2,5 мм²); изоляция: ПВХ";84;5;генерация;photos/F01372.webp
F01373;3;1373;Кабель и провод;"Кабель круглый; 49+ жил; жилы крупные (25–95 мм²); жила: медь; изоляция ПВХ; оболочка ПВХ; броня ленточная";кабель круглый;"жилы: 49+; металл: медь; броня: броня ленточная; оболочка: ПВХ; экран: без экрана; толщина жил: крупные (25–95 мм²); изоляция: ПВХ";84;3;генерация;photos/F01373.webp
F01374;3;1374;Кабель и провод;"Провод одножильный; 1 жила; жилы очень крупные (120+ мм²); жила: медь; изоляция ПВХ; цвет изоляции синий";провод одножильный;"жилы: 1; металл: медь; броня: без брони; оболочка: нет (только изоляция); экран: без экрана; толщина жил: очень крупные (120+ мм²); изоляция: ПВХ; цвет: синий";84;6;программный рендер;photos/F01374.webp
F01375;3;1375;Кабель и провод;"Провод одножильный; 1 жила; жила: медь; изоляция шелк; экран (оплетка/фольга видна на срезе)";провод одножильный;"жилы: 1; металл: медь; броня: без брони; оболочка: нет (только изоляция); экран: экран; толщина жил: не определено; изоляция: шелк";84;1;генерация;photos/F01375.webp
F01376;3;1376;Кабель и провод;"Шнур оптический (патч-корд); жила: оптическое волокно; изоляция ПВХ; оболочка безгалогенная (LSZH), цвет черный";шнур оптический (патч-корд);"жилы: —; металл: оптическое волокно; броня: без брони; оболочка: безгалогенная (LSZH); экран: без экрана; толщина жил: —; изоляция: ПВХ; цвет: черный";84;1;генерация;photos/F01376.webp
F01377;3;1377;Строительное оборудование;Вышка;вышка;;84;2;генерация;photos/F01377.webp
F01378;3;1378;Трубопроводная арматура;Вибровставка-компенсатор;вибровставка-компенсатор;;84;6;генерация;photos/F01378.webp
F01379;3;1379;Подшипники;Устройство опорно-поворотное;устройство опорно-поворотное;;83;10;генерация;photos/F01379.webp
F01380;3;1380;Кабель и провод;"Кабель круглый; 1 жила; жила: медь; оболочка ПВХ; броня ленточная";кабель круглый;"жилы: 1; металл: медь; броня: броня ленточная; оболочка: ПВХ";83;10;генерация;photos/F01380.webp
F01381;3;1381;Кабель и провод;"Кабель круглый; 3 жил; жилы средние (4–16 мм²); жила: медь; изоляция сшитый ПЭ; оболочка ПВХ; броня ленточная";кабель круглый;"жилы: 3; металл: медь; броня: броня ленточная; оболочка: ПВХ; экран: без экрана; толщина жил: средние (4–16 мм²); изоляция: сшитый ПЭ";83;2;генерация;photos/F01381.webp
F01382;3;1382;Кабель и провод;"Кабель круглый; 4 жил; жилы тонкие (до 2,5 мм²); жила: медь; изоляция сшитый ПЭ; оболочка ПВХ";кабель круглый;"жилы: 4; металл: медь; броня: без брони; оболочка: ПВХ; экран: без экрана; толщина жил: тонкие (до 2,5 мм²); изоляция: сшитый ПЭ";83;6;программный рендер;photos/F01382.webp
F01383;3;1383;Кабель и провод;"Кабель круглый; 4 жил; жила: медь; оболочка резина; броня ленточная";кабель круглый;"жилы: 4; металл: медь; броня: броня ленточная; оболочка: резина";83;8;генерация;photos/F01383.webp
F01384;3;1384;Кабель и провод;"Кабель круглый; 4 жил; жила: медь; броня проволочная";кабель круглый;"жилы: 4; металл: медь; броня: броня проволочная";83;11;генерация;photos/F01384.webp
F01385;3;1385;Кабель и провод;"Кабель круглый; 5 жил; жила: алюминий; оболочка безгалогенная (LSZH)";кабель круглый;"жилы: 5; металл: алюминий; броня: без брони; оболочка: безгалогенная (LSZH)";83;7;программный рендер;photos/F01385.webp
F01386;3;1386;Кабель и провод;"Кабель круглый; 8-12 жил; жилы тонкие (до 2,5 мм²); жила: медь; изоляция резина; оболочка резина; экран (оплетка/фольга видна на срезе)";кабель круглый;"жилы: 8-12; металл: медь; броня: без брони; оболочка: резина; экран: экран; толщина жил: тонкие (до 2,5 мм²); изоляция: резина";83;7;генерация;photos/F01386.webp
F01387;3;1387;Кабель и провод;"Провод одножильный; 1 жила; жилы тонкие (до 2,5 мм²); жила: медь; изоляция ПВХ; цвет изоляции серый";провод одножильный;"жилы: 1; металл: медь; броня: без брони; оболочка: нет (только изоляция); экран: без экрана; толщина жил: тонкие (до 2,5 мм²); изоляция: ПВХ; цвет: серый";83;4;программный рендер;photos/F01387.webp
F01388;3;1388;Кабель и провод;"Провод одножильный; 1 жила; жила: медь; оболочка резина";провод одножильный;"жилы: 1; металл: медь; броня: без брони; оболочка: резина";83;9;программный рендер;photos/F01388.webp
F01389;3;1389;Светильники;Лампа люминесцентная;лампа люминесцентная;;83;12;генерация;photos/F01389.webp
F01390;3;1390;Светильники;"Светильник; люстра";светильник;признаки: люстра;83;7;генерация;photos/F01390.webp
F01391;3;1391;Светильники;"Светильник; уличный консольный";светильник;признаки: уличный консольный;83;11;генерация;photos/F01391.webp
F01392;3;1392;Станки и оборудование;Сверло спиральное;сверло спиральное;;83;4;генерация;photos/F01392.webp
F01393;3;1393;Лотки и кабеленесущие системы;Редукция-заглушка;редукция-заглушка;;83;4;генерация;photos/F01393.webp
F01394;3;1394;Кабель и провод;"Кабель круглый; 25-48 жил; жилы тонкие (до 2,5 мм²); жила: медь; изоляция ПВХ; оболочка полиуретан, цвет серый";кабель круглый;"жилы: 25-48; металл: медь; броня: без брони; оболочка: полиуретан; экран: без экрана; толщина жил: тонкие (до 2,5 мм²); изоляция: ПВХ; цвет: серый";82;12;генерация;photos/F01394.webp
F01395;3;1395;Кабель и провод;"Кабель круглый; 4 жил; жилы крупные (25–95 мм²); жила: медь; изоляция сшитый ПЭ; оболочка безгалогенная (LSZH)";кабель круглый;"жилы: 4; металл: медь; броня: без брони; оболочка: безгалогенная (LSZH); экран: без экрана; толщина жил: крупные (25–95 мм²); изоляция: сшитый ПЭ";82;6;программный рендер;photos/F01395.webp
F01396;3;1396;Кабель и провод;"Кабель круглый; 4 жил; жилы тонкие (до 2,5 мм²); жила: медь; изоляция сшитый ПЭ; оболочка ПВХ; броня ленточная";кабель круглый;"жилы: 4; металл: медь; броня: броня ленточная; оболочка: ПВХ; экран: без экрана; толщина жил: тонкие (до 2,5 мм²); изоляция: сшитый ПЭ";82;4;генерация;photos/F01396.webp
F01397;3;1397;Кабель и провод;"Кабель круглый; 5 жил; жилы очень крупные (120+ мм²); жила: медь; изоляция ПВХ; оболочка ПВХ; экран (оплетка/фольга видна на срезе)";кабель круглый;"жилы: 5; металл: медь; броня: без брони; оболочка: ПВХ; экран: экран; толщина жил: очень крупные (120+ мм²); изоляция: ПВХ";82;5;генерация;photos/F01397.webp
F01398;3;1398;Кабель и провод;"Кабель круглый; 6-7 жил; жилы тонкие (до 2,5 мм²); жила: медь; изоляция полиэтилен; оболочка ПВХ";кабель круглый;"жилы: 6-7; металл: медь; броня: без брони; оболочка: ПВХ; экран: без экрана; толщина жил: тонкие (до 2,5 мм²); изоляция: полиэтилен";82;8;генерация;photos/F01398.webp
F01399;3;1399;Кабель и провод;"Кабель круглый; 8-12 жил; жилы крупные (25–95 мм²); жила: медь; изоляция ПВХ; оболочка ПВХ";кабель круглый;"жилы: 8-12; металл: медь; броня: без брони; оболочка: ПВХ; экран: без экрана; толщина жил: крупные (25–95 мм²); изоляция: ПВХ";82;10;генерация;photos/F01399.webp
F01400;3;1400;Кабель и провод;"Кабель круглый; жилы тонкие (до 2,5 мм²); жила: медь; изоляция ПВХ; оболочка ПВХ";кабель круглый;"жилы: не определено; металл: медь; броня: без брони; оболочка: ПВХ; экран: без экрана; толщина жил: тонкие (до 2,5 мм²); изоляция: ПВХ";82;3;генерация;photos/F01400.webp
F01401;3;1401;Кабель и провод;"Провод многожильный (круглый); 2 жил; жилы тонкие (до 2,5 мм²); жила: термопарный сплав; изоляция ПВХ; оболочка ПВХ; экран (оплетка/фольга видна на срезе)";провод многожильный (круглый);"жилы: 2; металл: термопарный сплав; броня: без брони; оболочка: ПВХ; экран: экран; толщина жил: тонкие (до 2,5 мм²); изоляция: ПВХ";82;5;генерация;photos/F01401.webp
F01402;3;1402;Рукава;Рукав абразивостойкий;рукав абразивостойкий;;82;2;генерация;photos/F01402.webp
F01403;3;1403;Инструмент;Набор;набор;;82;5;генерация;photos/F01403.webp
F01404;3;1404;Инструмент;Перфоратор электрический;перфоратор электрический;;82;4;генерация;photos/F01404.webp
F01405;3;1405;Светильники;Коннектор трековый;коннектор трековый;;82;3;генерация;photos/F01405.webp
F01406;3;1406;Низковольтное оборудование;"Шины выносные (самое частое в группе); группа «Автоматические выключатели»";изделия группы «Автоматические выключатели»;;82;7;генерация;photos/F01406.webp
F01407;3;1407;Низковольтное оборудование;Индикатор;индикатор;;82;7;генерация;photos/F01407.webp
F01408;3;1408;Низковольтное оборудование;Колодка;колодка;;82;3;генерация;photos/F01408.webp
F01409;3;1409;Низковольтное оборудование;Реле импульсное;реле импульсное;;82;5;генерация;photos/F01409.webp
F01410;3;1410;Станки и оборудование;Втулка;втулка;;82;3;генерация;photos/F01410.webp
F01411;3;1411;Станки и оборудование;Держатель;держатель;;82;5;генерация;photos/F01411.webp
F01412;3;1412;Станки и оборудование;Тиски;тиски;;82;6;генерация;photos/F01412.webp
F01413;3;1413;Опоры и стойки;Фундамент;фундамент;;82;1;генерация;photos/F01413.webp
F01414;3;1414;Трубопроводная арматура;Задвижка стальная;задвижка стальная;;82;7;генерация;photos/F01414.webp
F01415;3;1415;Трубопроводная арматура;Клапан предохранительный;клапан предохранительный;;82;8;генерация;photos/F01415.webp
F01416;3;1416;Кабель и провод;"Кабель круглый; 13-24 жил; жилы тонкие (до 2,5 мм²); жила: медь; изоляция резина; оболочка безгалогенная (LSZH); экран (оплетка/фольга видна на срезе)";кабель круглый;"жилы: 13-24; металл: медь; броня: без брони; оболочка: безгалогенная (LSZH); экран: экран; толщина жил: тонкие (до 2,5 мм²); изоляция: резина";81;8;генерация;photos/F01416.webp
F01417;3;1417;Кабель и провод;"Кабель круглый; 1 жила; жила: медь";кабель круглый;"жилы: 1; металл: медь; броня: без брони";81;9;программный рендер;photos/F01417.webp
F01418;3;1418;Кабель и провод;"Кабель круглый; 1 жила; жилы средние (4–16 мм²); жила: медь; изоляция ПВХ; оболочка ПВХ, цвет коричневый";кабель круглый;"жилы: 1; металл: медь; броня: без брони; оболочка: ПВХ; экран: без экрана; толщина жил: средние (4–16 мм²); изоляция: ПВХ; цвет: коричневый";81;2;программный рендер;photos/F01418.webp
F01419;3;1419;Кабель и провод;"Кабель круглый; 2 жил; жилы крупные (25–95 мм²); жила: алюминий; изоляция ПВХ; оболочка ПВХ; броня ленточная";кабель круглый;"жилы: 2; металл: алюминий; броня: броня ленточная; оболочка: ПВХ; экран: без экрана; толщина жил: крупные (25–95 мм²); изоляция: ПВХ";81;4;генерация;photos/F01419.webp
F01420;3;1420;Кабель и провод;"Кабель круглый; 4 жил; жилы крупные (25–95 мм²); жила: алюминий; изоляция бумага; оболочка свинец; оплетка текстильная";кабель круглый;"жилы: 4; металл: алюминий; броня: оплетка текстильная; оболочка: свинец; экран: без экрана; толщина жил: крупные (25–95 мм²); изоляция: бумага";81;6;генерация;photos/F01420.webp
F01421;3;1421;Кабель и провод;"Кабель круглый; 4 жил; жилы тонкие (до 2,5 мм²); жила: медь; изоляция ПВХ; оболочка полиуретан; экран (оплетка/фольга видна на срезе)";кабель круглый;"жилы: 4; металл: медь; броня: без брони; оболочка: полиуретан; экран: экран; толщина жил: тонкие (до 2,5 мм²); изоляция: ПВХ";81;8;генерация;photos/F01421.webp
F01422;3;1422;Кабель и провод;"Кабель круглый; 6-7 жил; жилы средние (4–16 мм²); жила: алюминий; изоляция ПВХ; оболочка ПВХ; броня ленточная";кабель круглый;"жилы: 6-7; металл: алюминий; броня: броня ленточная; оболочка: ПВХ; экран: без экрана; толщина жил: средние (4–16 мм²); изоляция: ПВХ";81;2;генерация;photos/F01422.webp
F01423;3;1423;Кабель и провод;"Кабель круглый; 6-7 жил; жилы тонкие (до 2,5 мм²); жила: медь; изоляция резина; оболочка ПВХ; экран (оплетка/фольга видна на срезе)";кабель круглый;"жилы: 6-7; металл: медь; броня: без брони; оболочка: ПВХ; экран: экран; толщина жил: тонкие (до 2,5 мм²); изоляция: резина";81;3;генерация;photos/F01423.webp
F01424;3;1424;Низковольтное оборудование;"Пускатель; средний";пускатель;признаки: средний;81;4;генерация;photos/F01424.webp
F01425;3;1425;Низковольтное оборудование;"Шкаф напольный; напольный";шкаф напольный;признаки: напольный;81;4;генерация;photos/F01425.webp
F01426;3;1426;Складское оборудование;Ремень буксировочный;ремень буксировочный;;81;3;генерация;photos/F01426.webp
F01427;3;1427;Лотки и кабеленесущие системы;Перегородка;перегородка;;81;10;генерация;photos/F01427.webp
F01428;3;1428;Кабель и провод;"Кабель круглый; 1 жила; жилы крупные (25–95 мм²); жила: медь; изоляция ПВХ; оболочка ПВХ, цвет зеленый";кабель круглый;"жилы: 1; металл: медь; броня: без брони; оболочка: ПВХ; экран: без экрана; толщина жил: крупные (25–95 мм²); изоляция: ПВХ; цвет: зеленый";80;3;программный рендер;photos/F01428.webp
F01429;3;1429;Кабель и провод;"Кабель круглый; 1 жила; жила: медь; оболочка свинец";кабель круглый;"жилы: 1; металл: медь; броня: без брони; оболочка: свинец";80;9;программный рендер;photos/F01429.webp
F01430;3;1430;Кабель и провод;"Кабель круглый; 3 жил; жилы тонкие (до 2,5 мм²); жила: медь; изоляция резина; оболочка резина; экран (оплетка/фольга видна на срезе)";кабель круглый;"жилы: 3; металл: медь; броня: без брони; оболочка: резина; экран: экран; толщина жил: тонкие (до 2,5 мм²); изоляция: резина";80;4;генерация;photos/F01430.webp
F01431;3;1431;Кабель и провод;"Кабель круглый; 4 жил; жилы тонкие (до 2,5 мм²); жила: медь; изоляция полиэтилен; оболочка ПВХ; броня ленточная";кабель круглый;"жилы: 4; металл: медь; броня: броня ленточная; оболочка: ПВХ; экран: без экрана; толщина жил: тонкие (до 2,5 мм²); изоляция: полиэтилен";80;4;генерация;photos/F01431.webp
F01432;3;1432;Кабель и провод;"Кабель круглый; 8-12 жил; жилы тонкие (до 2,5 мм²); жила: медь; изоляция ПВХ; оболочка полиэтилен; броня ленточная; экран (оплетка/фольга видна на срезе)";кабель круглый;"жилы: 8-12; металл: медь; броня: броня ленточная; оболочка: полиэтилен; экран: экран; толщина жил: тонкие (до 2,5 мм²); изоляция: ПВХ";80;6;генерация;photos/F01432.webp
F01433;3;1433;Строительное оборудование;Подъемник мачтовый;подъемник мачтовый;;80;6;генерация;photos/F01433.webp
F01434;3;1434;Станки и оборудование;Метчик машинный;метчик машинный;;80;3;генерация;photos/F01434.webp
F01435;3;1435;Станки и оборудование;Сверло корпусное;сверло корпусное;;80;1;генерация;photos/F01435.webp
F01436;3;1436;Трубопроводная арматура;Вакуумметр;вакуумметр;;80;8;генерация;photos/F01436.webp
F01437;3;1437;Насосы;Насос сточно-динамический;насос сточно-динамический;;80;7;генерация;photos/F01437.webp
F01438;3;1438;Складское оборудование;Кран мостовой;кран мостовой;;80;2;генерация;photos/F01438.webp
F01439;3;1439;Складское оборудование;Стеллаж грузовой;стеллаж грузовой;;80;3;генерация;photos/F01439.webp
F01440;3;1440;Складское оборудование;Таль рычажная;таль рычажная;;80;11;генерация;photos/F01440.webp
F01441;3;1441;Лотки и кабеленесущие системы;"Угол; лестничный";угол;признаки: лестничный;80;10;генерация;photos/F01441.webp
F01442;3;1442;Лотки и кабеленесущие системы;Хомут;хомут;;80;9;генерация;photos/F01442.webp
F01443;3;1443;Кабель и провод;"Кабель круглый; 1 жила; жилы средние (4–16 мм²); жила: медь; изоляция ПВХ; оболочка ПВХ, цвет оранжевый";кабель круглый;"жилы: 1; металл: медь; броня: без брони; оболочка: ПВХ; экран: без экрана; толщина жил: средние (4–16 мм²); изоляция: ПВХ; цвет: оранжевый";79;2;программный рендер;photos/F01443.webp
F01444;3;1444;Кабель и провод;"Кабель круглый; 1 жила; жилы очень крупные (120+ мм²); жила: медь; изоляция бумага; оболочка свинец";кабель круглый;"жилы: 1; металл: медь; броня: без брони; оболочка: свинец; экран: без экрана; толщина жил: очень крупные (120+ мм²); изоляция: бумага";79;3;программный рендер;photos/F01444.webp
F01445;3;1445;Кабель и провод;"Кабель круглый; 2 жил; жилы очень крупные (120+ мм²); жила: медь; изоляция сшитый ПЭ; оболочка ПВХ";кабель круглый;"жилы: 2; металл: медь; броня: без брони; оболочка: ПВХ; экран: без экрана; толщина жил: очень крупные (120+ мм²); изоляция: сшитый ПЭ";79;4;программный рендер;photos/F01445.webp
F01446;3;1446;Кабель и провод;"Кабель круглый; 3 жил; жилы тонкие (до 2,5 мм²); жила: медь; изоляция силикон; оболочка ПВХ";кабель круглый;"жилы: 3; металл: медь; броня: без брони; оболочка: ПВХ; экран: без экрана; толщина жил: тонкие (до 2,5 мм²); изоляция: силикон";79;5;программный рендер;photos/F01446.webp
F01447;3;1447;Кабель и провод;"Кабель круглый; 4 жил; жилы очень крупные (120+ мм²); жила: медь; изоляция резина; оболочка ПВХ";кабель круглый;"жилы: 4; металл: медь; броня: без брони; оболочка: ПВХ; экран: без экрана; толщина жил: очень крупные (120+ мм²); изоляция: резина";79;5;программный рендер;photos/F01447.webp
F01448;3;1448;Кабель и провод;"Кабель круглый; 4 жил; жилы средние (4–16 мм²); жила: медь; изоляция ПВХ; оболочка ПВХ, цвет серый";кабель круглый;"жилы: 4; металл: медь; броня: без брони; оболочка: ПВХ; экран: без экрана; толщина жил: средние (4–16 мм²); изоляция: ПВХ; цвет: серый";79;4;программный рендер;photos/F01448.webp
F01449;3;1449;Кабель и провод;"Кабель круглый; 4 жил; жилы средние (4–16 мм²); жила: медь; оболочка ПВХ; экран (оплетка/фольга видна на срезе)";кабель круглый;"жилы: 4; металл: медь; броня: без брони; оболочка: ПВХ; экран: экран; толщина жил: средние (4–16 мм²)";79;4;генерация;photos/F01449.webp
F01450;3;1450;Кабель и провод;"Кабель круглый; 8-12 жил; жила: медь; броня ленточная";кабель круглый;"жилы: 8-12; металл: медь; броня: броня ленточная";79;10;генерация;photos/F01450.webp
F01451;3;1451;Кабель и провод;"Провод многожильный (круглый); 2 жил; жилы тонкие (до 2,5 мм²); жила: медь; изоляция фторопласт; оболочка ПВХ; экран (оплетка/фольга видна на срезе)";провод многожильный (круглый);"жилы: 2; металл: медь; броня: без брони; оболочка: ПВХ; экран: экран; толщина жил: тонкие (до 2,5 мм²); изоляция: фторопласт";79;4;генерация;photos/F01451.webp
F01452;3;1452;Светильники;Подвес;подвес;;79;9;генерация;photos/F01452.webp
F01453;3;1453;Монтажные изделия для кабеля;Переключатель;переключатель;;79;7;генерация;photos/F01453.webp
F01454;3;1454;Монтажные изделия для кабеля;Угол внутренний;угол внутренний;;79;9;генерация;photos/F01454.webp
F01455;3;1455;Кабель и провод;"Кабель круглый; 3 жил; жилы средние (4–16 мм²); жила: медь; изоляция ПВХ; оболочка резина";кабель круглый;"жилы: 3; металл: медь; броня: без брони; оболочка: резина; экран: без экрана; толщина жил: средние (4–16 мм²); изоляция: ПВХ";78;5;программный рендер;photos/F01455.webp
F01456;3;1456;Кабель и провод;"Кабель круглый; 4 жил; жилы очень крупные (120+ мм²); жила: алюминий; изоляция бумага; оболочка свинец; оплетка текстильная";кабель круглый;"жилы: 4; металл: алюминий; броня: оплетка текстильная; оболочка: свинец; экран: без экрана; толщина жил: очень крупные (120+ мм²); изоляция: бумага";78;6;генерация;photos/F01456.webp
F01457;3;1457;Кабель и провод;"Кабель круглый; 4 жил; жила: медь; оболочка фторопласт";кабель круглый;"жилы: 4; металл: медь; броня: без брони; оболочка: фторопласт";78;12;программный рендер;photos/F01457.webp
F01458;3;1458;Кабель и провод;"Кабель круглый; 5 жил; жила: алюминий; оболочка полиэтилен; броня ленточная";кабель круглый;"жилы: 5; металл: алюминий; броня: броня ленточная; оболочка: полиэтилен";78;6;генерация;photos/F01458.webp
F01459;3;1459;Кабель и провод;"Кабель круглый; 5 жил; жилы крупные (25–95 мм²); жила: медь; изоляция ПВХ; оболочка ПВХ, цвет серый; экран (оплетка/фольга видна на срезе)";кабель круглый;"жилы: 5; металл: медь; броня: без брони; оболочка: ПВХ; экран: экран; толщина жил: крупные (25–95 мм²); изоляция: ПВХ; цвет: серый";78;4;генерация;photos/F01459.webp
F01460;3;1460;Кабель и провод;"Провод одножильный; 1 жила; жилы очень крупные (120+ мм²); жила: медь; изоляция ПВХ; цвет изоляции голубой";провод одножильный;"жилы: 1; металл: медь; броня: без брони; оболочка: нет (только изоляция); экран: без экрана; толщина жил: очень крупные (120+ мм²); изоляция: ПВХ; цвет: голубой";78;6;программный рендер;photos/F01460.webp
F01461;3;1461;Электродвигатели;"Электродвигатель; крановый; габарит 160–200; на лапах";электродвигатель;признаки: крановый · габарит 160–200 · на лапах;78;3;генерация;photos/F01461.webp
F01462;3;1462;Инструмент;Клещи токоизмерительные;клещи токоизмерительные;;78;1;генерация;photos/F01462.webp
F01463;3;1463;Светильники;Лампа линейная;лампа линейная;;78;11;генерация;photos/F01463.webp
F01464;3;1464;Низковольтное оборудование;"Шкаф навесной; навесной";шкаф навесной;признаки: навесной;78;3;генерация;photos/F01464.webp
F01465;3;1465;Лотки и кабеленесущие системы;"Консоль; горячий цинк (матовый)";консоль;признаки: горячий цинк (матовый);78;8;генерация;photos/F01465.webp
F01466;3;1466;Кабель и провод;"Кабель круглый; 13-24 жил; жилы тонкие (до 2,5 мм²); жила: медь; изоляция полиэтилен; оболочка ПВХ; экран (оплетка/фольга видна на срезе)";кабель круглый;"жилы: 13-24; металл: медь; броня: без брони; оболочка: ПВХ; экран: экран; толщина жил: тонкие (до 2,5 мм²); изоляция: полиэтилен";77;9;генерация;photos/F01466.webp
F01467;3;1467;Кабель и провод;"Кабель круглый; 1 жила; жилы очень крупные (120+ мм²); жила: алюминий; изоляция бумага; оболочка алюминий";кабель круглый;"жилы: 1; металл: алюминий; броня: без брони; оболочка: алюминий; экран: без экрана; толщина жил: очень крупные (120+ мм²); изоляция: бумага";77;3;программный рендер;photos/F01467.webp
F01468;3;1468;Кабель и провод;"Кабель круглый; 1 жила; жилы крупные (25–95 мм²); жила: медь; изоляция ПВХ; оболочка ПВХ, цвет красный";кабель круглый;"жилы: 1; металл: медь; броня: без брони; оболочка: ПВХ; экран: без экрана; толщина жил: крупные (25–95 мм²); изоляция: ПВХ; цвет: красный";77;3;программный рендер;photos/F01468.webp
F01469;3;1469;Кабель и провод;"Кабель круглый; 1 жила; жила: медь; оболочка безгалогенная (LSZH)";кабель круглый;"жилы: 1; металл: медь; броня: без брони; оболочка: безгалогенная (LSZH)";77;5;программный рендер;photos/F01469.webp
F01470;3;1470;Кабель и провод;"Кабель круглый; 1 жила; жилы средние (4–16 мм²); жила: медь; изоляция ПВХ; оболочка безгалогенная (LSZH); экран (оплетка/фольга видна на срезе)";кабель круглый;"жилы: 1; металл: медь; броня: без брони; оболочка: безгалогенная (LSZH); экран: экран; толщина жил: средние (4–16 мм²); изоляция: ПВХ";77;2;генерация;photos/F01470.webp
F01471;3;1471;Кабель и провод;"Кабель круглый; 1 жила; жила: медь; оплетка текстильная";кабель круглый;"жилы: 1; металл: медь; броня: оплетка текстильная";77;9;генерация;photos/F01471.webp
F01472;3;1472;Кабель и провод;"Кабель круглый; 2 жил; жилы тонкие (до 2,5 мм²); жила: медь; изоляция фторопласт; оболочка фторопласт; экран (оплетка/фольга видна на срезе)";кабель круглый;"жилы: 2; металл: медь; броня: без брони; оболочка: фторопласт; экран: экран; толщина жил: тонкие (до 2,5 мм²); изоляция: фторопласт";77;4;генерация;photos/F01472.webp
F01473;3;1473;Кабель и провод;"Кабель круглый; 3 жил; жилы средние (4–16 мм²); жила: алюминий; изоляция сшитый ПЭ; оболочка ПВХ";кабель круглый;"жилы: 3; металл: алюминий; броня: без брони; оболочка: ПВХ; экран: без экрана; толщина жил: средние (4–16 мм²); изоляция: сшитый ПЭ";77;2;программный рендер;photos/F01473.webp
F01474;3;1474;Кабель и провод;"Кабель круглый; 3 жил; жилы тонкие (до 2,5 мм²); жила: медь; изоляция силикон; оболочка ПВХ; экран (оплетка/фольга видна на срезе)";кабель круглый;"жилы: 3; металл: медь; броня: без брони; оболочка: ПВХ; экран: экран; толщина жил: тонкие (до 2,5 мм²); изоляция: силикон";77;5;генерация;photos/F01474.webp
F01475;3;1475;Кабель и провод;"Кабель круглый; 3 жил; жилы крупные (25–95 мм²); жила: медь; изоляция ПВХ; оболочка резина";кабель круглый;"жилы: 3; металл: медь; броня: без брони; оболочка: резина; экран: без экрана; толщина жил: крупные (25–95 мм²); изоляция: ПВХ";77;6;программный рендер;photos/F01475.webp
F01476;3;1476;Кабель и провод;"Кабель круглый; 4 жил; жилы средние (4–16 мм²); жила: алюминий; изоляция сшитый ПЭ; оболочка ПВХ";кабель круглый;"жилы: 4; металл: алюминий; броня: без брони; оболочка: ПВХ; экран: без экрана; толщина жил: средние (4–16 мм²); изоляция: сшитый ПЭ";77;4;программный рендер;photos/F01476.webp
F01477;3;1477;Кабель и провод;"Кабель круглый; 5 жил; жилы крупные (25–95 мм²); жила: алюминий; изоляция сшитый ПЭ; оболочка ПВХ";кабель круглый;"жилы: 5; металл: алюминий; броня: без брони; оболочка: ПВХ; экран: без экрана; толщина жил: крупные (25–95 мм²); изоляция: сшитый ПЭ";77;3;программный рендер;photos/F01477.webp
F01478;3;1478;Кабель и провод;"Кабель круглый; 6-7 жил; жилы тонкие (до 2,5 мм²); жила: медь; изоляция полиэтилен; оболочка ПВХ; броня ленточная";кабель круглый;"жилы: 6-7; металл: медь; броня: броня ленточная; оболочка: ПВХ; экран: без экрана; толщина жил: тонкие (до 2,5 мм²); изоляция: полиэтилен";77;4;генерация;photos/F01478.webp
F01479;3;1479;Кабель и провод;"Провод многожильный (круглый); 6-7 жил; жилы тонкие (до 2,5 мм²); жила: медь; изоляция резина; оболочка резина; экран (оплетка/фольга видна на срезе)";провод многожильный (круглый);"жилы: 6-7; металл: медь; броня: без брони; оболочка: резина; экран: экран; толщина жил: тонкие (до 2,5 мм²); изоляция: резина";77;7;генерация;photos/F01479.webp
F01480;3;1480;Видеонаблюдение;Блок;блок;;77;4;генерация;photos/F01480.webp
F01481;3;1481;Строительное оборудование;Шнек;шнек;;77;4;генерация;photos/F01481.webp
F01482;3;1482;Электродвигатели;"Фланец; общепромышленный; на лапах";фланец;признаки: общепромышленный · на лапах;77;1;генерация;photos/F01482.webp
F01483;3;1483;Светильники;Патрон;патрон;;77;8;генерация;photos/F01483.webp
F01484;3;1484;Низковольтное оборудование;Вилка;вилка;;77;8;генерация;photos/F01484.webp
F01485;3;1485;Низковольтное оборудование;Клеммник;клеммник;;77;5;генерация;photos/F01485.webp
F01486;3;1486;Низковольтное оборудование;Контакт;контакт;;77;7;генерация;photos/F01486.webp
F01487;3;1487;Монтажные изделия для кабеля;Коробка распределительная;коробка распределительная;;77;6;генерация;photos/F01487.webp
F01488;3;1488;Монтажные изделия для кабеля;Удлинитель бытовой;удлинитель бытовой;;77;1;генерация;photos/F01488.webp
F01489;3;1489;Лотки и кабеленесущие системы;Пластина;пластина;;77;10;генерация;photos/F01489.webp
F01490;3;1490;Кабель и провод;"Кабель круглый; 1 жила; жилы крупные (25–95 мм²); жила: медь; изоляция ПВХ; оболочка ПВХ, цвет оранжевый";кабель круглый;"жилы: 1; металл: медь; броня: без брони; оболочка: ПВХ; экран: без экрана; толщина жил: крупные (25–95 мм²); изоляция: ПВХ; цвет: оранжевый";76;3;программный рендер;photos/F01490.webp
F01491;3;1491;Кабель и провод;"Кабель круглый; 25-48 жил; жилы тонкие (до 2,5 мм²); жила: медь; изоляция полиэтилен; оболочка полиэтилен; броня ленточная";кабель круглый;"жилы: 25-48; металл: медь; броня: броня ленточная; оболочка: полиэтилен; экран: без экрана; толщина жил: тонкие (до 2,5 мм²); изоляция: полиэтилен";76;2;генерация;photos/F01491.webp
F01492;3;1492;Кабель и провод;"Кабель круглый; 3 жил; жилы средние (4–16 мм²); жила: медь; оболочка безгалогенная (LSZH); экран (оплетка/фольга видна на срезе)";кабель круглый;"жилы: 3; металл: медь; броня: без брони; оболочка: безгалогенная (LSZH); экран: экран; толщина жил: средние (4–16 мм²)";76;2;генерация;photos/F01492.webp
F01493;3;1493;Кабель и провод;"Кабель круглый; 49+ жил; жилы крупные (25–95 мм²); жила: медь; изоляция ПВХ; оболочка ПВХ";кабель круглый;"жилы: 49+; металл: медь; броня: без брони; оболочка: ПВХ; экран: без экрана; толщина жил: крупные (25–95 мм²); изоляция: ПВХ";76;3;генерация;photos/F01493.webp
F01494;3;1494;Кабель и провод;"Кабель круглый; 4 жил; жилы средние (4–16 мм²); жила: алюминий; изоляция сшитый ПЭ; оболочка ПВХ; броня ленточная";кабель круглый;"жилы: 4; металл: алюминий; броня: броня ленточная; оболочка: ПВХ; экран: без экрана; толщина жил: средние (4–16 мм²); изоляция: сшитый ПЭ";76;4;генерация;photos/F01494.webp
F01495;3;1495;Кабель и провод;"Кабель круглый; 4 жил; жилы средние (4–16 мм²); жила: медь; изоляция сшитый ПЭ; оболочка безгалогенная (LSZH)";кабель круглый;"жилы: 4; металл: медь; броня: без брони; оболочка: безгалогенная (LSZH); экран: без экрана; толщина жил: средние (4–16 мм²); изоляция: сшитый ПЭ";76;4;программный рендер;photos/F01495.webp
F01496;3;1496;Кабель и провод;"Кабель круглый; 4 жил; жилы тонкие (до 2,5 мм²); жила: медь; изоляция ПВХ; оболочка ПВХ; броня проволочная; экран (оплетка/фольга видна на срезе)";кабель круглый;"жилы: 4; металл: медь; броня: броня проволочная; оболочка: ПВХ; экран: экран; толщина жил: тонкие (до 2,5 мм²); изоляция: ПВХ";76;3;генерация;photos/F01496.webp
F01497;3;1497;Кабель и провод;"Кабель круглый; 5 жил; жилы очень крупные (120+ мм²); жила: медь; изоляция сшитый ПЭ; оболочка ПВХ";кабель круглый;"жилы: 5; металл: медь; броня: без брони; оболочка: ПВХ; экран: без экрана; толщина жил: очень крупные (120+ мм²); изоляция: сшитый ПЭ";76;3;программный рендер;photos/F01497.webp
F01498;3;1498;Кабель и провод;"Кабель круглый; 5 жил; жилы очень крупные (120+ мм²); жила: медь; изоляция ПВХ; оболочка безгалогенная (LSZH)";кабель круглый;"жилы: 5; металл: медь; броня: без брони; оболочка: безгалогенная (LSZH); экран: без экрана; толщина жил: очень крупные (120+ мм²); изоляция: ПВХ";76;3;программный рендер;photos/F01498.webp
F01499;3;1499;Кабель и провод;"Кабель круглый; 8-12 жил; жилы крупные (25–95 мм²); жила: медь; изоляция ПВХ; оболочка ПВХ; броня ленточная; экран (оплетка/фольга видна на срезе)";кабель круглый;"жилы: 8-12; металл: медь; броня: броня ленточная; оболочка: ПВХ; экран: экран; толщина жил: крупные (25–95 мм²); изоляция: ПВХ";76;5;генерация;photos/F01499.webp
F01500;3;1500;Кабель и провод;"Кабель круглый; жила: сплав";кабель круглый;металл: сплав;76;7;генерация;photos/F01500.webp
F01501;3;1501;Кабель и провод;"Провод одножильный; 1 жила; жилы средние (4–16 мм²); жила: медь; изоляция ПВХ; цвет изоляции голубой";провод одножильный;"жилы: 1; металл: медь; броня: без брони; оболочка: нет (только изоляция); экран: без экрана; толщина жил: средние (4–16 мм²); изоляция: ПВХ; цвет: голубой";76;4;программный рендер;photos/F01501.webp
F01502;3;1502;Кабель и провод;"Провод одножильный; 1 жила; жилы тонкие (до 2,5 мм²); жила: медь; изоляция ПВХ; цвет изоляции розовый";провод одножильный;"жилы: 1; металл: медь; броня: без брони; оболочка: нет (только изоляция); экран: без экрана; толщина жил: тонкие (до 2,5 мм²); изоляция: ПВХ; цвет: розовый";76;4;программный рендер;photos/F01502.webp
F01503;3;1503;Кабель и провод;"Провод одножильный; 1 жила; жилы тонкие (до 2,5 мм²); жила: медь; изоляция силикон; оболочка силикон";провод одножильный;"жилы: 1; металл: медь; броня: без брони; оболочка: силикон; экран: без экрана; толщина жил: тонкие (до 2,5 мм²); изоляция: силикон";76;3;программный рендер;photos/F01503.webp
F01504;3;1504;Кабель и провод;"Термопарный; 1 жила; жилы тонкие (до 2,5 мм²); жила: медь; изоляция ПВХ; оболочка ПВХ";термопарный;"жилы: 1; металл: медь; броня: без брони; оболочка: ПВХ; экран: без экрана; толщина жил: тонкие (до 2,5 мм²); изоляция: ПВХ";76;2;генерация;photos/F01504.webp
F01505;3;1505;Кабель и провод;"Термопарный; 1 жила; жилы тонкие (до 2,5 мм²); жила: медь; изоляция ПВХ; оболочка ПВХ; экран (оплетка/фольга видна на срезе)";термопарный;"жилы: 1; металл: медь; броня: без брони; оболочка: ПВХ; экран: экран; толщина жил: тонкие (до 2,5 мм²); изоляция: ПВХ";76;2;генерация;photos/F01505.webp
F01506;3;1506;Видеонаблюдение;Видеорегистратор;видеорегистратор;;76;5;генерация;photos/F01506.webp
F01507;3;1507;Инструмент;Комплект;комплект;;76;3;генерация;photos/F01507.webp
F01508;3;1508;Светильники;Угол;угол;;76;2;генерация;photos/F01508.webp
F01509;3;1509;Низковольтное оборудование;"Пускатель электромагнитный; малый (до 32 А)";пускатель электромагнитный;признаки: малый (до 32 А);76;5;генерация;photos/F01509.webp
F01510;3;1510;Трубопроводная арматура;"Клапан обратный; нержавеющая сталь";клапан обратный;признаки: нержавеющая сталь;76;6;генерация;photos/F01510.webp
F01511;3;1511;Лотки и кабеленесущие системы;Разветвитель т-образный;разветвитель т-образный;;76;13;генерация;photos/F01511.webp
F01512;3;1512;Кабель и провод;"Кабель круглый; 1 жила; жила: алюминий; броня проволочная";кабель круглый;"жилы: 1; металл: алюминий; броня: броня проволочная";75;9;генерация;photos/F01512.webp
F01513;3;1513;Кабель и провод;"Кабель круглый; 1 жила; жилы тонкие (до 2,5 мм²); жила: медь; изоляция фторопласт; оболочка фторопласт; экран (оплетка/фольга видна на срезе)";кабель круглый;"жилы: 1; металл: медь; броня: без брони; оболочка: фторопласт; экран: экран; толщина жил: тонкие (до 2,5 мм²); изоляция: фторопласт";75;4;генерация;photos/F01513.webp
F01514;3;1514;Кабель и провод;"Кабель круглый; 25-48 жил; жилы тонкие (до 2,5 мм²); жила: медь; изоляция ПВХ; оболочка резина; броня ленточная";кабель круглый;"жилы: 25-48; металл: медь; броня: броня ленточная; оболочка: резина; экран: без экрана; толщина жил: тонкие (до 2,5 мм²); изоляция: ПВХ";75;9;генерация;photos/F01514.webp
F01515;3;1515;Кабель и провод;"Кабель круглый; 3 жил; жилы тонкие (до 2,5 мм²); жила: медь; изоляция фторопласт; оболочка фторопласт; экран (оплетка/фольга видна на срезе)";кабель круглый;"жилы: 3; металл: медь; броня: без брони; оболочка: фторопласт; экран: экран; толщина жил: тонкие (до 2,5 мм²); изоляция: фторопласт";75;4;генерация;photos/F01515.webp
F01516;3;1516;Кабель и провод;"Кабель круглый; 4 жил; жилы тонкие (до 2,5 мм²); жила: медь; изоляция фторопласт; оболочка фторопласт; экран (оплетка/фольга видна на срезе)";кабель круглый;"жилы: 4; металл: медь; броня: без брони; оболочка: фторопласт; экран: экран; толщина жил: тонкие (до 2,5 мм²); изоляция: фторопласт";75;4;генерация;photos/F01516.webp
F01517;3;1517;Кабель и провод;"Кабель круглый; 8-12 жил; жила: медь; оболочка безгалогенная (LSZH)";кабель круглый;"жилы: 8-12; металл: медь; броня: без брони; оболочка: безгалогенная (LSZH)";75;7;генерация;photos/F01517.webp
F01518;3;1518;Кабель и провод;"Кабель круглый; жила: медь";кабель круглый;"жилы: не определено; металл: медь; броня: без брони";75;6;генерация;photos/F01518.webp
F01519;3;1519;Кабель и провод;"Кабель круглый; жила: медь; изоляция ПВХ; оболочка полиэтилен";кабель круглый;"жилы: не определено; металл: медь; броня: без брони; оболочка: полиэтилен; экран: без экрана; толщина жил: не определено; изоляция: ПВХ";75;2;генерация;photos/F01519.webp
F01520;3;1520;Кабель и провод;"Провод многожильный (круглый); 3 жил; жилы тонкие (до 2,5 мм²); жила: медь; оболочка резина";провод многожильный (круглый);"жилы: 3; металл: медь; броня: без брони; оболочка: резина; толщина жил: тонкие (до 2,5 мм²)";75;7;программный рендер;photos/F01520.webp
F01521;3;1521;Строительное оборудование;Бадья;бадья;;75;8;генерация;photos/F01521.webp
F01522;3;1522;Строительное оборудование;Машина;машина;;75;7;генерация;photos/F01522.webp
F01523;3;1523;Рукава;Шланг абразивостойкий;шланг абразивостойкий;;75;1;генерация;photos/F01523.webp
F01524;3;1524;Рукава;Шланг пищевой;шланг пищевой;;75;3;генерация;photos/F01524.webp
F01525;3;1525;Инструмент;Термогигрометр;термогигрометр;;75;4;генерация;photos/F01525.webp
F01526;3;1526;Станки и оборудование;Полотно биметаллическое;полотно биметаллическое;;75;3;генерация;photos/F01526.webp
F01527;3;1527;Складское оборудование;Платформа роликовая;платформа роликовая;;75;9;генерация;photos/F01527.webp
F01528;3;1528;Лотки и кабеленесущие системы;Фланец соединительный;фланец соединительный;;75;11;генерация;photos/F01528.webp
F01529;3;1529;Кабель и провод;"Кабель круглый; 1 жила; жилы очень крупные (120+ мм²); жила: алюминий; изоляция ПВХ; оболочка ПВХ; экран (оплетка/фольга видна на срезе)";кабель круглый;"жилы: 1; металл: алюминий; броня: без брони; оболочка: ПВХ; экран: экран; толщина жил: очень крупные (120+ мм²); изоляция: ПВХ";74;3;генерация;photos/F01529.webp
F01530;3;1530;Кабель и провод;"Кабель круглый; 1 жила; жила: алюминий; оболочка полиэтилен; броня ленточная";кабель круглый;"жилы: 1; металл: алюминий; броня: броня ленточная; оболочка: полиэтилен";74;6;генерация;photos/F01530.webp
F01531;3;1531;Кабель и провод;"Кабель круглый; 25-48 жил; жилы тонкие (до 2,5 мм²); жила: медь; изоляция полиэтилен; оболочка ПВХ; экран (оплетка/фольга видна на срезе)";кабель круглый;"жилы: 25-48; металл: медь; броня: без брони; оболочка: ПВХ; экран: экран; толщина жил: тонкие (до 2,5 мм²); изоляция: полиэтилен";74;11;генерация;photos/F01531.webp
F01532;3;1532;Кабель и провод;"Кабель круглый; 2 жил; жилы средние (4–16 мм²); жила: алюминий; изоляция ПВХ; оболочка ПВХ; броня ленточная";кабель круглый;"жилы: 2; металл: алюминий; броня: броня ленточная; оболочка: ПВХ; экран: без экрана; толщина жил: средние (4–16 мм²); изоляция: ПВХ";74;4;генерация;photos/F01532.webp
F01533;3;1533;Кабель и провод;"Кабель круглый; 2 жил; жила: медь";кабель круглый;"жилы: 2; металл: медь; броня: без брони";74;10;программный рендер;photos/F01533.webp
F01534;3;1534;Кабель и провод;"Кабель круглый; 2 жил; жилы тонкие (до 2,5 мм²); жила: медь; изоляция силикон; оболочка ПВХ; броня ленточная";кабель круглый;"жилы: 2; металл: медь; броня: броня ленточная; оболочка: ПВХ; экран: без экрана; толщина жил: тонкие (до 2,5 мм²); изоляция: силикон";74;3;генерация;photos/F01534.webp
F01535;3;1535;Кабель и провод;"Кабель круглый; 3 жил; жилы крупные (25–95 мм²); жила: медь; изоляция ПВХ; оболочка ПВХ, цвет серый; экран (оплетка/фольга видна на срезе)";кабель круглый;"жилы: 3; металл: медь; броня: без брони; оболочка: ПВХ; экран: экран; толщина жил: крупные (25–95 мм²); изоляция: ПВХ; цвет: серый";74;4;генерация;photos/F01535.webp
F01536;3;1536;Кабель и провод;"Кабель круглый; 49+ жил; жилы тонкие (до 2,5 мм²); жила: медь; изоляция ПВХ; оболочка полиэтилен; броня ленточная";кабель круглый;"жилы: 49+; металл: медь; броня: броня ленточная; оболочка: полиэтилен; экран: без экрана; толщина жил: тонкие (до 2,5 мм²); изоляция: ПВХ";74;6;генерация;photos/F01536.webp
F01537;3;1537;Кабель и провод;"Кабель круглый; 5 жил; жилы очень крупные (120+ мм²); жила: алюминий; изоляция ПВХ; оболочка ПВХ; броня ленточная";кабель круглый;"жилы: 5; металл: алюминий; броня: броня ленточная; оболочка: ПВХ; экран: без экрана; толщина жил: очень крупные (120+ мм²); изоляция: ПВХ";74;4;генерация;photos/F01537.webp
F01538;3;1538;Кабель и провод;"Кабель круглый; 5 жил; жилы крупные (25–95 мм²); жила: медь; изоляция ПВХ; оболочка ПВХ, цвет черный";кабель круглый;"жилы: 5; металл: медь; броня: без брони; оболочка: ПВХ; экран: без экрана; толщина жил: крупные (25–95 мм²); изоляция: ПВХ; цвет: черный";74;8;программный рендер;photos/F01538.webp
F01539;3;1539;Кабель и провод;"Кабель круглый; 5 жил; жилы средние (4–16 мм²); жила: медь; оболочка безгалогенная (LSZH); экран (оплетка/фольга видна на срезе)";кабель круглый;"жилы: 5; металл: медь; броня: без брони; оболочка: безгалогенная (LSZH); экран: экран; толщина жил: средние (4–16 мм²)";74;2;генерация;photos/F01539.webp
F01540;3;1540;Кабель и провод;"Кабель круглый; 5 жил; жилы тонкие (до 2,5 мм²); жила: медь; изоляция ПВХ; оболочка резина; экран (оплетка/фольга видна на срезе)";кабель круглый;"жилы: 5; металл: медь; броня: без брони; оболочка: резина; экран: экран; толщина жил: тонкие (до 2,5 мм²); изоляция: ПВХ";74;3;генерация;photos/F01540.webp
F01541;3;1541;Кабель и провод;"Кабель круглый; 8-12 жил; жилы средние (4–16 мм²); жила: алюминий; изоляция ПВХ; оболочка ПВХ; броня ленточная";кабель круглый;"жилы: 8-12; металл: алюминий; броня: броня ленточная; оболочка: ПВХ; экран: без экрана; толщина жил: средние (4–16 мм²); изоляция: ПВХ";74;2;генерация;photos/F01541.webp
F01542;3;1542;Кабель и провод;"Кабель круглый; 8-12 жил; жилы тонкие (до 2,5 мм²); жила: медь; изоляция полиэтилен; оболочка ПВХ; экран (оплетка/фольга видна на срезе)";кабель круглый;"жилы: 8-12; металл: медь; броня: без брони; оболочка: ПВХ; экран: экран; толщина жил: тонкие (до 2,5 мм²); изоляция: полиэтилен";74;8;генерация;photos/F01542.webp
F01543;3;1543;Кабель и провод;"Кабель круглый; 8-12 жил; жилы тонкие (до 2,5 мм²); жила: медь; изоляция ПВХ; оболочка полиуретан; экран (оплетка/фольга видна на срезе)";кабель круглый;"жилы: 8-12; металл: медь; броня: без брони; оболочка: полиуретан; экран: экран; толщина жил: тонкие (до 2,5 мм²); изоляция: ПВХ";74;9;генерация;photos/F01543.webp
F01544;3;1544;Кабель и провод;"Провод одножильный; 1 жила; жилы тонкие (до 2,5 мм²); жила: сплав; изоляция ПВХ; экран (оплетка/фольга видна на срезе)";провод одножильный;"жилы: 1; металл: сплав; броня: без брони; оболочка: нет (только изоляция); экран: экран; толщина жил: тонкие (до 2,5 мм²); изоляция: ПВХ";74;12;генерация;photos/F01544.webp
F01545;3;1545;Кабель и провод;"Термопарный; 25-48 жил; жилы тонкие (до 2,5 мм²); жила: термопарный сплав; изоляция ПВХ; оболочка ПВХ";термопарный;"жилы: 25-48; металл: термопарный сплав; броня: без брони; оболочка: ПВХ; экран: без экрана; толщина жил: тонкие (до 2,5 мм²); изоляция: ПВХ";74;4;генерация;photos/F01545.webp
F01546;3;1546;Кабель и провод;"Шнур; 8-12 жил; жилы тонкие (до 2,5 мм²); жила: медь; изоляция ПВХ; оболочка ПВХ; экран (оплетка/фольга видна на срезе)";шнур;"жилы: 8-12; металл: медь; броня: без брони; оболочка: ПВХ; экран: экран; толщина жил: тонкие (до 2,5 мм²); изоляция: ПВХ";74;5;генерация;photos/F01546.webp
F01547;3;1547;Лотки и кабеленесущие системы;Переходник левосторонний;переходник левосторонний;;74;10;генерация;photos/F01547.webp
F01548;3;1548;Лотки и кабеленесущие системы;Переходник правосторонний;переходник правосторонний;;74;10;генерация;photos/F01548.webp
F01549;3;1549;Кабель и провод;"Витая пара (LAN); 4 пар; жила: медь; изоляция полиэтилен; оболочка ПВХ; экран (оплетка/фольга видна на срезе)";витая пара (LAN);"жилы: 4 пар; металл: медь; броня: без брони; оболочка: ПВХ; экран: экран; толщина жил: —; изоляция: полиэтилен";73;4;генерация;photos/F01549.webp
F01550;3;1550;Кабель и провод;"Кабель круглый; 2 жил; жила: алюминий; оболочка полиэтилен; броня ленточная";кабель круглый;"жилы: 2; металл: алюминий; броня: броня ленточная; оболочка: полиэтилен";73;6;генерация;photos/F01550.webp
F01551;3;1551;Кабель и провод;"Кабель круглый; 4 жил; жилы средние (4–16 мм²); жила: алюминий; оболочка ПВХ";кабель круглый;"жилы: 4; металл: алюминий; броня: без брони; оболочка: ПВХ; экран: без экрана; толщина жил: средние (4–16 мм²)";73;4;программный рендер;photos/F01551.webp
F01552;3;1552;Кабель и провод;"Кабель круглый; 4 жил; жилы средние (4–16 мм²); жила: алюминий; изоляция ПВХ; оболочка ПВХ; броня ленточная; экран (оплетка/фольга видна на срезе)";кабель круглый;"жилы: 4; металл: алюминий; броня: броня ленточная; оболочка: ПВХ; экран: экран; толщина жил: средние (4–16 мм²); изоляция: ПВХ";73;4;генерация;photos/F01552.webp
F01553;3;1553;Кабель и провод;"Кабель круглый; 4 жил; жилы крупные (25–95 мм²); жила: алюминий; изоляция бумага; оболочка алюминий; оплетка текстильная";кабель круглый;"жилы: 4; металл: алюминий; броня: оплетка текстильная; оболочка: алюминий; экран: без экрана; толщина жил: крупные (25–95 мм²); изоляция: бумага";73;7;генерация;photos/F01553.webp
F01554;3;1554;Кабель и провод;"Кабель круглый; 5 жил; жилы крупные (25–95 мм²); жила: медь; изоляция ПВХ; оболочка резина";кабель круглый;"жилы: 5; металл: медь; броня: без брони; оболочка: резина; экран: без экрана; толщина жил: крупные (25–95 мм²); изоляция: ПВХ";73;5;программный рендер;photos/F01554.webp
F01555;3;1555;Кабель и провод;"Кабель круглый; 6-7 жил; жилы средние (4–16 мм²); жила: алюминий; изоляция ПВХ; оболочка ПВХ";кабель круглый;"жилы: 6-7; металл: алюминий; броня: без брони; оболочка: ПВХ; экран: без экрана; толщина жил: средние (4–16 мм²); изоляция: ПВХ";73;4;генерация;photos/F01555.webp
F01556;3;1556;Кабель и провод;"Провод многожильный (круглый); 13-24 жил; жилы тонкие (до 2,5 мм²); жила: медь; оболочка резина";провод многожильный (круглый);"жилы: 13-24; металл: медь; броня: без брони; оболочка: резина; толщина жил: тонкие (до 2,5 мм²)";73;8;генерация;photos/F01556.webp
F01557;3;1557;Кабель и провод;"Провод многожильный (круглый); 8-12 жил; жилы тонкие (до 2,5 мм²); жила: медь; изоляция резина; оболочка резина";провод многожильный (круглый);"жилы: 8-12; металл: медь; броня: без брони; оболочка: резина; экран: без экрана; толщина жил: тонкие (до 2,5 мм²); изоляция: резина";73;9;генерация;photos/F01557.webp
F01558;3;1558;Кабель и провод;"Провод одножильный; 1 жила; жилы тонкие (до 2,5 мм²); жила: медь; изоляция шелк; оболочка ПВХ; экран (оплетка/фольга видна на срезе)";провод одножильный;"жилы: 1; металл: медь; броня: без брони; оболочка: ПВХ; экран: экран; толщина жил: тонкие (до 2,5 мм²); изоляция: шелк";73;3;генерация;photos/F01558.webp
F01559;3;1559;Кабель и провод;"Термопарный; 25-48 жил; жилы тонкие (до 2,5 мм²); жила: медь; изоляция ПВХ; оболочка ПВХ; экран (оплетка/фольга видна на срезе)";термопарный;"жилы: 25-48; металл: медь; броня: без брони; оболочка: ПВХ; экран: экран; толщина жил: тонкие (до 2,5 мм²); изоляция: ПВХ";73;7;генерация;photos/F01559.webp
F01560;3;1560;Строительное оборудование;Машина затирочная;машина затирочная;;73;8;генерация;photos/F01560.webp
F01561;3;1561;Строительное оборудование;Шлифмашина эксцентриковая;шлифмашина эксцентриковая;;73;5;генерация;photos/F01561.webp
F01562;3;1562;Конвейерные ленты;Капролон;капролон;;73;3;генерация;photos/F01562.webp
F01563;3;1563;Низковольтное оборудование;Амперметр аналоговый;амперметр аналоговый;;73;6;генерация;photos/F01563.webp
F01564;3;1564;Низковольтное оборудование;Модуль базовый;модуль базовый;;73;5;генерация;photos/F01564.webp
F01565;3;1565;Низковольтное оборудование;Щит;щит;;73;8;генерация;photos/F01565.webp
F01566;3;1566;Станки и оборудование;Фаскосниматель;фаскосниматель;;73;4;генерация;photos/F01566.webp
F01567;3;1567;Монтажные изделия для кабеля;Угол внешний;угол внешний;;73;9;генерация;photos/F01567.webp
F01568;3;1568;Монтажные изделия для кабеля;Удлинитель силовой;удлинитель силовой;;73;1;генерация;photos/F01568.webp
F01569;3;1569;Складское оборудование;Штабелер;штабелер;;73;10;генерация;photos/F01569.webp
F01570;3;1570;Лотки и кабеленесущие системы;"Стойка потолочная; горячий цинк (матовый)";стойка потолочная;признаки: горячий цинк (матовый);73;2;генерация;photos/F01570.webp
F01571;3;1571;Подшипники;Кольцо;кольцо;;72;7;генерация;photos/F01571.webp
F01572;3;1572;Кабель и провод;"Витая пара (LAN); 4 пар; жила: медь; изоляция ПВХ; оболочка безгалогенная (LSZH)";витая пара (LAN);"жилы: 4 пар; металл: медь; броня: без брони; оболочка: безгалогенная (LSZH); экран: без экрана; толщина жил: —; изоляция: ПВХ";72;6;генерация;photos/F01572.webp
F01573;3;1573;Кабель и провод;"Кабель круглый; 13-24 жил; жилы тонкие (до 2,5 мм²); жила: медь; изоляция ПВХ; оболочка резина; броня ленточная";кабель круглый;"жилы: 13-24; металл: медь; броня: броня ленточная; оболочка: резина; экран: без экрана; толщина жил: тонкие (до 2,5 мм²); изоляция: ПВХ";72;8;генерация;photos/F01573.webp
F01574;3;1574;Кабель и провод;"Кабель круглый; 1 жила; жилы тонкие (до 2,5 мм²); жила: медь; оболочка ПВХ; экран (оплетка/фольга видна на срезе)";кабель круглый;"жилы: 1; металл: медь; броня: без брони; оболочка: ПВХ; экран: экран; толщина жил: тонкие (до 2,5 мм²)";72;4;генерация;photos/F01574.webp
F01575;3;1575;Кабель и провод;"Кабель круглый; 2 жил; жила: медь; оболочка полиэтилен";кабель круглый;"жилы: 2; металл: медь; броня: без брони; оболочка: полиэтилен";72;6;программный рендер;photos/F01575.webp
F01576;3;1576;Кабель и провод;"Кабель круглый; 4 жил; жила: алюминий; оболочка полиэтилен; броня ленточная";кабель круглый;"жилы: 4; металл: алюминий; броня: броня ленточная; оболочка: полиэтилен";72;8;генерация;photos/F01576.webp
F01577;3;1577;Кабель и провод;"Кабель круглый; 4 жил; жилы крупные (25–95 мм²); жила: алюминий; изоляция сшитый ПЭ; оболочка полиэтилен; броня ленточная";кабель круглый;"жилы: 4; металл: алюминий; броня: броня ленточная; оболочка: полиэтилен; экран: без экрана; толщина жил: крупные (25–95 мм²); изоляция: сшитый ПЭ";72;6;генерация;photos/F01577.webp
F01578;3;1578;Кабель и провод;"Провод многожильный (круглый); 2 жил; жилы тонкие (до 2,5 мм²); жила: медь; оболочка резина";провод многожильный (круглый);"жилы: 2; металл: медь; броня: без брони; оболочка: резина; толщина жил: тонкие (до 2,5 мм²)";72;7;программный рендер;photos/F01578.webp
F01579;3;1579;Кабель и провод;"Провод многожильный (круглый); 2 жил; жилы тонкие (до 2,5 мм²); жила: термопарный сплав; изоляция фторопласт; оболочка фторопласт; экран (оплетка/фольга видна на срезе)";провод многожильный (круглый);"жилы: 2; металл: термопарный сплав; броня: без брони; оболочка: фторопласт; экран: экран; толщина жил: тонкие (до 2,5 мм²); изоляция: фторопласт";72;5;генерация;photos/F01579.webp
F01580;3;1580;Кабель и провод;"Провод одножильный; 1 жила; жилы средние (4–16 мм²); жила: медь";провод одножильный;"жилы: 1; металл: медь; броня: без брони; оболочка: нет (только изоляция); экран: без экрана; толщина жил: средние (4–16 мм²)";72;2;программный рендер;photos/F01580.webp
F01581;3;1581;Кабель и провод;"Провод одножильный; 1 жила; жила: медь; оболочка термоэластопласт";провод одножильный;"жилы: 1; металл: медь; броня: без брони; оболочка: термоэластопласт";72;9;программный рендер;photos/F01581.webp
F01582;3;1582;Кабель и провод;"Термопарный; жила: медь";термопарный;металл: медь;72;7;генерация;photos/F01582.webp
F01583;3;1583;Светильники;"Светильник; садово-парковый";светильник;признаки: садово-парковый;72;7;генерация;photos/F01583.webp
F01584;3;1584;Ремни;"Ремень; в бухте (открытый); поликлиновой PJ";ремень;признаки: в бухте (открытый) · поликлиновой PJ;71;4;генерация;photos/F01584.webp
F01585;3;1585;Кабель и провод;"Кабель круглый; 1 жила; жилы средние (4–16 мм²); жила: медь; изоляция ПВХ; оболочка резина";кабель круглый;"жилы: 1; металл: медь; броня: без брони; оболочка: резина; экран: без экрана; толщина жил: средние (4–16 мм²); изоляция: ПВХ";71;4;программный рендер;photos/F01585.webp
F01586;3;1586;Кабель и провод;"Кабель круглый; 2 жил; жилы средние (4–16 мм²); жила: медь; оболочка безгалогенная (LSZH); экран (оплетка/фольга видна на срезе)";кабель круглый;"жилы: 2; металл: медь; броня: без брони; оболочка: безгалогенная (LSZH); экран: экран; толщина жил: средние (4–16 мм²)";71;2;генерация;photos/F01586.webp
F01587;3;1587;Кабель и провод;"Кабель круглый; 2 жил; жилы тонкие (до 2,5 мм²); жила: медь; оболочка резина; экран (оплетка/фольга видна на срезе)";кабель круглый;"жилы: 2; металл: медь; броня: без брони; оболочка: резина; экран: экран; толщина жил: тонкие (до 2,5 мм²)";71;4;генерация;photos/F01587.webp
F01588;3;1588;Кабель и провод;"Кабель круглый; 2 жил; жилы очень крупные (120+ мм²); жила: медь; изоляция сшитый ПЭ; оболочка ПВХ; броня ленточная";кабель круглый;"жилы: 2; металл: медь; броня: броня ленточная; оболочка: ПВХ; экран: без экрана; толщина жил: очень крупные (120+ мм²); изоляция: сшитый ПЭ";71;4;генерация;photos/F01588.webp
F01589;3;1589;Кабель и провод;"Кабель круглый; 3 жил; жилы средние (4–16 мм²); жила: медь; оболочка ПВХ; экран (оплетка/фольга видна на срезе)";кабель круглый;"жилы: 3; металл: медь; броня: без брони; оболочка: ПВХ; экран: экран; толщина жил: средние (4–16 мм²)";71;3;генерация;photos/F01589.webp
F01590;3;1590;Кабель и провод;"Кабель круглый; 3 жил; жилы крупные (25–95 мм²); жила: медь; изоляция сшитый ПЭ; оболочка безгалогенная (LSZH)";кабель круглый;"жилы: 3; металл: медь; броня: без брони; оболочка: безгалогенная (LSZH); экран: без экрана; толщина жил: крупные (25–95 мм²); изоляция: сшитый ПЭ";71;3;программный рендер;photos/F01590.webp
F01591;3;1591;Кабель и провод;"Кабель круглый; 4 жил; жилы крупные (25–95 мм²); жила: медь; изоляция ПВХ; оболочка полиуретан";кабель круглый;"жилы: 4; металл: медь; броня: без брони; оболочка: полиуретан; экран: без экрана; толщина жил: крупные (25–95 мм²); изоляция: ПВХ";71;9;программный рендер;photos/F01591.webp
F01592;3;1592;Кабель и провод;"Кабель круглый; 5 жил; жила: алюминий; оболочка ПВХ";кабель круглый;"жилы: 5; металл: алюминий; броня: без брони; оболочка: ПВХ";71;9;программный рендер;photos/F01592.webp
F01593;3;1593;Кабель и провод;"Кабель круглый; 5 жил; жила: медь; оболочка фторопласт";кабель круглый;"жилы: 5; металл: медь; броня: без брони; оболочка: фторопласт";71;10;программный рендер;photos/F01593.webp
F01594;3;1594;Кабель и провод;"Термопарный; 4 жил; жилы тонкие (до 2,5 мм²); жила: медь; изоляция ПВХ; оболочка ПВХ";термопарный;"жилы: 4; металл: медь; броня: без брони; оболочка: ПВХ; экран: без экрана; толщина жил: тонкие (до 2,5 мм²); изоляция: ПВХ";71;7;генерация;photos/F01594.webp
F01595;3;1595;Светильники;Аппарат пускорегулирующий;аппарат пускорегулирующий;;71;7;генерация;photos/F01595.webp
F01596;3;1596;Трубопроводная арматура;Термометр жидкостный;термометр жидкостный;;71;2;генерация;photos/F01596.webp
F01597;3;1597;Монтажные изделия для кабеля;Комплект теплый;комплект теплый;;71;3;генерация;photos/F01597.webp
F01598;3;1598;Кабель и провод;"Кабель круглый; 13-24 жил; жила: алюминий; оболочка ПВХ; броня ленточная";кабель круглый;"жилы: 13-24; металл: алюминий; броня: броня ленточная; оболочка: ПВХ";70;6;генерация;photos/F01598.webp
F01599;3;1599;Кабель и провод;"Кабель круглый; 13-24 жил; жилы тонкие (до 2,5 мм²); жила: медь; изоляция фторопласт; оболочка ПВХ; экран (оплетка/фольга видна на срезе)";кабель круглый;"жилы: 13-24; металл: медь; броня: без брони; оболочка: ПВХ; экран: экран; толщина жил: тонкие (до 2,5 мм²); изоляция: фторопласт";70;5;генерация;photos/F01599.webp
F01600;3;1600;Кабель и провод;"Кабель круглый; 13-24 жил; жилы тонкие (до 2,5 мм²); жила: медь; изоляция полиэтилен; оболочка полиэтилен; броня ленточная";кабель круглый;"жилы: 13-24; металл: медь; броня: броня ленточная; оболочка: полиэтилен; экран: без экрана; толщина жил: тонкие (до 2,5 мм²); изоляция: полиэтилен";70;2;генерация;photos/F01600.webp
F01601;3;1601;Кабель и провод;"Кабель круглый; 13-24 жил; жилы тонкие (до 2,5 мм²); жила: медь; изоляция полиэтилен; оболочка полиэтилен; броня ленточная; экран (оплетка/фольга видна на срезе)";кабель круглый;"жилы: 13-24; металл: медь; броня: броня ленточная; оболочка: полиэтилен; экран: экран; толщина жил: тонкие (до 2,5 мм²); изоляция: полиэтилен";70;2;генерация;photos/F01601.webp
F01602;3;1602;Кабель и провод;"Кабель круглый; 1 жила; жилы очень крупные (120+ мм²); жила: алюминий; изоляция резина; оболочка безгалогенная (LSZH)";кабель круглый;"жилы: 1; металл: алюминий; броня: без брони; оболочка: безгалогенная (LSZH); экран: без экрана; толщина жил: очень крупные (120+ мм²); изоляция: резина";70;3;программный рендер;photos/F01602.webp
F01603;3;1603;Кабель и провод;"Кабель круглый; 1 жила; жила: медь";кабель круглый;"жилы: 1; металл: медь";70;7;генерация;photos/F01603.webp
F01604;3;1604;Кабель и провод;"Кабель круглый; 1 жила; жилы средние (4–16 мм²); жила: медь; изоляция ПВХ; оболочка полиуретан";кабель круглый;"жилы: 1; металл: медь; броня: без брони; оболочка: полиуретан; экран: без экрана; толщина жил: средние (4–16 мм²); изоляция: ПВХ";70;5;программный рендер;photos/F01604.webp
F01605;3;1605;Кабель и провод;"Кабель круглый; 2 жил; жилы средние (4–16 мм²); жила: медь; оболочка ПВХ; экран (оплетка/фольга видна на срезе)";кабель круглый;"жилы: 2; металл: медь; броня: без брони; оболочка: ПВХ; экран: экран; толщина жил: средние (4–16 мм²)";70;3;генерация;photos/F01605.webp
F01606;3;1606;Кабель и провод;"Кабель круглый; 2 жил; жилы средние (4–16 мм²); жила: медь; изоляция сшитый ПЭ; оболочка ПВХ; броня ленточная";кабель круглый;"жилы: 2; металл: медь; броня: броня ленточная; оболочка: ПВХ; экран: без экрана; толщина жил: средние (4–16 мм²); изоляция: сшитый ПЭ";70;2;генерация;photos/F01606.webp
F01607;3;1607;Кабель и провод;"Кабель круглый; 3 жил; жилы крупные (25–95 мм²); жила: медь; изоляция резина; оболочка ПВХ; экран (оплетка/фольга видна на срезе)";кабель круглый;"жилы: 3; металл: медь; броня: без брони; оболочка: ПВХ; экран: экран; толщина жил: крупные (25–95 мм²); изоляция: резина";70;3;генерация;photos/F01607.webp
F01608;3;1608;Кабель и провод;"Кабель круглый; 49+ жил; жилы тонкие (до 2,5 мм²); жила: медь; оболочка ПВХ";кабель круглый;"жилы: 49+; металл: медь; броня: без брони; оболочка: ПВХ; экран: без экрана; толщина жил: тонкие (до 2,5 мм²)";70;10;генерация;photos/F01608.webp
F01609;3;1609;Кабель и провод;"Кабель круглый; 4 жил; жилы тонкие (до 2,5 мм²); жила: медь; изоляция ПВХ; оболочка полиэтилен; экран (оплетка/фольга видна на срезе)";кабель круглый;"жилы: 4; металл: медь; броня: без брони; оболочка: полиэтилен; экран: экран; толщина жил: тонкие (до 2,5 мм²); изоляция: ПВХ";70;7;генерация;photos/F01609.webp
F01610;3;1610;Кабель и провод;"Кабель круглый; 5 жил; жилы тонкие (до 2,5 мм²); жила: медь; изоляция силикон; оболочка ПВХ";кабель круглый;"жилы: 5; металл: медь; броня: без брони; оболочка: ПВХ; экран: без экрана; толщина жил: тонкие (до 2,5 мм²); изоляция: силикон";70;5;программный рендер;photos/F01610.webp
F01611;3;1611;Кабель и провод;"Кабель круглый; 5 жил; жила: медь; оболочка силикон";кабель круглый;"жилы: 5; металл: медь; броня: без брони; оболочка: силикон";70;8;программный рендер;photos/F01611.webp
F01612;3;1612;Кабель и провод;"Кабель круглый; 5 жил; жилы очень крупные (120+ мм²); жила: медь; изоляция сшитый ПЭ; оболочка ПВХ; броня ленточная";кабель круглый;"жилы: 5; металл: медь; броня: броня ленточная; оболочка: ПВХ; экран: без экрана; толщина жил: очень крупные (120+ мм²); изоляция: сшитый ПЭ";70;4;генерация;photos/F01612.webp
F01613;3;1613;Кабель и провод;"Кабель круглый; 5 жил; жилы средние (4–16 мм²); жила: медь; изоляция сшитый ПЭ; оболочка ПВХ; броня ленточная";кабель круглый;"жилы: 5; металл: медь; броня: броня ленточная; оболочка: ПВХ; экран: без экрана; толщина жил: средние (4–16 мм²); изоляция: сшитый ПЭ";70;2;генерация;photos/F01613.webp
F01614;3;1614;Кабель и провод;"Кабель круглый; 6-7 жил; жилы очень крупные (120+ мм²); жила: медь; оболочка ПВХ";кабель круглый;"жилы: 6-7; металл: медь; броня: без брони; оболочка: ПВХ; толщина жил: очень крупные (120+ мм²)";70;6;генерация;photos/F01614.webp
F01615;3;1615;Кабель и провод;"Кабель круглый; 6-7 жил; жилы тонкие (до 2,5 мм²); жила: медь; изоляция резина; оболочка резина; экран (оплетка/фольга видна на срезе)";кабель круглый;"жилы: 6-7; металл: медь; броня: без брони; оболочка: резина; экран: экран; толщина жил: тонкие (до 2,5 мм²); изоляция: резина";70;5;генерация;photos/F01615.webp
F01616;3;1616;Кабель и провод;"Кабель круглый; 6-7 жил; жила: медь; оболочка ПВХ; броня ленточная";кабель круглый;"жилы: 6-7; металл: медь; броня: броня ленточная; оболочка: ПВХ";70;6;генерация;photos/F01616.webp
F01617;3;1617;Кабель и провод;"Провод одножильный; 1 жила; жилы тонкие (до 2,5 мм²); жила: медь; изоляция ПВХ; цвет изоляции черный; экран (оплетка/фольга видна на срезе)";провод одножильный;"жилы: 1; металл: медь; броня: без брони; оболочка: нет (только изоляция); экран: экран; толщина жил: тонкие (до 2,5 мм²); изоляция: ПВХ; цвет: черный";70;4;генерация;photos/F01617.webp
F01618;3;1618;Инструмент;Компрессор ременной;компрессор ременной;;70;3;генерация;photos/F01618.webp
F01619;3;1619;Инструмент;Компрессор спиральный;компрессор спиральный;;70;3;генерация;photos/F01619.webp
F01620;3;1620;Инструмент;Ножницы;ножницы;;70;4;генерация;photos/F01620.webp
F01621;3;1621;Инструмент;Пирометр;пирометр;;70;3;генерация;photos/F01621.webp
F01622;3;1622;Светильники;"Фонарь; уличный консольный";фонарь;признаки: уличный консольный;70;4;генерация;photos/F01622.webp
F01623;3;1623;Низковольтное оборудование;Блокировка механическая;блокировка механическая;;70;3;генерация;photos/F01623.webp
F01624;3;1624;Низковольтное оборудование;"Рубильник реверсивный; силовой";рубильник реверсивный;признаки: силовой;70;8;генерация;photos/F01624.webp
F01625;3;1625;Низковольтное оборудование;Система кабельная;система кабельная;;70;1;генерация;photos/F01625.webp
F01626;3;1626;Низковольтное оборудование;"Щит этажный; навесной";щит этажный;признаки: навесной;70;4;генерация;photos/F01626.webp
F01627;3;1627;Станки и оборудование;Станок фрезерный;станок фрезерный;;70;4;генерация;photos/F01627.webp
F01628;3;1628;Трубопроводная арматура;Манометр показывающий;манометр показывающий;;70;1;генерация;photos/F01628.webp
F01629;3;1629;Подшипники;"Узел подшипниковый (корпусной); разъемный корпус (SNL)";узел подшипниковый (корпусной);признаки: разъемный корпус (SNL);69;5;генерация;photos/F01629.webp
F01630;3;1630;Кабель и провод;"Кабель круглый; 1 жила; жилы крупные (25–95 мм²); жила: медь; изоляция сшитый ПЭ; оболочка безгалогенная (LSZH)";кабель круглый;"жилы: 1; металл: медь; броня: без брони; оболочка: безгалогенная (LSZH); экран: без экрана; толщина жил: крупные (25–95 мм²); изоляция: сшитый ПЭ";69;3;программный рендер;photos/F01630.webp
F01631;3;1631;Кабель и провод;"Кабель круглый; 1 жила; жилы крупные (25–95 мм²); жила: медь; изоляция ПВХ; оболочка резина";кабель круглый;"жилы: 1; металл: медь; броня: без брони; оболочка: резина; экран: без экрана; толщина жил: крупные (25–95 мм²); изоляция: ПВХ";69;6;программный рендер;photos/F01631.webp
F01632;3;1632;Кабель и провод;"Кабель круглый; 25-48 жил; жила: медь; оболочка резина";кабель круглый;"жилы: 25-48; металл: медь; броня: без брони; оболочка: резина";69;9;генерация;photos/F01632.webp
F01633;3;1633;Кабель и провод;"Кабель круглый; 2 жил; жилы очень крупные (120+ мм²); жила: медь; изоляция ПВХ; оболочка безгалогенная (LSZH)";кабель круглый;"жилы: 2; металл: медь; броня: без брони; оболочка: безгалогенная (LSZH); экран: без экрана; толщина жил: очень крупные (120+ мм²); изоляция: ПВХ";69;3;программный рендер;photos/F01633.webp
F01634;3;1634;Кабель и провод;"Кабель круглый; 3 жил; жилы средние (4–16 мм²); жила: алюминий; изоляция сшитый ПЭ; оболочка ПВХ; броня ленточная";кабель круглый;"жилы: 3; металл: алюминий; броня: броня ленточная; оболочка: ПВХ; экран: без экрана; толщина жил: средние (4–16 мм²); изоляция: сшитый ПЭ";69;2;генерация;photos/F01634.webp
F01635;3;1635;Кабель и провод;"Кабель круглый; 3 жил; жилы тонкие (до 2,5 мм²); жила: медь; изоляция силикон; оболочка безгалогенная (LSZH); экран (оплетка/фольга видна на срезе)";кабель круглый;"жилы: 3; металл: медь; броня: без брони; оболочка: безгалогенная (LSZH); экран: экран; толщина жил: тонкие (до 2,5 мм²); изоляция: силикон";69;4;генерация;photos/F01635.webp
F01636;3;1636;Кабель и провод;"Кабель круглый; 3 жил; жилы средние (4–16 мм²); жила: медь; изоляция резина; оболочка ПВХ; броня ленточная";кабель круглый;"жилы: 3; металл: медь; броня: броня ленточная; оболочка: ПВХ; экран: без экрана; толщина жил: средние (4–16 мм²); изоляция: резина";69;2;генерация;photos/F01636.webp
F01637;3;1637;Кабель и провод;"Кабель круглый; 4 жил; жилы очень крупные (120+ мм²); жила: алюминий; изоляция бумага; оболочка алюминий; оплетка текстильная";кабель круглый;"жилы: 4; металл: алюминий; броня: оплетка текстильная; оболочка: алюминий; экран: без экрана; толщина жил: очень крупные (120+ мм²); изоляция: бумага";69;7;генерация;photos/F01637.webp
F01638;3;1638;Кабель и провод;"Кабель круглый; 4 жил; жилы крупные (25–95 мм²); жила: медь; изоляция полиэтилен; оболочка ПВХ";кабель круглый;"жилы: 4; металл: медь; броня: без брони; оболочка: ПВХ; экран: без экрана; толщина жил: крупные (25–95 мм²); изоляция: полиэтилен";69;7;программный рендер;photos/F01638.webp
F01639;3;1639;Кабель и провод;"Кабель круглый; 4 жил; жилы средние (4–16 мм²); жила: медь; изоляция ПВХ; оболочка ПВХ, цвет оранжевый";кабель круглый;"жилы: 4; металл: медь; броня: без брони; оболочка: ПВХ; экран: без экрана; толщина жил: средние (4–16 мм²); изоляция: ПВХ; цвет: оранжевый";69;7;программный рендер;photos/F01639.webp
F01640;3;1640;Кабель и провод;"Провод многожильный (круглый); 13-24 жил; жилы тонкие (до 2,5 мм²); жила: медь; изоляция ПВХ; оболочка ПВХ";провод многожильный (круглый);"жилы: 13-24; металл: медь; броня: без брони; оболочка: ПВХ; экран: без экрана; толщина жил: тонкие (до 2,5 мм²); изоляция: ПВХ";69;9;генерация;photos/F01640.webp
F01641;3;1641;Кабель и провод;"Провод многожильный (круглый); 4 жил; жилы тонкие (до 2,5 мм²); жила: медь; оболочка резина";провод многожильный (круглый);"жилы: 4; металл: медь; броня: без брони; оболочка: резина; толщина жил: тонкие (до 2,5 мм²)";69;7;программный рендер;photos/F01641.webp
F01642;3;1642;Электродвигатели;"Электродвигатель; крановый; на лапах";электродвигатель;признаки: крановый · на лапах;69;7;генерация;photos/F01642.webp
F01643;3;1643;Светильники;Коннектор угловой;коннектор угловой;;69;4;генерация;photos/F01643.webp
F01644;3;1644;Низковольтное оборудование;"Выключатель; модульный на DIN-рейку; 4P";выключатель;признаки: модульный на DIN-рейку · 4P;69;9;генерация;photos/F01644.webp
F01645;3;1645;Трубопроводная арматура;Компенсатор сильфонный;компенсатор сильфонный;;69;8;генерация;photos/F01645.webp
F01646;3;1646;Монтажные изделия для кабеля;Контакт заземляющий;контакт заземляющий;;69;1;генерация;photos/F01646.webp
F01647;3;1647;Кабель и провод;"Кабель круглый; 13-24 жил; жилы средние (4–16 мм²); жила: медь; изоляция силикон; оболочка ПВХ; экран (оплетка/фольга видна на срезе)";кабель круглый;"жилы: 13-24; металл: медь; броня: без брони; оболочка: ПВХ; экран: экран; толщина жил: средние (4–16 мм²); изоляция: силикон";68;8;генерация;photos/F01647.webp
F01648;3;1648;Кабель и провод;"Кабель круглый; 1 жила; жилы средние (4–16 мм²); жила: медь; изоляция ПВХ; оболочка ПВХ, цвет желтый";кабель круглый;"жилы: 1; металл: медь; броня: без брони; оболочка: ПВХ; экран: без экрана; толщина жил: средние (4–16 мм²); изоляция: ПВХ; цвет: желтый";68;2;программный рендер;photos/F01648.webp
F01649;3;1649;Кабель и провод;"Кабель круглый; 1 жила; жила: медь; изоляция резина; оболочка резина";кабель круглый;"жилы: 1; металл: медь; броня: без брони; оболочка: резина; экран: без экрана; толщина жил: не определено; изоляция: резина";68;1;программный рендер;photos/F01649.webp
F01650;3;1650;Кабель и провод;"Кабель круглый; 2 жил; жилы очень крупные (120+ мм²); жила: медь; оболочка безгалогенная (LSZH)";кабель круглый;"жилы: 2; металл: медь; броня: без брони; оболочка: безгалогенная (LSZH); экран: без экрана; толщина жил: очень крупные (120+ мм²)";68;3;программный рендер;photos/F01650.webp
F01651;3;1651;Кабель и провод;"Кабель круглый; 2 жил; жилы средние (4–16 мм²); жила: медь; изоляция резина; оболочка безгалогенная (LSZH)";кабель круглый;"жилы: 2; металл: медь; броня: без брони; оболочка: безгалогенная (LSZH); экран: без экрана; толщина жил: средние (4–16 мм²); изоляция: резина";68;2;программный рендер;photos/F01651.webp
F01652;3;1652;Кабель и провод;"Кабель круглый; 3 жил; жилы тонкие (до 2,5 мм²); жила: медь; изоляция ПВХ; оболочка ПВХ; броня ленточная; экран (оплетка/фольга видна на срезе)";кабель круглый;"жилы: 3; металл: медь; броня: броня ленточная; оболочка: ПВХ; экран: экран; толщина жил: тонкие (до 2,5 мм²); изоляция: ПВХ";68;3;генерация;photos/F01652.webp
F01653;3;1653;Кабель и провод;"Кабель круглый; 4 жил; жилы средние (4–16 мм²); жила: алюминий; изоляция ПВХ; оболочка ПВХ; экран (оплетка/фольга видна на срезе)";кабель круглый;"жилы: 4; металл: алюминий; броня: без брони; оболочка: ПВХ; экран: экран; толщина жил: средние (4–16 мм²); изоляция: ПВХ";68;2;генерация;photos/F01653.webp
F01654;3;1654;Кабель и провод;"Кабель круглый; 4 жил; жила: алюминий; оболочка резина; броня ленточная";кабель круглый;"жилы: 4; металл: алюминий; броня: броня ленточная; оболочка: резина";68;7;генерация;photos/F01654.webp
F01655;3;1655;Кабель и провод;"Кабель круглый; 4 жил; жилы тонкие (до 2,5 мм²); жила: медь; изоляция ПВХ; оболочка ПВХ, цвет оранжевый";кабель круглый;"жилы: 4; металл: медь; броня: без брони; оболочка: ПВХ; экран: без экрана; толщина жил: тонкие (до 2,5 мм²); изоляция: ПВХ; цвет: оранжевый";68;9;программный рендер;photos/F01655.webp
F01656;3;1656;Кабель и провод;"Кабель круглый; 4 жил; жилы тонкие (до 2,5 мм²); жила: медь; изоляция ПВХ; оболочка ПВХ, цвет черный; экран (оплетка/фольга видна на срезе)";кабель круглый;"жилы: 4; металл: медь; броня: без брони; оболочка: ПВХ; экран: экран; толщина жил: тонкие (до 2,5 мм²); изоляция: ПВХ; цвет: черный";68;7;генерация;photos/F01656.webp
F01657;3;1657;Кабель и провод;"Кабель круглый; 4 жил; жилы тонкие (до 2,5 мм²); жила: медь; оболочка резина";кабель круглый;"жилы: 4; металл: медь; броня: без брони; оболочка: резина; толщина жил: тонкие (до 2,5 мм²)";68;8;программный рендер;photos/F01657.webp
F01658;3;1658;Кабель и провод;"Кабель круглый; 8-12 жил; жилы тонкие (до 2,5 мм²); жила: медь; изоляция резина; оболочка безгалогенная (LSZH)";кабель круглый;"жилы: 8-12; металл: медь; броня: без брони; оболочка: безгалогенная (LSZH); экран: без экрана; толщина жил: тонкие (до 2,5 мм²); изоляция: резина";68;5;генерация;photos/F01658.webp
F01659;3;1659;Кабель и провод;"Кабель круглый; 8-12 жил; жилы крупные (25–95 мм²); жила: медь; изоляция ПВХ; оболочка полиэтилен";кабель круглый;"жилы: 8-12; металл: медь; броня: без брони; оболочка: полиэтилен; экран: без экрана; толщина жил: крупные (25–95 мм²); изоляция: ПВХ";68;2;генерация;photos/F01659.webp
F01660;3;1660;Кабель и провод;"Провод обмоточный; 2 жил; жила: медь";провод обмоточный;"жилы: 2; металл: медь; броня: без брони; оболочка: нет";68;2;генерация;photos/F01660.webp
F01661;3;1661;Кабель и провод;"Провод одножильный; 1 жила; жилы тонкие (до 2,5 мм²); жила: медь; изоляция фторопласт; цвет изоляции желтый";провод одножильный;"жилы: 1; металл: медь; броня: без брони; оболочка: нет (только изоляция); экран: без экрана; толщина жил: тонкие (до 2,5 мм²); изоляция: фторопласт; цвет: желтый";68;4;программный рендер;photos/F01661.webp
F01662;3;1662;Кабель и провод;"Провод одножильный; 1 жила; жилы тонкие (до 2,5 мм²); жила: медь; изоляция фторопласт; цвет изоляции зеленый";провод одножильный;"жилы: 1; металл: медь; броня: без брони; оболочка: нет (только изоляция); экран: без экрана; толщина жил: тонкие (до 2,5 мм²); изоляция: фторопласт; цвет: зеленый";68;4;программный рендер;photos/F01662.webp
F01663;3;1663;Кабель и провод;"Провод одножильный; 1 жила; жилы тонкие (до 2,5 мм²); жила: медь; изоляция фторопласт; цвет изоляции красный";провод одножильный;"жилы: 1; металл: медь; броня: без брони; оболочка: нет (только изоляция); экран: без экрана; толщина жил: тонкие (до 2,5 мм²); изоляция: фторопласт; цвет: красный";68;4;программный рендер;photos/F01663.webp
F01664;3;1664;Кабель и провод;"Провод одножильный; 1 жила; жилы тонкие (до 2,5 мм²); жила: медь; изоляция фторопласт; цвет изоляции черный";провод одножильный;"жилы: 1; металл: медь; броня: без брони; оболочка: нет (только изоляция); экран: без экрана; толщина жил: тонкие (до 2,5 мм²); изоляция: фторопласт; цвет: черный";68;4;программный рендер;photos/F01664.webp
F01665;3;1665;Кабель и провод;"Провод одножильный; 1 жила; жилы тонкие (до 2,5 мм²); жила: медь; изоляция ПВХ; цвет изоляции зеленый; экран (оплетка/фольга видна на срезе)";провод одножильный;"жилы: 1; металл: медь; броня: без брони; оболочка: нет (только изоляция); экран: экран; толщина жил: тонкие (до 2,5 мм²); изоляция: ПВХ; цвет: зеленый";68;4;генерация;photos/F01665.webp
F01666;3;1666;Кабель и провод;"Провод одножильный; 1 жила; жилы тонкие (до 2,5 мм²); жила: медь; изоляция ПВХ; цвет изоляции коричневый; экран (оплетка/фольга видна на срезе)";провод одножильный;"жилы: 1; металл: медь; броня: без брони; оболочка: нет (только изоляция); экран: экран; толщина жил: тонкие (до 2,5 мм²); изоляция: ПВХ; цвет: коричневый";68;4;генерация;photos/F01666.webp
F01667;3;1667;Кабель и провод;"Провод одножильный; 1 жила; жилы тонкие (до 2,5 мм²); жила: медь; изоляция ПВХ; цвет изоляции красный; экран (оплетка/фольга видна на срезе)";провод одножильный;"жилы: 1; металл: медь; броня: без брони; оболочка: нет (только изоляция); экран: экран; толщина жил: тонкие (до 2,5 мм²); изоляция: ПВХ; цвет: красный";68;4;генерация;photos/F01667.webp
F01668;3;1668;Кабель и провод;"Провод одножильный; 1 жила; жилы тонкие (до 2,5 мм²); жила: медь; изоляция ПВХ; цвет изоляции синий; экран (оплетка/фольга видна на срезе)";провод одножильный;"жилы: 1; металл: медь; броня: без брони; оболочка: нет (только изоляция); экран: экран; толщина жил: тонкие (до 2,5 мм²); изоляция: ПВХ; цвет: синий";68;4;генерация;photos/F01668.webp
F01669;3;1669;Кабель и провод;"Провод плоский; 2 жил; жилы тонкие (до 2,5 мм²); жила: медь; изоляция ПВХ; оболочка ПВХ";провод плоский;"жилы: 2; металл: медь; броня: без брони; оболочка: ПВХ; экран: без экрана; толщина жил: тонкие (до 2,5 мм²); изоляция: ПВХ";68;4;генерация;photos/F01669.webp
F01670;3;1670;Кабель и провод;"Термопарный; 2 жил; жилы средние (4–16 мм²); жила: медь; оболочка ПВХ";термопарный;"жилы: 2; металл: медь; броня: без брони; оболочка: ПВХ; толщина жил: средние (4–16 мм²)";68;5;генерация;photos/F01670.webp
F01671;3;1671;Цепи;Цепь круглозвенная;цепь круглозвенная;;68;3;генерация;photos/F01671.webp
F01672;3;1672;Строительное оборудование;Виброплита реверсивная;виброплита реверсивная;;68;5;генерация;photos/F01672.webp
F01673;3;1673;Низковольтное оборудование;Знак;знак;;68;2;генерация;photos/F01673.webp
F01674;3;1674;Низковольтное оборудование;"Корпус пластиковый; металлический; навесной";корпус пластиковый;признаки: металлический · навесной;68;3;генерация;photos/F01674.webp
F01675;3;1675;Станки и оборудование;Диск шлифовальный;диск шлифовальный;;68;3;генерация;photos/F01675.webp
F01676;3;1676;Насосы;Насос вибрационный;насос вибрационный;;68;3;генерация;photos/F01676.webp
F01677;3;1677;Насосы;Насос песковый;насос песковый;;68;4;генерация;photos/F01677.webp
F01678;3;1678;Складское оборудование;Стойка инструментальная;стойка инструментальная;;68;2;генерация;photos/F01678.webp
F01679;3;1679;Лотки и кабеленесущие системы;Консоль потолочная;консоль потолочная;;68;8;генерация;photos/F01679.webp
F01680;3;1680;Лотки и кабеленесущие системы;Стойка потолочного;стойка потолочного;;68;3;генерация;photos/F01680.webp
F01681;3;1681;Кабель и провод;"Кабель круглый; 13-24 жил; жилы тонкие (до 2,5 мм²); жила: медь; изоляция ПВХ; оболочка полиуретан, цвет серый";кабель круглый;"жилы: 13-24; металл: медь; броня: без брони; оболочка: полиуретан; экран: без экрана; толщина жил: тонкие (до 2,5 мм²); изоляция: ПВХ; цвет: серый";67;8;генерация;photos/F01681.webp
F01682;3;1682;Кабель и провод;"Кабель круглый; 2 жил; жилы тонкие (до 2,5 мм²); жила: медь; изоляция сшитый ПЭ; оболочка ПВХ";кабель круглый;"жилы: 2; металл: медь; броня: без брони; оболочка: ПВХ; экран: без экрана; толщина жил: тонкие (до 2,5 мм²); изоляция: сшитый ПЭ";67;4;программный рендер;photos/F01682.webp
F01683;3;1683;Кабель и провод;"Кабель круглый; 2 жил; жила: медь; оболочка безгалогенная (LSZH); броня ленточная";кабель круглый;"жилы: 2; металл: медь; броня: броня ленточная; оболочка: безгалогенная (LSZH)";67;7;генерация;photos/F01683.webp
F01684;3;1684;Кабель и провод;"Кабель круглый; 2 жил; жилы крупные (25–95 мм²); жила: медь; оболочка ПВХ; броня проволочная";кабель круглый;"жилы: 2; металл: медь; броня: броня проволочная; оболочка: ПВХ; экран: без экрана; толщина жил: крупные (25–95 мм²)";67;3;генерация;photos/F01684.webp
F01685;3;1685;Кабель и провод;"Кабель круглый; 3 жил; жилы очень крупные (120+ мм²); жила: медь; изоляция ПВХ; оболочка безгалогенная (LSZH); экран (оплетка/фольга видна на срезе)";кабель круглый;"жилы: 3; металл: медь; броня: без брони; оболочка: безгалогенная (LSZH); экран: экран; толщина жил: очень крупные (120+ мм²); изоляция: ПВХ";67;3;генерация;photos/F01685.webp
F01686;3;1686;Кабель и провод;"Кабель круглый; 3 жил; жила: медь; оболочка резина; броня ленточная";кабель круглый;"жилы: 3; металл: медь; броня: броня ленточная; оболочка: резина";67;6;генерация;photos/F01686.webp
F01687;3;1687;Кабель и провод;"Кабель круглый; 49+ жил; жилы тонкие (до 2,5 мм²); жила: медь; изоляция ПВХ; оболочка ПВХ, цвет черный";кабель круглый;"жилы: 49+; металл: медь; броня: без брони; оболочка: ПВХ; экран: без экрана; толщина жил: тонкие (до 2,5 мм²); изоляция: ПВХ; цвет: черный";67;8;генерация;photos/F01687.webp
F01688;3;1688;Кабель и провод;"Кабель круглый; 49+ жил; жилы тонкие (до 2,5 мм²); жила: медь; изоляция бумага; оболочка свинец";кабель круглый;"жилы: 49+; металл: медь; броня: без брони; оболочка: свинец; экран: без экрана; толщина жил: тонкие (до 2,5 мм²); изоляция: бумага";67;6;генерация;photos/F01688.webp
F01689;3;1689;Кабель и провод;"Кабель круглый; 4 жил; жилы крупные (25–95 мм²); жила: алюминий; изоляция ПВХ; оболочка ПВХ; экран (оплетка/фольга видна на срезе)";кабель круглый;"жилы: 4; металл: алюминий; броня: без брони; оболочка: ПВХ; экран: экран; толщина жил: крупные (25–95 мм²); изоляция: ПВХ";67;5;генерация;photos/F01689.webp
F01690;3;1690;Кабель и провод;"Кабель круглый; 4 жил; жилы крупные (25–95 мм²); жила: медь; изоляция сшитый ПЭ; оболочка ПВХ; экран (оплетка/фольга видна на срезе)";кабель круглый;"жилы: 4; металл: медь; броня: без брони; оболочка: ПВХ; экран: экран; толщина жил: крупные (25–95 мм²); изоляция: сшитый ПЭ";67;7;генерация;photos/F01690.webp
F01691;3;1691;Кабель и провод;"Кабель круглый; 4 жил; жилы средние (4–16 мм²); жила: медь; оболочка ПВХ; броня ленточная";кабель круглый;"жилы: 4; металл: медь; броня: броня ленточная; оболочка: ПВХ; экран: без экрана; толщина жил: средние (4–16 мм²)";67;4;генерация;photos/F01691.webp
F01692;3;1692;Кабель и провод;"Кабель круглый; 5 жил; жила: медь; оболочка полиэтилен; броня ленточная";кабель круглый;"жилы: 5; металл: медь; броня: броня ленточная; оболочка: полиэтилен";67;5;генерация;photos/F01692.webp
F01693;3;1693;Кабель и провод;"Кабель круглый; 8-12 жил; жилы тонкие (до 2,5 мм²); жила: медь; изоляция силикон; оболочка резина";кабель круглый;"жилы: 8-12; металл: медь; броня: без брони; оболочка: резина; экран: без экрана; толщина жил: тонкие (до 2,5 мм²); изоляция: силикон";67;10;генерация;photos/F01693.webp
F01694;3;1694;Кабель и провод;"Кабель круглый; 8-12 жил; жилы тонкие (до 2,5 мм²); жила: медь; изоляция силикон; оболочка резина; экран (оплетка/фольга видна на срезе)";кабель круглый;"жилы: 8-12; металл: медь; броня: без брони; оболочка: резина; экран: экран; толщина жил: тонкие (до 2,5 мм²); изоляция: силикон";67;10;генерация;photos/F01694.webp
F01695;3;1695;Кабель и провод;"Провод многожильный (круглый); 4 жил; жила: медь; оболочка ПВХ";провод многожильный (круглый);"жилы: 4; металл: медь; броня: без брони; оболочка: ПВХ";67;6;программный рендер;photos/F01695.webp
F01696;3;1696;Кабель и провод;Провод неизолированный;провод неизолированный;;67;8;генерация;photos/F01696.webp
F01697;3;1697;Кабель и провод;"Провод одножильный; 1 жила; жилы тонкие (до 2,5 мм²); жила: алюминий";провод одножильный;"жилы: 1; металл: алюминий; броня: без брони; оболочка: нет (только изоляция); экран: без экрана; толщина жил: тонкие (до 2,5 мм²)";67;3;программный рендер;photos/F01697.webp
F01698;3;1698;Кабель и провод;"Провод одножильный; 1 жила; жилы тонкие (до 2,5 мм²); жила: медь; изоляция фторопласт; цвет изоляции белый";провод одножильный;"жилы: 1; металл: медь; броня: без брони; оболочка: нет (только изоляция); экран: без экрана; толщина жил: тонкие (до 2,5 мм²); изоляция: фторопласт; цвет: белый";67;4;программный рендер;photos/F01698.webp
F01699;3;1699;Кабель и провод;"Провод одножильный; 1 жила; жилы тонкие (до 2,5 мм²); жила: медь; изоляция ПВХ; цвет изоляции белый; экран (оплетка/фольга видна на срезе)";провод одножильный;"жилы: 1; металл: медь; броня: без брони; оболочка: нет (только изоляция); экран: экран; толщина жил: тонкие (до 2,5 мм²); изоляция: ПВХ; цвет: белый";67;4;генерация;photos/F01699.webp
F01700;3;1700;Кабель и провод;"Термопарный; 8-12 жил; жилы крупные (25–95 мм²); жила: медь; изоляция ПВХ; оболочка ПВХ; экран (оплетка/фольга видна на срезе)";термопарный;"жилы: 8-12; металл: медь; броня: без брони; оболочка: ПВХ; экран: экран; толщина жил: крупные (25–95 мм²); изоляция: ПВХ";67;5;генерация;photos/F01700.webp
F01701;3;1701;Светильники;Неон гибкий;неон гибкий;;67;2;генерация;photos/F01701.webp
F01702;3;1702;Светильники;Пульт;пульт;;67;4;генерация;photos/F01702.webp
F01703;3;1703;Низковольтное оборудование;"Термодатчик (самое частое в группе); группа «Измерение и датчики»";изделия группы «Измерение и датчики»;;67;5;генерация;photos/F01703.webp
F01704;3;1704;Низковольтное оборудование;Контакт вспомогательный;контакт вспомогательный;;67;1;генерация;photos/F01704.webp
F01705;3;1705;Низковольтное оборудование;Переключатель универсальный;переключатель универсальный;;67;1;генерация;photos/F01705.webp
F01706;3;1706;Станки и оборудование;Гильотина электромеханическая;гильотина электромеханическая;;67;5;генерация;photos/F01706.webp
F01707;3;1707;Станки и оборудование;Фреза червячная;фреза червячная;;67;3;генерация;photos/F01707.webp
F01708;3;1708;Кабель и провод;"Витая пара (LAN); 4 пар; жила: медь; оболочка полиэтилен; экран (оплетка/фольга видна на срезе)";витая пара (LAN);"жилы: 4 пар; металл: медь; броня: без брони; оболочка: полиэтилен; экран: экран; толщина жил: —";66;5;генерация;photos/F01708.webp
F01709;3;1709;Кабель и провод;"Витая пара (LAN); 50+ пар; жила: медь; оболочка полиэтилен";витая пара (LAN);"жилы: 50+ пар; металл: медь; броня: без брони; оболочка: полиэтилен; толщина жил: —";66;4;генерация;photos/F01709.webp
F01710;3;1710;Кабель и провод;"Кабель круглый; 1 жила; жила: алюминий";кабель круглый;"жилы: 1; металл: алюминий; броня: без брони";66;7;программный рендер;photos/F01710.webp
F01711;3;1711;Кабель и провод;"Кабель круглый; 1 жила; жилы тонкие (до 2,5 мм²); жила: медь; изоляция ПВХ; оболочка фторопласт";кабель круглый;"жилы: 1; металл: медь; броня: без брони; оболочка: фторопласт; экран: без экрана; толщина жил: тонкие (до 2,5 мм²); изоляция: ПВХ";66;4;программный рендер;photos/F01711.webp
F01712;3;1712;Кабель и провод;"Кабель круглый; 2 жил; жила: медь; оболочка резина; броня ленточная";кабель круглый;"жилы: 2; металл: медь; броня: броня ленточная; оболочка: резина";66;5;генерация;photos/F01712.webp
F01713;3;1713;Кабель и провод;"Кабель круглый; 3 жил; жилы крупные (25–95 мм²); жила: алюминий; изоляция ПВХ; оболочка ПВХ; экран (оплетка/фольга видна на срезе)";кабель круглый;"жилы: 3; металл: алюминий; броня: без брони; оболочка: ПВХ; экран: экран; толщина жил: крупные (25–95 мм²); изоляция: ПВХ";66;3;генерация;photos/F01713.webp
F01714;3;1714;Кабель и провод;"Кабель круглый; 3 жил; жилы тонкие (до 2,5 мм²); жила: медь; изоляция ПВХ; оболочка ПВХ, цвет оранжевый";кабель круглый;"жилы: 3; металл: медь; броня: без брони; оболочка: ПВХ; экран: без экрана; толщина жил: тонкие (до 2,5 мм²); изоляция: ПВХ; цвет: оранжевый";66;8;программный рендер;photos/F01714.webp
F01715;3;1715;Кабель и провод;"Кабель круглый; 3 жил; жила: медь; броня ленточная";кабель круглый;"жилы: 3; металл: медь; броня: броня ленточная";66;8;генерация;photos/F01715.webp
F01716;3;1716;Кабель и провод;"Кабель круглый; 3 жил; жилы средние (4–16 мм²); жила: медь; оболочка ПВХ; броня проволочная";кабель круглый;"жилы: 3; металл: медь; броня: броня проволочная; оболочка: ПВХ; экран: без экрана; толщина жил: средние (4–16 мм²)";66;2;генерация;photos/F01716.webp
F01717;3;1717;Кабель и провод;"Кабель круглый; 49+ жил; жила: медь; броня проволочная";кабель круглый;"жилы: 49+; металл: медь; броня: броня проволочная";66;11;генерация;photos/F01717.webp
F01718;3;1718;Кабель и провод;"Кабель круглый; 5 жил; жилы очень крупные (120+ мм²); жила: алюминий; изоляция сшитый ПЭ; оболочка ПВХ";кабель круглый;"жилы: 5; металл: алюминий; броня: без брони; оболочка: ПВХ; экран: без экрана; толщина жил: очень крупные (120+ мм²); изоляция: сшитый ПЭ";66;3;программный рендер;photos/F01718.webp
F01719;3;1719;Кабель и провод;"Кабель круглый; 5 жил; жилы крупные (25–95 мм²); жила: медь; оболочка ПВХ; броня проволочная";кабель круглый;"жилы: 5; металл: медь; броня: броня проволочная; оболочка: ПВХ; экран: без экрана; толщина жил: крупные (25–95 мм²)";66;3;генерация;photos/F01719.webp
F01720;3;1720;Кабель и провод;"Кабель круглый; 8-12 жил; жила: медь; изоляция ПВХ; оболочка ПВХ";кабель круглый;"жилы: 8-12; металл: медь; броня: без брони; оболочка: ПВХ; экран: без экрана; толщина жил: не определено; изоляция: ПВХ";66;4;генерация;photos/F01720.webp
F01721;3;1721;Кабель и провод;"Нагревательный; жила: медь";нагревательный;металл: медь;66;6;генерация;photos/F01721.webp
F01722;3;1722;Кабель и провод;"Провод одножильный; 1 жила; жилы крупные (25–95 мм²); жила: медь; изоляция ПВХ; экран (оплетка/фольга видна на срезе)";провод одножильный;"жилы: 1; металл: медь; броня: без брони; оболочка: нет (только изоляция); экран: экран; толщина жил: крупные (25–95 мм²); изоляция: ПВХ";66;3;генерация;photos/F01722.webp
F01723;3;1723;Кабель и провод;"Термопарный; 6-7 жил; жилы тонкие (до 2,5 мм²); жила: сплав; оболочка ПВХ";термопарный;"жилы: 6-7; металл: сплав; броня: без брони; оболочка: ПВХ; толщина жил: тонкие (до 2,5 мм²)";66;7;генерация;photos/F01723.webp
F01724;3;1724;Инструмент;Тепловизор;тепловизор;;66;2;генерация;photos/F01724.webp
F01725;3;1725;Инструмент;Термометр;термометр;;66;4;генерация;photos/F01725.webp
F01726;3;1726;Низковольтное оборудование;"Контактор электромагнитный; средний";контактор электромагнитный;признаки: средний;66;2;генерация;photos/F01726.webp
F01727;3;1727;Станки и оборудование;Станок фуговальный;станок фуговальный;;66;3;генерация;photos/F01727.webp
F01728;3;1728;Насосы;Бак расширительный;бак расширительный;;66;4;генерация;photos/F01728.webp
F01729;3;1729;Лотки и кабеленесущие системы;Переход прямой;переход прямой;;66;9;генерация;photos/F01729.webp
F01730;3;1730;Кабель и провод;"Кабель круглый; 1 жила; жила: алюминий; оболочка ПВХ; броня ленточная";кабель круглый;"жилы: 1; металл: алюминий; броня: броня ленточная; оболочка: ПВХ";65;5;генерация;photos/F01730.webp
F01731;3;1731;Кабель и провод;"Кабель круглый; 1 жила; жилы средние (4–16 мм²); жила: алюминий; оболочка ПВХ; броня ленточная";кабель круглый;"жилы: 1; металл: алюминий; броня: броня ленточная; оболочка: ПВХ; экран: без экрана; толщина жил: средние (4–16 мм²)";65;3;генерация;photos/F01731.webp
F01732;3;1732;Кабель и провод;"Кабель круглый; 2 жил; жилы крупные (25–95 мм²); жила: алюминий; оболочка ПВХ; броня ленточная";кабель круглый;"жилы: 2; металл: алюминий; броня: броня ленточная; оболочка: ПВХ; толщина жил: крупные (25–95 мм²)";65;6;генерация;photos/F01732.webp
F01733;3;1733;Кабель и провод;"Кабель круглый; 3 жил; жилы средние (4–16 мм²); жила: медь; изоляция ПВХ; оболочка полиуретан";кабель круглый;"жилы: 3; металл: медь; броня: без брони; оболочка: полиуретан; экран: без экрана; толщина жил: средние (4–16 мм²); изоляция: ПВХ";65;6;программный рендер;photos/F01733.webp
F01734;3;1734;Кабель и провод;"Кабель круглый; 3 жил; жилы тонкие (до 2,5 мм²); жила: медь; изоляция ПВХ; оболочка полиэтилен";кабель круглый;"жилы: 3; металл: медь; броня: без брони; оболочка: полиэтилен; экран: без экрана; толщина жил: тонкие (до 2,5 мм²); изоляция: ПВХ";65;5;программный рендер;photos/F01734.webp
F01735;3;1735;Кабель и провод;"Кабель круглый; 49+ жил; жила: медь; броня ленточная";кабель круглый;"жилы: 49+; металл: медь; броня: броня ленточная";65;5;генерация;photos/F01735.webp
F01736;3;1736;Кабель и провод;"Кабель круглый; 4 жил; жилы очень крупные (120+ мм²); жила: алюминий; оболочка ПВХ";кабель круглый;"жилы: 4; металл: алюминий; броня: без брони; оболочка: ПВХ; толщина жил: очень крупные (120+ мм²)";65;8;программный рендер;photos/F01736.webp
F01737;3;1737;Кабель и провод;"Кабель круглый; 4 жил; жилы очень крупные (120+ мм²); жила: алюминий; изоляция ПВХ; оболочка ПВХ; экран (оплетка/фольга видна на срезе)";кабель круглый;"жилы: 4; металл: алюминий; броня: без брони; оболочка: ПВХ; экран: экран; толщина жил: очень крупные (120+ мм²); изоляция: ПВХ";65;5;генерация;photos/F01737.webp
F01738;3;1738;Кабель и провод;"Кабель круглый; 4 жил; жила: медь";кабель круглый;"жилы: 4; металл: медь; броня: без брони";65;8;программный рендер;photos/F01738.webp
F01739;3;1739;Кабель и провод;"Кабель круглый; 5 жил; жилы крупные (25–95 мм²); жила: алюминий; изоляция сшитый ПЭ; оболочка ПВХ; броня ленточная";кабель круглый;"жилы: 5; металл: алюминий; броня: броня ленточная; оболочка: ПВХ; экран: без экрана; толщина жил: крупные (25–95 мм²); изоляция: сшитый ПЭ";65;3;генерация;photos/F01739.webp
F01740;3;1740;Кабель и провод;"Кабель круглый; 5 жил; жилы крупные (25–95 мм²); жила: медь; изоляция сшитый ПЭ; оболочка безгалогенная (LSZH)";кабель круглый;"жилы: 5; металл: медь; броня: без брони; оболочка: безгалогенная (LSZH); экран: без экрана; толщина жил: крупные (25–95 мм²); изоляция: сшитый ПЭ";65;3;программный рендер;photos/F01740.webp
F01741;3;1741;Кабель и провод;"Кабель круглый; 6-7 жил; жила: медь; оболочка полиуретан";кабель круглый;"жилы: 6-7; металл: медь; броня: без брони; оболочка: полиуретан";65;6;генерация;photos/F01741.webp
F01742;3;1742;Кабель и провод;"Провод одножильный; 1 жила; жилы тонкие (до 2,5 мм²); жила: медь; изоляция фторопласт; цвет изоляции белый; экран (оплетка/фольга видна на срезе)";провод одножильный;"жилы: 1; металл: медь; броня: без брони; оболочка: нет (только изоляция); экран: экран; толщина жил: тонкие (до 2,5 мм²); изоляция: фторопласт; цвет: белый";65;4;генерация;photos/F01742.webp
F01743;3;1743;Кабель и провод;"Провод одножильный; 1 жила; жилы тонкие (до 2,5 мм²); жила: медь; изоляция фторопласт; цвет изоляции желтый; экран (оплетка/фольга видна на срезе)";провод одножильный;"жилы: 1; металл: медь; броня: без брони; оболочка: нет (только изоляция); экран: экран; толщина жил: тонкие (до 2,5 мм²); изоляция: фторопласт; цвет: желтый";65;4;генерация;photos/F01743.webp
F01744;3;1744;Кабель и провод;"Провод одножильный; 1 жила; жилы тонкие (до 2,5 мм²); жила: медь; изоляция фторопласт; цвет изоляции зеленый; экран (оплетка/фольга видна на срезе)";провод одножильный;"жилы: 1; металл: медь; броня: без брони; оболочка: нет (только изоляция); экран: экран; толщина жил: тонкие (до 2,5 мм²); изоляция: фторопласт; цвет: зеленый";65;4;генерация;photos/F01744.webp
F01745;3;1745;Кабель и провод;"Провод одножильный; 1 жила; жилы тонкие (до 2,5 мм²); жила: медь; изоляция фторопласт; цвет изоляции красный; экран (оплетка/фольга видна на срезе)";провод одножильный;"жилы: 1; металл: медь; броня: без брони; оболочка: нет (только изоляция); экран: экран; толщина жил: тонкие (до 2,5 мм²); изоляция: фторопласт; цвет: красный";65;4;генерация;photos/F01745.webp
F01746;3;1746;Кабель и провод;"Провод одножильный; 1 жила; жилы тонкие (до 2,5 мм²); жила: медь; изоляция фторопласт; цвет изоляции черный; экран (оплетка/фольга видна на срезе)";провод одножильный;"жилы: 1; металл: медь; броня: без брони; оболочка: нет (только изоляция); экран: экран; толщина жил: тонкие (до 2,5 мм²); изоляция: фторопласт; цвет: черный";65;4;генерация;photos/F01746.webp
F01747;3;1747;Кабель и провод;"Термопарный; 4 жил; жилы тонкие (до 2,5 мм²); жила: сплав; оболочка ПВХ";термопарный;"жилы: 4; металл: сплав; броня: без брони; оболочка: ПВХ; толщина жил: тонкие (до 2,5 мм²)";65;7;генерация;photos/F01747.webp
F01748;3;1748;Цепи;Цепь тяговая;цепь тяговая;;65;7;генерация;photos/F01748.webp
F01749;3;1749;Строительное оборудование;Корпус;корпус;;65;2;генерация;photos/F01749.webp
F01750;3;1750;Светильники;Торшер;торшер;;65;7;генерация;photos/F01750.webp
F01751;3;1751;Низковольтное оборудование;"Пускатель интеллектуальный; средний";пускатель интеллектуальный;признаки: средний;65;1;генерация;photos/F01751.webp
F01752;3;1752;Станки и оборудование;Диск;диск;;65;5;генерация;photos/F01752.webp
F01753;3;1753;Монтажные изделия для кабеля;Поворот;поворот;;65;7;генерация;photos/F01753.webp
F01754;3;1754;Лотки и кабеленесущие системы;Пластина соединительная;пластина соединительная;;65;8;генерация;photos/F01754.webp
F01755;3;1755;Кабель и провод;"Кабель круглый; 13-24 жил; жила: медь";кабель круглый;"жилы: 13-24; металл: медь";64;10;генерация;photos/F01755.webp
F01756;3;1756;Кабель и провод;"Кабель круглый; 1 жила; жилы крупные (25–95 мм²); жила: медь; изоляция ПВХ; оболочка ПВХ, цвет серый";кабель круглый;"жилы: 1; металл: медь; броня: без брони; оболочка: ПВХ; экран: без экрана; толщина жил: крупные (25–95 мм²); изоляция: ПВХ; цвет: серый";64;4;программный рендер;photos/F01756.webp
F01757;3;1757;Кабель и провод;"Кабель круглый; 2 жил; жила: алюминий; оболочка ПВХ; броня ленточная";кабель круглый;"жилы: 2; металл: алюминий; броня: броня ленточная; оболочка: ПВХ";64;6;генерация;photos/F01757.webp
F01758;3;1758;Кабель и провод;"Кабель круглый; 2 жил; жила: медь; броня проволочная";кабель круглый;"жилы: 2; металл: медь; броня: броня проволочная";64;9;генерация;photos/F01758.webp
F01759;3;1759;Кабель и провод;"Кабель круглый; 2 жил; жилы тонкие (до 2,5 мм²); жила: медь; изоляция ПВХ; оболочка ПВХ; броня проволочная; экран (оплетка/фольга видна на срезе)";кабель круглый;"жилы: 2; металл: медь; броня: броня проволочная; оболочка: ПВХ; экран: экран; толщина жил: тонкие (до 2,5 мм²); изоляция: ПВХ";64;3;генерация;photos/F01759.webp
F01760;3;1760;Кабель и провод;"Кабель круглый; 3 жил; жила: алюминий";кабель круглый;"жилы: 3; металл: алюминий; броня: без брони";64;9;программный рендер;photos/F01760.webp
F01761;3;1761;Кабель и провод;"Кабель круглый; 3 жил; жилы крупные (25–95 мм²); жила: медь; оболочка ПВХ; броня ленточная";кабель круглый;"жилы: 3; металл: медь; броня: броня ленточная; оболочка: ПВХ; толщина жил: крупные (25–95 мм²)";64;8;генерация;photos/F01761.webp
F01762;3;1762;Кабель и провод;"Кабель круглый; 4 жил; жилы средние (4–16 мм²); жила: медь; изоляция резина; оболочка ПВХ; экран (оплетка/фольга видна на срезе)";кабель круглый;"жилы: 4; металл: медь; броня: без брони; оболочка: ПВХ; экран: экран; толщина жил: средние (4–16 мм²); изоляция: резина";64;2;генерация;photos/F01762.webp
F01763;3;1763;Кабель и провод;"Кабель круглый; 4 жил; жилы крупные (25–95 мм²); жила: медь; изоляция бумага; оболочка свинец; броня ленточная";кабель круглый;"жилы: 4; металл: медь; броня: броня ленточная; оболочка: свинец; экран: без экрана; толщина жил: крупные (25–95 мм²); изоляция: бумага";64;6;генерация;photos/F01763.webp
F01764;3;1764;Кабель и провод;"Кабель круглый; 4 жил; жилы крупные (25–95 мм²); жила: медь; изоляция бумага; оболочка свинец; оплетка текстильная";кабель круглый;"жилы: 4; металл: медь; броня: оплетка текстильная; оболочка: свинец; экран: без экрана; толщина жил: крупные (25–95 мм²); изоляция: бумага";64;6;генерация;photos/F01764.webp
F01765;3;1765;Кабель и провод;"Кабель круглый; 8-12 жил; жила: медь; оболочка резина; броня ленточная";кабель круглый;"жилы: 8-12; металл: медь; броня: броня ленточная; оболочка: резина";64;7;генерация;photos/F01765.webp
F01766;3;1766;Кабель и провод;"Провод одножильный; 1 жила; жила: алюминий";провод одножильный;"жилы: 1; металл: алюминий; броня: без брони; оболочка: нет (только изоляция)";64;6;программный рендер;photos/F01766.webp
F01767;3;1767;Низковольтное оборудование;Пост кнопочный;пост кнопочный;;64;5;генерация;photos/F01767.webp
F01768;3;1768;Станки и оборудование;Вальцы;вальцы;;64;4;генерация;photos/F01768.webp
F01769;3;1769;Станки и оборудование;Станок вертикально-сверлильный;станок вертикально-сверлильный;;64;3;генерация;photos/F01769.webp
F01770;3;1770;Станки и оборудование;Станок рейсмусовый;станок рейсмусовый;;64;3;генерация;photos/F01770.webp
F01771;3;1771;Трубопроводная арматура;Фильтр магнитный;фильтр магнитный;;64;7;генерация;photos/F01771.webp
F01772;3;1772;Монтажные изделия для кабеля;Коробка;коробка;;64;7;генерация;photos/F01772.webp
F01773;3;1773;Складское оборудование;Мини-кран козловой;мини-кран козловой;;64;6;генерация;photos/F01773.webp
F01774;3;1774;Лотки и кабеленесущие системы;Кронштейн;кронштейн;;64;8;генерация;photos/F01774.webp
F01775;3;1775;Кабель и провод;"Кабель круглый; 13-24 жил; жилы тонкие (до 2,5 мм²); жила: медь; изоляция полиэтилен; оболочка полиэтилен; экран (оплетка/фольга видна на срезе)";кабель круглый;"жилы: 13-24; металл: медь; броня: без брони; оболочка: полиэтилен; экран: экран; толщина жил: тонкие (до 2,5 мм²); изоляция: полиэтилен";63;3;генерация;photos/F01775.webp
F01776;3;1776;Кабель и провод;"Кабель круглый; 25-48 жил; жилы тонкие (до 2,5 мм²); жила: медь; изоляция полиэтилен; оболочка полиэтилен; экран (оплетка/фольга видна на срезе)";кабель круглый;"жилы: 25-48; металл: медь; броня: без брони; оболочка: полиэтилен; экран: экран; толщина жил: тонкие (до 2,5 мм²); изоляция: полиэтилен";63;3;генерация;photos/F01776.webp
F01777;3;1777;Кабель и провод;"Кабель круглый; 2 жил; жилы тонкие (до 2,5 мм²); жила: медь; изоляция резина; оболочка безгалогенная (LSZH)";кабель круглый;"жилы: 2; металл: медь; броня: без брони; оболочка: безгалогенная (LSZH); экран: без экрана; толщина жил: тонкие (до 2,5 мм²); изоляция: резина";63;3;программный рендер;photos/F01777.webp
F01778;3;1778;Кабель и провод;"Кабель круглый; 2 жил; жилы тонкие (до 2,5 мм²); жила: медь; изоляция ПВХ; оболочка ПВХ; броня; экран (оплетка/фольга видна на срезе)";кабель круглый;"жилы: 2; металл: медь; броня: броня; оболочка: ПВХ; экран: экран; толщина жил: тонкие (до 2,5 мм²); изоляция: ПВХ";63;3;генерация;photos/F01778.webp
F01779;3;1779;Кабель и провод;"Кабель круглый; 49+ жил; жилы тонкие (до 2,5 мм²); жила: медь; изоляция ПВХ; оболочка полиэтилен; экран (оплетка/фольга видна на срезе)";кабель круглый;"жилы: 49+; металл: медь; броня: без брони; оболочка: полиэтилен; экран: экран; толщина жил: тонкие (до 2,5 мм²); изоляция: ПВХ";63;6;генерация;photos/F01779.webp
F01780;3;1780;Кабель и провод;"Кабель круглый; 4 жил; жила: алюминий; оболочка ПВХ";кабель круглый;"жилы: 4; металл: алюминий; броня: без брони; оболочка: ПВХ";63;7;программный рендер;photos/F01780.webp
F01781;3;1781;Кабель и провод;"Кабель круглый; 4 жил; жилы тонкие (до 2,5 мм²); жила: медь; изоляция ПВХ; оболочка свинец";кабель круглый;"жилы: 4; металл: медь; броня: без брони; оболочка: свинец; экран: без экрана; толщина жил: тонкие (до 2,5 мм²); изоляция: ПВХ";63;3;программный рендер;photos/F01781.webp
F01782;3;1782;Кабель и провод;"Провод обмоточный; 1 жила; жила: термопарный сплав; изоляция ПВХ";провод обмоточный;"жилы: 1; металл: термопарный сплав; броня: без брони; оболочка: нет; экран: без экрана; толщина жил: не определено; изоляция: ПВХ";63;1;генерация;photos/F01782.webp
F01783;3;1783;Кабель и провод;"Провод одножильный; 1 жила; жила: термопарный сплав; изоляция ПВХ; экран (оплетка/фольга видна на срезе)";провод одножильный;"жилы: 1; металл: термопарный сплав; броня: без брони; оболочка: нет (только изоляция); экран: экран; толщина жил: не определено; изоляция: ПВХ";63;1;генерация;photos/F01783.webp
F01784;3;1784;Низковольтное оборудование;Рукоятка;рукоятка;;63;4;генерация;photos/F01784.webp
F01785;3;1785;Монтажные изделия для кабеля;Терморегулятор;терморегулятор;;63;3;генерация;photos/F01785.webp
F01786;3;1786;Лотки и кабеленесущие системы;"Распорка (самое частое в группе); группа «Кабельные лотки и аксессуары»";изделия группы «Кабельные лотки и аксессуары»;;63;6;генерация;photos/F01786.webp
F01787;3;1787;Лотки и кабеленесущие системы;Крышка т-образного;крышка т-образного;;63;7;генерация;photos/F01787.webp
F01788;3;1788;Кабель и провод;"Кабель круглый; 1 жила; жилы крупные (25–95 мм²); жила: медь; изоляция резина; оболочка ПВХ; экран (оплетка/фольга видна на срезе)";кабель круглый;"жилы: 1; металл: медь; броня: без брони; оболочка: ПВХ; экран: экран; толщина жил: крупные (25–95 мм²); изоляция: резина";62;3;генерация;photos/F01788.webp
F01789;3;1789;Кабель и провод;"Кабель круглый; 1 жила; жилы средние (4–16 мм²); жила: медь; изоляция резина; оболочка ПВХ; экран (оплетка/фольга видна на срезе)";кабель круглый;"жилы: 1; металл: медь; броня: без брони; оболочка: ПВХ; экран: экран; толщина жил: средние (4–16 мм²); изоляция: резина";62;2;генерация;photos/F01789.webp
F01790;3;1790;Кабель и провод;"Кабель круглый; 25-48 жил; жила: алюминий; оболочка ПВХ; броня ленточная";кабель круглый;"жилы: 25-48; металл: алюминий; броня: броня ленточная; оболочка: ПВХ";62;6;генерация;photos/F01790.webp
F01791;3;1791;Кабель и провод;"Кабель круглый; 25-48 жил; жилы тонкие (до 2,5 мм²); жила: медь; оболочка ПВХ; броня ленточная";кабель круглый;"жилы: 25-48; металл: медь; броня: броня ленточная; оболочка: ПВХ; толщина жил: тонкие (до 2,5 мм²)";62;8;генерация;photos/F01791.webp
F01792;3;1792;Кабель и провод;"Кабель круглый; 25-48 жил; жилы тонкие (до 2,5 мм²); жила: медь; изоляция полиэтилен; оболочка полиэтилен; броня ленточная; экран (оплетка/фольга видна на срезе)";кабель круглый;"жилы: 25-48; металл: медь; броня: броня ленточная; оболочка: полиэтилен; экран: экран; толщина жил: тонкие (до 2,5 мм²); изоляция: полиэтилен";62;2;генерация;photos/F01792.webp
F01793;3;1793;Кабель и провод;"Кабель круглый; 2 жил; жилы очень крупные (120+ мм²); жила: алюминий; изоляция ПВХ; оболочка ПВХ; броня ленточная";кабель круглый;"жилы: 2; металл: алюминий; броня: броня ленточная; оболочка: ПВХ; экран: без экрана; толщина жил: очень крупные (120+ мм²); изоляция: ПВХ";62;3;генерация;photos/F01793.webp
F01794;3;1794;Кабель и провод;"Кабель круглый; 2 жил; жилы тонкие (до 2,5 мм²); жила: медь; оболочка ПВХ; экран (оплетка/фольга видна на срезе)";кабель круглый;"жилы: 2; металл: медь; броня: без брони; оболочка: ПВХ; экран: экран; толщина жил: тонкие (до 2,5 мм²)";62;5;генерация;photos/F01794.webp
F01795;3;1795;Кабель и провод;"Кабель круглый; 2 жил; жилы тонкие (до 2,5 мм²); жила: медь; изоляция ПВХ; оболочка полиуретан, цвет серый; экран (оплетка/фольга видна на срезе)";кабель круглый;"жилы: 2; металл: медь; броня: без брони; оболочка: полиуретан; экран: экран; толщина жил: тонкие (до 2,5 мм²); изоляция: ПВХ; цвет: серый";62;4;генерация;photos/F01795.webp
F01796;3;1796;Кабель и провод;"Кабель круглый; 3 жил; жила: медь; оболочка полиуретан";кабель круглый;"жилы: 3; металл: медь; броня: без брони; оболочка: полиуретан";62;7;программный рендер;photos/F01796.webp
F01797;3;1797;Кабель и провод;"Кабель круглый; 49+ жил; жилы тонкие (до 2,5 мм²); жила: медь; изоляция полиэтилен; оболочка ПВХ; экран (оплетка/фольга видна на срезе)";кабель круглый;"жилы: 49+; металл: медь; броня: без брони; оболочка: ПВХ; экран: экран; толщина жил: тонкие (до 2,5 мм²); изоляция: полиэтилен";62;8;генерация;photos/F01797.webp
F01798;3;1798;Кабель и провод;"Кабель круглый; 4 жил; жилы крупные (25–95 мм²); жила: алюминий; изоляция ПВХ; оболочка ПВХ; броня ленточная; экран (оплетка/фольга видна на срезе)";кабель круглый;"жилы: 4; металл: алюминий; броня: броня ленточная; оболочка: ПВХ; экран: экран; толщина жил: крупные (25–95 мм²); изоляция: ПВХ";62;6;генерация;photos/F01798.webp
F01799;3;1799;Кабель и провод;"Кабель круглый; 4 жил; жилы тонкие (до 2,5 мм²); жила: медь; изоляция ПВХ; оболочка ПВХ; броня; экран (оплетка/фольга видна на срезе)";кабель круглый;"жилы: 4; металл: медь; броня: броня; оболочка: ПВХ; экран: экран; толщина жил: тонкие (до 2,5 мм²); изоляция: ПВХ";62;3;генерация;photos/F01799.webp
F01800;3;1800;Кабель и провод;"Кабель круглый; 5 жил; жилы крупные (25–95 мм²); жила: медь; оболочка ПВХ; экран (оплетка/фольга видна на срезе)";кабель круглый;"жилы: 5; металл: медь; броня: без брони; оболочка: ПВХ; экран: экран; толщина жил: крупные (25–95 мм²)";62;3;генерация;photos/F01800.webp
F01801;3;1801;Кабель и провод;"Кабель круглый; 5 жил; жилы средние (4–16 мм²); жила: медь; изоляция ПВХ; оболочка полиуретан; экран (оплетка/фольга видна на срезе)";кабель круглый;"жилы: 5; металл: медь; броня: без брони; оболочка: полиуретан; экран: экран; толщина жил: средние (4–16 мм²); изоляция: ПВХ";62;4;генерация;photos/F01801.webp
F01802;3;1802;Кабель и провод;"Кабель плоский; 3 жил; жилы средние (4–16 мм²); жила: медь; изоляция ПВХ; оболочка ПВХ";кабель плоский;"жилы: 3; металл: медь; броня: без брони; оболочка: ПВХ; экран: без экрана; толщина жил: средние (4–16 мм²); изоляция: ПВХ";62;5;генерация;photos/F01802.webp
F01803;3;1803;Кабель и провод;"Провод одножильный; 1 жила; жилы средние (4–16 мм²); жила: медь; изоляция полиэтилен";провод одножильный;"жилы: 1; металл: медь; броня: без брони; оболочка: нет (только изоляция); экран: без экрана; толщина жил: средние (4–16 мм²); изоляция: полиэтилен";62;9;программный рендер;photos/F01803.webp
F01804;3;1804;Низковольтное оборудование;"Корпус; металлический; навесной";корпус;признаки: металлический · навесной;62;10;генерация;photos/F01804.webp
F01805;3;1805;Низковольтное оборудование;"Пускатель гибридный; средний";пускатель гибридный;признаки: средний;62;2;генерация;photos/F01805.webp
F01806;3;1806;Насосы;Мотопомпа бензиновая;мотопомпа бензиновая;;62;5;генерация;photos/F01806.webp
F01807;3;1807;Кабель и провод;"СИП (самонесущий изолированный); 2 жил; жила: алюминий; оболочка ПВХ";СИП (самонесущий изолированный);"жилы: 2; металл: алюминий; броня: без брони; оболочка: ПВХ";61;7;генерация;photos/F01807.webp
F01808;3;1808;Кабель и провод;"Кабель круглый; 1 жила; жилы тонкие (до 2,5 мм²); жила: медь; изоляция ПВХ; оболочка ПВХ, цвет фиолетовый";кабель круглый;"жилы: 1; металл: медь; броня: без брони; оболочка: ПВХ; экран: без экрана; толщина жил: тонкие (до 2,5 мм²); изоляция: ПВХ; цвет: фиолетовый";61;4;программный рендер;photos/F01808.webp
F01809;3;1809;Кабель и провод;"Кабель круглый; 1 жила; жилы тонкие (до 2,5 мм²); жила: медь; оболочка ПВХ; броня";кабель круглый;"жилы: 1; металл: медь; броня: броня; оболочка: ПВХ; толщина жил: тонкие (до 2,5 мм²)";61;7;генерация;photos/F01809.webp
F01810;3;1810;Кабель и провод;"Кабель круглый; 2 жил; жилы крупные (25–95 мм²); жила: алюминий; изоляция сшитый ПЭ; оболочка ПВХ";кабель круглый;"жилы: 2; металл: алюминий; броня: без брони; оболочка: ПВХ; экран: без экрана; толщина жил: крупные (25–95 мм²); изоляция: сшитый ПЭ";61;3;программный рендер;photos/F01810.webp
F01811;3;1811;Кабель и провод;"Кабель круглый; 2 жил; жилы очень крупные (120+ мм²); жила: алюминий; оболочка ПВХ; броня ленточная";кабель круглый;"жилы: 2; металл: алюминий; броня: броня ленточная; оболочка: ПВХ; экран: без экрана; толщина жил: очень крупные (120+ мм²)";61;3;генерация;photos/F01811.webp
F01812;3;1812;Кабель и провод;"Кабель круглый; 2 жил; жилы очень крупные (120+ мм²); жила: медь; изоляция резина; оболочка резина";кабель круглый;"жилы: 2; металл: медь; броня: без брони; оболочка: резина; экран: без экрана; толщина жил: очень крупные (120+ мм²); изоляция: резина";61;4;программный рендер;photos/F01812.webp
F01813;3;1813;Кабель и провод;"Кабель круглый; 3 жил; жилы крупные (25–95 мм²); жила: медь; оболочка безгалогенная (LSZH); экран (оплетка/фольга видна на срезе)";кабель круглый;"жилы: 3; металл: медь; броня: без брони; оболочка: безгалогенная (LSZH); экран: экран; толщина жил: крупные (25–95 мм²)";61;3;генерация;photos/F01813.webp
F01814;3;1814;Кабель и провод;"Кабель круглый; 3 жил; жилы тонкие (до 2,5 мм²); жила: медь; изоляция ПВХ; оболочка полиуретан, цвет серый; экран (оплетка/фольга видна на срезе)";кабель круглый;"жилы: 3; металл: медь; броня: без брони; оболочка: полиуретан; экран: экран; толщина жил: тонкие (до 2,5 мм²); изоляция: ПВХ; цвет: серый";61;6;генерация;photos/F01814.webp
F01815;3;1815;Кабель и провод;"Кабель круглый; 4 жил; жилы крупные (25–95 мм²); жила: алюминий; изоляция бумага; оболочка свинец; броня ленточная";кабель круглый;"жилы: 4; металл: алюминий; броня: броня ленточная; оболочка: свинец; экран: без экрана; толщина жил: крупные (25–95 мм²); изоляция: бумага";61;7;генерация;photos/F01815.webp
F01816;3;1816;Кабель и провод;"Кабель круглый; 4 жил; жилы очень крупные (120+ мм²); жила: медь; изоляция сшитый ПЭ; оболочка безгалогенная (LSZH)";кабель круглый;"жилы: 4; металл: медь; броня: без брони; оболочка: безгалогенная (LSZH); экран: без экрана; толщина жил: очень крупные (120+ мм²); изоляция: сшитый ПЭ";61;6;программный рендер;photos/F01816.webp
F01817;3;1817;Кабель и провод;"Кабель круглый; 4 жил; жилы тонкие (до 2,5 мм²); жила: медь; изоляция резина; оболочка безгалогенная (LSZH)";кабель круглый;"жилы: 4; металл: медь; броня: без брони; оболочка: безгалогенная (LSZH); экран: без экрана; толщина жил: тонкие (до 2,5 мм²); изоляция: резина";61;3;программный рендер;photos/F01817.webp
F01818;3;1818;Кабель и провод;"Кабель круглый; 4 жил; жилы тонкие (до 2,5 мм²); жила: медь; изоляция ПВХ; оболочка полиуретан, цвет серый; экран (оплетка/фольга видна на срезе)";кабель круглый;"жилы: 4; металл: медь; броня: без брони; оболочка: полиуретан; экран: экран; толщина жил: тонкие (до 2,5 мм²); изоляция: ПВХ; цвет: серый";61;6;генерация;photos/F01818.webp
F01819;3;1819;Кабель и провод;"Кабель круглый; 5 жил; жилы средние (4–16 мм²); жила: медь; изоляция ПВХ; оболочка ПВХ, цвет серый";кабель круглый;"жилы: 5; металл: медь; броня: без брони; оболочка: ПВХ; экран: без экрана; толщина жил: средние (4–16 мм²); изоляция: ПВХ; цвет: серый";61;3;программный рендер;photos/F01819.webp
F01820;3;1820;Кабель и провод;"Кабель круглый; 5 жил; жилы тонкие (до 2,5 мм²); жила: медь; изоляция ПВХ; оболочка полиуретан, цвет серый; экран (оплетка/фольга видна на срезе)";кабель круглый;"жилы: 5; металл: медь; броня: без брони; оболочка: полиуретан; экран: экран; толщина жил: тонкие (до 2,5 мм²); изоляция: ПВХ; цвет: серый";61;6;генерация;photos/F01820.webp
F01821;3;1821;Кабель и провод;"Кабель круглый; 8-12 жил; жила: алюминий; броня ленточная";кабель круглый;"жилы: 8-12; металл: алюминий; броня: броня ленточная";61;6;генерация;photos/F01821.webp
F01822;3;1822;Кабель и провод;"Коаксиальный; жила: медь";коаксиальный;"жилы: —; металл: медь; броня: без брони";61;4;генерация;photos/F01822.webp
F01823;3;1823;Кабель и провод;"Провод многожильный (круглый); 3 жил; жилы тонкие (до 2,5 мм²); жила: медь; оболочка ПВХ; экран (оплетка/фольга видна на срезе)";провод многожильный (круглый);"жилы: 3; металл: медь; броня: без брони; оболочка: ПВХ; экран: экран; толщина жил: тонкие (до 2,5 мм²)";61;4;генерация;photos/F01823.webp
F01824;3;1824;Кабель и провод;"Провод многожильный (круглый); жила: алюминий";провод многожильный (круглый);металл: алюминий;61;4;генерация;photos/F01824.webp
F01825;3;1825;Кабель и провод;"Провод обмоточный; 5 жил; жила: медь";провод обмоточный;"жилы: 5; металл: медь; броня: без брони; оболочка: нет";61;1;генерация;photos/F01825.webp
F01826;3;1826;Светильники;"Светильник; торшер";светильник;признаки: торшер;61;6;генерация;photos/F01826.webp
F01827;3;1827;Светильники;Эпра электронное;эпра электронное;;61;6;генерация;photos/F01827.webp
F01828;3;1828;Низковольтное оборудование;Аудиосистема кабельная;аудиосистема кабельная;;61;1;генерация;photos/F01828.webp
F01829;3;1829;Низковольтное оборудование;Расцепитель;расцепитель;;61;4;генерация;photos/F01829.webp
F01830;3;1830;Низковольтное оборудование;"Щит учетно-распределительный; навесной";щит учетно-распределительный;признаки: навесной;61;5;генерация;photos/F01830.webp
F01831;3;1831;Станки и оборудование;Микрофреза;микрофреза;;61;1;генерация;photos/F01831.webp
F01832;3;1832;Монтажные изделия для кабеля;Крепеж-клипса;крепеж-клипса;;61;1;генерация;photos/F01832.webp
F01833;3;1833;Кабель и провод;"Кабель круглый; 13-24 жил; жилы тонкие (до 2,5 мм²); жила: медь; оболочка безгалогенная (LSZH)";кабель круглый;"жилы: 13-24; металл: медь; броня: без брони; оболочка: безгалогенная (LSZH); толщина жил: тонкие (до 2,5 мм²)";60;8;генерация;photos/F01833.webp
F01834;3;1834;Кабель и провод;"Кабель круглый; 1 жила; жилы крупные (25–95 мм²); жила: алюминий; изоляция резина; оболочка безгалогенная (LSZH)";кабель круглый;"жилы: 1; металл: алюминий; броня: без брони; оболочка: безгалогенная (LSZH); экран: без экрана; толщина жил: крупные (25–95 мм²); изоляция: резина";60;3;программный рендер;photos/F01834.webp
F01835;3;1835;Кабель и провод;"Кабель круглый; 1 жила; жила: медь; оболочка ПВХ";кабель круглый;"жилы: 1; металл: медь; броня: без брони; оболочка: ПВХ; толщина жил: не определено";60;2;программный рендер;photos/F01835.webp
F01836;3;1836;Кабель и провод;"Кабель круглый; 1 жила; жилы крупные (25–95 мм²); жила: медь; изоляция ПВХ; оболочка ПВХ, цвет желтый";кабель круглый;"жилы: 1; металл: медь; броня: без брони; оболочка: ПВХ; экран: без экрана; толщина жил: крупные (25–95 мм²); изоляция: ПВХ; цвет: желтый";60;3;программный рендер;photos/F01836.webp
F01837;3;1837;Кабель и провод;"Кабель круглый; 1 жила; жилы средние (4–16 мм²); жила: медь; изоляция сшитый ПЭ; оболочка безгалогенная (LSZH)";кабель круглый;"жилы: 1; металл: медь; броня: без брони; оболочка: безгалогенная (LSZH); экран: без экрана; толщина жил: средние (4–16 мм²); изоляция: сшитый ПЭ";60;2;программный рендер;photos/F01837.webp
F01838;3;1838;Кабель и провод;"Кабель круглый; 1 жила; жилы крупные (25–95 мм²); жила: медь; оболочка безгалогенная (LSZH); экран (оплетка/фольга видна на срезе)";кабель круглый;"жилы: 1; металл: медь; броня: без брони; оболочка: безгалогенная (LSZH); экран: экран; толщина жил: крупные (25–95 мм²)";60;3;генерация;photos/F01838.webp
F01839;3;1839;Кабель и провод;"Кабель круглый; 25-48 жил; жила: медь; оболочка фторопласт";кабель круглый;"жилы: 25-48; металл: медь; броня: без брони; оболочка: фторопласт";60;8;генерация;photos/F01839.webp
F01840;3;1840;Кабель и провод;"Кабель круглый; 25-48 жил; жилы тонкие (до 2,5 мм²); жила: медь; изоляция ПВХ; оболочка безгалогенная (LSZH); броня проволочная";кабель круглый;"жилы: 25-48; металл: медь; броня: броня проволочная; оболочка: безгалогенная (LSZH); экран: без экрана; толщина жил: тонкие (до 2,5 мм²); изоляция: ПВХ";60;10;генерация;photos/F01840.webp
F01841;3;1841;Кабель и провод;"Кабель круглый; 2 жил; жила: алюминий; оболочка ПВХ";кабель круглый;"жилы: 2; металл: алюминий; броня: без брони; оболочка: ПВХ";60;5;программный рендер;photos/F01841.webp
F01842;3;1842;Кабель и провод;"Кабель круглый; 2 жил; жилы тонкие (до 2,5 мм²); жила: медь; изоляция ПВХ; оболочка ПВХ, цвет черный; экран (оплетка/фольга видна на срезе)";кабель круглый;"жилы: 2; металл: медь; броня: без брони; оболочка: ПВХ; экран: экран; толщина жил: тонкие (до 2,5 мм²); изоляция: ПВХ; цвет: черный";60;4;генерация;photos/F01842.webp
F01843;3;1843;Кабель и провод;"Кабель круглый; 3 жил; жилы очень крупные (120+ мм²); жила: медь; изоляция сшитый ПЭ; оболочка безгалогенная (LSZH)";кабель круглый;"жилы: 3; металл: медь; броня: без брони; оболочка: безгалогенная (LSZH); экран: без экрана; толщина жил: очень крупные (120+ мм²); изоляция: сшитый ПЭ";60;3;программный рендер;photos/F01843.webp
F01844;3;1844;Кабель и провод;"Кабель круглый; 3 жил; жилы тонкие (до 2,5 мм²); жила: медь; изоляция резина; оболочка безгалогенная (LSZH)";кабель круглый;"жилы: 3; металл: медь; броня: без брони; оболочка: безгалогенная (LSZH); экран: без экрана; толщина жил: тонкие (до 2,5 мм²); изоляция: резина";60;3;программный рендер;photos/F01844.webp
F01845;3;1845;Кабель и провод;"Кабель круглый; 3 жил; жилы тонкие (до 2,5 мм²); жила: медь; изоляция силикон; оболочка безгалогенная (LSZH)";кабель круглый;"жилы: 3; металл: медь; броня: без брони; оболочка: безгалогенная (LSZH); экран: без экрана; толщина жил: тонкие (до 2,5 мм²); изоляция: силикон";60;4;программный рендер;photos/F01845.webp
F01846;3;1846;Кабель и провод;"Кабель круглый; 49+ жил; жилы тонкие (до 2,5 мм²); жила: медь; изоляция силикон; оболочка полиуретан; броня ленточная";кабель круглый;"жилы: 49+; металл: медь; броня: броня ленточная; оболочка: полиуретан; экран: без экрана; толщина жил: тонкие (до 2,5 мм²); изоляция: силикон";60;6;генерация;photos/F01846.webp
F01847;3;1847;Кабель и провод;"Кабель круглый; 49+ жил; жилы тонкие (до 2,5 мм²); жила: медь; оболочка резина; броня ленточная";кабель круглый;"жилы: 49+; металл: медь; броня: броня ленточная; оболочка: резина; экран: без экрана; толщина жил: тонкие (до 2,5 мм²)";60;7;генерация;photos/F01847.webp
F01848;3;1848;Кабель и провод;"Кабель круглый; 4 жил; жилы очень крупные (120+ мм²); жила: алюминий; изоляция ПВХ; оболочка ПВХ; броня ленточная; экран (оплетка/фольга видна на срезе)";кабель круглый;"жилы: 4; металл: алюминий; броня: броня ленточная; оболочка: ПВХ; экран: экран; толщина жил: очень крупные (120+ мм²); изоляция: ПВХ";60;6;генерация;photos/F01848.webp
F01849;3;1849;Кабель и провод;"Кабель круглый; 4 жил; жилы крупные (25–95 мм²); жила: алюминий; оболочка ПВХ; броня проволочная";кабель круглый;"жилы: 4; металл: алюминий; броня: броня проволочная; оболочка: ПВХ; экран: без экрана; толщина жил: крупные (25–95 мм²)";60;3;генерация;photos/F01849.webp
F01850;3;1850;Кабель и провод;"Кабель круглый; 4 жил; жилы средние (4–16 мм²); жила: медь; изоляция ПВХ; оболочка полиэтилен";кабель круглый;"жилы: 4; металл: медь; броня: без брони; оболочка: полиэтилен; экран: без экрана; толщина жил: средние (4–16 мм²); изоляция: ПВХ";60;4;программный рендер;photos/F01850.webp
F01851;3;1851;Кабель и провод;"Кабель круглый; 4 жил; жилы тонкие (до 2,5 мм²); жила: медь; изоляция ПВХ; оболочка безгалогенная (LSZH); броня ленточная";кабель круглый;"жилы: 4; металл: медь; броня: броня ленточная; оболочка: безгалогенная (LSZH); экран: без экрана; толщина жил: тонкие (до 2,5 мм²); изоляция: ПВХ";60;4;генерация;photos/F01851.webp
F01852;3;1852;Кабель и провод;"Кабель круглый; 4 жил; жилы тонкие (до 2,5 мм²); жила: медь; изоляция силикон; оболочка полиуретан; броня ленточная";кабель круглый;"жилы: 4; металл: медь; броня: броня ленточная; оболочка: полиуретан; экран: без экрана; толщина жил: тонкие (до 2,5 мм²); изоляция: силикон";60;3;генерация;photos/F01852.webp
F01853;3;1853;Кабель и провод;"Кабель круглый; 4 жил; жилы крупные (25–95 мм²); жила: медь; изоляция сшитый ПЭ; оболочка полиэтилен; броня ленточная";кабель круглый;"жилы: 4; металл: медь; броня: броня ленточная; оболочка: полиэтилен; экран: без экрана; толщина жил: крупные (25–95 мм²); изоляция: сшитый ПЭ";60;7;генерация;photos/F01853.webp
F01854;3;1854;Кабель и провод;"Кабель круглый; 5 жил; жилы крупные (25–95 мм²); жила: алюминий; оболочка ПВХ; броня проволочная";кабель круглый;"жилы: 5; металл: алюминий; броня: броня проволочная; оболочка: ПВХ; экран: без экрана; толщина жил: крупные (25–95 мм²)";60;3;генерация;photos/F01854.webp
F01855;3;1855;Кабель и провод;"Кабель круглый; 5 жил; жилы очень крупные (120+ мм²); жила: медь; оболочка ПВХ";кабель круглый;"жилы: 5; металл: медь; броня: без брони; оболочка: ПВХ; толщина жил: очень крупные (120+ мм²)";60;6;программный рендер;photos/F01855.webp
F01856;3;1856;Кабель и провод;"Кабель круглый; 5 жил; жилы тонкие (до 2,5 мм²); жила: медь; изоляция сшитый ПЭ; оболочка ПВХ";кабель круглый;"жилы: 5; металл: медь; броня: без брони; оболочка: ПВХ; экран: без экрана; толщина жил: тонкие (до 2,5 мм²); изоляция: сшитый ПЭ";60;5;программный рендер;photos/F01856.webp
F01857;3;1857;Кабель и провод;"Кабель круглый; 5 жил; жилы тонкие (до 2,5 мм²); жила: медь; оболочка безгалогенная (LSZH); экран (оплетка/фольга видна на срезе)";кабель круглый;"жилы: 5; металл: медь; броня: без брони; оболочка: безгалогенная (LSZH); экран: экран; толщина жил: тонкие (до 2,5 мм²)";60;3;генерация;photos/F01857.webp
F01858;3;1858;Кабель и провод;"Кабель круглый; 5 жил; жилы тонкие (до 2,5 мм²); жила: медь; изоляция силикон; оболочка безгалогенная (LSZH); экран (оплетка/фольга видна на срезе)";кабель круглый;"жилы: 5; металл: медь; броня: без брони; оболочка: безгалогенная (LSZH); экран: экран; толщина жил: тонкие (до 2,5 мм²); изоляция: силикон";60;4;генерация;photos/F01858.webp
F01859;3;1859;Кабель и провод;"Кабель круглый; 6-7 жил; жилы очень крупные (120+ мм²); жила: алюминий; оболочка ПВХ";кабель круглый;"жилы: 6-7; металл: алюминий; броня: без брони; оболочка: ПВХ; толщина жил: очень крупные (120+ мм²)";60;5;генерация;photos/F01859.webp
F01860;3;1860;Кабель и провод;"Кабель круглый; 6-7 жил; жилы тонкие (до 2,5 мм²); жила: медь; изоляция ПВХ; оболочка полиуретан, цвет серый; экран (оплетка/фольга видна на срезе)";кабель круглый;"жилы: 6-7; металл: медь; броня: без брони; оболочка: полиуретан; экран: экран; толщина жил: тонкие (до 2,5 мм²); изоляция: ПВХ; цвет: серый";60;7;генерация;photos/F01860.webp
F01861;3;1861;Кабель и провод;"Кабель круглый; 8-12 жил; жила: алюминий; оболочка ПВХ";кабель круглый;"жилы: 8-12; металл: алюминий; броня: без брони; оболочка: ПВХ";60;5;генерация;photos/F01861.webp
F01862;3;1862;Кабель и провод;"Провод многожильный (круглый); 25-48 жил; жилы тонкие (до 2,5 мм²); жила: медь; изоляция ПВХ; оболочка ПВХ";провод многожильный (круглый);"жилы: 25-48; металл: медь; броня: без брони; оболочка: ПВХ; экран: без экрана; толщина жил: тонкие (до 2,5 мм²); изоляция: ПВХ";60;7;генерация;photos/F01862.webp
F01863;3;1863;Кабель и провод;"Провод многожильный (круглый); 2 жил; жилы средние (4–16 мм²); жила: медь; изоляция ПВХ; оболочка ПВХ";провод многожильный (круглый);"жилы: 2; металл: медь; броня: без брони; оболочка: ПВХ; экран: без экрана; толщина жил: средние (4–16 мм²); изоляция: ПВХ";60;5;программный рендер;photos/F01863.webp
F01864;3;1864;Кабель и провод;"Провод многожильный (круглый); 4 жил; жила: медь";провод многожильный (круглый);"жилы: 4; металл: медь; броня: без брони";60;7;программный рендер;photos/F01864.webp
F01865;3;1865;Кабель и провод;"Провод одножильный; 1 жила; жилы очень крупные (120+ мм²); жила: медь; изоляция ПВХ; оболочка ПВХ, цвет желтый";провод одножильный;"жилы: 1; металл: медь; броня: без брони; оболочка: ПВХ; экран: без экрана; толщина жил: очень крупные (120+ мм²); изоляция: ПВХ; цвет: желтый";60;3;программный рендер;photos/F01865.webp
F01866;3;1866;Кабель и провод;"Провод одножильный; 1 жила; жилы очень крупные (120+ мм²); жила: медь; изоляция ПВХ";провод одножильный;"жилы: 1; металл: медь; броня: без брони; оболочка: нет (только изоляция); экран: без экрана; толщина жил: очень крупные (120+ мм²); изоляция: ПВХ";60;4;программный рендер;photos/F01866.webp
F01867;3;1867;Кабель и провод;"Провод одножильный; 1 жила; жилы тонкие (до 2,5 мм²); жила: медь; изоляция фторопласт; цвет изоляции коричневый; экран (оплетка/фольга видна на срезе)";провод одножильный;"жилы: 1; металл: медь; броня: без брони; оболочка: нет (только изоляция); экран: экран; толщина жил: тонкие (до 2,5 мм²); изоляция: фторопласт; цвет: коричневый";60;4;генерация;photos/F01867.webp
F01868;3;1868;Кабель и провод;"Провод одножильный; 1 жила; жилы крупные (25–95 мм²); жила: медь; изоляция резина; оболочка резина";провод одножильный;"жилы: 1; металл: медь; броня: без брони; оболочка: резина; экран: без экрана; толщина жил: крупные (25–95 мм²); изоляция: резина";60;3;программный рендер;photos/F01868.webp
F01869;3;1869;Кабель и провод;"Термопарный; 13-24 жил; жилы средние (4–16 мм²); жила: медь; изоляция ПВХ; оболочка ПВХ";термопарный;"жилы: 13-24; металл: медь; броня: без брони; оболочка: ПВХ; экран: без экрана; толщина жил: средние (4–16 мм²); изоляция: ПВХ";60;6;генерация;photos/F01869.webp
F01870;3;1870;Кабель и провод;"Термопарный; 13-24 жил; жилы средние (4–16 мм²); жила: медь; изоляция ПВХ; оболочка ПВХ; экран (оплетка/фольга видна на срезе)";термопарный;"жилы: 13-24; металл: медь; броня: без брони; оболочка: ПВХ; экран: экран; толщина жил: средние (4–16 мм²); изоляция: ПВХ";60;6;генерация;photos/F01870.webp
F01871;3;1871;Строительное оборудование;Резак;резак;;60;4;генерация;photos/F01871.webp
F01872;3;1872;Низковольтное оборудование;Контакт аварийный;контакт аварийный;;60;3;генерация;photos/F01872.webp
F01873;3;1873;Низковольтное оборудование;Маркер кабельный;маркер кабельный;;60;1;генерация;photos/F01873.webp
F01874;3;1874;Низковольтное оборудование;Реле электротепловое;реле электротепловое;;60;4;генерация;photos/F01874.webp
F01875;3;1875;Низковольтное оборудование;Розетка стационарная;розетка стационарная;;60;4;генерация;photos/F01875.webp
F01876;3;1876;Низковольтное оборудование;Шкаф;шкаф;;60;7;генерация;photos/F01876.webp
F01877;3;1877;Складское оборудование;Барабан;барабан;;60;1;генерация;photos/F01877.webp
F01878;3;1878;Складское оборудование;Таль стационарная;таль стационарная;;60;4;генерация;photos/F01878.webp
F01879;3;1879;Лотки и кабеленесущие системы;Х-ответвитель;х-ответвитель;;60;6;генерация;photos/F01879.webp
F01880;3;1880;Кабель и провод;"Кабель круглый; 1 жила; жилы очень крупные (120+ мм²); жила: алюминий; изоляция бумага; оболочка свинец";кабель круглый;"жилы: 1; металл: алюминий; броня: без брони; оболочка: свинец; экран: без экрана; толщина жил: очень крупные (120+ мм²); изоляция: бумага";59;3;программный рендер;photos/F01880.webp
F01881;3;1881;Кабель и провод;"Кабель круглый; 1 жила; жилы крупные (25–95 мм²); жила: медь; оболочка безгалогенная (LSZH); броня ленточная";кабель круглый;"жилы: 1; металл: медь; броня: броня ленточная; оболочка: безгалогенная (LSZH); экран: без экрана; толщина жил: крупные (25–95 мм²)";59;3;генерация;photos/F01881.webp
F01882;3;1882;Кабель и провод;"Кабель круглый; 1 жила; жилы очень крупные (120+ мм²); жила: медь; оболочка безгалогенная (LSZH); броня ленточная";кабель круглый;"жилы: 1; металл: медь; броня: броня ленточная; оболочка: безгалогенная (LSZH); экран: без экрана; толщина жил: очень крупные (120+ мм²)";59;4;генерация;photos/F01882.webp
F01883;3;1883;Кабель и провод;"Кабель круглый; 1 жила; жилы крупные (25–95 мм²); жила: медь; оболочка ПВХ; броня проволочная";кабель круглый;"жилы: 1; металл: медь; броня: броня проволочная; оболочка: ПВХ; экран: без экрана; толщина жил: крупные (25–95 мм²)";59;3;генерация;photos/F01883.webp
F01884;3;1884;Кабель и провод;"Кабель круглый; 4 жил; жилы очень крупные (120+ мм²); жила: алюминий; оболочка ПВХ; броня проволочная";кабель круглый;"жилы: 4; металл: алюминий; броня: броня проволочная; оболочка: ПВХ; экран: без экрана; толщина жил: очень крупные (120+ мм²)";59;3;генерация;photos/F01884.webp
F01885;3;1885;Кабель и провод;"Кабель круглый; 4 жил; жилы средние (4–16 мм²); жила: медь; изоляция ПВХ; оболочка резина; экран (оплетка/фольга видна на срезе)";кабель круглый;"жилы: 4; металл: медь; броня: без брони; оболочка: резина; экран: экран; толщина жил: средние (4–16 мм²); изоляция: ПВХ";59;2;генерация;photos/F01885.webp
F01886;3;1886;Кабель и провод;"Кабель круглый; 4 жил; жилы очень крупные (120+ мм²); жила: медь; оболочка ПВХ; броня ленточная";кабель круглый;"жилы: 4; металл: медь; броня: броня ленточная; оболочка: ПВХ; экран: без экрана; толщина жил: очень крупные (120+ мм²)";59;6;генерация;photos/F01886.webp
F01887;3;1887;Кабель и провод;"Кабель круглый; 5 жил; жилы средние (4–16 мм²); жила: медь; изоляция сшитый ПЭ; оболочка безгалогенная (LSZH)";кабель круглый;"жилы: 5; металл: медь; броня: без брони; оболочка: безгалогенная (LSZH); экран: без экрана; толщина жил: средние (4–16 мм²); изоляция: сшитый ПЭ";59;2;программный рендер;photos/F01887.webp
F01888;3;1888;Кабель и провод;"Кабель круглый; 6-7 жил; жилы средние (4–16 мм²); жила: медь; изоляция ПВХ; оболочка ПВХ, цвет черный";кабель круглый;"жилы: 6-7; металл: медь; броня: без брони; оболочка: ПВХ; экран: без экрана; толщина жил: средние (4–16 мм²); изоляция: ПВХ; цвет: черный";59;6;генерация;photos/F01888.webp
F01889;3;1889;Кабель и провод;"Оптический; жила: оптическое волокно; изоляция ПВХ; оболочка полиэтилен; броня проволочная";оптический;"жилы: —; металл: оптическое волокно; броня: броня проволочная; оболочка: полиэтилен; экран: без экрана; толщина жил: —; изоляция: ПВХ";59;1;генерация;photos/F01889.webp
F01890;3;1890;Кабель и провод;"Провод многожильный (круглый); 3 жил; жилы средние (4–16 мм²); жила: медь; изоляция ПВХ; оболочка ПВХ";провод многожильный (круглый);"жилы: 3; металл: медь; броня: без брони; оболочка: ПВХ; экран: без экрана; толщина жил: средние (4–16 мм²); изоляция: ПВХ";59;5;программный рендер;photos/F01890.webp
F01891;3;1891;Кабель и провод;"Провод одножильный; 1 жила; жилы тонкие (до 2,5 мм²); жила: медь; изоляция ПВХ; оболочка безгалогенная (LSZH)";провод одножильный;"жилы: 1; металл: медь; броня: без брони; оболочка: безгалогенная (LSZH); экран: без экрана; толщина жил: тонкие (до 2,5 мм²); изоляция: ПВХ";59;4;программный рендер;photos/F01891.webp
F01892;3;1892;Кабель и провод;"Термопарный; 2 жил; жилы тонкие (до 2,5 мм²); жила: медь; изоляция ПВХ; оболочка ПВХ";термопарный;"жилы: 2; металл: медь; броня: без брони; оболочка: ПВХ; экран: без экрана; толщина жил: тонкие (до 2,5 мм²); изоляция: ПВХ";59;6;генерация;photos/F01892.webp
F01893;3;1893;Электродвигатели;"Электродвигатель; взрывозащищенный; габарит 56–90; лапы + фланец";электродвигатель;признаки: взрывозащищенный · габарит 56–90 · лапы + фланец;59;5;генерация;photos/F01893.webp
F01894;3;1894;Светильники;"Светильник; подвесной";светильник;признаки: подвесной;59;7;генерация;photos/F01894.webp
F01895;3;1895;Низковольтное оборудование;"Корпус распределительного; металлический; навесной";корпус распределительного;признаки: металлический · навесной;59;9;генерация;photos/F01895.webp
F01896;3;1896;Низковольтное оборудование;Пластрон;пластрон;;59;4;генерация;photos/F01896.webp
F01897;3;1897;Лотки и кабеленесущие системы;"Лестница вертикальная (самое частое в группе); группа «Кабельные лотки и аксессуары»";изделия группы «Кабельные лотки и аксессуары»;;59;5;генерация;photos/F01897.webp
F01898;3;1898;Лотки и кабеленесущие системы;"Полоса перфорированная; перфорированный";полоса перфорированная;признаки: перфорированный;59;4;генерация;photos/F01898.webp
F01899;3;1899;Кабель и провод;"Витая пара (LAN); 4 пар; жила: медь; изоляция полиэтилен; оболочка безгалогенная (LSZH); экран (оплетка/фольга видна на срезе)";витая пара (LAN);"жилы: 4 пар; металл: медь; броня: без брони; оболочка: безгалогенная (LSZH); экран: экран; толщина жил: —; изоляция: полиэтилен";58;10;генерация;photos/F01899.webp
F01900;3;1900;Кабель и провод;"Кабель круглый; 13-24 жил; жилы тонкие (до 2,5 мм²); жила: медь; изоляция сшитый ПЭ; оболочка ПВХ";кабель круглый;"жилы: 13-24; металл: медь; броня: без брони; оболочка: ПВХ; экран: без экрана; толщина жил: тонкие (до 2,5 мм²); изоляция: сшитый ПЭ";58;10;генерация;photos/F01900.webp
F01901;3;1901;Кабель и провод;"Кабель круглый; 1 жила; жилы очень крупные (120+ мм²); жила: медь; изоляция ПВХ; оболочка резина";кабель круглый;"жилы: 1; металл: медь; броня: без брони; оболочка: резина; экран: без экрана; толщина жил: очень крупные (120+ мм²); изоляция: ПВХ";58;6;программный рендер;photos/F01901.webp
F01902;3;1902;Кабель и провод;"Кабель круглый; 1 жила; жилы очень крупные (120+ мм²); жила: медь; оболочка полиэтилен; броня ленточная";кабель круглый;"жилы: 1; металл: медь; броня: броня ленточная; оболочка: полиэтилен; экран: без экрана; толщина жил: очень крупные (120+ мм²)";58;4;генерация;photos/F01902.webp
F01903;3;1903;Кабель и провод;"Кабель круглый; 25-48 жил; жилы тонкие (до 2,5 мм²); жила: алюминий; изоляция ПВХ; оболочка ПВХ; броня ленточная";кабель круглый;"жилы: 25-48; металл: алюминий; броня: броня ленточная; оболочка: ПВХ; экран: без экрана; толщина жил: тонкие (до 2,5 мм²); изоляция: ПВХ";58;2;генерация;photos/F01903.webp
F01904;3;1904;Кабель и провод;"Кабель круглый; 2 жил; жилы очень крупные (120+ мм²); жила: алюминий; оболочка ПВХ";кабель круглый;"жилы: 2; металл: алюминий; броня: без брони; оболочка: ПВХ; толщина жил: очень крупные (120+ мм²)";58;5;программный рендер;photos/F01904.webp
F01905;3;1905;Кабель и провод;"Кабель круглый; 2 жил; жилы средние (4–16 мм²); жила: медь; изоляция ПВХ; оболочка резина";кабель круглый;"жилы: 2; металл: медь; броня: без брони; оболочка: резина; экран: без экрана; толщина жил: средние (4–16 мм²); изоляция: ПВХ";58;4;программный рендер;photos/F01905.webp
F01906;3;1906;Кабель и провод;"Кабель круглый; 2 жил; жилы тонкие (до 2,5 мм²); жила: медь; оболочка безгалогенная (LSZH); броня ленточная";кабель круглый;"жилы: 2; металл: медь; броня: броня ленточная; оболочка: безгалогенная (LSZH); экран: без экрана; толщина жил: тонкие (до 2,5 мм²)";58;4;генерация;photos/F01906.webp
F01907;3;1907;Кабель и провод;"Кабель круглый; 2 жил; жилы очень крупные (120+ мм²); жила: медь; оболочка ПВХ; броня проволочная";кабель круглый;"жилы: 2; металл: медь; броня: броня проволочная; оболочка: ПВХ; экран: без экрана; толщина жил: очень крупные (120+ мм²)";58;3;генерация;photos/F01907.webp
F01908;3;1908;Кабель и провод;"Кабель круглый; 3 жил; жилы очень крупные (120+ мм²); жила: алюминий; изоляция ПВХ; оболочка ПВХ; экран (оплетка/фольга видна на срезе)";кабель круглый;"жилы: 3; металл: алюминий; броня: без брони; оболочка: ПВХ; экран: экран; толщина жил: очень крупные (120+ мм²); изоляция: ПВХ";58;3;генерация;photos/F01908.webp
F01909;3;1909;Кабель и провод;"Кабель круглый; 3 жил; жилы очень крупные (120+ мм²); жила: алюминий; оболочка ПВХ; броня ленточная";кабель круглый;"жилы: 3; металл: алюминий; броня: броня ленточная; оболочка: ПВХ; толщина жил: очень крупные (120+ мм²)";58;6;генерация;photos/F01909.webp
F01910;3;1910;Кабель и провод;"Кабель круглый; 3 жил; жилы средние (4–16 мм²); жила: медь; изоляция ПВХ; оболочка резина; экран (оплетка/фольга видна на срезе)";кабель круглый;"жилы: 3; металл: медь; броня: без брони; оболочка: резина; экран: экран; толщина жил: средние (4–16 мм²); изоляция: ПВХ";58;2;генерация;photos/F01910.webp
F01911;3;1911;Кабель и провод;"Кабель круглый; 49+ жил; жилы тонкие (до 2,5 мм²); жила: медь; оболочка безгалогенная (LSZH)";кабель круглый;"жилы: 49+; металл: медь; броня: без брони; оболочка: безгалогенная (LSZH); экран: без экрана; толщина жил: тонкие (до 2,5 мм²)";58;6;генерация;photos/F01911.webp
F01912;3;1912;Кабель и провод;"Кабель круглый; 4 жил; жилы очень крупные (120+ мм²); жила: алюминий; изоляция сшитый ПЭ; оболочка полиэтилен; броня ленточная";кабель круглый;"жилы: 4; металл: алюминий; броня: броня ленточная; оболочка: полиэтилен; экран: без экрана; толщина жил: очень крупные (120+ мм²); изоляция: сшитый ПЭ";58;6;генерация;photos/F01912.webp
F01913;3;1913;Кабель и провод;"Кабель круглый; 4 жил; жилы крупные (25–95 мм²); жила: медь; оболочка полиуретан";кабель круглый;"жилы: 4; металл: медь; броня: без брони; оболочка: полиуретан; толщина жил: крупные (25–95 мм²)";58;7;программный рендер;photos/F01913.webp
F01914;3;1914;Кабель и провод;"Кабель круглый; 5 жил; жилы средние (4–16 мм²); жила: алюминий; изоляция ПВХ; оболочка ПВХ; экран (оплетка/фольга видна на срезе)";кабель круглый;"жилы: 5; металл: алюминий; броня: без брони; оболочка: ПВХ; экран: экран; толщина жил: средние (4–16 мм²); изоляция: ПВХ";58;2;генерация;photos/F01914.webp
F01915;3;1915;Кабель и провод;"Кабель круглый; 5 жил; жилы тонкие (до 2,5 мм²); жила: медь; изоляция сшитый ПЭ; оболочка ПВХ; броня ленточная";кабель круглый;"жилы: 5; металл: медь; броня: броня ленточная; оболочка: ПВХ; экран: без экрана; толщина жил: тонкие (до 2,5 мм²); изоляция: сшитый ПЭ";58;4;генерация;photos/F01915.webp
F01916;3;1916;Кабель и провод;"Кабель круглый; 5 жил; жилы очень крупные (120+ мм²); жила: медь; оболочка ПВХ; броня проволочная";кабель круглый;"жилы: 5; металл: медь; броня: броня проволочная; оболочка: ПВХ; экран: без экрана; толщина жил: очень крупные (120+ мм²)";58;4;генерация;photos/F01916.webp
F01917;3;1917;Кабель и провод;"Кабель круглый; 6-7 жил; жилы средние (4–16 мм²); жила: медь; оболочка безгалогенная (LSZH); экран (оплетка/фольга видна на срезе)";кабель круглый;"жилы: 6-7; металл: медь; броня: без брони; оболочка: безгалогенная (LSZH); экран: экран; толщина жил: средние (4–16 мм²)";58;3;генерация;photos/F01917.webp
F01918;3;1918;Кабель и провод;"Кабель круглый; 6-7 жил; жилы тонкие (до 2,5 мм²); жила: медь; оболочка резина";кабель круглый;"жилы: 6-7; металл: медь; броня: без брони; оболочка: резина; толщина жил: тонкие (до 2,5 мм²)";58;10;генерация;photos/F01918.webp
F01919;3;1919;Кабель и провод;"Кабель круглый; 8-12 жил; жилы тонкие (до 2,5 мм²); жила: медь; изоляция ПВХ; оболочка полиуретан, цвет серый";кабель круглый;"жилы: 8-12; металл: медь; броня: без брони; оболочка: полиуретан; экран: без экрана; толщина жил: тонкие (до 2,5 мм²); изоляция: ПВХ; цвет: серый";58;7;генерация;photos/F01919.webp
F01920;3;1920;Кабель и провод;"Провод одножильный; 1 жила; жилы средние (4–16 мм²); жила: алюминий; изоляция ПВХ";провод одножильный;"жилы: 1; металл: алюминий; броня: без брони; оболочка: нет (только изоляция); экран: без экрана; толщина жил: средние (4–16 мм²); изоляция: ПВХ";58;4;программный рендер;photos/F01920.webp
F01921;3;1921;Кабель и провод;"Провод одножильный; 1 жила; жилы тонкие (до 2,5 мм²); жила: медь; изоляция фторопласт; цвет изоляции коричневый";провод одножильный;"жилы: 1; металл: медь; броня: без брони; оболочка: нет (только изоляция); экран: без экрана; толщина жил: тонкие (до 2,5 мм²); изоляция: фторопласт; цвет: коричневый";58;3;программный рендер;photos/F01921.webp
F01922;3;1922;Кабель и провод;"Термопарный; 2 жил; жилы тонкие (до 2,5 мм²); жила: медь; изоляция ПВХ; оболочка ПВХ; экран (оплетка/фольга видна на срезе)";термопарный;"жилы: 2; металл: медь; броня: без брони; оболочка: ПВХ; экран: экран; толщина жил: тонкие (до 2,5 мм²); изоляция: ПВХ";58;6;генерация;photos/F01922.webp
F01923;3;1923;Низковольтное оборудование;"Автомат; модульный на DIN-рейку; 1P";автомат;признаки: модульный на DIN-рейку · 1P;58;3;генерация;photos/F01923.webp
F01924;3;1924;Низковольтное оборудование;"Тройник-удлинитель (самое частое в группе); группа «Розетки, вилки, удлинители»";изделия группы «Розетки, вилки, удлинители»;;58;2;генерация;photos/F01924.webp
F01925;3;1925;Низковольтное оборудование;Зажим наборный;зажим наборный;;58;7;генерация;photos/F01925.webp
F01926;3;1926;Станки и оборудование;Круг алмазный;круг алмазный;;58;1;генерация;photos/F01926.webp
F01927;3;1927;Трубопроводная арматура;Манометр аммиачный;манометр аммиачный;;58;3;генерация;photos/F01927.webp
F01928;3;1928;Монтажные изделия для кабеля;Изделия раздела «Монтажные изделия для кабеля»;изделия раздела «Монтажные изделия для кабеля»;;58;1;генерация;photos/F01928.webp
F01929;3;1929;Лотки и кабеленесущие системы;Лотка расширение;лотка расширение;;58;8;генерация;photos/F01929.webp
F01930;3;1930;Лотки и кабеленесущие системы;Редукция упрощенная;редукция упрощенная;;58;7;генерация;photos/F01930.webp
F01931;3;1931;Кабель и провод;"Кабель круглый; 13-24 жил; жилы тонкие (до 2,5 мм²); жила: алюминий; изоляция ПВХ; оболочка ПВХ; броня ленточная";кабель круглый;"жилы: 13-24; металл: алюминий; броня: броня ленточная; оболочка: ПВХ; экран: без экрана; толщина жил: тонкие (до 2,5 мм²); изоляция: ПВХ";57;2;генерация;photos/F01931.webp
F01932;3;1932;Кабель и провод;"Кабель круглый; 1 жила; жилы крупные (25–95 мм²); жила: алюминий; изоляция ПВХ; оболочка ПВХ; экран (оплетка/фольга видна на срезе)";кабель круглый;"жилы: 1; металл: алюминий; броня: без брони; оболочка: ПВХ; экран: экран; толщина жил: крупные (25–95 мм²); изоляция: ПВХ";57;3;генерация;photos/F01932.webp
F01933;3;1933;Кабель и провод;"Кабель круглый; 1 жила; жилы крупные (25–95 мм²); жила: медь; изоляция ПВХ; оболочка ПВХ, цвет белый";кабель круглый;"жилы: 1; металл: медь; броня: без брони; оболочка: ПВХ; экран: без экрана; толщина жил: крупные (25–95 мм²); изоляция: ПВХ; цвет: белый";57;3;программный рендер;photos/F01933.webp
F01934;3;1934;Кабель и провод;"Кабель круглый; 1 жила; жилы крупные (25–95 мм²); жила: медь; изоляция ПВХ; оболочка ПВХ, цвет коричневый";кабель круглый;"жилы: 1; металл: медь; броня: без брони; оболочка: ПВХ; экран: без экрана; толщина жил: крупные (25–95 мм²); изоляция: ПВХ; цвет: коричневый";57;3;программный рендер;photos/F01934.webp
F01935;3;1935;Кабель и провод;"Кабель круглый; 1 жила; жилы очень крупные (120+ мм²); жила: медь; оболочка ПВХ";кабель круглый;"жилы: 1; металл: медь; броня: без брони; оболочка: ПВХ; экран: без экрана; толщина жил: очень крупные (120+ мм²)";57;4;программный рендер;photos/F01935.webp
F01936;3;1936;Кабель и провод;"Кабель круглый; 1 жила; жилы тонкие (до 2,5 мм²); жила: медь; оболочка безгалогенная (LSZH)";кабель круглый;"жилы: 1; металл: медь; броня: без брони; оболочка: безгалогенная (LSZH); экран: без экрана; толщина жил: тонкие (до 2,5 мм²)";57;2;программный рендер;photos/F01936.webp
F01937;3;1937;Кабель и провод;"Кабель круглый; 1 жила; жилы очень крупные (120+ мм²); жила: медь; оболочка безгалогенная (LSZH); экран (оплетка/фольга видна на срезе)";кабель круглый;"жилы: 1; металл: медь; броня: без брони; оболочка: безгалогенная (LSZH); экран: экран; толщина жил: очень крупные (120+ мм²)";57;3;генерация;photos/F01937.webp
F01938;3;1938;Кабель и провод;"Кабель круглый; 2 жил; жилы крупные (25–95 мм²); жила: алюминий; изоляция сшитый ПЭ; оболочка ПВХ; броня ленточная";кабель круглый;"жилы: 2; металл: алюминий; броня: броня ленточная; оболочка: ПВХ; экран: без экрана; толщина жил: крупные (25–95 мм²); изоляция: сшитый ПЭ";57;3;генерация;photos/F01938.webp
F01939;3;1939;Кабель и провод;"Кабель круглый; 2 жил; жилы очень крупные (120+ мм²); жила: медь; оболочка ПВХ";кабель круглый;"жилы: 2; металл: медь; броня: без брони; оболочка: ПВХ; толщина жил: очень крупные (120+ мм²)";57;6;программный рендер;photos/F01939.webp
F01940;3;1940;Кабель и провод;"Кабель круглый; 2 жил; жилы средние (4–16 мм²); жила: медь; изоляция ПВХ; оболочка ПВХ, цвет черный";кабель круглый;"жилы: 2; металл: медь; броня: без брони; оболочка: ПВХ; экран: без экрана; толщина жил: средние (4–16 мм²); изоляция: ПВХ; цвет: черный";57;2;программный рендер;photos/F01940.webp
F01941;3;1941;Кабель и провод;"Кабель круглый; 2 жил; жилы крупные (25–95 мм²); жила: медь; изоляция сшитый ПЭ; оболочка безгалогенная (LSZH)";кабель круглый;"жилы: 2; металл: медь; броня: без брони; оболочка: безгалогенная (LSZH); экран: без экрана; толщина жил: крупные (25–95 мм²); изоляция: сшитый ПЭ";57;3;программный рендер;photos/F01941.webp
F01942;3;1942;Кабель и провод;"Кабель круглый; 2 жил; жилы тонкие (до 2,5 мм²); жила: медь; изоляция ПВХ; оболочка полиуретан; экран (оплетка/фольга видна на срезе)";кабель круглый;"жилы: 2; металл: медь; броня: без брони; оболочка: полиуретан; экран: экран; толщина жил: тонкие (до 2,5 мм²); изоляция: ПВХ";57;6;генерация;photos/F01942.webp
F01943;3;1943;Кабель и провод;"Кабель круглый; 3 жил; жилы средние (4–16 мм²); жила: алюминий; оболочка ПВХ; броня проволочная";кабель круглый;"жилы: 3; металл: алюминий; броня: броня проволочная; оболочка: ПВХ; экран: без экрана; толщина жил: средние (4–16 мм²)";57;2;генерация;photos/F01943.webp
F01944;3;1944;Кабель и провод;"Кабель круглый; 3 жил; жилы тонкие (до 2,5 мм²); жила: медь; изоляция ПВХ; оболочка ПВХ, цвет черный; экран (оплетка/фольга видна на срезе)";кабель круглый;"жилы: 3; металл: медь; броня: без брони; оболочка: ПВХ; экран: экран; толщина жил: тонкие (до 2,5 мм²); изоляция: ПВХ; цвет: черный";57;6;генерация;photos/F01944.webp
F01945;3;1945;Кабель и провод;"Кабель круглый; 3 жил; жилы крупные (25–95 мм²); жила: медь; оболочка резина; броня ленточная";кабель круглый;"жилы: 3; металл: медь; броня: броня ленточная; оболочка: резина; экран: без экрана; толщина жил: крупные (25–95 мм²)";57;3;генерация;photos/F01945.webp
F01946;3;1946;Кабель и провод;"Кабель круглый; 4 жил; жилы крупные (25–95 мм²); жила: алюминий; изоляция сшитый ПЭ; оболочка ПВХ; броня ленточная; экран (оплетка/фольга видна на срезе)";кабель круглый;"жилы: 4; металл: алюминий; броня: броня ленточная; оболочка: ПВХ; экран: экран; толщина жил: крупные (25–95 мм²); изоляция: сшитый ПЭ";57;6;генерация;photos/F01946.webp
F01947;3;1947;Кабель и провод;"Кабель круглый; 4 жил; жилы тонкие (до 2,5 мм²); жила: медь; изоляция ПВХ; оболочка полиуретан, цвет черный";кабель круглый;"жилы: 4; металл: медь; броня: без брони; оболочка: полиуретан; экран: без экрана; толщина жил: тонкие (до 2,5 мм²); изоляция: ПВХ; цвет: черный";57;5;программный рендер;photos/F01947.webp
F01948;3;1948;Кабель и провод;"Кабель круглый; 4 жил; жилы крупные (25–95 мм²); жила: медь; изоляция ПВХ; оболочка резина; экран (оплетка/фольга видна на срезе)";кабель круглый;"жилы: 4; металл: медь; броня: без брони; оболочка: резина; экран: экран; толщина жил: крупные (25–95 мм²); изоляция: ПВХ";57;4;генерация;photos/F01948.webp
F01949;3;1949;Кабель и провод;"Кабель круглый; 4 жил; жилы тонкие (до 2,5 мм²); жила: медь; изоляция резина; оболочка резина; экран (оплетка/фольга видна на срезе)";кабель круглый;"жилы: 4; металл: медь; броня: без брони; оболочка: резина; экран: экран; толщина жил: тонкие (до 2,5 мм²); изоляция: резина";57;4;генерация;photos/F01949.webp
F01950;3;1950;Кабель и провод;"Кабель круглый; 5 жил; жилы крупные (25–95 мм²); жила: медь; оболочка безгалогенная (LSZH); экран (оплетка/фольга видна на срезе)";кабель круглый;"жилы: 5; металл: медь; броня: без брони; оболочка: безгалогенная (LSZH); экран: экран; толщина жил: крупные (25–95 мм²)";57;3;генерация;photos/F01950.webp
F01951;3;1951;Кабель и провод;"Кабель круглый; 5 жил; жила: медь; оболочка резина";кабель круглый;"жилы: 5; металл: медь; броня: без брони; оболочка: резина";57;8;программный рендер;photos/F01951.webp
F01952;3;1952;Кабель и провод;"Кабель круглый; 5 жил; жила: медь; оболочка ПВХ; броня ленточная";кабель круглый;"жилы: 5; металл: медь; броня: броня ленточная; оболочка: ПВХ";57;8;генерация;photos/F01952.webp
F01953;3;1953;Кабель и провод;"Кабель круглый; 5 жил; жилы тонкие (до 2,5 мм²); жила: медь; изоляция ПВХ; оболочка ПВХ; броня ленточная; экран (оплетка/фольга видна на срезе)";кабель круглый;"жилы: 5; металл: медь; броня: броня ленточная; оболочка: ПВХ; экран: экран; толщина жил: тонкие (до 2,5 мм²); изоляция: ПВХ";57;3;генерация;photos/F01953.webp
F01954;3;1954;Кабель и провод;"Кабель круглый; 6-7 жил; жилы тонкие (до 2,5 мм²); жила: медь; оболочка ПВХ";кабель круглый;"жилы: 6-7; металл: медь; броня: без брони; оболочка: ПВХ; экран: без экрана; толщина жил: тонкие (до 2,5 мм²)";57;8;генерация;photos/F01954.webp
F01955;3;1955;Кабель и провод;"Кабель круглый; 6-7 жил; жилы средние (4–16 мм²); жила: медь; изоляция ПВХ; оболочка полиуретан";кабель круглый;"жилы: 6-7; металл: медь; броня: без брони; оболочка: полиуретан; экран: без экрана; толщина жил: средние (4–16 мм²); изоляция: ПВХ";57;7;генерация;photos/F01955.webp
F01956;3;1956;Кабель и провод;"Кабель круглый; 6-7 жил; жилы тонкие (до 2,5 мм²); жила: медь; изоляция ПВХ; оболочка полиуретан, цвет черный";кабель круглый;"жилы: 6-7; металл: медь; броня: без брони; оболочка: полиуретан; экран: без экрана; толщина жил: тонкие (до 2,5 мм²); изоляция: ПВХ; цвет: черный";57;6;генерация;photos/F01956.webp
F01957;3;1957;Кабель и провод;"Кабель круглый; 8-12 жил; жилы тонкие (до 2,5 мм²); жила: медь; оболочка полиэтилен; броня ленточная";кабель круглый;"жилы: 8-12; металл: медь; броня: броня ленточная; оболочка: полиэтилен; толщина жил: тонкие (до 2,5 мм²)";57;3;генерация;photos/F01957.webp
F01958;3;1958;Кабель и провод;"Провод многожильный (круглый); 2 жил; жилы средние (4–16 мм²); жила: алюминий; оболочка ПВХ";провод многожильный (круглый);"жилы: 2; металл: алюминий; броня: без брони; оболочка: ПВХ; экран: без экрана; толщина жил: средние (4–16 мм²)";57;2;программный рендер;photos/F01958.webp
F01959;3;1959;Кабель и провод;"Провод одножильный; 1 жила; жилы тонкие (до 2,5 мм²); жила: медь; оболочка фторопласт; экран (оплетка/фольга видна на срезе)";провод одножильный;"жилы: 1; металл: медь; броня: без брони; оболочка: фторопласт; экран: экран; толщина жил: тонкие (до 2,5 мм²)";57;4;генерация;photos/F01959.webp
F01960;3;1960;Кабель и провод;"Термопарный; 6-7 жил; жилы крупные (25–95 мм²); жила: медь; оболочка ПВХ";термопарный;"жилы: 6-7; металл: медь; броня: без брони; оболочка: ПВХ; толщина жил: крупные (25–95 мм²)";57;5;генерация;photos/F01960.webp
F01961;3;1961;Инструмент;Рубанок электрический;рубанок электрический;;57;2;генерация;photos/F01961.webp
F01962;3;1962;Светильники;Лампа галогенная;лампа галогенная;;57;7;генерация;photos/F01962.webp
F01963;3;1963;Светильники;Трек;трек;;57;4;генерация;photos/F01963.webp
F01964;3;1964;Низковольтное оборудование;Катушка запасная;катушка запасная;;57;1;генерация;photos/F01964.webp
F01965;3;1965;Низковольтное оборудование;Приставка;приставка;;57;6;генерация;photos/F01965.webp
F01966;3;1966;Станки и оборудование;Борфреза цилиндрическая;борфреза цилиндрическая;;57;3;генерация;photos/F01966.webp
F01967;3;1967;Станки и оборудование;Подставка;подставка;;57;7;генерация;photos/F01967.webp
F01968;3;1968;Станки и оборудование;Тиски станочные;тиски станочные;;57;5;генерация;photos/F01968.webp
F01969;3;1969;Станки и оборудование;Фреза пазовая;фреза пазовая;;57;4;генерация;photos/F01969.webp
F01970;3;1970;Станки и оборудование;Центр;центр;;57;4;генерация;photos/F01970.webp
F01971;3;1971;Насосы;Насос винтовой;насос винтовой;;57;7;генерация;photos/F01971.webp
F01972;3;1972;Монтажные изделия для кабеля;Лента;лента;;57;5;генерация;photos/F01972.webp
F01973;3;1973;Лотки и кабеленесущие системы;Переходник упрощенный;переходник упрощенный;;57;8;генерация;photos/F01973.webp
F01974;3;1974;Подшипники;Уплотнение;уплотнение;;56;5;генерация;photos/F01974.webp
F01975;3;1975;Кабель и провод;"СИП (самонесущий изолированный); 3 жил; жилы очень крупные (120+ мм²); жила: алюминий; изоляция сшитый ПЭ; оболочка ПВХ";СИП (самонесущий изолированный);"жилы: 3; металл: алюминий; броня: без брони; оболочка: ПВХ; экран: без экрана; толщина жил: очень крупные (120+ мм²); изоляция: сшитый ПЭ";56;4;генерация;photos/F01975.webp
F01976;3;1976;Кабель и провод;"Витая пара (LAN); 4 пар; жила: медь; изоляция полиэтилен; оболочка полиэтилен";витая пара (LAN);"жилы: 4 пар; металл: медь; броня: без брони; оболочка: полиэтилен; экран: без экрана; толщина жил: —; изоляция: полиэтилен";56;4;генерация;photos/F01976.webp
F01977;3;1977;Кабель и провод;"Кабель круглый; 1 жила; жилы средние (4–16 мм²); жила: алюминий; изоляция сшитый ПЭ; оболочка ПВХ";кабель круглый;"жилы: 1; металл: алюминий; броня: без брони; оболочка: ПВХ; экран: без экрана; толщина жил: средние (4–16 мм²); изоляция: сшитый ПЭ";56;2;программный рендер;photos/F01977.webp
F01978;3;1978;Кабель и провод;"Кабель круглый; 1 жила; жилы средние (4–16 мм²); жила: алюминий; оболочка ПВХ; экран (оплетка/фольга видна на срезе)";кабель круглый;"жилы: 1; металл: алюминий; броня: без брони; оболочка: ПВХ; экран: экран; толщина жил: средние (4–16 мм²)";56;2;генерация;photos/F01978.webp
F01979;3;1979;Кабель и провод;"Кабель круглый; 1 жила; жилы крупные (25–95 мм²); жила: медь; оболочка ПВХ; экран (оплетка/фольга видна на срезе)";кабель круглый;"жилы: 1; металл: медь; броня: без брони; оболочка: ПВХ; экран: экран; толщина жил: крупные (25–95 мм²)";56;3;генерация;photos/F01979.webp
F01980;3;1980;Кабель и провод;"Кабель круглый; 25-48 жил; жилы тонкие (до 2,5 мм²); жила: медь; изоляция фторопласт; оболочка ПВХ; экран (оплетка/фольга видна на срезе)";кабель круглый;"жилы: 25-48; металл: медь; броня: без брони; оболочка: ПВХ; экран: экран; толщина жил: тонкие (до 2,5 мм²); изоляция: фторопласт";56;4;генерация;photos/F01980.webp
F01981;3;1981;Кабель и провод;"Кабель круглый; 25-48 жил; жилы тонкие (до 2,5 мм²); жила: медь; оболочка свинец";кабель круглый;"жилы: 25-48; металл: медь; броня: без брони; оболочка: свинец; толщина жил: тонкие (до 2,5 мм²)";56;4;генерация;photos/F01981.webp
F01982;3;1982;Кабель и провод;"Кабель круглый; 2 жил; жилы тонкие (до 2,5 мм²); жила: медь; изоляция ПВХ; оболочка ПВХ, цвет оранжевый";кабель круглый;"жилы: 2; металл: медь; броня: без брони; оболочка: ПВХ; экран: без экрана; толщина жил: тонкие (до 2,5 мм²); изоляция: ПВХ; цвет: оранжевый";56;6;программный рендер;photos/F01982.webp
F01983;3;1983;Кабель и провод;"Кабель круглый; 2 жил; жилы очень крупные (120+ мм²); жила: медь; изоляция ПВХ; оболочка ПВХ; экран (оплетка/фольга видна на срезе)";кабель круглый;"жилы: 2; металл: медь; броня: без брони; оболочка: ПВХ; экран: экран; толщина жил: очень крупные (120+ мм²); изоляция: ПВХ";56;3;генерация;photos/F01983.webp
F01984;3;1984;Кабель и провод;"Кабель круглый; 2 жил; жилы крупные (25–95 мм²); жила: медь; изоляция резина; оболочка безгалогенная (LSZH)";кабель круглый;"жилы: 2; металл: медь; броня: без брони; оболочка: безгалогенная (LSZH); экран: без экрана; толщина жил: крупные (25–95 мм²); изоляция: резина";56;3;программный рендер;photos/F01984.webp
F01985;3;1985;Кабель и провод;"Кабель круглый; 2 жил; жилы средние (4–16 мм²); жила: медь; оболочка ПВХ; броня ленточная";кабель круглый;"жилы: 2; металл: медь; броня: броня ленточная; оболочка: ПВХ; толщина жил: средние (4–16 мм²)";56;4;генерация;photos/F01985.webp
F01986;3;1986;Кабель и провод;"Кабель круглый; 3 жил; жилы крупные (25–95 мм²); жила: медь; изоляция сшитый ПЭ; оболочка ПВХ; экран (оплетка/фольга видна на срезе)";кабель круглый;"жилы: 3; металл: медь; броня: без брони; оболочка: ПВХ; экран: экран; толщина жил: крупные (25–95 мм²); изоляция: сшитый ПЭ";56;4;генерация;photos/F01986.webp
F01987;3;1987;Кабель и провод;"Кабель круглый; 49+ жил; жилы тонкие (до 2,5 мм²); жила: медь; изоляция ПВХ; оболочка свинец; экран (оплетка/фольга видна на срезе)";кабель круглый;"жилы: 49+; металл: медь; броня: без брони; оболочка: свинец; экран: экран; толщина жил: тонкие (до 2,5 мм²); изоляция: ПВХ";56;4;генерация;photos/F01987.webp
F01988;3;1988;Кабель и провод;"Кабель круглый; 4 жил; жилы тонкие (до 2,5 мм²); жила: алюминий; оболочка ПВХ";кабель круглый;"жилы: 4; металл: алюминий; броня: без брони; оболочка: ПВХ; толщина жил: тонкие (до 2,5 мм²)";56;4;программный рендер;photos/F01988.webp
F01989;3;1989;Кабель и провод;"Кабель круглый; 4 жил; жилы средние (4–16 мм²); жила: алюминий; оболочка безгалогенная (LSZH)";кабель круглый;"жилы: 4; металл: алюминий; броня: без брони; оболочка: безгалогенная (LSZH); толщина жил: средние (4–16 мм²)";56;5;программный рендер;photos/F01989.webp
F01990;3;1990;Кабель и провод;"Кабель круглый; 4 жил; жилы средние (4–16 мм²); жила: алюминий; оболочка ПВХ; броня ленточная";кабель круглый;"жилы: 4; металл: алюминий; броня: броня ленточная; оболочка: ПВХ; экран: без экрана; толщина жил: средние (4–16 мм²)";56;4;генерация;photos/F01990.webp
F01991;3;1991;Кабель и провод;"Кабель круглый; 4 жил; жилы средние (4–16 мм²); жила: медь; изоляция полиэтилен; оболочка ПВХ";кабель круглый;"жилы: 4; металл: медь; броня: без брони; оболочка: ПВХ; экран: без экрана; толщина жил: средние (4–16 мм²); изоляция: полиэтилен";56;5;программный рендер;photos/F01991.webp
F01992;3;1992;Кабель и провод;"Кабель круглый; 4 жил; жилы тонкие (до 2,5 мм²); жила: медь; изоляция полиэтилен; оболочка ПВХ; экран (оплетка/фольга видна на срезе)";кабель круглый;"жилы: 4; металл: медь; броня: без брони; оболочка: ПВХ; экран: экран; толщина жил: тонкие (до 2,5 мм²); изоляция: полиэтилен";56;4;генерация;photos/F01992.webp
F01993;3;1993;Кабель и провод;"Кабель круглый; 4 жил; жилы очень крупные (120+ мм²); жила: медь; изоляция ПВХ; оболочка резина";кабель круглый;"жилы: 4; металл: медь; броня: без брони; оболочка: резина; экран: без экрана; толщина жил: очень крупные (120+ мм²); изоляция: ПВХ";56;8;программный рендер;photos/F01993.webp
F01994;3;1994;Кабель и провод;"Кабель круглый; 4 жил; жилы очень крупные (120+ мм²); жила: медь; изоляция бумага; оболочка свинец; броня ленточная";кабель круглый;"жилы: 4; металл: медь; броня: броня ленточная; оболочка: свинец; экран: без экрана; толщина жил: очень крупные (120+ мм²); изоляция: бумага";56;6;генерация;photos/F01994.webp
F01995;3;1995;Кабель и провод;"Кабель круглый; 5 жил; жилы тонкие (до 2,5 мм²); жила: медь; изоляция резина; оболочка безгалогенная (LSZH)";кабель круглый;"жилы: 5; металл: медь; броня: без брони; оболочка: безгалогенная (LSZH); экран: без экрана; толщина жил: тонкие (до 2,5 мм²); изоляция: резина";56;3;программный рендер;photos/F01995.webp
F01996;3;1996;Кабель и провод;"Кабель круглый; 5 жил; жилы очень крупные (120+ мм²); жила: медь; изоляция ПВХ; оболочка безгалогенная (LSZH); экран (оплетка/фольга видна на срезе)";кабель круглый;"жилы: 5; металл: медь; броня: без брони; оболочка: безгалогенная (LSZH); экран: экран; толщина жил: очень крупные (120+ мм²); изоляция: ПВХ";56;4;генерация;photos/F01996.webp
F01997;3;1997;Кабель и провод;"Кабель круглый; 5 жил; жилы тонкие (до 2,5 мм²); жила: медь; изоляция полиэтилен; оболочка ПВХ; броня ленточная";кабель круглый;"жилы: 5; металл: медь; броня: броня ленточная; оболочка: ПВХ; экран: без экрана; толщина жил: тонкие (до 2,5 мм²); изоляция: полиэтилен";56;3;генерация;photos/F01997.webp
F01998;3;1998;Кабель и провод;"Кабель круглый; 5 жил; жила: медь; оболочка безгалогенная (LSZH); броня ленточная";кабель круглый;"жилы: 5; металл: медь; броня: броня ленточная; оболочка: безгалогенная (LSZH)";56;7;генерация;photos/F01998.webp
F01999;3;1999;Кабель и провод;"Кабель круглый; жила: медь; изоляция силикон; оболочка ПВХ";кабель круглый;"жилы: не определено; металл: медь; броня: без брони; оболочка: ПВХ; экран: без экрана; толщина жил: не определено; изоляция: силикон";56;8;генерация;photos/F01999.webp
F02000;3;2000;Кабель и провод;"Кабель круглый; жила: медь";кабель круглый;металл: медь;56;6;генерация;photos/F02000.webp
F02001;3;2001;Кабель и провод;"Провод многожильный (круглый); 2 жил; жилы тонкие (до 2,5 мм²); жила: медь; изоляция ПВХ; оболочка ПВХ; экран (оплетка/фольга видна на срезе)";провод многожильный (круглый);"жилы: 2; металл: медь; броня: без брони; оболочка: ПВХ; экран: экран; толщина жил: тонкие (до 2,5 мм²); изоляция: ПВХ";56;3;генерация;photos/F02001.webp
F02002;3;2002;Кабель и провод;"Провод многожильный (круглый); 2 жил; жила: сплав";провод многожильный (круглый);"жилы: 2; металл: сплав; броня: без брони";56;7;программный рендер;photos/F02002.webp
F02003;3;2003;Кабель и провод;"Провод одножильный; 1 жила; жилы средние (4–16 мм²); жила: алюминий";провод одножильный;"жилы: 1; металл: алюминий; броня: без брони; оболочка: нет (только изоляция); экран: без экрана; толщина жил: средние (4–16 мм²)";56;2;программный рендер;photos/F02003.webp
F02004;3;2004;Кабель и провод;"Провод одножильный; 1 жила; жилы средние (4–16 мм²); жила: медь; изоляция ПВХ; экран (оплетка/фольга видна на срезе)";провод одножильный;"жилы: 1; металл: медь; броня: без брони; оболочка: нет (только изоляция); экран: экран; толщина жил: средние (4–16 мм²); изоляция: ПВХ";56;2;генерация;photos/F02004.webp
F02005;3;2005;Кабель и провод;"Термопарный; жила: термопарный сплав";термопарный;металл: термопарный сплав;56;4;генерация;photos/F02005.webp
F02006;3;2006;Инструмент;Лобзик аккумуляторный;лобзик аккумуляторный;;56;3;генерация;photos/F02006.webp
F02007;3;2007;Низковольтное оборудование;"Рубильник перекидной; силовой";рубильник перекидной;признаки: силовой;56;7;генерация;photos/F02007.webp
F02008;3;2008;Трубопроводная арматура;Датчик;датчик;;56;4;генерация;photos/F02008.webp
F02009;3;2009;Трубопроводная арматура;Термостат стержневой;термостат стержневой;;56;2;генерация;photos/F02009.webp
F02010;3;2010;Монтажные изделия для кабеля;Хомут кабельный;хомут кабельный;;56;3;генерация;photos/F02010.webp
F02011;3;2011;Складское оборудование;Тележка ручная;тележка ручная;;56;6;генерация;photos/F02011.webp
F02012;3;2012;Подшипники;Наконечник шарнирный;наконечник шарнирный;;55;5;генерация;photos/F02012.webp
F02013;3;2013;Кабель и провод;"Кабель круглый; 1 жила; жилы крупные (25–95 мм²); жила: алюминий; оболочка безгалогенная (LSZH)";кабель круглый;"жилы: 1; металл: алюминий; броня: без брони; оболочка: безгалогенная (LSZH); экран: без экрана; толщина жил: крупные (25–95 мм²)";55;4;программный рендер;photos/F02013.webp
F02014;3;2014;Кабель и провод;"Кабель круглый; 1 жила; жилы крупные (25–95 мм²); жила: алюминий; оболочка полиэтилен; броня ленточная";кабель круглый;"жилы: 1; металл: алюминий; броня: броня ленточная; оболочка: полиэтилен; экран: без экрана; толщина жил: крупные (25–95 мм²)";55;3;генерация;photos/F02014.webp
F02015;3;2015;Кабель и провод;"Кабель круглый; 1 жила; жила: алюминий; оплетка текстильная";кабель круглый;"жилы: 1; металл: алюминий; броня: оплетка текстильная";55;6;генерация;photos/F02015.webp
F02016;3;2016;Кабель и провод;"Кабель круглый; 1 жила; жилы крупные (25–95 мм²); жила: медь; изоляция силикон; оболочка силикон";кабель круглый;"жилы: 1; металл: медь; броня: без брони; оболочка: силикон; экран: без экрана; толщина жил: крупные (25–95 мм²); изоляция: силикон";55;7;программный рендер;photos/F02016.webp
F02017;3;2017;Кабель и провод;"Кабель круглый; 1 жила; жилы очень крупные (120+ мм²); жила: медь; изоляция сшитый ПЭ; оболочка ПВХ; броня проволочная";кабель круглый;"жилы: 1; металл: медь; броня: броня проволочная; оболочка: ПВХ; экран: без экрана; толщина жил: очень крупные (120+ мм²); изоляция: сшитый ПЭ";55;3;генерация;photos/F02017.webp
F02018;3;2018;Кабель и провод;"Кабель круглый; 2 жил; жилы крупные (25–95 мм²); жила: алюминий; оболочка ПВХ";кабель круглый;"жилы: 2; металл: алюминий; броня: без брони; оболочка: ПВХ; экран: без экрана; толщина жил: крупные (25–95 мм²)";55;3;программный рендер;photos/F02018.webp
F02019;3;2019;Кабель и провод;"Кабель круглый; 2 жил; жилы крупные (25–95 мм²); жила: алюминий; изоляция ПВХ; оболочка ПВХ; экран (оплетка/фольга видна на срезе)";кабель круглый;"жилы: 2; металл: алюминий; броня: без брони; оболочка: ПВХ; экран: экран; толщина жил: крупные (25–95 мм²); изоляция: ПВХ";55;3;генерация;photos/F02019.webp
F02020;3;2020;Кабель и провод;"Кабель круглый; 3 жил; жилы средние (4–16 мм²); жила: алюминий; изоляция бумага; оболочка свинец";кабель круглый;"жилы: 3; металл: алюминий; броня: без брони; оболочка: свинец; экран: без экрана; толщина жил: средние (4–16 мм²); изоляция: бумага";55;2;программный рендер;photos/F02020.webp
F02021;3;2021;Кабель и провод;"Кабель круглый; 3 жил; жилы средние (4–16 мм²); жила: медь; изоляция сшитый ПЭ; оболочка безгалогенная (LSZH)";кабель круглый;"жилы: 3; металл: медь; броня: без брони; оболочка: безгалогенная (LSZH); экран: без экрана; толщина жил: средние (4–16 мм²); изоляция: сшитый ПЭ";55;2;программный рендер;photos/F02021.webp
F02022;3;2022;Кабель и провод;"Кабель круглый; 3 жил; жилы тонкие (до 2,5 мм²); жила: медь; изоляция силикон; оболочка ПВХ; броня ленточная";кабель круглый;"жилы: 3; металл: медь; броня: броня ленточная; оболочка: ПВХ; экран: без экрана; толщина жил: тонкие (до 2,5 мм²); изоляция: силикон";55;3;генерация;photos/F02022.webp
F02023;3;2023;Кабель и провод;"Кабель круглый; 4 жил; жила: медь; оболочка ПВХ";кабель круглый;"жилы: 4; металл: медь; броня: без брони; оболочка: ПВХ";55;7;программный рендер;photos/F02023.webp
F02024;3;2024;Кабель и провод;"Кабель круглый; 4 жил; жилы средние (4–16 мм²); жила: медь; оболочка термоэластопласт";кабель круглый;"жилы: 4; металл: медь; броня: без брони; оболочка: термоэластопласт; экран: без экрана; толщина жил: средние (4–16 мм²)";55;6;программный рендер;photos/F02024.webp
F02025;3;2025;Кабель и провод;"Кабель круглый; 5 жил; жила: алюминий";кабель круглый;"жилы: 5; металл: алюминий";55;9;генерация;photos/F02025.webp
F02026;3;2026;Кабель и провод;"Кабель круглый; 5 жил; жилы средние (4–16 мм²); жила: алюминий; изоляция сшитый ПЭ; оболочка ПВХ";кабель круглый;"жилы: 5; металл: алюминий; броня: без брони; оболочка: ПВХ; экран: без экрана; толщина жил: средние (4–16 мм²); изоляция: сшитый ПЭ";55;2;программный рендер;photos/F02026.webp
F02027;3;2027;Кабель и провод;"Кабель круглый; 5 жил; жилы крупные (25–95 мм²); жила: алюминий; изоляция ПВХ; оболочка ПВХ; экран (оплетка/фольга видна на срезе)";кабель круглый;"жилы: 5; металл: алюминий; броня: без брони; оболочка: ПВХ; экран: экран; толщина жил: крупные (25–95 мм²); изоляция: ПВХ";55;3;генерация;photos/F02027.webp
F02028;3;2028;Кабель и провод;"Кабель круглый; 5 жил; жилы очень крупные (120+ мм²); жила: алюминий; изоляция ПВХ; оболочка ПВХ; экран (оплетка/фольга видна на срезе)";кабель круглый;"жилы: 5; металл: алюминий; броня: без брони; оболочка: ПВХ; экран: экран; толщина жил: очень крупные (120+ мм²); изоляция: ПВХ";55;4;генерация;photos/F02028.webp
F02029;3;2029;Кабель и провод;"Кабель круглый; 5 жил; жилы средние (4–16 мм²); жила: алюминий; изоляция ПВХ; оболочка ПВХ; броня ленточная; экран (оплетка/фольга видна на срезе)";кабель круглый;"жилы: 5; металл: алюминий; броня: броня ленточная; оболочка: ПВХ; экран: экран; толщина жил: средние (4–16 мм²); изоляция: ПВХ";55;3;генерация;photos/F02029.webp
F02030;3;2030;Кабель и провод;"Кабель круглый; 5 жил; жилы крупные (25–95 мм²); жила: медь; изоляция резина; оболочка ПВХ";кабель круглый;"жилы: 5; металл: медь; броня: без брони; оболочка: ПВХ; экран: без экрана; толщина жил: крупные (25–95 мм²); изоляция: резина";55;4;программный рендер;photos/F02030.webp
F02031;3;2031;Кабель и провод;"Кабель круглый; 5 жил; жилы тонкие (до 2,5 мм²); жила: медь; изоляция силикон; оболочка безгалогенная (LSZH)";кабель круглый;"жилы: 5; металл: медь; броня: без брони; оболочка: безгалогенная (LSZH); экран: без экрана; толщина жил: тонкие (до 2,5 мм²); изоляция: силикон";55;4;программный рендер;photos/F02031.webp
F02032;3;2032;Кабель и провод;"Кабель круглый; 5 жил; жилы средние (4–16 мм²); жила: медь; изоляция ПВХ; оболочка резина; экран (оплетка/фольга видна на срезе)";кабель круглый;"жилы: 5; металл: медь; броня: без брони; оболочка: резина; экран: экран; толщина жил: средние (4–16 мм²); изоляция: ПВХ";55;2;генерация;photos/F02032.webp
F02033;3;2033;Кабель и провод;"Кабель круглый; 8-12 жил; жилы средние (4–16 мм²); жила: медь; оболочка безгалогенная (LSZH); экран (оплетка/фольга видна на срезе)";кабель круглый;"жилы: 8-12; металл: медь; броня: без брони; оболочка: безгалогенная (LSZH); экран: экран; толщина жил: средние (4–16 мм²)";55;4;генерация;photos/F02033.webp
F02034;3;2034;Кабель и провод;"Провод многожильный (круглый); 2 жил; жила: медь; изоляция ПВХ; оболочка ПВХ; экран (оплетка/фольга видна на срезе)";провод многожильный (круглый);"жилы: 2; металл: медь; броня: без брони; оболочка: ПВХ; экран: экран; толщина жил: не определено; изоляция: ПВХ";55;2;генерация;photos/F02034.webp
F02035;3;2035;Кабель и провод;"Провод одножильный; 1 жила; жилы крупные (25–95 мм²); жила: медь; изоляция силикон; оболочка силикон";провод одножильный;"жилы: 1; металл: медь; броня: без брони; оболочка: силикон; экран: без экрана; толщина жил: крупные (25–95 мм²); изоляция: силикон";55;3;программный рендер;photos/F02035.webp
F02036;3;2036;Кабель и провод;"Провод одножильный; 1 жила; жилы очень крупные (120+ мм²); жила: медь; изоляция силикон; оболочка силикон";провод одножильный;"жилы: 1; металл: медь; броня: без брони; оболочка: силикон; экран: без экрана; толщина жил: очень крупные (120+ мм²); изоляция: силикон";55;3;программный рендер;photos/F02036.webp
F02037;3;2037;Кабель и провод;"Термопарный; 4 жил; жилы крупные (25–95 мм²); жила: медь; оболочка ПВХ";термопарный;"жилы: 4; металл: медь; броня: без брони; оболочка: ПВХ; толщина жил: крупные (25–95 мм²)";55;5;генерация;photos/F02037.webp
F02038;3;2038;Инструмент;Установка компрессорная;установка компрессорная;;55;5;генерация;photos/F02038.webp
F02039;3;2039;Низковольтное оборудование;Механизм исполнительный;механизм исполнительный;;55;6;генерация;photos/F02039.webp
F02040;3;2040;Низковольтное оборудование;Преобразователь измерительный;преобразователь измерительный;;55;6;генерация;photos/F02040.webp
F02041;3;2041;Низковольтное оборудование;Привод ручной;привод ручной;;55;3;генерация;photos/F02041.webp
F02042;3;2042;Низковольтное оборудование;Ящик;ящик;;55;6;генерация;photos/F02042.webp
F02043;3;2043;Станки и оборудование;Борфреза сфероцилиндрическая;борфреза сфероцилиндрическая;;55;3;генерация;photos/F02043.webp
F02044;3;2044;Станки и оборудование;Переходник;переходник;;55;5;генерация;photos/F02044.webp
F02045;3;2045;Трубопроводная арматура;Электропривод четвертьоборотный;электропривод четвертьоборотный;;55;1;генерация;photos/F02045.webp
F02046;3;2046;Монтажные изделия для кабеля;Изделия раздела «Монтажные изделия для кабеля»;изделия раздела «Монтажные изделия для кабеля»;;55;1;генерация;photos/F02046.webp
F02047;3;2047;Монтажные изделия для кабеля;Изделия раздела «Монтажные изделия для кабеля»;изделия раздела «Монтажные изделия для кабеля»;;55;1;генерация;photos/F02047.webp
F02048;3;2048;Монтажные изделия для кабеля;Рамка универсальная;рамка универсальная;;55;5;генерация;photos/F02048.webp
F02049;3;2049;Монтажные изделия для кабеля;"Труба гладкая; гладкая; ПНД (черная)";труба гладкая;признаки: гладкая · ПНД (черная);55;3;генерация;photos/F02049.webp
F02050;3;2050;Лотки и кабеленесущие системы;Консоль усиленная;консоль усиленная;;55;5;генерация;photos/F02050.webp
F02051;3;2051;Кабель и провод;"Кабель круглый; 13-24 жил; жилы средние (4–16 мм²); жила: медь; изоляция ПВХ; оболочка ПВХ; броня ленточная";кабель круглый;"жилы: 13-24; металл: медь; броня: броня ленточная; оболочка: ПВХ; экран: без экрана; толщина жил: средние (4–16 мм²); изоляция: ПВХ";54;2;генерация;photos/F02051.webp
F02052;3;2052;Кабель и провод;"Кабель круглый; 1 жила; жилы тонкие (до 2,5 мм²); жила: алюминий; оболочка ПВХ";кабель круглый;"жилы: 1; металл: алюминий; броня: без брони; оболочка: ПВХ; экран: без экрана; толщина жил: тонкие (до 2,5 мм²)";54;4;программный рендер;photos/F02052.webp
F02053;3;2053;Кабель и провод;"Кабель круглый; 1 жила; жилы очень крупные (120+ мм²); жила: алюминий; оболочка ПВХ; броня ленточная; экран (оплетка/фольга видна на срезе)";кабель круглый;"жилы: 1; металл: алюминий; броня: броня ленточная; оболочка: ПВХ; экран: экран; толщина жил: очень крупные (120+ мм²)";54;3;генерация;photos/F02053.webp
F02054;3;2054;Кабель и провод;"Кабель круглый; 1 жила; жилы средние (4–16 мм²); жила: медь; изоляция сшитый ПЭ; оболочка ПВХ; броня ленточная";кабель круглый;"жилы: 1; металл: медь; броня: броня ленточная; оболочка: ПВХ; экран: без экрана; толщина жил: средние (4–16 мм²); изоляция: сшитый ПЭ";54;2;генерация;photos/F02054.webp
F02055;3;2055;Кабель и провод;"Кабель круглый; 2 жил; жилы средние (4–16 мм²); жила: алюминий; изоляция сшитый ПЭ; оболочка ПВХ";кабель круглый;"жилы: 2; металл: алюминий; броня: без брони; оболочка: ПВХ; экран: без экрана; толщина жил: средние (4–16 мм²); изоляция: сшитый ПЭ";54;2;программный рендер;photos/F02055.webp
F02056;3;2056;Кабель и провод;"Кабель круглый; 2 жил; жилы очень крупные (120+ мм²); жила: алюминий; изоляция ПВХ; оболочка ПВХ; экран (оплетка/фольга видна на срезе)";кабель круглый;"жилы: 2; металл: алюминий; броня: без брони; оболочка: ПВХ; экран: экран; толщина жил: очень крупные (120+ мм²); изоляция: ПВХ";54;3;генерация;photos/F02056.webp
F02057;3;2057;Кабель и провод;"Кабель круглый; 2 жил; жилы крупные (25–95 мм²); жила: медь; изоляция резина; оболочка ПВХ; экран (оплетка/фольга видна на срезе)";кабель круглый;"жилы: 2; металл: медь; броня: без брони; оболочка: ПВХ; экран: экран; толщина жил: крупные (25–95 мм²); изоляция: резина";54;3;генерация;photos/F02057.webp
F02058;3;2058;Кабель и провод;"Кабель круглый; 2 жил; жилы крупные (25–95 мм²); жила: медь; оболочка безгалогенная (LSZH); экран (оплетка/фольга видна на срезе)";кабель круглый;"жилы: 2; металл: медь; броня: без брони; оболочка: безгалогенная (LSZH); экран: экран; толщина жил: крупные (25–95 мм²)";54;3;генерация;photos/F02058.webp
F02059;3;2059;Кабель и провод;"Кабель круглый; 2 жил; жилы очень крупные (120+ мм²); жила: медь; изоляция ПВХ; оболочка безгалогенная (LSZH); экран (оплетка/фольга видна на срезе)";кабель круглый;"жилы: 2; металл: медь; броня: без брони; оболочка: безгалогенная (LSZH); экран: экран; толщина жил: очень крупные (120+ мм²); изоляция: ПВХ";54;3;генерация;photos/F02059.webp
F02060;3;2060;Кабель и провод;"Кабель круглый; 2 жил; жилы крупные (25–95 мм²); жила: медь; оболочка резина; броня ленточная";кабель круглый;"жилы: 2; металл: медь; броня: броня ленточная; оболочка: резина; экран: без экрана; толщина жил: крупные (25–95 мм²)";54;3;генерация;photos/F02060.webp
F02061;3;2061;Кабель и провод;"Кабель круглый; 4 жил; жила: алюминий; оболочка резина";кабель круглый;"жилы: 4; металл: алюминий; броня: без брони; оболочка: резина";54;6;программный рендер;photos/F02061.webp
F02062;3;2062;Кабель и провод;"Кабель круглый; 4 жил; жилы очень крупные (120+ мм²); жила: алюминий; изоляция сшитый ПЭ; оболочка ПВХ; броня ленточная; экран (оплетка/фольга видна на срезе)";кабель круглый;"жилы: 4; металл: алюминий; броня: броня ленточная; оболочка: ПВХ; экран: экран; толщина жил: очень крупные (120+ мм²); изоляция: сшитый ПЭ";54;5;генерация;photos/F02062.webp
F02063;3;2063;Кабель и провод;"Кабель круглый; 4 жил; жилы тонкие (до 2,5 мм²); жила: медь; изоляция силикон; оболочка силикон";кабель круглый;"жилы: 4; металл: медь; броня: без брони; оболочка: силикон; экран: без экрана; толщина жил: тонкие (до 2,5 мм²); изоляция: силикон";54;7;программный рендер;photos/F02063.webp
F02064;3;2064;Кабель и провод;"Кабель круглый; 4 жил; жилы крупные (25–95 мм²); жила: медь; изоляция резина; оболочка резина; броня ленточная";кабель круглый;"жилы: 4; металл: медь; броня: броня ленточная; оболочка: резина; экран: без экрана; толщина жил: крупные (25–95 мм²); изоляция: резина";54;6;генерация;photos/F02064.webp
F02065;3;2065;Кабель и провод;"Кабель круглый; 4 жил; жилы очень крупные (120+ мм²); жила: медь; изоляция бумага; оболочка свинец; оплетка текстильная";кабель круглый;"жилы: 4; металл: медь; броня: оплетка текстильная; оболочка: свинец; экран: без экрана; толщина жил: очень крупные (120+ мм²); изоляция: бумага";54;6;генерация;photos/F02065.webp
F02066;3;2066;Кабель и провод;"Кабель круглый; 5 жил; жилы очень крупные (120+ мм²); жила: алюминий; оболочка ПВХ; броня ленточная; экран (оплетка/фольга видна на срезе)";кабель круглый;"жилы: 5; металл: алюминий; броня: броня ленточная; оболочка: ПВХ; экран: экран; толщина жил: очень крупные (120+ мм²)";54;6;генерация;photos/F02066.webp
F02067;3;2067;Кабель и провод;"Кабель круглый; 5 жил; жилы тонкие (до 2,5 мм²); жила: медь; изоляция ПВХ; оболочка полиуретан, цвет черный";кабель круглый;"жилы: 5; металл: медь; броня: без брони; оболочка: полиуретан; экран: без экрана; толщина жил: тонкие (до 2,5 мм²); изоляция: ПВХ; цвет: черный";54;4;программный рендер;photos/F02067.webp
F02068;3;2068;Кабель и провод;"Кабель круглый; 5 жил; жилы тонкие (до 2,5 мм²); жила: медь; изоляция ПВХ; оболочка полиуретан; экран (оплетка/фольга видна на срезе)";кабель круглый;"жилы: 5; металл: медь; броня: без брони; оболочка: полиуретан; экран: экран; толщина жил: тонкие (до 2,5 мм²); изоляция: ПВХ";54;5;генерация;photos/F02068.webp
F02069;3;2069;Кабель и провод;"Кабель круглый; 5 жил; жила: медь; оболочка термоэластопласт";кабель круглый;"жилы: 5; металл: медь; броня: без брони; оболочка: термоэластопласт";54;7;программный рендер;photos/F02069.webp
F02070;3;2070;Кабель и провод;"Кабель круглый; 5 жил; жилы очень крупные (120+ мм²); жила: медь; оболочка ПВХ; броня ленточная";кабель круглый;"жилы: 5; металл: медь; броня: броня ленточная; оболочка: ПВХ; толщина жил: очень крупные (120+ мм²)";54;7;генерация;photos/F02070.webp
F02071;3;2071;Кабель и провод;"Провод многожильный (круглый); 3 жил; жила: медь";провод многожильный (круглый);"жилы: 3; металл: медь; броня: без брони";54;6;программный рендер;photos/F02071.webp
F02072;3;2072;Кабель и провод;"Провод одножильный; 1 жила; жилы очень крупные (120+ мм²); жила: медь; изоляция ПВХ; оболочка безгалогенная (LSZH)";провод одножильный;"жилы: 1; металл: медь; броня: без брони; оболочка: безгалогенная (LSZH); экран: без экрана; толщина жил: очень крупные (120+ мм²); изоляция: ПВХ";54;4;программный рендер;photos/F02072.webp
F02073;3;2073;Рукава;Шланг электропроводящий;шланг электропроводящий;;54;1;генерация;photos/F02073.webp
F02074;3;2074;Инструмент;Дрель;дрель;;54;2;генерация;photos/F02074.webp
F02075;3;2075;Инструмент;Рубанок;рубанок;;54;2;генерация;photos/F02075.webp
F02076;3;2076;Осветительное оборудование;"Светильник; ночник";светильник;признаки: ночник;54;3;генерация;photos/F02076.webp
F02077;3;2077;Низковольтное оборудование;Панель втычная;панель втычная;;54;3;генерация;photos/F02077.webp
F02078;3;2078;Низковольтное оборудование;"Щит распределительный; металлический; встраиваемый";щит распределительный;признаки: металлический · встраиваемый;54;3;генерация;photos/F02078.webp
F02079;3;2079;Монтажные изделия для кабеля;Вставка обжимная;вставка обжимная;;54;1;генерация;photos/F02079.webp
F02080;3;2080;Монтажные изделия для кабеля;Изделия раздела «Монтажные изделия для кабеля»;изделия раздела «Монтажные изделия для кабеля»;;54;1;генерация;photos/F02080.webp
F02081;3;2081;Монтажные изделия для кабеля;"Наконечник медный; медный трубчатый (ТМЛ)";наконечник медный;признаки: медный трубчатый (ТМЛ);54;2;генерация;photos/F02081.webp
F02082;3;2082;Складское оборудование;Кран консольный;кран консольный;;54;7;генерация;photos/F02082.webp
F02083;3;2083;Складское оборудование;Электроштабелер самоходный;электроштабелер самоходный;;54;3;генерация;photos/F02083.webp
F02084;3;2084;Лотки и кабеленесущие системы;Накладка соединительная;накладка соединительная;;54;2;генерация;photos/F02084.webp
F02085;3;2085;Лотки и кабеленесущие системы;Протектор-соединитель;протектор-соединитель;;54;7;генерация;photos/F02085.webp
F02086;3;2086;Подшипники;Втулка;втулка;;53;4;генерация;photos/F02086.webp
F02087;3;2087;Кабель и провод;"Витая пара (LAN); 1 пара; жила: медь";витая пара (LAN);"жилы: 1 пара; металл: медь; броня: без брони";53;4;генерация;photos/F02087.webp
F02088;3;2088;Кабель и провод;"Кабель круглый; 13-24 жил; жилы тонкие (до 2,5 мм²); жила: медь; изоляция полиэтилен; оболочка полиэтилен";кабель круглый;"жилы: 13-24; металл: медь; броня: без брони; оболочка: полиэтилен; экран: без экрана; толщина жил: тонкие (до 2,5 мм²); изоляция: полиэтилен";53;3;генерация;photos/F02088.webp
F02089;3;2089;Кабель и провод;"Кабель круглый; 1 жила; жила: алюминий; оболочка безгалогенная (LSZH)";кабель круглый;"жилы: 1; металл: алюминий; броня: без брони; оболочка: безгалогенная (LSZH)";53;5;программный рендер;photos/F02089.webp
F02090;3;2090;Кабель и провод;"Кабель круглый; 1 жила; жилы тонкие (до 2,5 мм²); жила: медь; изоляция сшитый ПЭ; оболочка ПВХ; экран (оплетка/фольга видна на срезе)";кабель круглый;"жилы: 1; металл: медь; броня: без брони; оболочка: ПВХ; экран: экран; толщина жил: тонкие (до 2,5 мм²); изоляция: сшитый ПЭ";53;4;генерация;photos/F02090.webp
F02091;3;2091;Кабель и провод;"Кабель круглый; 1 жила; жилы средние (4–16 мм²); жила: медь; оболочка безгалогенная (LSZH); экран (оплетка/фольга видна на срезе)";кабель круглый;"жилы: 1; металл: медь; броня: без брони; оболочка: безгалогенная (LSZH); экран: экран; толщина жил: средние (4–16 мм²)";53;2;генерация;photos/F02091.webp
F02092;3;2092;Кабель и провод;"Кабель круглый; 1 жила; жилы тонкие (до 2,5 мм²); жила: медь; изоляция ПВХ; оболочка резина; экран (оплетка/фольга видна на срезе)";кабель круглый;"жилы: 1; металл: медь; броня: без брони; оболочка: резина; экран: экран; толщина жил: тонкие (до 2,5 мм²); изоляция: ПВХ";53;3;генерация;photos/F02092.webp
F02093;3;2093;Кабель и провод;"Кабель круглый; 25-48 жил; жила: алюминий";кабель круглый;"жилы: 25-48; металл: алюминий; броня: без брони";53;7;генерация;photos/F02093.webp
F02094;3;2094;Кабель и провод;"Кабель круглый; 2 жил; жилы средние (4–16 мм²); жила: алюминий; оболочка ПВХ";кабель круглый;"жилы: 2; металл: алюминий; броня: без брони; оболочка: ПВХ; толщина жил: средние (4–16 мм²)";53;4;программный рендер;photos/F02094.webp
F02095;3;2095;Кабель и провод;"Кабель круглый; 2 жил; жилы тонкие (до 2,5 мм²); жила: медь; изоляция ПВХ; оболочка полиэтилен; экран (оплетка/фольга видна на срезе)";кабель круглый;"жилы: 2; металл: медь; броня: без брони; оболочка: полиэтилен; экран: экран; толщина жил: тонкие (до 2,5 мм²); изоляция: ПВХ";53;4;генерация;photos/F02095.webp
F02096;3;2096;Кабель и провод;"Кабель круглый; 2 жил; жилы очень крупные (120+ мм²); жила: медь; оболочка ПВХ; броня ленточная";кабель круглый;"жилы: 2; металл: медь; броня: броня ленточная; оболочка: ПВХ; толщина жил: очень крупные (120+ мм²)";53;6;генерация;photos/F02096.webp
F02097;3;2097;Кабель и провод;"Кабель круглый; 3 жил; жилы средние (4–16 мм²); жила: алюминий; оболочка ПВХ";кабель круглый;"жилы: 3; металл: алюминий; броня: без брони; оболочка: ПВХ; экран: без экрана; толщина жил: средние (4–16 мм²)";53;2;программный рендер;photos/F02097.webp
F02098;3;2098;Кабель и провод;"Кабель круглый; 3 жил; жилы очень крупные (120+ мм²); жила: алюминий; оболочка полиэтилен; броня ленточная";кабель круглый;"жилы: 3; металл: алюминий; броня: броня ленточная; оболочка: полиэтилен; экран: без экрана; толщина жил: очень крупные (120+ мм²)";53;4;генерация;photos/F02098.webp
F02099;3;2099;Кабель и провод;"Кабель круглый; 3 жил; жилы очень крупные (120+ мм²); жила: медь; изоляция сшитый ПЭ; оболочка ПВХ; экран (оплетка/фольга видна на срезе)";кабель круглый;"жилы: 3; металл: медь; броня: без брони; оболочка: ПВХ; экран: экран; толщина жил: очень крупные (120+ мм²); изоляция: сшитый ПЭ";53;4;генерация;photos/F02099.webp
F02100;3;2100;Кабель и провод;"Кабель круглый; 3 жил; жилы крупные (25–95 мм²); жила: медь; оболочка полиуретан";кабель круглый;"жилы: 3; металл: медь; броня: без брони; оболочка: полиуретан; экран: без экрана; толщина жил: крупные (25–95 мм²)";53;8;программный рендер;photos/F02100.webp
F02101;3;2101;Кабель и провод;"Кабель круглый; 3 жил; жилы средние (4–16 мм²); жила: медь; изоляция ПВХ; оболочка полиуретан; экран (оплетка/фольга видна на срезе)";кабель круглый;"жилы: 3; металл: медь; броня: без брони; оболочка: полиуретан; экран: экран; толщина жил: средние (4–16 мм²); изоляция: ПВХ";53;4;генерация;photos/F02101.webp
F02102;3;2102;Кабель и провод;"Кабель круглый; 4 жил; жилы тонкие (до 2,5 мм²); жила: медь; оболочка полиэтилен; броня ленточная";кабель круглый;"жилы: 4; металл: медь; броня: броня ленточная; оболочка: полиэтилен; толщина жил: тонкие (до 2,5 мм²)";53;4;генерация;photos/F02102.webp
F02103;3;2103;Кабель и провод;"Кабель круглый; 4 жил; жилы средние (4–16 мм²); жила: медь; оболочка ПВХ; броня проволочная";кабель круглый;"жилы: 4; металл: медь; броня: броня проволочная; оболочка: ПВХ; экран: без экрана; толщина жил: средние (4–16 мм²)";53;2;генерация;photos/F02103.webp
F02104;3;2104;Кабель и провод;"Кабель круглый; 5 жил; жилы очень крупные (120+ мм²); жила: медь; оболочка резина";кабель круглый;"жилы: 5; металл: медь; броня: без брони; оболочка: резина; экран: без экрана; толщина жил: очень крупные (120+ мм²)";53;5;программный рендер;photos/F02104.webp
F02105;3;2105;Кабель и провод;"Кабель круглый; 5 жил; жилы крупные (25–95 мм²); жила: медь; оболочка ПВХ; броня ленточная; экран (оплетка/фольга видна на срезе)";кабель круглый;"жилы: 5; металл: медь; броня: броня ленточная; оболочка: ПВХ; экран: экран; толщина жил: крупные (25–95 мм²)";53;5;генерация;photos/F02105.webp
F02106;3;2106;Кабель и провод;"Кабель круглый; 5 жил; жилы тонкие (до 2,5 мм²); жила: медь; оболочка полиэтилен; броня ленточная";кабель круглый;"жилы: 5; металл: медь; броня: броня ленточная; оболочка: полиэтилен; толщина жил: тонкие (до 2,5 мм²)";53;4;генерация;photos/F02106.webp
F02107;3;2107;Кабель и провод;"Кабель круглый; 5 жил; жилы крупные (25–95 мм²); жила: медь; оболочка резина; броня ленточная";кабель круглый;"жилы: 5; металл: медь; броня: броня ленточная; оболочка: резина; экран: без экрана; толщина жил: крупные (25–95 мм²)";53;3;генерация;photos/F02107.webp
F02108;3;2108;Кабель и провод;"Кабель круглый; 5 жил; жилы средние (4–16 мм²); жила: медь; оболочка ПВХ; броня проволочная";кабель круглый;"жилы: 5; металл: медь; броня: броня проволочная; оболочка: ПВХ; экран: без экрана; толщина жил: средние (4–16 мм²)";53;2;генерация;photos/F02108.webp
F02109;3;2109;Кабель и провод;"Кабель круглый; 6-7 жил; жилы крупные (25–95 мм²); жила: алюминий; оболочка ПВХ";кабель круглый;"жилы: 6-7; металл: алюминий; броня: без брони; оболочка: ПВХ; толщина жил: крупные (25–95 мм²)";53;5;генерация;photos/F02109.webp
F02110;3;2110;Кабель и провод;"Кабель круглый; 8-12 жил; жилы тонкие (до 2,5 мм²); жила: медь; изоляция полиэтилен; оболочка полиэтилен";кабель круглый;"жилы: 8-12; металл: медь; броня: без брони; оболочка: полиэтилен; экран: без экрана; толщина жил: тонкие (до 2,5 мм²); изоляция: полиэтилен";53;3;генерация;photos/F02110.webp
F02111;3;2111;Кабель и провод;"Кабель круглый; 8-12 жил; жилы тонкие (до 2,5 мм²); жила: медь; изоляция резина; оболочка резина; броня ленточная";кабель круглый;"жилы: 8-12; металл: медь; броня: броня ленточная; оболочка: резина; экран: без экрана; толщина жил: тонкие (до 2,5 мм²); изоляция: резина";53;5;генерация;photos/F02111.webp
F02112;3;2112;Кабель и провод;"Кабель плоский; жила: алюминий";кабель плоский;металл: алюминий;53;7;генерация;photos/F02112.webp
F02113;3;2113;Кабель и провод;"Провод многожильный (круглый); 2 жил; жилы тонкие (до 2,5 мм²); жила: медь; изоляция фторопласт; оболочка фторопласт; экран (оплетка/фольга видна на срезе)";провод многожильный (круглый);"жилы: 2; металл: медь; броня: без брони; оболочка: фторопласт; экран: экран; толщина жил: тонкие (до 2,5 мм²); изоляция: фторопласт";53;3;генерация;photos/F02113.webp
F02114;3;2114;Кабель и провод;"Провод многожильный (круглый); 5 жил; жилы средние (4–16 мм²); жила: медь; оболочка ПВХ";провод многожильный (круглый);"жилы: 5; металл: медь; броня: без брони; оболочка: ПВХ; экран: без экрана; толщина жил: средние (4–16 мм²)";53;6;программный рендер;photos/F02114.webp
F02115;3;2115;Кабель и провод;"Провод одножильный; 1 жила; жила: медь";провод одножильный;"жилы: 1; металл: медь; броня: без брони; оболочка: нет (только изоляция)";53;6;программный рендер;photos/F02115.webp
F02116;3;2116;Видеонаблюдение;Кронштейн;кронштейн;;53;7;генерация;photos/F02116.webp
F02117;3;2117;Инструмент;Динамометр;динамометр;;53;3;генерация;photos/F02117.webp
F02118;3;2118;Инструмент;Осциллограф;осциллограф;;53;5;генерация;photos/F02118.webp
F02119;3;2119;Инструмент;Пистолет клеевой;пистолет клеевой;;53;2;генерация;photos/F02119.webp
F02120;3;2120;Инструмент;Тестер;тестер;;53;2;генерация;photos/F02120.webp
F02121;3;2121;Инструмент;Толщиномер;толщиномер;;53;5;генерация;photos/F02121.webp
F02122;3;2122;Светильники;Корпус;корпус;;53;4;генерация;photos/F02122.webp
F02123;3;2123;Низковольтное оборудование;Блок распределительный;блок распределительный;;53;5;генерация;photos/F02123.webp
F02124;3;2124;Низковольтное оборудование;Розетка настенная;розетка настенная;;53;7;генерация;photos/F02124.webp
F02125;3;2125;Низковольтное оборудование;Удлинитель силовой;удлинитель силовой;;53;1;генерация;photos/F02125.webp
F02126;3;2126;Низковольтное оборудование;Узо;узо;;53;4;генерация;photos/F02126.webp
F02127;3;2127;Станки и оборудование;Круг шлифовальный;круг шлифовальный;;53;4;генерация;photos/F02127.webp
F02128;3;2128;Станки и оборудование;Патрон резьбонарезной;патрон резьбонарезной;;53;4;генерация;photos/F02128.webp
F02129;3;2129;Станки и оборудование;Плиткорез;плиткорез;;53;6;генерация;photos/F02129.webp
F02130;3;2130;Станки и оборудование;Стол;стол;;53;6;генерация;photos/F02130.webp
F02131;3;2131;Трубопроводная арматура;Компенсатор;компенсатор;;53;6;генерация;photos/F02131.webp
F02132;3;2132;Монтажные изделия для кабеля;Манжеты;манжеты;;53;2;генерация;photos/F02132.webp
F02133;3;2133;Подшипники;Рельс линейный;рельс линейный;;52;2;генерация;photos/F02133.webp
F02134;3;2134;Кабель и провод;"Витая пара (LAN); 4 пар; жила: медь";витая пара (LAN);"жилы: 4 пар; металл: медь; броня: без брони";52;6;генерация;photos/F02134.webp
F02135;3;2135;Кабель и провод;"Витая пара (LAN); 5-12 пар; жила: медь";витая пара (LAN);"жилы: 5-12 пар; металл: медь; броня: без брони";52;6;генерация;photos/F02135.webp
F02136;3;2136;Кабель и провод;"Кабель круглый; 13-24 жил; жилы средние (4–16 мм²); жила: медь; оболочка безгалогенная (LSZH)";кабель круглый;"жилы: 13-24; металл: медь; броня: без брони; оболочка: безгалогенная (LSZH); толщина жил: средние (4–16 мм²)";52;6;генерация;photos/F02136.webp
F02137;3;2137;Кабель и провод;"Кабель круглый; 1 жила; жилы средние (4–16 мм²); жила: алюминий; оболочка ПВХ";кабель круглый;"жилы: 1; металл: алюминий; броня: без брони; оболочка: ПВХ; экран: без экрана; толщина жил: средние (4–16 мм²)";52;2;программный рендер;photos/F02137.webp
F02138;3;2138;Кабель и провод;"Кабель круглый; 1 жила; жила: медь; оболочка полиэтилен; броня ленточная";кабель круглый;"жилы: 1; металл: медь; броня: броня ленточная; оболочка: полиэтилен";52;5;генерация;photos/F02138.webp
F02139;3;2139;Кабель и провод;"Кабель круглый; 25-48 жил; жилы тонкие (до 2,5 мм²); жила: медь; изоляция ПВХ; оболочка ПВХ, цвет черный; экран (оплетка/фольга видна на срезе)";кабель круглый;"жилы: 25-48; металл: медь; броня: без брони; оболочка: ПВХ; экран: экран; толщина жил: тонкие (до 2,5 мм²); изоляция: ПВХ; цвет: черный";52;6;генерация;photos/F02139.webp
F02140;3;2140;Кабель и провод;"Кабель круглый; 25-48 жил; жила: медь; оболочка безгалогенная (LSZH)";кабель круглый;"жилы: 25-48; металл: медь; броня: без брони; оболочка: безгалогенная (LSZH)";52;7;генерация;photos/F02140.webp
F02141;3;2141;Кабель и провод;"Кабель круглый; 2 жил; жилы средние (4–16 мм²); жила: алюминий; оболочка ПВХ; броня ленточная";кабель круглый;"жилы: 2; металл: алюминий; броня: броня ленточная; оболочка: ПВХ; толщина жил: средние (4–16 мм²)";52;4;генерация;photos/F02141.webp
F02142;3;2142;Кабель и провод;"Кабель круглый; 2 жил; жилы очень крупные (120+ мм²); жила: медь; изоляция резина; оболочка ПВХ";кабель круглый;"жилы: 2; металл: медь; броня: без брони; оболочка: ПВХ; экран: без экрана; толщина жил: очень крупные (120+ мм²); изоляция: резина";52;3;программный рендер;photos/F02142.webp
F02143;3;2143;Кабель и провод;"Кабель круглый; 2 жил; жилы тонкие (до 2,5 мм²); жила: медь; изоляция ПВХ; оболочка ПВХ, цвет белый";кабель круглый;"жилы: 2; металл: медь; броня: без брони; оболочка: ПВХ; экран: без экрана; толщина жил: тонкие (до 2,5 мм²); изоляция: ПВХ; цвет: белый";52;3;программный рендер;photos/F02143.webp
F02144;3;2144;Кабель и провод;"Кабель круглый; 2 жил; жилы средние (4–16 мм²); жила: медь; изоляция сшитый ПЭ; оболочка безгалогенная (LSZH)";кабель круглый;"жилы: 2; металл: медь; броня: без брони; оболочка: безгалогенная (LSZH); экран: без экрана; толщина жил: средние (4–16 мм²); изоляция: сшитый ПЭ";52;2;программный рендер;photos/F02144.webp
F02145;3;2145;Кабель и провод;"Кабель круглый; 2 жил; жилы средние (4–16 мм²); жила: медь; оболочка ПВХ; броня проволочная";кабель круглый;"жилы: 2; металл: медь; броня: броня проволочная; оболочка: ПВХ; экран: без экрана; толщина жил: средние (4–16 мм²)";52;2;генерация;photos/F02145.webp
F02146;3;2146;Кабель и провод;"Кабель круглый; 3 жил; жилы очень крупные (120+ мм²); жила: медь; оболочка ПВХ; броня ленточная";кабель круглый;"жилы: 3; металл: медь; броня: броня ленточная; оболочка: ПВХ; толщина жил: очень крупные (120+ мм²)";52;7;генерация;photos/F02146.webp
F02147;3;2147;Кабель и провод;"Кабель круглый; 3 жил; жилы очень крупные (120+ мм²); жила: медь; изоляция ПВХ; оболочка ПВХ; броня ленточная; экран (оплетка/фольга видна на срезе)";кабель круглый;"жилы: 3; металл: медь; броня: броня ленточная; оболочка: ПВХ; экран: экран; толщина жил: очень крупные (120+ мм²); изоляция: ПВХ";52;4;генерация;photos/F02147.webp
F02148;3;2148;Кабель и провод;"Кабель круглый; 49+ жил; жилы тонкие (до 2,5 мм²); жила: медь; изоляция сшитый ПЭ; оболочка ПВХ; броня ленточная";кабель круглый;"жилы: 49+; металл: медь; броня: броня ленточная; оболочка: ПВХ; экран: без экрана; толщина жил: тонкие (до 2,5 мм²); изоляция: сшитый ПЭ";52;7;генерация;photos/F02148.webp
F02149;3;2149;Кабель и провод;"Кабель круглый; 4 жил; жилы крупные (25–95 мм²); жила: медь; изоляция ПВХ; оболочка ПВХ, цвет оранжевый";кабель круглый;"жилы: 4; металл: медь; броня: без брони; оболочка: ПВХ; экран: без экрана; толщина жил: крупные (25–95 мм²); изоляция: ПВХ; цвет: оранжевый";52;6;программный рендер;photos/F02149.webp
F02150;3;2150;Кабель и провод;"Кабель круглый; 4 жил; жилы крупные (25–95 мм²); жила: медь; изоляция ПВХ; оболочка ПВХ, цвет серый";кабель круглый;"жилы: 4; металл: медь; броня: без брони; оболочка: ПВХ; экран: без экрана; толщина жил: крупные (25–95 мм²); изоляция: ПВХ; цвет: серый";52;4;программный рендер;photos/F02150.webp
F02151;3;2151;Кабель и провод;"Кабель круглый; 4 жил; жилы средние (4–16 мм²); жила: медь; изоляция резина; оболочка безгалогенная (LSZH)";кабель круглый;"жилы: 4; металл: медь; броня: без брони; оболочка: безгалогенная (LSZH); экран: без экрана; толщина жил: средние (4–16 мм²); изоляция: резина";52;2;программный рендер;photos/F02151.webp
F02152;3;2152;Кабель и провод;"Кабель круглый; 4 жил; жилы очень крупные (120+ мм²); жила: медь; изоляция резина; оболочка резина; экран (оплетка/фольга видна на срезе)";кабель круглый;"жилы: 4; металл: медь; броня: без брони; оболочка: резина; экран: экран; толщина жил: очень крупные (120+ мм²); изоляция: резина";52;5;генерация;photos/F02152.webp
F02153;3;2153;Кабель и провод;"Кабель круглый; 5 жил; жилы средние (4–16 мм²); жила: медь; изоляция резина; оболочка ПВХ; экран (оплетка/фольга видна на срезе)";кабель круглый;"жилы: 5; металл: медь; броня: без брони; оболочка: ПВХ; экран: экран; толщина жил: средние (4–16 мм²); изоляция: резина";52;2;генерация;photos/F02153.webp
F02154;3;2154;Кабель и провод;"Кабель круглый; 5 жил; жилы средние (4–16 мм²); жила: медь; изоляция резина; оболочка безгалогенная (LSZH)";кабель круглый;"жилы: 5; металл: медь; броня: без брони; оболочка: безгалогенная (LSZH); экран: без экрана; толщина жил: средние (4–16 мм²); изоляция: резина";52;2;программный рендер;photos/F02154.webp
F02155;3;2155;Кабель и провод;"Кабель круглый; 6-7 жил; жилы тонкие (до 2,5 мм²); жила: медь; изоляция ПВХ; оболочка ПВХ, цвет черный; экран (оплетка/фольга видна на срезе)";кабель круглый;"жилы: 6-7; металл: медь; броня: без брони; оболочка: ПВХ; экран: экран; толщина жил: тонкие (до 2,5 мм²); изоляция: ПВХ; цвет: черный";52;6;генерация;photos/F02155.webp
F02156;3;2156;Кабель и провод;"Кабель круглый; 6-7 жил; жилы тонкие (до 2,5 мм²); жила: медь; изоляция ПВХ; оболочка ПВХ; броня проволочная";кабель круглый;"жилы: 6-7; металл: медь; броня: броня проволочная; оболочка: ПВХ; экран: без экрана; толщина жил: тонкие (до 2,5 мм²); изоляция: ПВХ";52;3;генерация;photos/F02156.webp
F02157;3;2157;Кабель и провод;"Кабель круглый; 8-12 жил; жилы тонкие (до 2,5 мм²); жила: медь; оболочка безгалогенная (LSZH); экран (оплетка/фольга видна на срезе)";кабель круглый;"жилы: 8-12; металл: медь; броня: без брони; оболочка: безгалогенная (LSZH); экран: экран; толщина жил: тонкие (до 2,5 мм²)";52;5;генерация;photos/F02157.webp
F02158;3;2158;Кабель и провод;"Кабель круглый; 8-12 жил; жилы тонкие (до 2,5 мм²); жила: медь; оболочка безгалогенная (LSZH); броня проволочная";кабель круглый;"жилы: 8-12; металл: медь; броня: броня проволочная; оболочка: безгалогенная (LSZH); толщина жил: тонкие (до 2,5 мм²)";52;8;генерация;photos/F02158.webp
F02159;3;2159;Кабель и провод;"Коаксиальный; жила: медь; изоляция полиэтилен; оболочка фторопласт";коаксиальный;"жилы: —; металл: медь; броня: без брони; оболочка: фторопласт; экран: без экрана; толщина жил: —; изоляция: полиэтилен";52;1;генерация;photos/F02159.webp
F02160;3;2160;Кабель и провод;"Провод многожильный (круглый); 2 жил; жила: медь; изоляция ПВХ; оболочка ПВХ";провод многожильный (круглый);"жилы: 2; металл: медь; броня: без брони; оболочка: ПВХ; экран: без экрана; толщина жил: не определено; изоляция: ПВХ";52;2;программный рендер;photos/F02160.webp
F02161;3;2161;Кабель и провод;"Провод многожильный (круглый); 4 жил; жила: алюминий";провод многожильный (круглый);"жилы: 4; металл: алюминий";52;3;генерация;photos/F02161.webp
F02162;3;2162;Кабель и провод;"Провод обмоточный; 4 жил; жила: медь";провод обмоточный;"жилы: 4; металл: медь; броня: без брони; оболочка: нет";52;2;генерация;photos/F02162.webp
F02163;3;2163;Кабель и провод;"Шнур; 2 жил; жилы тонкие (до 2,5 мм²); жила: медь; изоляция ПВХ; оболочка ПВХ; экран (оплетка/фольга видна на срезе)";шнур;"жилы: 2; металл: медь; броня: без брони; оболочка: ПВХ; экран: экран; толщина жил: тонкие (до 2,5 мм²); изоляция: ПВХ";52;1;генерация;photos/F02163.webp
F02164;3;2164;Строительное оборудование;Шлифмашина;шлифмашина;;52;7;генерация;photos/F02164.webp
F02165;3;2165;Осветительное оборудование;Подсветка встраиваемая;подсветка встраиваемая;;52;3;генерация;photos/F02165.webp
F02166;3;2166;Низковольтное оборудование;"Корпус распределительного; металлический; встраиваемый";корпус распределительного;признаки: металлический · встраиваемый;52;7;генерация;photos/F02166.webp
F02167;3;2167;Низковольтное оборудование;"Корпус; пластиковый; навесной";корпус;признаки: пластиковый · навесной;52;8;генерация;photos/F02167.webp
F02168;3;2168;Низковольтное оборудование;Лампа сигнальная;лампа сигнальная;;52;6;генерация;photos/F02168.webp
F02169;3;2169;Низковольтное оборудование;Приставка контактная;приставка контактная;;52;5;генерация;photos/F02169.webp
F02170;3;2170;Низковольтное оборудование;"Реле модульное; на DIN-рейку";реле модульное;признаки: на DIN-рейку;52;3;генерация;photos/F02170.webp
F02171;3;2171;Трубопроводная арматура;Манометр сигнализирующий;манометр сигнализирующий;;52;3;генерация;photos/F02171.webp
F02172;3;2172;Складское оборудование;Контейнер;контейнер;;52;4;генерация;photos/F02172.webp
F02173;3;2173;Лотки и кабеленесущие системы;Профиль быстрой;профиль быстрой;;52;3;генерация;photos/F02173.webp
F02174;3;2174;Кабель и провод;"Витая пара (LAN); 2 пар; жила: медь";витая пара (LAN);"жилы: 2 пар; металл: медь; броня: без брони";51;4;генерация;photos/F02174.webp
F02175;3;2175;Кабель и провод;"Кабель круглый; 1 жила; жила: медь; оболочка полиуретан";кабель круглый;"жилы: 1; металл: медь; броня: без брони; оболочка: полиуретан";51;7;программный рендер;photos/F02175.webp
F02176;3;2176;Кабель и провод;"Кабель круглый; 1 жила; жилы тонкие (до 2,5 мм²); жила: медь; изоляция фторопласт; оболочка фторопласт";кабель круглый;"жилы: 1; металл: медь; броня: без брони; оболочка: фторопласт; экран: без экрана; толщина жил: тонкие (до 2,5 мм²); изоляция: фторопласт";51;7;программный рендер;photos/F02176.webp
F02177;3;2177;Кабель и провод;"Кабель круглый; 1 жила; жилы крупные (25–95 мм²); жила: медь; оболочка полиэтилен; броня ленточная";кабель круглый;"жилы: 1; металл: медь; броня: броня ленточная; оболочка: полиэтилен; экран: без экрана; толщина жил: крупные (25–95 мм²)";51;3;генерация;photos/F02177.webp
F02178;3;2178;Кабель и провод;"Кабель круглый; 25-48 жил; жилы тонкие (до 2,5 мм²); жила: медь; оболочка ПВХ";кабель круглый;"жилы: 25-48; металл: медь; броня: без брони; оболочка: ПВХ; экран: без экрана; толщина жил: тонкие (до 2,5 мм²)";51;9;генерация;photos/F02178.webp
F02179;3;2179;Кабель и провод;"Кабель круглый; 2 жил; жилы крупные (25–95 мм²); жила: медь; оболочка ПВХ; экран (оплетка/фольга видна на срезе)";кабель круглый;"жилы: 2; металл: медь; броня: без брони; оболочка: ПВХ; экран: экран; толщина жил: крупные (25–95 мм²)";51;3;генерация;photos/F02179.webp
F02180;3;2180;Кабель и провод;"Кабель круглый; 3 жил; жилы тонкие (до 2,5 мм²); жила: медь; оболочка фторопласт";кабель круглый;"жилы: 3; металл: медь; броня: без брони; оболочка: фторопласт; экран: без экрана; толщина жил: тонкие (до 2,5 мм²)";51;8;программный рендер;photos/F02180.webp
F02181;3;2181;Кабель и провод;"Кабель круглый; 3 жил; жилы крупные (25–95 мм²); жила: медь; изоляция ПВХ; оболочка ПВХ; броня проволочная";кабель круглый;"жилы: 3; металл: медь; броня: броня проволочная; оболочка: ПВХ; экран: без экрана; толщина жил: крупные (25–95 мм²); изоляция: ПВХ";51;3;генерация;photos/F02181.webp
F02182;3;2182;Кабель и провод;"Кабель круглый; 3 жил; жилы очень крупные (120+ мм²); жила: медь; изоляция ПВХ; оболочка ПВХ; броня проволочная";кабель круглый;"жилы: 3; металл: медь; броня: броня проволочная; оболочка: ПВХ; экран: без экрана; толщина жил: очень крупные (120+ мм²); изоляция: ПВХ";51;3;генерация;photos/F02182.webp
F02183;3;2183;Кабель и провод;"Кабель круглый; 4 жил; жилы тонкие (до 2,5 мм²); жила: алюминий; изоляция ПВХ; оболочка ПВХ";кабель круглый;"жилы: 4; металл: алюминий; броня: без брони; оболочка: ПВХ; экран: без экрана; толщина жил: тонкие (до 2,5 мм²); изоляция: ПВХ";51;2;программный рендер;photos/F02183.webp
F02184;3;2184;Кабель и провод;"Кабель круглый; 4 жил; жилы очень крупные (120+ мм²); жила: алюминий; изоляция бумага; оболочка свинец; броня ленточная";кабель круглый;"жилы: 4; металл: алюминий; броня: броня ленточная; оболочка: свинец; экран: без экрана; толщина жил: очень крупные (120+ мм²); изоляция: бумага";51;6;генерация;photos/F02184.webp
F02185;3;2185;Кабель и провод;"Кабель круглый; 4 жил; жила: медь; оболочка ПВХ";кабель круглый;"жилы: 4; металл: медь; броня: без брони; оболочка: ПВХ; толщина жил: не определено";51;3;программный рендер;photos/F02185.webp
F02186;3;2186;Кабель и провод;"Кабель круглый; 4 жил; жилы тонкие (до 2,5 мм²); жила: медь; изоляция ПВХ; оболочка полиэтилен; броня ленточная";кабель круглый;"жилы: 4; металл: медь; броня: броня ленточная; оболочка: полиэтилен; экран: без экрана; толщина жил: тонкие (до 2,5 мм²); изоляция: ПВХ";51;2;генерация;photos/F02186.webp
F02187;3;2187;Кабель и провод;"Кабель круглый; 5 жил; жилы тонкие (до 2,5 мм²); жила: алюминий; изоляция ПВХ; оболочка ПВХ";кабель круглый;"жилы: 5; металл: алюминий; броня: без брони; оболочка: ПВХ; экран: без экрана; толщина жил: тонкие (до 2,5 мм²); изоляция: ПВХ";51;2;программный рендер;photos/F02187.webp
F02188;3;2188;Кабель и провод;"Кабель круглый; 5 жил; жилы средние (4–16 мм²); жила: медь; изоляция резина; оболочка резина; экран (оплетка/фольга видна на срезе)";кабель круглый;"жилы: 5; металл: медь; броня: без брони; оболочка: резина; экран: экран; толщина жил: средние (4–16 мм²); изоляция: резина";51;4;генерация;photos/F02188.webp
F02189;3;2189;Кабель и провод;"Кабель круглый; 5 жил; жилы средние (4–16 мм²); жила: медь; изоляция ПВХ; оболочка ПВХ; броня ленточная; экран (оплетка/фольга видна на срезе)";кабель круглый;"жилы: 5; металл: медь; броня: броня ленточная; оболочка: ПВХ; экран: экран; толщина жил: средние (4–16 мм²); изоляция: ПВХ";51;3;генерация;photos/F02189.webp
F02190;3;2190;Кабель и провод;"Кабель круглый; 6-7 жил; жилы тонкие (до 2,5 мм²); жила: медь; изоляция ПВХ; оболочка свинец";кабель круглый;"жилы: 6-7; металл: медь; броня: без брони; оболочка: свинец; экран: без экрана; толщина жил: тонкие (до 2,5 мм²); изоляция: ПВХ";51;4;генерация;photos/F02190.webp
F02191;3;2191;Кабель и провод;"Кабель круглый; 6-7 жил; жила: медь; оболочка резина; броня ленточная";кабель круглый;"жилы: 6-7; металл: медь; броня: броня ленточная; оболочка: резина";51;5;генерация;photos/F02191.webp
F02192;3;2192;Кабель и провод;"Кабель круглый; 8-12 жил; жилы средние (4–16 мм²); жила: медь; изоляция силикон; оболочка ПВХ; экран (оплетка/фольга видна на срезе)";кабель круглый;"жилы: 8-12; металл: медь; броня: без брони; оболочка: ПВХ; экран: экран; толщина жил: средние (4–16 мм²); изоляция: силикон";51;5;генерация;photos/F02192.webp
F02193;3;2193;Кабель и провод;"Кабель круглый; 8-12 жил; жилы средние (4–16 мм²); жила: медь; оболочка безгалогенная (LSZH)";кабель круглый;"жилы: 8-12; металл: медь; броня: без брони; оболочка: безгалогенная (LSZH); экран: без экрана; толщина жил: средние (4–16 мм²)";51;4;генерация;photos/F02193.webp
F02194;3;2194;Кабель и провод;"Кабель круглый; 8-12 жил; жилы тонкие (до 2,5 мм²); жила: медь; изоляция ПВХ; оболочка полиуретан, цвет черный";кабель круглый;"жилы: 8-12; металл: медь; броня: без брони; оболочка: полиуретан; экран: без экрана; толщина жил: тонкие (до 2,5 мм²); изоляция: ПВХ; цвет: черный";51;6;генерация;photos/F02194.webp
F02195;3;2195;Кабель и провод;"Кабель круглый; жила: медь; оболочка ПВХ";кабель круглый;"жилы: не определено; металл: медь; броня: без брони; оболочка: ПВХ; экран: без экрана; толщина жил: не определено";51;3;генерация;photos/F02195.webp
F02196;3;2196;Кабель и провод;"Провод многожильный (круглый); 2 жил; жилы тонкие (до 2,5 мм²); жила: термопарный сплав; изоляция фторопласт; оболочка фторопласт";провод многожильный (круглый);"жилы: 2; металл: термопарный сплав; броня: без брони; оболочка: фторопласт; экран: без экрана; толщина жил: тонкие (до 2,5 мм²); изоляция: фторопласт";51;5;программный рендер;photos/F02196.webp
F02197;3;2197;Кабель и провод;"Провод многожильный (круглый); 5 жил; жилы тонкие (до 2,5 мм²); жила: медь; изоляция ПВХ; оболочка ПВХ";провод многожильный (круглый);"жилы: 5; металл: медь; броня: без брони; оболочка: ПВХ; экран: без экрана; толщина жил: тонкие (до 2,5 мм²); изоляция: ПВХ";51;8;программный рендер;photos/F02197.webp
F02198;3;2198;Кабель и провод;"Термопарный; 6-7 жил; жилы тонкие (до 2,5 мм²); жила: медь; изоляция ПВХ; оболочка ПВХ; экран (оплетка/фольга видна на срезе)";термопарный;"жилы: 6-7; металл: медь; броня: без брони; оболочка: ПВХ; экран: экран; толщина жил: тонкие (до 2,5 мм²); изоляция: ПВХ";51;5;генерация;photos/F02198.webp
F02199;3;2199;Кабель и провод;"Шнур оптический (патч-корд); жила: оптическое волокно";шнур оптический (патч-корд);"жилы: —; металл: оптическое волокно; броня: без брони";51;6;генерация;photos/F02199.webp
F02200;3;2200;Строительное оборудование;Вибратор;вибратор;;51;6;генерация;photos/F02200.webp
F02201;3;2201;Конвейерные ленты;Полиуретан;полиуретан;;51;2;генерация;photos/F02201.webp
F02202;3;2202;Светильники;"Система трековая (самое частое в группе); группа «Комплектующие для трековых систем»";изделия группы «Комплектующие для трековых систем»;;51;5;генерация;photos/F02202.webp
F02203;3;2203;Низковольтное оборудование;Зажим;зажим;;51;6;генерация;photos/F02203.webp
F02204;3;2204;Низковольтное оборудование;Конденсатор косинусный;конденсатор косинусный;;51;1;генерация;photos/F02204.webp
F02205;3;2205;Низковольтное оборудование;"Корпус учетно-распределительного; навесной";корпус учетно-распределительного;признаки: навесной;51;2;генерация;photos/F02205.webp
F02206;3;2206;Станки и оборудование;Борфреза гиперболическая;борфреза гиперболическая;;51;3;генерация;photos/F02206.webp
F02207;3;2207;Станки и оборудование;Жидкость смазочно-охлаждающая;жидкость смазочно-охлаждающая;;51;3;генерация;photos/F02207.webp
F02208;3;2208;Монтажные изделия для кабеля;"Угол изменяемый (самое частое в группе); группа «Арматура»";изделия группы «Арматура»;;51;2;генерация;photos/F02208.webp
F02209;3;2209;Монтажные изделия для кабеля;Хомут;хомут;;51;4;генерация;photos/F02209.webp
F02210;3;2210;Лотки и кабеленесущие системы;Кронштейн настенный;кронштейн настенный;;51;6;генерация;photos/F02210.webp
F02211;3;2211;Кабель и провод;"Кабель круглый; 13-24 жил; жилы тонкие (до 2,5 мм²); жила: медь; изоляция ПВХ; оболочка ПВХ, цвет оранжевый";кабель круглый;"жилы: 13-24; металл: медь; броня: без брони; оболочка: ПВХ; экран: без экрана; толщина жил: тонкие (до 2,5 мм²); изоляция: ПВХ; цвет: оранжевый";50;8;генерация;photos/F02211.webp
F02212;4;2212;Кабель и провод;"Кабель круглый; 1 жила; жилы очень крупные (120+ мм²); жила: алюминий; изоляция сшитый ПЭ; оболочка ПВХ; броня проволочная";кабель круглый;"жилы: 1; металл: алюминий; броня: броня проволочная; оболочка: ПВХ; экран: без экрана; толщина жил: очень крупные (120+ мм²); изоляция: сшитый ПЭ";50;3;генерация;photos/F02212.webp
F02213;4;2213;Кабель и провод;"Кабель круглый; 1 жила; жилы тонкие (до 2,5 мм²); жила: медь; оболочка резина";кабель круглый;"жилы: 1; металл: медь; броня: без брони; оболочка: резина; толщина жил: тонкие (до 2,5 мм²)";50;5;программный рендер;photos/F02213.webp
F02214;4;2214;Кабель и провод;"Кабель круглый; 1 жила; жила: сталь";кабель круглый;"жилы: 1; металл: сталь; броня: без брони";50;4;программный рендер;photos/F02214.webp
F02215;4;2215;Кабель и провод;"Кабель круглый; 2 жил; жилы очень крупные (120+ мм²); жила: алюминий; изоляция сшитый ПЭ; оболочка ПВХ";кабель круглый;"жилы: 2; металл: алюминий; броня: без брони; оболочка: ПВХ; экран: без экрана; толщина жил: очень крупные (120+ мм²); изоляция: сшитый ПЭ";50;3;программный рендер;photos/F02215.webp
F02216;4;2216;Кабель и провод;"Кабель круглый; 2 жил; жилы тонкие (до 2,5 мм²); жила: медь; изоляция силикон; оболочка силикон";кабель круглый;"жилы: 2; металл: медь; броня: без брони; оболочка: силикон; экран: без экрана; толщина жил: тонкие (до 2,5 мм²); изоляция: силикон";50;4;программный рендер;photos/F02216.webp
F02217;4;2217;Кабель и провод;"Кабель круглый; 3 жил; жилы крупные (25–95 мм²); жила: алюминий; изоляция сшитый ПЭ; оболочка ПВХ; экран (оплетка/фольга видна на срезе)";кабель круглый;"жилы: 3; металл: алюминий; броня: без брони; оболочка: ПВХ; экран: экран; толщина жил: крупные (25–95 мм²); изоляция: сшитый ПЭ";50;3;генерация;photos/F02217.webp
F02218;4;2218;Кабель и провод;"Кабель круглый; 3 жил; жилы крупные (25–95 мм²); жила: алюминий; изоляция резина; оболочка безгалогенная (LSZH)";кабель круглый;"жилы: 3; металл: алюминий; броня: без брони; оболочка: безгалогенная (LSZH); экран: без экрана; толщина жил: крупные (25–95 мм²); изоляция: резина";50;3;программный рендер;photos/F02218.webp
F02219;4;2219;Кабель и провод;"Кабель круглый; 3 жил; жилы очень крупные (120+ мм²); жила: алюминий; изоляция резина; оболочка безгалогенная (LSZH)";кабель круглый;"жилы: 3; металл: алюминий; броня: без брони; оболочка: безгалогенная (LSZH); экран: без экрана; толщина жил: очень крупные (120+ мм²); изоляция: резина";50;3;программный рендер;photos/F02219.webp
F02220;4;2220;Кабель и провод;"Кабель круглый; 3 жил; жилы тонкие (до 2,5 мм²); жила: медь; оболочка безгалогенная (LSZH); экран (оплетка/фольга видна на срезе)";кабель круглый;"жилы: 3; металл: медь; броня: без брони; оболочка: безгалогенная (LSZH); экран: экран; толщина жил: тонкие (до 2,5 мм²)";50;3;генерация;photos/F02220.webp
F02221;4;2221;Кабель и провод;"Кабель круглый; 3 жил; жилы тонкие (до 2,5 мм²); жила: медь; изоляция ПВХ; оболочка полиуретан; экран (оплетка/фольга видна на срезе)";кабель круглый;"жилы: 3; металл: медь; броня: без брони; оболочка: полиуретан; экран: экран; толщина жил: тонкие (до 2,5 мм²); изоляция: ПВХ";50;4;генерация;photos/F02221.webp
F02222;4;2222;Кабель и провод;"Кабель круглый; 4 жил; жилы очень крупные (120+ мм²); жила: алюминий; оболочка ПВХ; броня ленточная";кабель круглый;"жилы: 4; металл: алюминий; броня: броня ленточная; оболочка: ПВХ; экран: без экрана; толщина жил: очень крупные (120+ мм²)";50;6;генерация;photos/F02222.webp
F02223;4;2223;Кабель и провод;"Кабель круглый; 4 жил; жилы очень крупные (120+ мм²); жила: медь; изоляция сшитый ПЭ; оболочка ПВХ; экран (оплетка/фольга видна на срезе)";кабель круглый;"жилы: 4; металл: медь; броня: без брони; оболочка: ПВХ; экран: экран; толщина жил: очень крупные (120+ мм²); изоляция: сшитый ПЭ";50;6;генерация;photos/F02223.webp
F02224;4;2224;Кабель и провод;"Кабель круглый; 4 жил; жилы средние (4–16 мм²); жила: медь; изоляция резина; оболочка резина; броня ленточная";кабель круглый;"жилы: 4; металл: медь; броня: броня ленточная; оболочка: резина; экран: без экрана; толщина жил: средние (4–16 мм²); изоляция: резина";50;4;генерация;photos/F02224.webp
F02225;4;2225;Кабель и провод;"Кабель круглый; 5 жил; жилы очень крупные (120+ мм²); жила: алюминий; оболочка ПВХ; броня проволочная";кабель круглый;"жилы: 5; металл: алюминий; броня: броня проволочная; оболочка: ПВХ; экран: без экрана; толщина жил: очень крупные (120+ мм²)";50;3;генерация;photos/F02225.webp
F02226;4;2226;Кабель и провод;"Кабель круглый; 5 жил; жила: медь; броня ленточная";кабель круглый;"жилы: 5; металл: медь; броня: броня ленточная";50;6;генерация;photos/F02226.webp
F02227;4;2227;Кабель и провод;"Кабель круглый; 6-7 жил; жилы крупные (25–95 мм²); жила: медь; оболочка резина";кабель круглый;"жилы: 6-7; металл: медь; броня: без брони; оболочка: резина; толщина жил: крупные (25–95 мм²)";50;4;генерация;photos/F02227.webp
F02228;4;2228;Кабель и провод;"Кабель круглый; 8-12 жил; жилы средние (4–16 мм²); жила: алюминий; изоляция ПВХ; оболочка ПВХ";кабель круглый;"жилы: 8-12; металл: алюминий; броня: без брони; оболочка: ПВХ; экран: без экрана; толщина жил: средние (4–16 мм²); изоляция: ПВХ";50;2;генерация;photos/F02228.webp
F02229;4;2229;Кабель и провод;"Кабель плоский; 2 жил; жилы средние (4–16 мм²); жила: медь; изоляция ПВХ; оболочка ПВХ";кабель плоский;"жилы: 2; металл: медь; броня: без брони; оболочка: ПВХ; экран: без экрана; толщина жил: средние (4–16 мм²); изоляция: ПВХ";50;4;генерация;photos/F02229.webp
F02230;4;2230;Кабель и провод;"Провод многожильный (круглый); 5 жил; жила: медь";провод многожильный (круглый);"жилы: 5; металл: медь; броня: без брони";50;6;программный рендер;photos/F02230.webp
F02231;4;2231;Кабель и провод;"Провод одножильный; 1 жила; жилы крупные (25–95 мм²); жила: алюминий; изоляция ПВХ";провод одножильный;"жилы: 1; металл: алюминий; броня: без брони; оболочка: нет (только изоляция); экран: без экрана; толщина жил: крупные (25–95 мм²); изоляция: ПВХ";50;3;программный рендер;photos/F02231.webp
F02232;4;2232;Кабель и провод;"Провод одножильный; 1 жила; жилы крупные (25–95 мм²); жила: медь; изоляция ПВХ; оболочка ПВХ, цвет желтый";провод одножильный;"жилы: 1; металл: медь; броня: без брони; оболочка: ПВХ; экран: без экрана; толщина жил: крупные (25–95 мм²); изоляция: ПВХ; цвет: желтый";50;3;программный рендер;photos/F02232.webp
F02233;4;2233;Кабель и провод;"Провод одножильный; 1 жила; жилы крупные (25–95 мм²); жила: медь; изоляция резина; оболочка ПВХ";провод одножильный;"жилы: 1; металл: медь; броня: без брони; оболочка: ПВХ; экран: без экрана; толщина жил: крупные (25–95 мм²); изоляция: резина";50;3;программный рендер;photos/F02233.webp
F02234;4;2234;Кабель и провод;"Провод одножильный; 1 жила; жилы очень крупные (120+ мм²); жила: медь; изоляция резина; оболочка ПВХ";провод одножильный;"жилы: 1; металл: медь; броня: без брони; оболочка: ПВХ; экран: без экрана; толщина жил: очень крупные (120+ мм²); изоляция: резина";50;3;программный рендер;photos/F02234.webp
F02235;4;2235;Кабель и провод;"Провод одножильный; 1 жила; жилы тонкие (до 2,5 мм²); жила: медь; изоляция ПВХ; оболочка ПВХ, цвет желтый";провод одножильный;"жилы: 1; металл: медь; броня: без брони; оболочка: ПВХ; экран: без экрана; толщина жил: тонкие (до 2,5 мм²); изоляция: ПВХ; цвет: желтый";50;3;программный рендер;photos/F02235.webp
F02236;4;2236;Кабель и провод;"Провод одножильный; 1 жила; жилы тонкие (до 2,5 мм²); жила: медь; изоляция фторопласт; цвет изоляции синий; экран (оплетка/фольга видна на срезе)";провод одножильный;"жилы: 1; металл: медь; броня: без брони; оболочка: нет (только изоляция); экран: экран; толщина жил: тонкие (до 2,5 мм²); изоляция: фторопласт; цвет: синий";50;4;генерация;photos/F02236.webp
F02237;4;2237;Кабель и провод;"Провод плоский; 3 жил; жилы тонкие (до 2,5 мм²); жила: медь; изоляция ПВХ; оболочка ПВХ";провод плоский;"жилы: 3; металл: медь; броня: без брони; оболочка: ПВХ; экран: без экрана; толщина жил: тонкие (до 2,5 мм²); изоляция: ПВХ";50;4;генерация;photos/F02237.webp
F02238;4;2238;Кабель и провод;"Термопарный; 1 жила; жилы средние (4–16 мм²); жила: термопарный сплав; изоляция ПВХ; оболочка ПВХ";термопарный;"жилы: 1; металл: термопарный сплав; броня: без брони; оболочка: ПВХ; экран: без экрана; толщина жил: средние (4–16 мм²); изоляция: ПВХ";50;1;генерация;photos/F02238.webp
F02239;4;2239;Кабель и провод;"Термопарный; 25-48 жил; жилы тонкие (до 2,5 мм²); жила: медь; изоляция ПВХ; оболочка ПВХ";термопарный;"жилы: 25-48; металл: медь; броня: без брони; оболочка: ПВХ; экран: без экрана; толщина жил: тонкие (до 2,5 мм²); изоляция: ПВХ";50;5;генерация;photos/F02239.webp
F02240;4;2240;Строительное оборудование;Вибротрамбовка;вибротрамбовка;;50;5;генерация;photos/F02240.webp
F02241;4;2241;Строительное оборудование;Краскопульт электрический;краскопульт электрический;;50;4;генерация;photos/F02241.webp
F02242;4;2242;Светильники;"Светильник; промышленный подвесной (колокол / UFO)";светильник;признаки: промышленный подвесной (колокол / UFO);50;7;генерация;photos/F02242.webp
F02243;4;2243;Низковольтное оборудование;Таймер;таймер;;50;6;генерация;photos/F02243.webp
F02244;4;2244;Станки и оборудование;Листогиб;листогиб;;50;7;генерация;photos/F02244.webp
F02245;4;2245;Трубопроводная арматура;"Фланец плоский; нержавеющая сталь";фланец плоский;признаки: нержавеющая сталь;50;5;генерация;photos/F02245.webp
F02246;4;2246;Монтажные изделия для кабеля;Маркер;маркер;;50;1;генерация;photos/F02246.webp
F02247;4;2247;Складское оборудование;Лебедка переносная;лебедка переносная;;50;3;генерация;photos/F02247.webp
F02248;4;2248;Кабель и провод;"Кабель круглый; 1 жила; жилы крупные (25–95 мм²); жила: медь; оболочка ПВХ";кабель круглый;"жилы: 1; металл: медь; броня: без брони; оболочка: ПВХ; экран: без экрана; толщина жил: крупные (25–95 мм²)";49;3;программный рендер;photos/F02248.webp
F02249;4;2249;Кабель и провод;"Кабель круглый; 1 жила; жилы тонкие (до 2,5 мм²); жила: медь; оболочка полиэтилен";кабель круглый;"жилы: 1; металл: медь; броня: без брони; оболочка: полиэтилен; толщина жил: тонкие (до 2,5 мм²)";49;6;программный рендер;photos/F02249.webp
F02250;4;2250;Кабель и провод;"Кабель круглый; 1 жила; жилы очень крупные (120+ мм²); жила: медь; изоляция сшитый ПЭ; оболочка полиэтилен, цвет черный";кабель круглый;"жилы: 1; металл: медь; броня: без брони; оболочка: полиэтилен; экран: без экрана; толщина жил: очень крупные (120+ мм²); изоляция: сшитый ПЭ; цвет: черный";49;3;программный рендер;photos/F02250.webp
F02251;4;2251;Кабель и провод;"Кабель круглый; 1 жила; жилы тонкие (до 2,5 мм²); жила: медь; оболочка безгалогенная (LSZH); броня ленточная";кабель круглый;"жилы: 1; металл: медь; броня: броня ленточная; оболочка: безгалогенная (LSZH); экран: без экрана; толщина жил: тонкие (до 2,5 мм²)";49;4;генерация;photos/F02251.webp
F02252;4;2252;Кабель и провод;"Кабель круглый; 25-48 жил; жилы тонкие (до 2,5 мм²); жила: медь; изоляция полиэтилен; оболочка полиэтилен";кабель круглый;"жилы: 25-48; металл: медь; броня: без брони; оболочка: полиэтилен; экран: без экрана; толщина жил: тонкие (до 2,5 мм²); изоляция: полиэтилен";49;3;генерация;photos/F02252.webp
F02253;4;2253;Кабель и провод;"Кабель круглый; 2 жил; жилы средние (4–16 мм²); жила: алюминий; изоляция сшитый ПЭ; оболочка ПВХ; броня ленточная";кабель круглый;"жилы: 2; металл: алюминий; броня: броня ленточная; оболочка: ПВХ; экран: без экрана; толщина жил: средние (4–16 мм²); изоляция: сшитый ПЭ";49;2;генерация;photos/F02253.webp
F02254;4;2254;Кабель и провод;"Кабель круглый; 2 жил; жилы тонкие (до 2,5 мм²); жила: медь; изоляция ПВХ; оболочка полиуретан, цвет черный";кабель круглый;"жилы: 2; металл: медь; броня: без брони; оболочка: полиуретан; экран: без экрана; толщина жил: тонкие (до 2,5 мм²); изоляция: ПВХ; цвет: черный";49;4;программный рендер;photos/F02254.webp
F02255;4;2255;Кабель и провод;"Кабель круглый; 3 жил; жилы крупные (25–95 мм²); жила: медь; изоляция полиэтилен; оболочка ПВХ";кабель круглый;"жилы: 3; металл: медь; броня: без брони; оболочка: ПВХ; экран: без экрана; толщина жил: крупные (25–95 мм²); изоляция: полиэтилен";49;4;программный рендер;photos/F02255.webp
F02256;4;2256;Кабель и провод;"Кабель круглый; 3 жил; жилы крупные (25–95 мм²); жила: медь; изоляция сшитый ПЭ; оболочка ПВХ, цвет черный";кабель круглый;"жилы: 3; металл: медь; броня: без брони; оболочка: ПВХ; экран: без экрана; толщина жил: крупные (25–95 мм²); изоляция: сшитый ПЭ; цвет: черный";49;5;программный рендер;photos/F02256.webp
F02257;4;2257;Кабель и провод;"Кабель круглый; 3 жил; жилы тонкие (до 2,5 мм²); жила: медь; изоляция ПВХ; оболочка полиуретан, цвет черный";кабель круглый;"жилы: 3; металл: медь; броня: без брони; оболочка: полиуретан; экран: без экрана; толщина жил: тонкие (до 2,5 мм²); изоляция: ПВХ; цвет: черный";49;5;программный рендер;photos/F02257.webp
F02258;4;2258;Кабель и провод;"Кабель круглый; 3 жил; жилы средние (4–16 мм²); жила: медь; изоляция бумага; оболочка свинец";кабель круглый;"жилы: 3; металл: медь; броня: без брони; оболочка: свинец; экран: без экрана; толщина жил: средние (4–16 мм²); изоляция: бумага";49;2;программный рендер;photos/F02258.webp
F02259;4;2259;Кабель и провод;"Кабель круглый; 3 жил; жилы тонкие (до 2,5 мм²); жила: медь; оболочка полиэтилен; броня ленточная";кабель круглый;"жилы: 3; металл: медь; броня: броня ленточная; оболочка: полиэтилен; толщина жил: тонкие (до 2,5 мм²)";49;3;генерация;photos/F02259.webp
F02260;4;2260;Кабель и провод;"Кабель круглый; 3 жил; жила: медь; оболочка свинец; броня ленточная";кабель круглый;"жилы: 3; металл: медь; броня: броня ленточная; оболочка: свинец";49;4;генерация;photos/F02260.webp
F02261;4;2261;Кабель и провод;"Кабель круглый; 49+ жил; жилы тонкие (до 2,5 мм²); жила: медь; оболочка свинец; броня ленточная";кабель круглый;"жилы: 49+; металл: медь; броня: броня ленточная; оболочка: свинец; экран: без экрана; толщина жил: тонкие (до 2,5 мм²)";49;1;генерация;photos/F02261.webp
F02262;4;2262;Кабель и провод;"Кабель круглый; 4 жил; жилы крупные (25–95 мм²); жила: медь; оболочка ПВХ; экран (оплетка/фольга видна на срезе)";кабель круглый;"жилы: 4; металл: медь; броня: без брони; оболочка: ПВХ; экран: экран; толщина жил: крупные (25–95 мм²)";49;4;генерация;photos/F02262.webp
F02263;4;2263;Кабель и провод;"Кабель круглый; 4 жил; жилы очень крупные (120+ мм²); жила: медь; оболочка безгалогенная (LSZH); экран (оплетка/фольга видна на срезе)";кабель круглый;"жилы: 4; металл: медь; броня: без брони; оболочка: безгалогенная (LSZH); экран: экран; толщина жил: очень крупные (120+ мм²)";49;4;генерация;photos/F02263.webp
F02264;4;2264;Кабель и провод;"Кабель круглый; 4 жил; жилы крупные (25–95 мм²); жила: медь; оболочка полиэтилен";кабель круглый;"жилы: 4; металл: медь; броня: без брони; оболочка: полиэтилен; толщина жил: крупные (25–95 мм²)";49;6;программный рендер;photos/F02264.webp
F02265;4;2265;Кабель и провод;"Кабель круглый; 4 жил; жилы средние (4–16 мм²); жила: медь; оболочка полиэтилен; броня ленточная";кабель круглый;"жилы: 4; металл: медь; броня: броня ленточная; оболочка: полиэтилен; экран: без экрана; толщина жил: средние (4–16 мм²)";49;3;генерация;photos/F02265.webp
F02266;4;2266;Кабель и провод;"Кабель круглый; 4 жил; жилы тонкие (до 2,5 мм²); жила: медь; изоляция резина; оболочка резина; броня ленточная";кабель круглый;"жилы: 4; металл: медь; броня: броня ленточная; оболочка: резина; экран: без экрана; толщина жил: тонкие (до 2,5 мм²); изоляция: резина";49;4;генерация;photos/F02266.webp
F02267;4;2267;Кабель и провод;"Кабель круглый; 5 жил; жилы очень крупные (120+ мм²); жила: алюминий; изоляция сшитый ПЭ; оболочка ПВХ; броня ленточная";кабель круглый;"жилы: 5; металл: алюминий; броня: броня ленточная; оболочка: ПВХ; экран: без экрана; толщина жил: очень крупные (120+ мм²); изоляция: сшитый ПЭ";49;3;генерация;photos/F02267.webp
F02268;4;2268;Кабель и провод;"Кабель круглый; 5 жил; жилы тонкие (до 2,5 мм²); жила: медь; оболочка ПВХ";кабель круглый;"жилы: 5; металл: медь; броня: без брони; оболочка: ПВХ; экран: без экрана; толщина жил: тонкие (до 2,5 мм²)";49;6;программный рендер;photos/F02268.webp
F02269;4;2269;Кабель и провод;"Кабель круглый; 5 жил; жилы средние (4–16 мм²); жила: медь; оболочка ПВХ; экран (оплетка/фольга видна на срезе)";кабель круглый;"жилы: 5; металл: медь; броня: без брони; оболочка: ПВХ; экран: экран; толщина жил: средние (4–16 мм²)";49;3;генерация;photos/F02269.webp
F02270;4;2270;Кабель и провод;"Кабель круглый; 5 жил; жилы тонкие (до 2,5 мм²); жила: медь; изоляция ПВХ; оболочка полиэтилен";кабель круглый;"жилы: 5; металл: медь; броня: без брони; оболочка: полиэтилен; экран: без экрана; толщина жил: тонкие (до 2,5 мм²); изоляция: ПВХ";49;3;программный рендер;photos/F02270.webp
F02271;4;2271;Кабель и провод;"Кабель круглый; 6-7 жил; жила: алюминий";кабель круглый;"жилы: 6-7; металл: алюминий; броня: без брони";49;7;генерация;photos/F02271.webp
F02272;4;2272;Кабель и провод;"Кабель круглый; 6-7 жил; жилы средние (4–16 мм²); жила: медь; оболочка ПВХ";кабель круглый;"жилы: 6-7; металл: медь; броня: без брони; оболочка: ПВХ; экран: без экрана; толщина жил: средние (4–16 мм²)";49;5;генерация;photos/F02272.webp
F02273;4;2273;Кабель и провод;"Кабель круглый; 6-7 жил; жилы крупные (25–95 мм²); жила: медь; изоляция ПВХ; оболочка ПВХ; броня ленточная; экран (оплетка/фольга видна на срезе)";кабель круглый;"жилы: 6-7; металл: медь; броня: броня ленточная; оболочка: ПВХ; экран: экран; толщина жил: крупные (25–95 мм²); изоляция: ПВХ";49;3;генерация;photos/F02273.webp
F02274;4;2274;Кабель и провод;"Провод многожильный (круглый); 3 жил; жилы тонкие (до 2,5 мм²); жила: медь; изоляция фторопласт; оболочка ПВХ; экран (оплетка/фольга видна на срезе)";провод многожильный (круглый);"жилы: 3; металл: медь; броня: без брони; оболочка: ПВХ; экран: экран; толщина жил: тонкие (до 2,5 мм²); изоляция: фторопласт";49;4;генерация;photos/F02274.webp
F02275;4;2275;Кабель и провод;"Провод многожильный (круглый); 8-12 жил; жилы тонкие (до 2,5 мм²); жила: медь; изоляция ПВХ; оболочка ПВХ";провод многожильный (круглый);"жилы: 8-12; металл: медь; броня: без брони; оболочка: ПВХ; экран: без экрана; толщина жил: тонкие (до 2,5 мм²); изоляция: ПВХ";49;7;генерация;photos/F02275.webp
F02276;4;2276;Кабель и провод;"Провод обмоточный; 2 жил; жила: медь; изоляция силикон";провод обмоточный;"жилы: 2; металл: медь; броня: без брони; оболочка: нет; экран: без экрана; толщина жил: не определено; изоляция: силикон";49;2;генерация;photos/F02276.webp
F02277;4;2277;Кабель и провод;"Провод обмоточный; 3 жил; жила: медь";провод обмоточный;"жилы: 3; металл: медь; броня: без брони; оболочка: нет; экран: без экрана; толщина жил: не определено";49;2;генерация;photos/F02277.webp
F02278;4;2278;Кабель и провод;"Провод одножильный; 1 жила; жилы крупные (25–95 мм²); жила: медь";провод одножильный;"жилы: 1; металл: медь; броня: без брони; оболочка: нет (только изоляция); экран: без экрана; толщина жил: крупные (25–95 мм²)";49;3;программный рендер;photos/F02278.webp
F02279;4;2279;Кабель и провод;"Термопарный; 25-48 жил; жилы тонкие (до 2,5 мм²); жила: сплав; изоляция ПВХ; оболочка ПВХ; экран (оплетка/фольга видна на срезе)";термопарный;"жилы: 25-48; металл: сплав; броня: без брони; оболочка: ПВХ; экран: экран; толщина жил: тонкие (до 2,5 мм²); изоляция: ПВХ";49;5;генерация;photos/F02279.webp
F02280;4;2280;Высоковольтное оборудование;Выключатель;выключатель;;49;1;генерация;photos/F02280.webp
F02281;4;2281;Инструмент;Генератор высоковольтный;генератор высоковольтный;;49;3;генерация;photos/F02281.webp
F02282;4;2282;Низковольтное оборудование;Ввод автоматический;ввод автоматический;;49;5;генерация;photos/F02282.webp
F02283;4;2283;Низковольтное оборудование;Вольтметр;вольтметр;;49;4;генерация;photos/F02283.webp
F02284;4;2284;Низковольтное оборудование;Модуль диодный;модуль диодный;;49;3;генерация;photos/F02284.webp
F02285;4;2285;Низковольтное оборудование;Обогреватель;обогреватель;;49;4;генерация;photos/F02285.webp
F02286;4;2286;Монтажные изделия для кабеля;Розетка компьютерная;розетка компьютерная;;49;5;генерация;photos/F02286.webp
F02287;4;2287;Лотки и кабеленесущие системы;Стойка напольная;стойка напольная;;49;5;генерация;photos/F02287.webp
F02288;4;2288;Кабель и провод;"СИП (самонесущий изолированный); 5 жил; жилы крупные (25–95 мм²); жила: алюминий; изоляция сшитый ПЭ; оболочка ПВХ";СИП (самонесущий изолированный);"жилы: 5; металл: алюминий; броня: без брони; оболочка: ПВХ; экран: без экрана; толщина жил: крупные (25–95 мм²); изоляция: сшитый ПЭ";48;5;генерация;photos/F02288.webp
F02289;4;2289;Кабель и провод;"Кабель круглый; 13-24 жил; жилы средние (4–16 мм²); жила: алюминий; изоляция ПВХ; оболочка ПВХ; броня ленточная; экран (оплетка/фольга видна на срезе)";кабель круглый;"жилы: 13-24; металл: алюминий; броня: броня ленточная; оболочка: ПВХ; экран: экран; толщина жил: средние (4–16 мм²); изоляция: ПВХ";48;2;генерация;photos/F02289.webp
F02290;4;2290;Кабель и провод;"Кабель круглый; 13-24 жил; жилы крупные (25–95 мм²); жила: медь; оболочка резина";кабель круглый;"жилы: 13-24; металл: медь; броня: без брони; оболочка: резина; экран: без экрана; толщина жил: крупные (25–95 мм²)";48;5;генерация;photos/F02290.webp
F02291;4;2291;Кабель и провод;"Кабель круглый; 13-24 жил; жилы средние (4–16 мм²); жила: медь; изоляция ПВХ; оболочка ПВХ; броня ленточная; экран (оплетка/фольга видна на срезе)";кабель круглый;"жилы: 13-24; металл: медь; броня: броня ленточная; оболочка: ПВХ; экран: экран; толщина жил: средние (4–16 мм²); изоляция: ПВХ";48;2;генерация;photos/F02291.webp
F02292;4;2292;Кабель и провод;"Кабель круглый; 13-24 жил; жилы тонкие (до 2,5 мм²); жила: медь; изоляция ПВХ; оболочка безгалогенная (LSZH); броня проволочная";кабель круглый;"жилы: 13-24; металл: медь; броня: броня проволочная; оболочка: безгалогенная (LSZH); экран: без экрана; толщина жил: тонкие (до 2,5 мм²); изоляция: ПВХ";48;8;генерация;photos/F02292.webp
F02293;4;2293;Кабель и провод;"Кабель круглый; 1 жила; жилы средние (4–16 мм²); жила: медь; оболочка ПВХ; экран (оплетка/фольга видна на срезе)";кабель круглый;"жилы: 1; металл: медь; броня: без брони; оболочка: ПВХ; экран: экран; толщина жил: средние (4–16 мм²)";48;2;генерация;photos/F02293.webp
F02294;4;2294;Кабель и провод;"Кабель круглый; 1 жила; жилы тонкие (до 2,5 мм²); жила: медь; оболочка ПВХ; броня ленточная";кабель круглый;"жилы: 1; металл: медь; броня: броня ленточная; оболочка: ПВХ; толщина жил: тонкие (до 2,5 мм²)";48;5;генерация;photos/F02294.webp
F02295;4;2295;Кабель и провод;"Кабель круглый; 2 жил; жилы средние (4–16 мм²); жила: медь; оболочка полиуретан";кабель круглый;"жилы: 2; металл: медь; броня: без брони; оболочка: полиуретан; толщина жил: средние (4–16 мм²)";48;3;программный рендер;photos/F02295.webp
F02296;4;2296;Кабель и провод;"Кабель круглый; 2 жил; жилы средние (4–16 мм²); жила: медь; оболочка резина; броня ленточная";кабель круглый;"жилы: 2; металл: медь; броня: броня ленточная; оболочка: резина; экран: без экрана; толщина жил: средние (4–16 мм²)";48;2;генерация;photos/F02296.webp
F02297;4;2297;Кабель и провод;"Кабель круглый; 3 жил; жилы средние (4–16 мм²); жила: алюминий; оболочка полиэтилен; броня ленточная";кабель круглый;"жилы: 3; металл: алюминий; броня: броня ленточная; оболочка: полиэтилен; экран: без экрана; толщина жил: средние (4–16 мм²)";48;2;генерация;photos/F02297.webp
F02298;4;2298;Кабель и провод;"Кабель круглый; 3 жил; жилы средние (4–16 мм²); жила: медь; изоляция ПВХ; оболочка ПВХ, цвет серый";кабель круглый;"жилы: 3; металл: медь; броня: без брони; оболочка: ПВХ; экран: без экрана; толщина жил: средние (4–16 мм²); изоляция: ПВХ; цвет: серый";48;2;программный рендер;photos/F02298.webp
F02299;4;2299;Кабель и провод;"Кабель круглый; 3 жил; жилы тонкие (до 2,5 мм²); жила: медь; оболочка ПВХ; броня ленточная";кабель круглый;"жилы: 3; металл: медь; броня: броня ленточная; оболочка: ПВХ; экран: без экрана; толщина жил: тонкие (до 2,5 мм²)";48;2;генерация;photos/F02299.webp
F02300;4;2300;Кабель и провод;"Кабель круглый; 3 жил; жилы средние (4–16 мм²); жила: медь; оболочка полиэтилен; броня ленточная";кабель круглый;"жилы: 3; металл: медь; броня: броня ленточная; оболочка: полиэтилен; экран: без экрана; толщина жил: средние (4–16 мм²)";48;2;генерация;photos/F02300.webp
F02301;4;2301;Кабель и провод;"Кабель круглый; 3 жил; жилы средние (4–16 мм²); жила: медь; оболочка резина; броня ленточная";кабель круглый;"жилы: 3; металл: медь; броня: броня ленточная; оболочка: резина; экран: без экрана; толщина жил: средние (4–16 мм²)";48;2;генерация;photos/F02301.webp
F02302;4;2302;Кабель и провод;"Кабель круглый; 49+ жил; жилы тонкие (до 2,5 мм²); жила: медь; изоляция ПВХ; оболочка полиэтилен, цвет черный; экран (оплетка/фольга видна на срезе)";кабель круглый;"жилы: 49+; металл: медь; броня: без брони; оболочка: полиэтилен; экран: экран; толщина жил: тонкие (до 2,5 мм²); изоляция: ПВХ; цвет: черный";48;1;генерация;photos/F02302.webp
F02303;4;2303;Кабель и провод;"Кабель круглый; 4 жил; жилы крупные (25–95 мм²); жила: алюминий; изоляция резина; оболочка ПВХ";кабель круглый;"жилы: 4; металл: алюминий; броня: без брони; оболочка: ПВХ; экран: без экрана; толщина жил: крупные (25–95 мм²); изоляция: резина";48;6;программный рендер;photos/F02303.webp
F02304;4;2304;Кабель и провод;"Кабель круглый; 4 жил; жилы очень крупные (120+ мм²); жила: алюминий; изоляция полиэтилен; оболочка ПВХ";кабель круглый;"жилы: 4; металл: алюминий; броня: без брони; оболочка: ПВХ; экран: без экрана; толщина жил: очень крупные (120+ мм²); изоляция: полиэтилен";48;6;программный рендер;photos/F02304.webp
F02305;4;2305;Кабель и провод;"Кабель круглый; 4 жил; жила: алюминий; оболочка полиэтилен";кабель круглый;"жилы: 4; металл: алюминий; броня: без брони; оболочка: полиэтилен";48;7;программный рендер;photos/F02305.webp
F02306;4;2306;Кабель и провод;"Кабель круглый; 4 жил; жилы средние (4–16 мм²); жила: алюминий; оболочка ПВХ; броня проволочная";кабель круглый;"жилы: 4; металл: алюминий; броня: броня проволочная; оболочка: ПВХ; экран: без экрана; толщина жил: средние (4–16 мм²)";48;2;генерация;photos/F02306.webp
F02307;4;2307;Кабель и провод;"Кабель круглый; 4 жил; жилы тонкие (до 2,5 мм²); жила: медь; изоляция ПВХ; оболочка полиуретан, цвет серый";кабель круглый;"жилы: 4; металл: медь; броня: без брони; оболочка: полиуретан; экран: без экрана; толщина жил: тонкие (до 2,5 мм²); изоляция: ПВХ; цвет: серый";48;5;программный рендер;photos/F02307.webp
F02308;4;2308;Кабель и провод;"Кабель круглый; 4 жил; жилы очень крупные (120+ мм²); жила: медь; изоляция сшитый ПЭ; оболочка полиэтилен; броня ленточная";кабель круглый;"жилы: 4; металл: медь; броня: броня ленточная; оболочка: полиэтилен; экран: без экрана; толщина жил: очень крупные (120+ мм²); изоляция: сшитый ПЭ";48;6;генерация;photos/F02308.webp
F02309;4;2309;Кабель и провод;"Кабель круглый; 4 жил; жилы очень крупные (120+ мм²); жила: медь; оболочка резина; броня ленточная";кабель круглый;"жилы: 4; металл: медь; броня: броня ленточная; оболочка: резина; экран: без экрана; толщина жил: очень крупные (120+ мм²)";48;5;генерация;photos/F02309.webp
F02310;4;2310;Кабель и провод;"Кабель круглый; 5 жил; жилы средние (4–16 мм²); жила: алюминий; оболочка безгалогенная (LSZH)";кабель круглый;"жилы: 5; металл: алюминий; броня: без брони; оболочка: безгалогенная (LSZH); толщина жил: средние (4–16 мм²)";48;5;программный рендер;photos/F02310.webp
F02311;4;2311;Кабель и провод;"Кабель круглый; 5 жил; жилы тонкие (до 2,5 мм²); жила: алюминий; изоляция ПВХ; оболочка ПВХ; броня ленточная";кабель круглый;"жилы: 5; металл: алюминий; броня: броня ленточная; оболочка: ПВХ; экран: без экрана; толщина жил: тонкие (до 2,5 мм²); изоляция: ПВХ";48;2;генерация;photos/F02311.webp
F02312;4;2312;Кабель и провод;"Кабель круглый; 5 жил; жилы средние (4–16 мм²); жила: алюминий; оболочка ПВХ; броня проволочная";кабель круглый;"жилы: 5; металл: алюминий; броня: броня проволочная; оболочка: ПВХ; экран: без экрана; толщина жил: средние (4–16 мм²)";48;2;генерация;photos/F02312.webp
F02313;4;2313;Кабель и провод;"Кабель круглый; 5 жил; жилы тонкие (до 2,5 мм²); жила: медь; изоляция ПВХ; оболочка ПВХ, цвет оранжевый";кабель круглый;"жилы: 5; металл: медь; броня: без брони; оболочка: ПВХ; экран: без экрана; толщина жил: тонкие (до 2,5 мм²); изоляция: ПВХ; цвет: оранжевый";48;6;программный рендер;photos/F02313.webp
F02314;4;2314;Кабель и провод;"Кабель круглый; 6-7 жил; жилы тонкие (до 2,5 мм²); жила: медь; оболочка безгалогенная (LSZH)";кабель круглый;"жилы: 6-7; металл: медь; броня: без брони; оболочка: безгалогенная (LSZH); экран: без экрана; толщина жил: тонкие (до 2,5 мм²)";48;3;генерация;photos/F02314.webp
F02315;4;2315;Кабель и провод;"Кабель круглый; 6-7 жил; жила: медь; броня ленточная";кабель круглый;"жилы: 6-7; металл: медь; броня: броня ленточная";48;7;генерация;photos/F02315.webp
F02316;4;2316;Кабель и провод;"Провод многожильный (круглый); 2 жил; жилы средние (4–16 мм²); жила: медь; оболочка ПВХ";провод многожильный (круглый);"жилы: 2; металл: медь; броня: без брони; оболочка: ПВХ; экран: без экрана; толщина жил: средние (4–16 мм²)";48;2;программный рендер;photos/F02316.webp
F02317;4;2317;Кабель и провод;"Провод многожильный (круглый); 2 жил; жила: термопарный сплав; изоляция ПВХ; оболочка ПВХ";провод многожильный (круглый);"жилы: 2; металл: термопарный сплав; броня: без брони; оболочка: ПВХ; экран: без экрана; толщина жил: не определено; изоляция: ПВХ";48;2;программный рендер;photos/F02317.webp
F02318;4;2318;Кабель и провод;"Провод многожильный (круглый); 6-7 жил; жилы тонкие (до 2,5 мм²); жила: медь; изоляция резина; оболочка резина";провод многожильный (круглый);"жилы: 6-7; металл: медь; броня: без брони; оболочка: резина; экран: без экрана; толщина жил: тонкие (до 2,5 мм²); изоляция: резина";48;6;генерация;photos/F02318.webp
F02319;4;2319;Кабель и провод;"Провод обмоточный; 2 жил; жила: медь; изоляция стекловолокно";провод обмоточный;"жилы: 2; металл: медь; броня: без брони; оболочка: нет; экран: без экрана; толщина жил: не определено; изоляция: стекловолокно";48;2;генерация;photos/F02319.webp
F02320;4;2320;Кабель и провод;"Провод обмоточный; 2 жил; жилы средние (4–16 мм²); жила: медь; изоляция силикон";провод обмоточный;"жилы: 2; металл: медь; броня: без брони; оболочка: нет; экран: без экрана; толщина жил: средние (4–16 мм²); изоляция: силикон";48;2;генерация;photos/F02320.webp
F02321;4;2321;Кабель и провод;"Провод одножильный; 1 жила; жилы средние (4–16 мм²); жила: медь; изоляция силикон; оболочка силикон";провод одножильный;"жилы: 1; металл: медь; броня: без брони; оболочка: силикон; экран: без экрана; толщина жил: средние (4–16 мм²); изоляция: силикон";48;2;программный рендер;photos/F02321.webp
F02322;4;2322;Кабель и провод;"Термопарный; 13-24 жил; жилы крупные (25–95 мм²); жила: термопарный сплав; изоляция ПВХ; оболочка ПВХ";термопарный;"жилы: 13-24; металл: термопарный сплав; броня: без брони; оболочка: ПВХ; экран: без экрана; толщина жил: крупные (25–95 мм²); изоляция: ПВХ";48;2;генерация;photos/F02322.webp
F02323;4;2323;Кабель и провод;"Термопарный; 1 жила; жилы средние (4–16 мм²); жила: термопарный сплав; изоляция ПВХ; оболочка ПВХ; экран (оплетка/фольга видна на срезе)";термопарный;"жилы: 1; металл: термопарный сплав; броня: без брони; оболочка: ПВХ; экран: экран; толщина жил: средние (4–16 мм²); изоляция: ПВХ";48;1;генерация;photos/F02323.webp
F02324;4;2324;Кабель и провод;"Термопарный; 3 жил; жилы крупные (25–95 мм²); жила: термопарный сплав; изоляция ПВХ; оболочка ПВХ";термопарный;"жилы: 3; металл: термопарный сплав; броня: без брони; оболочка: ПВХ; экран: без экрана; толщина жил: крупные (25–95 мм²); изоляция: ПВХ";48;2;генерация;photos/F02324.webp
F02325;4;2325;Кабель и провод;"Термопарный; 5 жил; жилы крупные (25–95 мм²); жила: термопарный сплав; изоляция ПВХ; оболочка ПВХ";термопарный;"жилы: 5; металл: термопарный сплав; броня: без брони; оболочка: ПВХ; экран: без экрана; толщина жил: крупные (25–95 мм²); изоляция: ПВХ";48;2;генерация;photos/F02325.webp
F02326;4;2326;Кабель и провод;"Термопарный; 8-12 жил; жилы крупные (25–95 мм²); жила: медь; изоляция ПВХ; оболочка ПВХ";термопарный;"жилы: 8-12; металл: медь; броня: без брони; оболочка: ПВХ; экран: без экрана; толщина жил: крупные (25–95 мм²); изоляция: ПВХ";48;4;генерация;photos/F02326.webp
F02327;4;2327;Кабель и провод;"Термопарный; 8-12 жил; жилы крупные (25–95 мм²); жила: сплав; изоляция ПВХ; оболочка ПВХ";термопарный;"жилы: 8-12; металл: сплав; броня: без брони; оболочка: ПВХ; экран: без экрана; толщина жил: крупные (25–95 мм²); изоляция: ПВХ";48;4;генерация;photos/F02327.webp
F02328;4;2328;Инструмент;"Резак плазменный (самое частое в группе); группа «Сварочное оборудование»";изделия группы «Сварочное оборудование»;;48;4;генерация;photos/F02328.webp
F02329;4;2329;Инструмент;Нивелир оптический;нивелир оптический;;48;1;генерация;photos/F02329.webp
F02330;4;2330;Инструмент;Осциллограф цифровой;осциллограф цифровой;;48;1;генерация;photos/F02330.webp
F02331;4;2331;Станки и оборудование;Пила ленточная;пила ленточная;;48;4;генерация;photos/F02331.webp
F02332;4;2332;Станки и оборудование;Стружкоотсос;стружкоотсос;;48;4;генерация;photos/F02332.webp
F02333;4;2333;Трубопроводная арматура;Счетчик;счетчик;;48;6;генерация;photos/F02333.webp
F02334;4;2334;Монтажные изделия для кабеля;Зажим анкерный;зажим анкерный;;48;4;генерация;photos/F02334.webp
F02335;4;2335;Монтажные изделия для кабеля;Полоски;полоски;;48;1;генерация;photos/F02335.webp
F02336;4;2336;Кабельные муфты;Муфта ответвительная;муфта ответвительная;;48;2;генерация;photos/F02336.webp
F02337;4;2337;Складское оборудование;Тележка самоходная;тележка самоходная;;48;5;генерация;photos/F02337.webp
F02338;4;2338;Лотки и кабеленесущие системы;Ответвитель крестообразный;ответвитель крестообразный;;48;7;генерация;photos/F02338.webp
F02339;4;2339;Кабель и провод;"СИП (самонесущий изолированный); 4 жил; жилы очень крупные (120+ мм²); жила: алюминий; изоляция сшитый ПЭ; оболочка ПВХ";СИП (самонесущий изолированный);"жилы: 4; металл: алюминий; броня: без брони; оболочка: ПВХ; экран: без экрана; толщина жил: очень крупные (120+ мм²); изоляция: сшитый ПЭ";47;5;генерация;photos/F02339.webp
F02340;4;2340;Кабель и провод;"Кабель круглый; 1 жила; жилы средние (4–16 мм²); жила: медь; изоляция ПВХ; оболочка резина; экран (оплетка/фольга видна на срезе)";кабель круглый;"жилы: 1; металл: медь; броня: без брони; оболочка: резина; экран: экран; толщина жил: средние (4–16 мм²); изоляция: ПВХ";47;2;генерация;photos/F02340.webp
F02341;4;2341;Кабель и провод;"Кабель круглый; 1 жила; жилы средние (4–16 мм²); жила: медь; оболочка фторопласт";кабель круглый;"жилы: 1; металл: медь; броня: без брони; оболочка: фторопласт; экран: без экрана; толщина жил: средние (4–16 мм²)";47;5;программный рендер;photos/F02341.webp
F02342;4;2342;Кабель и провод;"Кабель круглый; 2 жил; жилы тонкие (до 2,5 мм²); жила: медь; изоляция резина; оболочка безгалогенная (LSZH); экран (оплетка/фольга видна на срезе)";кабель круглый;"жилы: 2; металл: медь; броня: без брони; оболочка: безгалогенная (LSZH); экран: экран; толщина жил: тонкие (до 2,5 мм²); изоляция: резина";47;3;генерация;photos/F02342.webp
F02343;4;2343;Кабель и провод;"Кабель круглый; 2 жил; жилы тонкие (до 2,5 мм²); жила: медь; изоляция полиэтилен; оболочка полиэтилен";кабель круглый;"жилы: 2; металл: медь; броня: без брони; оболочка: полиэтилен; экран: без экрана; толщина жил: тонкие (до 2,5 мм²); изоляция: полиэтилен";47;3;программный рендер;photos/F02343.webp
F02344;4;2344;Кабель и провод;"Кабель круглый; 2 жил; жилы тонкие (до 2,5 мм²); жила: медь; оболочка фторопласт";кабель круглый;"жилы: 2; металл: медь; броня: без брони; оболочка: фторопласт; экран: без экрана; толщина жил: тонкие (до 2,5 мм²)";47;6;программный рендер;photos/F02344.webp
F02345;4;2345;Кабель и провод;"Кабель круглый; 3 жил; жилы очень крупные (120+ мм²); жила: алюминий; изоляция сшитый ПЭ; оболочка ПВХ; экран (оплетка/фольга видна на срезе)";кабель круглый;"жилы: 3; металл: алюминий; броня: без брони; оболочка: ПВХ; экран: экран; толщина жил: очень крупные (120+ мм²); изоляция: сшитый ПЭ";47;3;генерация;photos/F02345.webp
F02346;4;2346;Кабель и провод;"Кабель круглый; 3 жил; жилы очень крупные (120+ мм²); жила: алюминий; оболочка безгалогенная (LSZH)";кабель круглый;"жилы: 3; металл: алюминий; броня: без брони; оболочка: безгалогенная (LSZH); экран: без экрана; толщина жил: очень крупные (120+ мм²)";47;6;программный рендер;photos/F02346.webp
F02347;4;2347;Кабель и провод;"Кабель круглый; 3 жил; жила: алюминий; оболочка свинец; броня проволочная";кабель круглый;"жилы: 3; металл: алюминий; броня: броня проволочная; оболочка: свинец";47;6;генерация;photos/F02347.webp
F02348;4;2348;Кабель и провод;"Кабель круглый; 3 жил; жилы тонкие (до 2,5 мм²); жила: медь; изоляция ПВХ; оболочка ПВХ, цвет белый";кабель круглый;"жилы: 3; металл: медь; броня: без брони; оболочка: ПВХ; экран: без экрана; толщина жил: тонкие (до 2,5 мм²); изоляция: ПВХ; цвет: белый";47;3;программный рендер;photos/F02348.webp
F02349;4;2349;Кабель и провод;"Кабель круглый; 3 жил; жилы крупные (25–95 мм²); жила: медь; изоляция ПВХ; оболочка резина; экран (оплетка/фольга видна на срезе)";кабель круглый;"жилы: 3; металл: медь; броня: без брони; оболочка: резина; экран: экран; толщина жил: крупные (25–95 мм²); изоляция: ПВХ";47;3;генерация;photos/F02349.webp
F02350;4;2350;Кабель и провод;"Кабель круглый; 3 жил; жилы тонкие (до 2,5 мм²); жила: медь; оболочка безгалогенная (LSZH); броня ленточная";кабель круглый;"жилы: 3; металл: медь; броня: броня ленточная; оболочка: безгалогенная (LSZH); экран: без экрана; толщина жил: тонкие (до 2,5 мм²)";47;4;генерация;photos/F02350.webp
F02351;4;2351;Кабель и провод;"Кабель круглый; 3 жил; жила: медь; оболочка свинец; броня проволочная";кабель круглый;"жилы: 3; металл: медь; броня: броня проволочная; оболочка: свинец";47;6;генерация;photos/F02351.webp
F02352;4;2352;Кабель и провод;"Кабель круглый; 4 жил; жила: алюминий; оболочка безгалогенная (LSZH)";кабель круглый;"жилы: 4; металл: алюминий; броня: без брони; оболочка: безгалогенная (LSZH)";47;3;программный рендер;photos/F02352.webp
F02353;4;2353;Кабель и провод;"Кабель круглый; 4 жил; жилы крупные (25–95 мм²); жила: алюминий; оболочка безгалогенная (LSZH)";кабель круглый;"жилы: 4; металл: алюминий; броня: без брони; оболочка: безгалогенная (LSZH); экран: без экрана; толщина жил: крупные (25–95 мм²)";47;6;программный рендер;photos/F02353.webp
F02354;4;2354;Кабель и провод;"Кабель круглый; 4 жил; жилы очень крупные (120+ мм²); жила: алюминий; изоляция бумага; оболочка алюминий; броня ленточная";кабель круглый;"жилы: 4; металл: алюминий; броня: броня ленточная; оболочка: алюминий; экран: без экрана; толщина жил: очень крупные (120+ мм²); изоляция: бумага";47;5;генерация;photos/F02354.webp
F02355;4;2355;Кабель и провод;"Кабель круглый; 4 жил; жилы очень крупные (120+ мм²); жила: медь; изоляция полиэтилен; оболочка ПВХ";кабель круглый;"жилы: 4; металл: медь; броня: без брони; оболочка: ПВХ; экран: без экрана; толщина жил: очень крупные (120+ мм²); изоляция: полиэтилен";47;6;программный рендер;photos/F02355.webp
F02356;4;2356;Кабель и провод;"Кабель круглый; 4 жил; жилы тонкие (до 2,5 мм²); жила: медь; изоляция резина; оболочка безгалогенная (LSZH); экран (оплетка/фольга видна на срезе)";кабель круглый;"жилы: 4; металл: медь; броня: без брони; оболочка: безгалогенная (LSZH); экран: экран; толщина жил: тонкие (до 2,5 мм²); изоляция: резина";47;3;генерация;photos/F02356.webp
F02357;4;2357;Кабель и провод;"Кабель круглый; 5 жил; жилы крупные (25–95 мм²); жила: алюминий; оболочка ПВХ; броня ленточная; экран (оплетка/фольга видна на срезе)";кабель круглый;"жилы: 5; металл: алюминий; броня: броня ленточная; оболочка: ПВХ; экран: экран; толщина жил: крупные (25–95 мм²)";47;5;генерация;photos/F02357.webp
F02358;4;2358;Кабель и провод;"Кабель круглый; 5 жил; жилы крупные (25–95 мм²); жила: алюминий; оболочка полиэтилен; броня ленточная";кабель круглый;"жилы: 5; металл: алюминий; броня: броня ленточная; оболочка: полиэтилен; экран: без экрана; толщина жил: крупные (25–95 мм²)";47;3;генерация;photos/F02358.webp
F02359;4;2359;Кабель и провод;"Кабель круглый; 5 жил; жилы тонкие (до 2,5 мм²); жила: медь; изоляция ПВХ; оболочка ПВХ, цвет черный; экран (оплетка/фольга видна на срезе)";кабель круглый;"жилы: 5; металл: медь; броня: без брони; оболочка: ПВХ; экран: экран; толщина жил: тонкие (до 2,5 мм²); изоляция: ПВХ; цвет: черный";47;6;генерация;photos/F02359.webp
F02360;4;2360;Кабель и провод;"Кабель круглый; 5 жил; жилы крупные (25–95 мм²); жила: медь; оболочка полиэтилен; броня ленточная";кабель круглый;"жилы: 5; металл: медь; броня: броня ленточная; оболочка: полиэтилен; экран: без экрана; толщина жил: крупные (25–95 мм²)";47;3;генерация;photos/F02360.webp
F02361;4;2361;Кабель и провод;"Кабель круглый; 6-7 жил; жила: алюминий; броня ленточная";кабель круглый;"жилы: 6-7; металл: алюминий; броня: броня ленточная";47;6;генерация;photos/F02361.webp
F02362;4;2362;Кабель и провод;"Кабель круглый; 6-7 жил; жила: медь";кабель круглый;"жилы: 6-7; металл: медь";47;5;генерация;photos/F02362.webp
F02363;4;2363;Кабель и провод;"Кабель круглый; 6-7 жил; жилы тонкие (до 2,5 мм²); жила: медь; оболочка ПВХ; экран (оплетка/фольга видна на срезе)";кабель круглый;"жилы: 6-7; металл: медь; броня: без брони; оболочка: ПВХ; экран: экран; толщина жил: тонкие (до 2,5 мм²)";47;7;генерация;photos/F02363.webp
F02364;4;2364;Кабель и провод;"Коаксиальный; жила: медь; броня ленточная";коаксиальный;"жилы: —; металл: медь; броня: броня ленточная";47;4;генерация;photos/F02364.webp
F02365;4;2365;Кабель и провод;"Провод плоский; жила: медь";провод плоский;металл: медь;47;4;генерация;photos/F02365.webp
F02366;4;2366;Цепи;Цепь гусеничная;цепь гусеничная;;47;1;генерация;photos/F02366.webp
F02367;4;2367;Строительное оборудование;Контейнер;контейнер;;47;4;генерация;photos/F02367.webp
F02368;4;2368;Строительное оборудование;Фиксатор;фиксатор;;47;3;генерация;photos/F02368.webp
F02369;4;2369;Инструмент;Пистолет монтажный;пистолет монтажный;;47;1;генерация;photos/F02369.webp
F02370;4;2370;Низковольтное оборудование;"Выключатель; в литом корпусе (силовой); 3P";выключатель;признаки: в литом корпусе (силовой) · 3P;47;6;генерация;photos/F02370.webp
F02371;4;2371;Низковольтное оборудование;Контакт сигнальный;контакт сигнальный;;47;2;генерация;photos/F02371.webp
F02372;4;2372;Редукторы;Вал выходной;вал выходной;;47;1;генерация;photos/F02372.webp
F02373;4;2373;Монтажные изделия для кабеля;Коробка установочная;коробка установочная;;47;6;генерация;photos/F02373.webp
F02374;4;2374;Монтажные изделия для кабеля;Хомут нейлоновый;хомут нейлоновый;;47;1;генерация;photos/F02374.webp
F02375;4;2375;Складское оборудование;Колесо;колесо;;47;6;генерация;photos/F02375.webp
F02376;4;2376;Складское оборудование;Устройство зарядное;устройство зарядное;;47;1;генерация;photos/F02376.webp
F02377;4;2377;Лотки и кабеленесущие системы;Уголок;уголок;;47;6;генерация;photos/F02377.webp
F02378;4;2378;Кабель и провод;"Кабель круглый; 1 жила; жила: медь; оболочка полиэтилен";кабель круглый;"жилы: 1; металл: медь; броня: без брони; оболочка: полиэтилен";46;3;программный рендер;photos/F02378.webp
F02379;4;2379;Кабель и провод;"Кабель круглый; 25-48 жил; жилы крупные (25–95 мм²); жила: медь; оболочка безгалогенная (LSZH)";кабель круглый;"жилы: 25-48; металл: медь; броня: без брони; оболочка: безгалогенная (LSZH); толщина жил: крупные (25–95 мм²)";46;4;генерация;photos/F02379.webp
F02380;4;2380;Кабель и провод;"Кабель круглый; 2 жил; жила: медь; оболочка ПВХ";кабель круглый;"жилы: 2; металл: медь; броня: без брони; оболочка: ПВХ";46;5;программный рендер;photos/F02380.webp
F02381;4;2381;Кабель и провод;"Кабель круглый; 2 жил; жилы крупные (25–95 мм²); жила: медь; оболочка ПВХ";кабель круглый;"жилы: 2; металл: медь; броня: без брони; оболочка: ПВХ; экран: без экрана; толщина жил: крупные (25–95 мм²)";46;3;программный рендер;photos/F02381.webp
F02382;4;2382;Кабель и провод;"Кабель круглый; 2 жил; жилы тонкие (до 2,5 мм²); жила: медь; изоляция ПВХ; оболочка свинец";кабель круглый;"жилы: 2; металл: медь; броня: без брони; оболочка: свинец; экран: без экрана; толщина жил: тонкие (до 2,5 мм²); изоляция: ПВХ";46;2;программный рендер;photos/F02382.webp
F02383;4;2383;Кабель и провод;"Кабель круглый; 2 жил; жилы крупные (25–95 мм²); жила: медь; оболочка полиэтилен; броня ленточная";кабель круглый;"жилы: 2; металл: медь; броня: броня ленточная; оболочка: полиэтилен; экран: без экрана; толщина жил: крупные (25–95 мм²)";46;3;генерация;photos/F02383.webp
F02384;4;2384;Кабель и провод;"Кабель круглый; 3 жил; жилы средние (4–16 мм²); жила: алюминий; изоляция ПВХ; оболочка ПВХ; экран (оплетка/фольга видна на срезе)";кабель круглый;"жилы: 3; металл: алюминий; броня: без брони; оболочка: ПВХ; экран: экран; толщина жил: средние (4–16 мм²); изоляция: ПВХ";46;2;генерация;photos/F02384.webp
F02385;4;2385;Кабель и провод;"Кабель круглый; 3 жил; жилы средние (4–16 мм²); жила: алюминий; оболочка безгалогенная (LSZH)";кабель круглый;"жилы: 3; металл: алюминий; броня: без брони; оболочка: безгалогенная (LSZH); толщина жил: средние (4–16 мм²)";46;2;программный рендер;photos/F02385.webp
F02386;4;2386;Кабель и провод;"Кабель круглый; 49+ жил; жилы тонкие (до 2,5 мм²); жила: медь; изоляция ПВХ; оболочка резина";кабель круглый;"жилы: 49+; металл: медь; броня: без брони; оболочка: резина; экран: без экрана; толщина жил: тонкие (до 2,5 мм²); изоляция: ПВХ";46;6;генерация;photos/F02386.webp
F02387;4;2387;Кабель и провод;"Кабель круглый; 4 жил; жилы крупные (25–95 мм²); жила: алюминий; изоляция полиэтилен; оболочка ПВХ";кабель круглый;"жилы: 4; металл: алюминий; броня: без брони; оболочка: ПВХ; экран: без экрана; толщина жил: крупные (25–95 мм²); изоляция: полиэтилен";46;6;программный рендер;photos/F02387.webp
F02388;4;2388;Кабель и провод;"Кабель круглый; 4 жил; жилы крупные (25–95 мм²); жила: медь; изоляция резина; оболочка безгалогенная (LSZH)";кабель круглый;"жилы: 4; металл: медь; броня: без брони; оболочка: безгалогенная (LSZH); экран: без экрана; толщина жил: крупные (25–95 мм²); изоляция: резина";46;3;программный рендер;photos/F02388.webp
F02389;4;2389;Кабель и провод;"Кабель круглый; 4 жил; жилы крупные (25–95 мм²); жила: медь; изоляция полиэтилен; оболочка ПВХ; броня ленточная";кабель круглый;"жилы: 4; металл: медь; броня: броня ленточная; оболочка: ПВХ; экран: без экрана; толщина жил: крупные (25–95 мм²); изоляция: полиэтилен";46;6;генерация;photos/F02389.webp
F02390;4;2390;Кабель и провод;"Кабель круглый; 4 жил; жилы крупные (25–95 мм²); жила: медь; изоляция резина; оболочка ПВХ; броня ленточная";кабель круглый;"жилы: 4; металл: медь; броня: броня ленточная; оболочка: ПВХ; экран: без экрана; толщина жил: крупные (25–95 мм²); изоляция: резина";46;6;генерация;photos/F02390.webp
F02391;4;2391;Кабель и провод;"Кабель круглый; 4 жил; жила: медь; броня";кабель круглый;"жилы: 4; металл: медь; броня: броня";46;5;генерация;photos/F02391.webp
F02392;4;2392;Кабель и провод;"Кабель круглый; 5 жил; жилы крупные (25–95 мм²); жила: медь; изоляция резина; оболочка безгалогенная (LSZH)";кабель круглый;"жилы: 5; металл: медь; броня: без брони; оболочка: безгалогенная (LSZH); экран: без экрана; толщина жил: крупные (25–95 мм²); изоляция: резина";46;3;программный рендер;photos/F02392.webp
F02393;4;2393;Кабель и провод;"Кабель круглый; 6-7 жил; жилы тонкие (до 2,5 мм²); жила: алюминий; оболочка ПВХ; броня ленточная";кабель круглый;"жилы: 6-7; металл: алюминий; броня: броня ленточная; оболочка: ПВХ; толщина жил: тонкие (до 2,5 мм²)";46;3;генерация;photos/F02393.webp
F02394;4;2394;Кабель и провод;"Кабель круглый; 6-7 жил; жилы тонкие (до 2,5 мм²); жила: медь; оболочка полиэтилен";кабель круглый;"жилы: 6-7; металл: медь; броня: без брони; оболочка: полиэтилен; толщина жил: тонкие (до 2,5 мм²)";46;5;генерация;photos/F02394.webp
F02395;4;2395;Кабель и провод;"Кабель круглый; 8-12 жил; жилы тонкие (до 2,5 мм²); жила: медь; изоляция полиэтилен; оболочка полиэтилен; экран (оплетка/фольга видна на срезе)";кабель круглый;"жилы: 8-12; металл: медь; броня: без брони; оболочка: полиэтилен; экран: экран; толщина жил: тонкие (до 2,5 мм²); изоляция: полиэтилен";46;3;генерация;photos/F02395.webp
F02396;4;2396;Кабель и провод;"Провод многожильный (круглый); 4 жил; жила: сплав";провод многожильный (круглый);"жилы: 4; металл: сплав; броня: без брони";46;6;программный рендер;photos/F02396.webp
F02397;4;2397;Кабель и провод;"Провод одножильный; 1 жила; жилы тонкие (до 2,5 мм²); жила: медь";провод одножильный;"жилы: 1; металл: медь; броня: без брони; оболочка: нет (только изоляция); толщина жил: тонкие (до 2,5 мм²)";46;4;программный рендер;photos/F02397.webp
F02398;4;2398;Кабель и провод;"Провод одножильный; 1 жила; жилы средние (4–16 мм²); жила: медь; изоляция силикон";провод одножильный;"жилы: 1; металл: медь; броня: без брони; оболочка: нет (только изоляция); экран: без экрана; толщина жил: средние (4–16 мм²); изоляция: силикон";46;2;программный рендер;photos/F02398.webp
F02399;4;2399;Кабель и провод;"Провод одножильный; 1 жила; жилы тонкие (до 2,5 мм²); жила: медь; изоляция фторопласт; цвет изоляции синий";провод одножильный;"жилы: 1; металл: медь; броня: без брони; оболочка: нет (только изоляция); экран: без экрана; толщина жил: тонкие (до 2,5 мм²); изоляция: фторопласт; цвет: синий";46;3;программный рендер;photos/F02399.webp
F02400;4;2400;Кабель и провод;"Провод одножильный; 1 жила; жила: медь; изоляция стекловолокно; экран (оплетка/фольга видна на срезе)";провод одножильный;"жилы: 1; металл: медь; броня: без брони; оболочка: нет (только изоляция); экран: экран; толщина жил: не определено; изоляция: стекловолокно";46;3;генерация;photos/F02400.webp
F02401;4;2401;Кабель и провод;"Провод одножильный; 1 жила; жилы средние (4–16 мм²); жила: медь; изоляция полиэтилен; экран (оплетка/фольга видна на срезе)";провод одножильный;"жилы: 1; металл: медь; броня: без брони; оболочка: нет (только изоляция); экран: экран; толщина жил: средние (4–16 мм²); изоляция: полиэтилен";46;1;генерация;photos/F02401.webp
F02402;4;2402;Кабель и провод;"Провод одножильный; 1 жила; жилы очень крупные (120+ мм²); жила: медь; изоляция резина; оболочка резина";провод одножильный;"жилы: 1; металл: медь; броня: без брони; оболочка: резина; экран: без экрана; толщина жил: очень крупные (120+ мм²); изоляция: резина";46;3;программный рендер;photos/F02402.webp
F02403;4;2403;Кабель и провод;"Провод одножильный; 1 жила; жилы тонкие (до 2,5 мм²); жила: сплав; изоляция фторопласт; цвет изоляции белый; экран (оплетка/фольга видна на срезе)";провод одножильный;"жилы: 1; металл: сплав; броня: без брони; оболочка: нет (только изоляция); экран: экран; толщина жил: тонкие (до 2,5 мм²); изоляция: фторопласт; цвет: белый";46;4;генерация;photos/F02403.webp
F02404;4;2404;Кабель и провод;"Провод одножильный; 1 жила; жилы тонкие (до 2,5 мм²); жила: сплав; изоляция фторопласт; цвет изоляции желтый; экран (оплетка/фольга видна на срезе)";провод одножильный;"жилы: 1; металл: сплав; броня: без брони; оболочка: нет (только изоляция); экран: экран; толщина жил: тонкие (до 2,5 мм²); изоляция: фторопласт; цвет: желтый";46;4;генерация;photos/F02404.webp
F02405;4;2405;Кабель и провод;"Провод одножильный; 1 жила; жилы тонкие (до 2,5 мм²); жила: сплав; изоляция фторопласт; цвет изоляции зеленый; экран (оплетка/фольга видна на срезе)";провод одножильный;"жилы: 1; металл: сплав; броня: без брони; оболочка: нет (только изоляция); экран: экран; толщина жил: тонкие (до 2,5 мм²); изоляция: фторопласт; цвет: зеленый";46;4;генерация;photos/F02405.webp
F02406;4;2406;Кабель и провод;"Провод одножильный; 1 жила; жилы тонкие (до 2,5 мм²); жила: сплав; изоляция фторопласт; цвет изоляции красный; экран (оплетка/фольга видна на срезе)";провод одножильный;"жилы: 1; металл: сплав; броня: без брони; оболочка: нет (только изоляция); экран: экран; толщина жил: тонкие (до 2,5 мм²); изоляция: фторопласт; цвет: красный";46;4;генерация;photos/F02406.webp
F02407;4;2407;Кабель и провод;"Провод одножильный; 1 жила; жилы тонкие (до 2,5 мм²); жила: сплав; изоляция фторопласт; цвет изоляции черный; экран (оплетка/фольга видна на срезе)";провод одножильный;"жилы: 1; металл: сплав; броня: без брони; оболочка: нет (только изоляция); экран: экран; толщина жил: тонкие (до 2,5 мм²); изоляция: фторопласт; цвет: черный";46;4;генерация;photos/F02407.webp
F02408;4;2408;Кабель и провод;"Термопарный; 2 жил; жилы тонкие (до 2,5 мм²); жила: термопарный сплав; оболочка ПВХ";термопарный;"жилы: 2; металл: термопарный сплав; броня: без брони; оболочка: ПВХ; толщина жил: тонкие (до 2,5 мм²)";46;5;генерация;photos/F02408.webp
F02409;4;2409;Строительное оборудование;Краскораспылитель;краскораспылитель;;46;6;генерация;photos/F02409.webp
F02410;4;2410;Строительное оборудование;Подъемник самоходный;подъемник самоходный;;46;7;генерация;photos/F02410.webp
F02411;4;2411;Электродвигатели;"Электродвигатель; взрывозащищенный; габарит 225–280; лапы + фланец";электродвигатель;признаки: взрывозащищенный · габарит 225–280 · лапы + фланец;46;3;генерация;photos/F02411.webp
F02412;4;2412;Инструмент;Генератор дизельная;генератор дизельная;;46;5;генерация;photos/F02412.webp
F02413;4;2413;Осветительное оборудование;Блок аварийного;блок аварийного;;46;6;генерация;photos/F02413.webp
F02414;4;2414;Низковольтное оборудование;Выводы внешние;выводы внешние;;46;3;генерация;photos/F02414.webp
F02415;4;2415;Низковольтное оборудование;Выводы силовые;выводы силовые;;46;1;генерация;photos/F02415.webp
F02416;4;2416;Низковольтное оборудование;Выключатель атоматический;выключатель атоматический;;46;5;генерация;photos/F02416.webp
F02417;4;2417;Низковольтное оборудование;Привод поворотный;привод поворотный;;46;5;генерация;photos/F02417.webp
F02418;4;2418;Кабельные муфты;Муфта переходная;муфта переходная;;46;2;генерация;photos/F02418.webp
F02419;4;2419;Складское оборудование;Талреп;талреп;;46;3;генерация;photos/F02419.webp
F02420;4;2420;Складское оборудование;Тумба;тумба;;46;4;генерация;photos/F02420.webp
F02421;4;2421;Лотки и кабеленесущие системы;"Угол внешний; внешний";угол внешний;признаки: внешний;46;7;генерация;photos/F02421.webp
F02422;4;2422;Кабель и провод;"Кабель круглый; 13-24 жил; жилы средние (4–16 мм²); жила: медь; изоляция ПВХ; оболочка резина; экран (оплетка/фольга видна на срезе)";кабель круглый;"жилы: 13-24; металл: медь; броня: без брони; оболочка: резина; экран: экран; толщина жил: средние (4–16 мм²); изоляция: ПВХ";45;4;генерация;photos/F02422.webp
F02423;4;2423;Кабель и провод;"Кабель круглый; 1 жила; жилы крупные (25–95 мм²); жила: алюминий; оболочка ПВХ; броня ленточная; экран (оплетка/фольга видна на срезе)";кабель круглый;"жилы: 1; металл: алюминий; броня: броня ленточная; оболочка: ПВХ; экран: экран; толщина жил: крупные (25–95 мм²)";45;3;генерация;photos/F02423.webp
F02424;4;2424;Кабель и провод;"Кабель круглый; 1 жила; жила: алюминий; оболочка свинец; броня ленточная";кабель круглый;"жилы: 1; металл: алюминий; броня: броня ленточная; оболочка: свинец";45;4;генерация;photos/F02424.webp
F02425;4;2425;Кабель и провод;"Кабель круглый; 2 жил; жилы крупные (25–95 мм²); жила: алюминий; оболочка полиэтилен; броня ленточная";кабель круглый;"жилы: 2; металл: алюминий; броня: броня ленточная; оболочка: полиэтилен; экран: без экрана; толщина жил: крупные (25–95 мм²)";45;3;генерация;photos/F02425.webp
F02426;4;2426;Кабель и провод;"Кабель круглый; 2 жил; жилы средние (4–16 мм²); жила: медь; изоляция ПВХ; оболочка резина; экран (оплетка/фольга видна на срезе)";кабель круглый;"жилы: 2; металл: медь; броня: без брони; оболочка: резина; экран: экран; толщина жил: средние (4–16 мм²); изоляция: ПВХ";45;2;генерация;photos/F02426.webp
F02427;4;2427;Кабель и провод;"Кабель круглый; 3 жил; жилы средние (4–16 мм²); жила: алюминий; оболочка ПВХ; броня ленточная";кабель круглый;"жилы: 3; металл: алюминий; броня: броня ленточная; оболочка: ПВХ; экран: без экрана; толщина жил: средние (4–16 мм²)";45;2;генерация;photos/F02427.webp
F02428;4;2428;Кабель и провод;"Кабель круглый; 3 жил; жилы крупные (25–95 мм²); жила: алюминий; оболочка ПВХ; броня ленточная; экран (оплетка/фольга видна на срезе)";кабель круглый;"жилы: 3; металл: алюминий; броня: броня ленточная; оболочка: ПВХ; экран: экран; толщина жил: крупные (25–95 мм²)";45;3;генерация;photos/F02428.webp
F02429;4;2429;Кабель и провод;"Кабель круглый; 3 жил; жилы крупные (25–95 мм²); жила: алюминий; изоляция ПВХ; оболочка ПВХ; броня проволочная";кабель круглый;"жилы: 3; металл: алюминий; броня: броня проволочная; оболочка: ПВХ; экран: без экрана; толщина жил: крупные (25–95 мм²); изоляция: ПВХ";45;3;генерация;photos/F02429.webp
F02430;4;2430;Кабель и провод;"Кабель круглый; 3 жил; жилы крупные (25–95 мм²); жила: медь; изоляция сшитый ПЭ; оболочка полиэтилен; броня ленточная";кабель круглый;"жилы: 3; металл: медь; броня: броня ленточная; оболочка: полиэтилен; экран: без экрана; толщина жил: крупные (25–95 мм²); изоляция: сшитый ПЭ";45;3;генерация;photos/F02430.webp
F02431;4;2431;Кабель и провод;"Кабель круглый; 4 жил; жилы тонкие (до 2,5 мм²); жила: алюминий; изоляция ПВХ; оболочка ПВХ; броня ленточная";кабель круглый;"жилы: 4; металл: алюминий; броня: броня ленточная; оболочка: ПВХ; экран: без экрана; толщина жил: тонкие (до 2,5 мм²); изоляция: ПВХ";45;1;генерация;photos/F02431.webp
F02432;4;2432;Кабель и провод;"Кабель круглый; 4 жил; жилы средние (4–16 мм²); жила: медь; изоляция ПВХ; оболочка ПВХ, цвет черный; экран (оплетка/фольга видна на срезе)";кабель круглый;"жилы: 4; металл: медь; броня: без брони; оболочка: ПВХ; экран: экран; толщина жил: средние (4–16 мм²); изоляция: ПВХ; цвет: черный";45;4;генерация;photos/F02432.webp
F02433;4;2433;Кабель и провод;"Кабель круглый; 4 жил; жилы крупные (25–95 мм²); жила: медь; изоляция ПВХ; оболочка ПВХ; броня проволочная";кабель круглый;"жилы: 4; металл: медь; броня: броня проволочная; оболочка: ПВХ; экран: без экрана; толщина жил: крупные (25–95 мм²); изоляция: ПВХ";45;4;генерация;photos/F02433.webp
F02434;4;2434;Кабель и провод;"Кабель круглый; 5 жил; жилы тонкие (до 2,5 мм²); жила: медь; изоляция силикон; оболочка ПВХ; экран (оплетка/фольга видна на срезе)";кабель круглый;"жилы: 5; металл: медь; броня: без брони; оболочка: ПВХ; экран: экран; толщина жил: тонкие (до 2,5 мм²); изоляция: силикон";45;5;генерация;photos/F02434.webp
F02435;4;2435;Кабель и провод;"Кабель круглый; 8-12 жил; жилы тонкие (до 2,5 мм²); жила: алюминий; оболочка ПВХ; броня ленточная";кабель круглый;"жилы: 8-12; металл: алюминий; броня: броня ленточная; оболочка: ПВХ; толщина жил: тонкие (до 2,5 мм²)";45;2;генерация;photos/F02435.webp
F02436;4;2436;Кабель и провод;"Кабель круглый; 8-12 жил; жилы тонкие (до 2,5 мм²); жила: медь; изоляция сшитый ПЭ; оболочка ПВХ";кабель круглый;"жилы: 8-12; металл: медь; броня: без брони; оболочка: ПВХ; экран: без экрана; толщина жил: тонкие (до 2,5 мм²); изоляция: сшитый ПЭ";45;7;генерация;photos/F02436.webp
F02437;4;2437;Кабель и провод;"Кабель плоский; 3 жил; жилы тонкие (до 2,5 мм²); жила: медь; изоляция ПВХ; оболочка ПВХ";кабель плоский;"жилы: 3; металл: медь; броня: без брони; оболочка: ПВХ; экран: без экрана; толщина жил: тонкие (до 2,5 мм²); изоляция: ПВХ";45;4;генерация;photos/F02437.webp
F02438;4;2438;Кабель и провод;"Провод одножильный; 1 жила; жилы очень крупные (120+ мм²); жила: алюминий; изоляция ПВХ";провод одножильный;"жилы: 1; металл: алюминий; броня: без брони; оболочка: нет (только изоляция); экран: без экрана; толщина жил: очень крупные (120+ мм²); изоляция: ПВХ";45;3;программный рендер;photos/F02438.webp
F02439;4;2439;Кабель и провод;"Провод одножильный; 1 жила; жилы крупные (25–95 мм²); жила: медь; изоляция ПВХ; оболочка безгалогенная (LSZH)";провод одножильный;"жилы: 1; металл: медь; броня: без брони; оболочка: безгалогенная (LSZH); экран: без экрана; толщина жил: крупные (25–95 мм²); изоляция: ПВХ";45;3;программный рендер;photos/F02439.webp
F02440;4;2440;Рукава;Шланг полиуретановый;шланг полиуретановый;;45;1;генерация;photos/F02440.webp
F02441;4;2441;Инструмент;Детектор;детектор;;45;3;генерация;photos/F02441.webp
F02442;4;2442;Осветительное оборудование;"Ночник; ночник";ночник;признаки: ночник;45;2;генерация;photos/F02442.webp
F02443;4;2443;Низковольтное оборудование;Авт;авт;;45;3;генерация;photos/F02443.webp
F02444;4;2444;Низковольтное оборудование;Процессор центральный;процессор центральный;;45;1;генерация;photos/F02444.webp
F02445;4;2445;Станки и оборудование;Коронка;коронка;;45;2;генерация;photos/F02445.webp
F02446;4;2446;Трубопроводная арматура;"Клапан электромагнитный; нержавеющая сталь";клапан электромагнитный;признаки: нержавеющая сталь;45;4;генерация;photos/F02446.webp
F02447;4;2447;Редукторы;Штанга реактивная;штанга реактивная;;45;1;генерация;photos/F02447.webp
F02448;4;2448;Монтажные изделия для кабеля;Припой;припой;;45;4;генерация;photos/F02448.webp
F02449;4;2449;Складское оборудование;Строп;строп;;45;4;генерация;photos/F02449.webp
F02450;4;2450;Лотки и кабеленесущие системы;Стойка;стойка;;45;1;генерация;photos/F02450.webp
F02451;4;2451;Навесное оборудование;Ковш;ковш;;44;4;генерация;photos/F02451.webp
F02452;4;2452;Подшипники;"Подшипник шариковый; линейный; открытый";подшипник шариковый;признаки: линейный · открытый;44;2;генерация;photos/F02452.webp
F02453;4;2453;Ремни;"Ремень; в бухте (открытый); зубчатый (синхронный); полиуретановый (прозрачный/белый)";ремень;признаки: в бухте (открытый) · зубчатый (синхронный) · полиуретановый (прозрачный/белый);44;6;генерация;photos/F02453.webp
F02454;4;2454;Кабель и провод;"Кабель круглый; 13-24 жил; жила: алюминий; оболочка ПВХ";кабель круглый;"жилы: 13-24; металл: алюминий; броня: без брони; оболочка: ПВХ";44;5;генерация;photos/F02454.webp
F02455;4;2455;Кабель и провод;"Кабель круглый; 1 жила; жилы очень крупные (120+ мм²); жила: медь; оболочка ПВХ; экран (оплетка/фольга видна на срезе)";кабель круглый;"жилы: 1; металл: медь; броня: без брони; оболочка: ПВХ; экран: экран; толщина жил: очень крупные (120+ мм²)";44;3;генерация;photos/F02455.webp
F02456;4;2456;Кабель и провод;"Кабель круглый; 1 жила; жилы средние (4–16 мм²); жила: медь; оболочка безгалогенная (LSZH); броня ленточная";кабель круглый;"жилы: 1; металл: медь; броня: броня ленточная; оболочка: безгалогенная (LSZH); экран: без экрана; толщина жил: средние (4–16 мм²)";44;2;генерация;photos/F02456.webp
F02457;4;2457;Кабель и провод;"Кабель круглый; 1 жила; жилы крупные (25–95 мм²); жила: медь; оболочка резина; броня ленточная";кабель круглый;"жилы: 1; металл: медь; броня: броня ленточная; оболочка: резина; экран: без экрана; толщина жил: крупные (25–95 мм²)";44;3;генерация;photos/F02457.webp
F02458;4;2458;Кабель и провод;"Кабель круглый; 25-48 жил; жилы тонкие (до 2,5 мм²); жила: медь; оболочка безгалогенная (LSZH); экран (оплетка/фольга видна на срезе)";кабель круглый;"жилы: 25-48; металл: медь; броня: без брони; оболочка: безгалогенная (LSZH); экран: экран; толщина жил: тонкие (до 2,5 мм²)";44;5;генерация;photos/F02458.webp
F02459;4;2459;Кабель и провод;"Кабель круглый; 2 жил; жилы средние (4–16 мм²); жила: алюминий; изоляция ПВХ; оболочка ПВХ; экран (оплетка/фольга видна на срезе)";кабель круглый;"жилы: 2; металл: алюминий; броня: без брони; оболочка: ПВХ; экран: экран; толщина жил: средние (4–16 мм²); изоляция: ПВХ";44;2;генерация;photos/F02459.webp
F02460;4;2460;Кабель и провод;"Кабель круглый; 2 жил; жилы крупные (25–95 мм²); жила: медь; изоляция ПВХ; оболочка резина; экран (оплетка/фольга видна на срезе)";кабель круглый;"жилы: 2; металл: медь; броня: без брони; оболочка: резина; экран: экран; толщина жил: крупные (25–95 мм²); изоляция: ПВХ";44;3;генерация;photos/F02460.webp
F02461;4;2461;Кабель и провод;"Кабель круглый; 3 жил; жилы крупные (25–95 мм²); жила: алюминий; оболочка безгалогенная (LSZH)";кабель круглый;"жилы: 3; металл: алюминий; броня: без брони; оболочка: безгалогенная (LSZH); экран: без экрана; толщина жил: крупные (25–95 мм²)";44;4;программный рендер;photos/F02461.webp
F02462;4;2462;Кабель и провод;"Кабель круглый; 3 жил; жилы крупные (25–95 мм²); жила: алюминий; изоляция сшитый ПЭ; оболочка полиэтилен; броня ленточная";кабель круглый;"жилы: 3; металл: алюминий; броня: броня ленточная; оболочка: полиэтилен; экран: без экрана; толщина жил: крупные (25–95 мм²); изоляция: сшитый ПЭ";44;3;генерация;photos/F02462.webp
F02463;4;2463;Кабель и провод;"Кабель круглый; 3 жил; жилы очень крупные (120+ мм²); жила: медь; оболочка резина";кабель круглый;"жилы: 3; металл: медь; броня: без брони; оболочка: резина; толщина жил: очень крупные (120+ мм²)";44;6;программный рендер;photos/F02463.webp
F02464;4;2464;Кабель и провод;"Кабель круглый; 3 жил; жилы очень крупные (120+ мм²); жила: медь; оболочка полиэтилен; броня ленточная";кабель круглый;"жилы: 3; металл: медь; броня: броня ленточная; оболочка: полиэтилен; экран: без экрана; толщина жил: очень крупные (120+ мм²)";44;3;генерация;photos/F02464.webp
F02465;4;2465;Кабель и провод;"Кабель круглый; 4 жил; жилы крупные (25–95 мм²); жила: медь; изоляция сшитый ПЭ; оболочка ПВХ, цвет черный";кабель круглый;"жилы: 4; металл: медь; броня: без брони; оболочка: ПВХ; экран: без экрана; толщина жил: крупные (25–95 мм²); изоляция: сшитый ПЭ; цвет: черный";44;5;программный рендер;photos/F02465.webp
F02466;4;2466;Кабель и провод;"Кабель круглый; 5 жил; жилы тонкие (до 2,5 мм²); жила: алюминий; оболочка ПВХ";кабель круглый;"жилы: 5; металл: алюминий; броня: без брони; оболочка: ПВХ; толщина жил: тонкие (до 2,5 мм²)";44;3;программный рендер;photos/F02466.webp
F02467;4;2467;Кабель и провод;"Кабель круглый; 5 жил; жила: медь; оболочка полиэтилен";кабель круглый;"жилы: 5; металл: медь; броня: без брони; оболочка: полиэтилен";44;4;программный рендер;photos/F02467.webp
F02468;4;2468;Кабель и провод;"Кабель круглый; 6-7 жил; жила: медь; оболочка ПВХ";кабель круглый;"жилы: 6-7; металл: медь; броня: без брони; оболочка: ПВХ";44;7;генерация;photos/F02468.webp
F02469;4;2469;Кабель и провод;"Кабель круглый; 6-7 жил; жилы тонкие (до 2,5 мм²); жила: медь; оболочка безгалогенная (LSZH); экран (оплетка/фольга видна на срезе)";кабель круглый;"жилы: 6-7; металл: медь; броня: без брони; оболочка: безгалогенная (LSZH); экран: экран; толщина жил: тонкие (до 2,5 мм²)";44;3;генерация;photos/F02469.webp
F02470;4;2470;Кабель и провод;"Кабель круглый; 6-7 жил; жилы тонкие (до 2,5 мм²); жила: медь; изоляция ПВХ; оболочка полиуретан, цвет серый";кабель круглый;"жилы: 6-7; металл: медь; броня: без брони; оболочка: полиуретан; экран: без экрана; толщина жил: тонкие (до 2,5 мм²); изоляция: ПВХ; цвет: серый";44;5;генерация;photos/F02470.webp
F02471;4;2471;Кабель и провод;"Кабель круглый; 6-7 жил; жилы тонкие (до 2,5 мм²); жила: медь; изоляция ПВХ; оболочка ПВХ; броня проволочная; экран (оплетка/фольга видна на срезе)";кабель круглый;"жилы: 6-7; металл: медь; броня: броня проволочная; оболочка: ПВХ; экран: экран; толщина жил: тонкие (до 2,5 мм²); изоляция: ПВХ";44;3;генерация;photos/F02471.webp
F02472;4;2472;Кабель и провод;"Кабель круглый; 8-12 жил; жилы крупные (25–95 мм²); жила: медь; изоляция ПВХ; оболочка резина; экран (оплетка/фольга видна на срезе)";кабель круглый;"жилы: 8-12; металл: медь; броня: без брони; оболочка: резина; экран: экран; толщина жил: крупные (25–95 мм²); изоляция: ПВХ";44;3;генерация;photos/F02472.webp
F02473;4;2473;Кабель и провод;"Кабель круглый; 8-12 жил; жилы тонкие (до 2,5 мм²); жила: медь; изоляция фторопласт; оболочка фторопласт";кабель круглый;"жилы: 8-12; металл: медь; броня: без брони; оболочка: фторопласт; экран: без экрана; толщина жил: тонкие (до 2,5 мм²); изоляция: фторопласт";44;7;генерация;photos/F02473.webp
F02474;4;2474;Кабель и провод;"Кабель круглый; жила: медь; изоляция ПВХ; оболочка безгалогенная (LSZH)";кабель круглый;"жилы: не определено; металл: медь; броня: без брони; оболочка: безгалогенная (LSZH); экран: без экрана; толщина жил: не определено; изоляция: ПВХ";44;1;генерация;photos/F02474.webp
F02475;4;2475;Кабель и провод;"Нагревательный; жила: сталь";нагревательный;металл: сталь;44;6;генерация;photos/F02475.webp
F02476;4;2476;Кабель и провод;"Провод многожильный (круглый); 2 жил; жилы тонкие (до 2,5 мм²); жила: медь; изоляция ПВХ; оболочка ПВХ, цвет белый";провод многожильный (круглый);"жилы: 2; металл: медь; броня: без брони; оболочка: ПВХ; экран: без экрана; толщина жил: тонкие (до 2,5 мм²); изоляция: ПВХ; цвет: белый";44;6;программный рендер;photos/F02476.webp
F02477;4;2477;Кабель и провод;"Провод многожильный (круглый); 2 жил; жилы тонкие (до 2,5 мм²); жила: медь; изоляция фторопласт; оболочка ПВХ";провод многожильный (круглый);"жилы: 2; металл: медь; броня: без брони; оболочка: ПВХ; экран: без экрана; толщина жил: тонкие (до 2,5 мм²); изоляция: фторопласт";44;4;программный рендер;photos/F02477.webp
F02478;4;2478;Кабель и провод;"Провод многожильный (круглый); 3 жил; жила: алюминий";провод многожильный (круглый);"жилы: 3; металл: алюминий";44;4;генерация;photos/F02478.webp
F02479;4;2479;Кабель и провод;"Провод многожильный (круглый); 3 жил; жилы тонкие (до 2,5 мм²); жила: медь; оболочка фторопласт; экран (оплетка/фольга видна на срезе)";провод многожильный (круглый);"жилы: 3; металл: медь; броня: без брони; оболочка: фторопласт; экран: экран; толщина жил: тонкие (до 2,5 мм²)";44;3;генерация;photos/F02479.webp
F02480;4;2480;Кабель и провод;"Провод многожильный (круглый); 4 жил; жилы тонкие (до 2,5 мм²); жила: медь; оболочка ПВХ";провод многожильный (круглый);"жилы: 4; металл: медь; броня: без брони; оболочка: ПВХ; толщина жил: тонкие (до 2,5 мм²)";44;4;программный рендер;photos/F02480.webp
F02481;4;2481;Кабель и провод;"Провод одножильный; 1 жила; жилы тонкие (до 2,5 мм²); жила: медь; оболочка ПВХ";провод одножильный;"жилы: 1; металл: медь; броня: без брони; оболочка: ПВХ; толщина жил: тонкие (до 2,5 мм²)";44;4;программный рендер;photos/F02481.webp
F02482;4;2482;Кабель и провод;"Провод одножильный; 1 жила; жилы средние (4–16 мм²); жила: медь; изоляция резина; оболочка резина";провод одножильный;"жилы: 1; металл: медь; броня: без брони; оболочка: резина; экран: без экрана; толщина жил: средние (4–16 мм²); изоляция: резина";44;2;программный рендер;photos/F02482.webp
F02483;4;2483;Кабель и провод;"Термопарный; 3 жил; жилы тонкие (до 2,5 мм²); жила: термопарный сплав; оболочка ПВХ";термопарный;"жилы: 3; металл: термопарный сплав; броня: без брони; оболочка: ПВХ; толщина жил: тонкие (до 2,5 мм²)";44;4;генерация;photos/F02483.webp
F02484;4;2484;Кабель и провод;"Термопарный; 5 жил; жилы тонкие (до 2,5 мм²); жила: термопарный сплав; оболочка ПВХ";термопарный;"жилы: 5; металл: термопарный сплав; броня: без брони; оболочка: ПВХ; толщина жил: тонкие (до 2,5 мм²)";44;4;генерация;photos/F02484.webp
F02485;4;2485;Строительное оборудование;Двигатель бензиновый;двигатель бензиновый;;44;2;генерация;photos/F02485.webp
F02486;4;2486;Инструмент;Болгарка;болгарка;;44;3;генерация;photos/F02486.webp
F02487;4;2487;Светильники;Лампа галогеновая;лампа галогеновая;;44;7;генерация;photos/F02487.webp
F02488;4;2488;Светильники;Шинопровод;шинопровод;;44;5;генерация;photos/F02488.webp
F02489;4;2489;Низковольтное оборудование;Дверь;дверь;;44;6;генерация;photos/F02489.webp
F02490;4;2490;Станки и оборудование;Плиткорез ручной;плиткорез ручной;;44;5;генерация;photos/F02490.webp
F02491;4;2491;Станки и оборудование;Развертка ручная;развертка ручная;;44;3;генерация;photos/F02491.webp
F02492;4;2492;Станки и оборудование;Резец токарный;резец токарный;;44;2;генерация;photos/F02492.webp
F02493;4;2493;Станки и оборудование;Станок фуговально-рейсмусовый;станок фуговально-рейсмусовый;;44;6;генерация;photos/F02493.webp
F02494;4;2494;Трубопроводная арматура;Переход стальной;переход стальной;;44;6;генерация;photos/F02494.webp
F02495;4;2495;Монтажные изделия для кабеля;Изделия раздела «Монтажные изделия для кабеля»;изделия раздела «Монтажные изделия для кабеля»;;44;1;генерация;photos/F02495.webp
F02496;4;2496;Складское оборудование;Тележка электрическая;тележка электрическая;;44;6;генерация;photos/F02496.webp
F02497;4;2497;Лотки и кабеленесущие системы;Переход т-образный;переход т-образный;;44;5;генерация;photos/F02497.webp
F02498;4;2498;Лотки и кабеленесущие системы;"Поворот; горячий цинк (матовый)";поворот;признаки: горячий цинк (матовый);44;5;генерация;photos/F02498.webp
F02499;4;2499;Ремни;"Ремень; в бухте (открытый); поликлиновой PK; больше 12 ручьев";ремень;признаки: в бухте (открытый) · поликлиновой PK · больше 12 ручьев;43;4;генерация;photos/F02499.webp
F02500;4;2500;Кабель и провод;"Витая пара (LAN); 4 пар; жила: медь; изоляция полиэтилен; оболочка безгалогенная (LSZH), цвет серый";витая пара (LAN);"жилы: 4 пар; металл: медь; броня: без брони; оболочка: безгалогенная (LSZH); экран: без экрана; толщина жил: —; изоляция: полиэтилен; цвет: серый";43;2;генерация;photos/F02500.webp
F02501;4;2501;Кабель и провод;"Кабель круглый; 13-24 жил; жила: медь; оболочка полиэтилен";кабель круглый;"жилы: 13-24; металл: медь; броня: без брони; оболочка: полиэтилен";43;5;генерация;photos/F02501.webp
F02502;4;2502;Кабель и провод;"Кабель круглый; 1 жила; жилы очень крупные (120+ мм²); жила: алюминий; изоляция сшитый ПЭ; оболочка полиэтилен; броня ленточная";кабель круглый;"жилы: 1; металл: алюминий; броня: броня ленточная; оболочка: полиэтилен; экран: без экрана; толщина жил: очень крупные (120+ мм²); изоляция: сшитый ПЭ";43;3;генерация;photos/F02502.webp
F02503;4;2503;Кабель и провод;"Кабель круглый; 1 жила; жила: медь; оболочка ПВХ";кабель круглый;"жилы: 1; металл: медь; броня: без брони; оболочка: ПВХ";43;5;программный рендер;photos/F02503.webp
F02504;4;2504;Кабель и провод;"Кабель круглый; 1 жила; жилы тонкие (до 2,5 мм²); жила: медь; изоляция ПВХ; оболочка ПВХ, цвет серый; экран (оплетка/фольга видна на срезе)";кабель круглый;"жилы: 1; металл: медь; броня: без брони; оболочка: ПВХ; экран: экран; толщина жил: тонкие (до 2,5 мм²); изоляция: ПВХ; цвет: серый";43;4;генерация;photos/F02504.webp
F02505;4;2505;Кабель и провод;"Кабель круглый; 25-48 жил; жилы средние (4–16 мм²); жила: медь; изоляция силикон; оболочка ПВХ; экран (оплетка/фольга видна на срезе)";кабель круглый;"жилы: 25-48; металл: медь; броня: без брони; оболочка: ПВХ; экран: экран; толщина жил: средние (4–16 мм²); изоляция: силикон";43;6;генерация;photos/F02505.webp
F02506;4;2506;Кабель и провод;"Кабель круглый; 25-48 жил; жилы крупные (25–95 мм²); жила: медь; оболочка резина";кабель круглый;"жилы: 25-48; металл: медь; броня: без брони; оболочка: резина; экран: без экрана; толщина жил: крупные (25–95 мм²)";43;4;генерация;photos/F02506.webp
F02507;4;2507;Кабель и провод;"Кабель круглый; 2 жил; жилы крупные (25–95 мм²); жила: медь; оболочка ПВХ; броня ленточная";кабель круглый;"жилы: 2; металл: медь; броня: броня ленточная; оболочка: ПВХ; экран: без экрана; толщина жил: крупные (25–95 мм²)";43;3;генерация;photos/F02507.webp
F02508;4;2508;Кабель и провод;"Кабель круглый; 3 жил; жилы очень крупные (120+ мм²); жила: алюминий; изоляция сшитый ПЭ; оболочка ПВХ; броня проволочная";кабель круглый;"жилы: 3; металл: алюминий; броня: броня проволочная; оболочка: ПВХ; экран: без экрана; толщина жил: очень крупные (120+ мм²); изоляция: сшитый ПЭ";43;3;генерация;photos/F02508.webp
F02509;4;2509;Кабель и провод;"Кабель круглый; 3 жил; жилы средние (4–16 мм²); жила: медь; оболочка ПВХ";кабель круглый;"жилы: 3; металл: медь; броня: без брони; оболочка: ПВХ; экран: без экрана; толщина жил: средние (4–16 мм²)";43;4;программный рендер;photos/F02509.webp
F02510;4;2510;Кабель и провод;"Кабель круглый; 3 жил; жилы средние (4–16 мм²); жила: медь; изоляция ПВХ; оболочка ПВХ, цвет оранжевый";кабель круглый;"жилы: 3; металл: медь; броня: без брони; оболочка: ПВХ; экран: без экрана; толщина жил: средние (4–16 мм²); изоляция: ПВХ; цвет: оранжевый";43;5;программный рендер;photos/F02510.webp
F02511;4;2511;Кабель и провод;"Кабель круглый; 3 жил; жилы тонкие (до 2,5 мм²); жила: медь; оболочка ПВХ; экран (оплетка/фольга видна на срезе)";кабель круглый;"жилы: 3; металл: медь; броня: без брони; оболочка: ПВХ; экран: экран; толщина жил: тонкие (до 2,5 мм²)";43;5;генерация;photos/F02511.webp
F02512;4;2512;Кабель и провод;"Кабель круглый; 3 жил; жилы тонкие (до 2,5 мм²); жила: медь; изоляция ПВХ; оболочка полиуретан, цвет серый";кабель круглый;"жилы: 3; металл: медь; броня: без брони; оболочка: полиуретан; экран: без экрана; толщина жил: тонкие (до 2,5 мм²); изоляция: ПВХ; цвет: серый";43;5;программный рендер;photos/F02512.webp
F02513;4;2513;Кабель и провод;"Кабель круглый; 3 жил; жилы тонкие (до 2,5 мм²); жила: медь; изоляция сшитый ПЭ; оболочка ПВХ; броня ленточная";кабель круглый;"жилы: 3; металл: медь; броня: броня ленточная; оболочка: ПВХ; экран: без экрана; толщина жил: тонкие (до 2,5 мм²); изоляция: сшитый ПЭ";43;3;генерация;photos/F02513.webp
F02514;4;2514;Кабель и провод;"Кабель круглый; 3 жил; жила: медь; оболочка ПВХ; броня проволочная";кабель круглый;"жилы: 3; металл: медь; броня: броня проволочная; оболочка: ПВХ";43;3;генерация;photos/F02514.webp
F02515;4;2515;Кабель и провод;"Кабель круглый; 3 жил; жилы очень крупные (120+ мм²); жила: медь; изоляция сшитый ПЭ; оболочка ПВХ; броня проволочная";кабель круглый;"жилы: 3; металл: медь; броня: броня проволочная; оболочка: ПВХ; экран: без экрана; толщина жил: очень крупные (120+ мм²); изоляция: сшитый ПЭ";43;3;генерация;photos/F02515.webp
F02516;4;2516;Кабель и провод;"Кабель круглый; 4 жил; жила: медь; оболочка полиуретан";кабель круглый;"жилы: 4; металл: медь; броня: без брони; оболочка: полиуретан";43;6;программный рендер;photos/F02516.webp
F02517;4;2517;Кабель и провод;"Кабель круглый; 4 жил; жилы крупные (25–95 мм²); жила: медь; оболочка термоэластопласт";кабель круглый;"жилы: 4; металл: медь; броня: без брони; оболочка: термоэластопласт; толщина жил: крупные (25–95 мм²)";43;6;программный рендер;photos/F02517.webp
F02518;4;2518;Кабель и провод;"Кабель круглый; 5 жил; жилы очень крупные (120+ мм²); жила: медь; изоляция сшитый ПЭ; оболочка безгалогенная (LSZH)";кабель круглый;"жилы: 5; металл: медь; броня: без брони; оболочка: безгалогенная (LSZH); экран: без экрана; толщина жил: очень крупные (120+ мм²); изоляция: сшитый ПЭ";43;3;программный рендер;photos/F02518.webp
F02519;4;2519;Кабель и провод;"Кабель круглый; 5 жил; жилы тонкие (до 2,5 мм²); жила: медь; изоляция ПВХ; оболочка полиуретан, цвет оранжевый";кабель круглый;"жилы: 5; металл: медь; броня: без брони; оболочка: полиуретан; экран: без экрана; толщина жил: тонкие (до 2,5 мм²); изоляция: ПВХ; цвет: оранжевый";43;4;программный рендер;photos/F02519.webp
F02520;4;2520;Кабель и провод;"Кабель круглый; 5 жил; жилы тонкие (до 2,5 мм²); жила: медь; изоляция резина; оболочка резина; экран (оплетка/фольга видна на срезе)";кабель круглый;"жилы: 5; металл: медь; броня: без брони; оболочка: резина; экран: экран; толщина жил: тонкие (до 2,5 мм²); изоляция: резина";43;3;генерация;photos/F02520.webp
F02521;4;2521;Кабель и провод;"Кабель круглый; 5 жил; жилы средние (4–16 мм²); жила: медь; оболочка термоэластопласт";кабель круглый;"жилы: 5; металл: медь; броня: без брони; оболочка: термоэластопласт; толщина жил: средние (4–16 мм²)";43;6;программный рендер;photos/F02521.webp
F02522;4;2522;Кабель и провод;"Кабель круглый; 6-7 жил; жилы средние (4–16 мм²); жила: медь; изоляция ПВХ; оболочка безгалогенная (LSZH)";кабель круглый;"жилы: 6-7; металл: медь; броня: без брони; оболочка: безгалогенная (LSZH); экран: без экрана; толщина жил: средние (4–16 мм²); изоляция: ПВХ";43;5;генерация;photos/F02522.webp
F02523;4;2523;Кабель и провод;"Кабель круглый; 6-7 жил; жилы крупные (25–95 мм²); жила: медь; изоляция ПВХ; оболочка ПВХ; броня ленточная";кабель круглый;"жилы: 6-7; металл: медь; броня: броня ленточная; оболочка: ПВХ; экран: без экрана; толщина жил: крупные (25–95 мм²); изоляция: ПВХ";43;2;генерация;photos/F02523.webp
F02524;4;2524;Кабель и провод;"Кабель круглый; 6-7 жил; жилы тонкие (до 2,5 мм²); жила: медь; изоляция ПВХ; оболочка полиэтилен; броня ленточная";кабель круглый;"жилы: 6-7; металл: медь; броня: броня ленточная; оболочка: полиэтилен; экран: без экрана; толщина жил: тонкие (до 2,5 мм²); изоляция: ПВХ";43;4;генерация;photos/F02524.webp
F02525;4;2525;Кабель и провод;"Провод обмоточный; 1 жила; жила: медь";провод обмоточный;"жилы: 1; металл: медь; броня: без брони; оболочка: нет";43;4;генерация;photos/F02525.webp
F02526;4;2526;Кабель и провод;"Провод одножильный; 1 жила; жила: медь";провод одножильный;"жилы: 1; металл: медь; броня: без брони";43;6;программный рендер;photos/F02526.webp
F02527;4;2527;Кабель и провод;"Провод одножильный; 1 жила; жилы тонкие (до 2,5 мм²); жила: медь; изоляция силикон";провод одножильный;"жилы: 1; металл: медь; броня: без брони; оболочка: нет (только изоляция); экран: без экрана; толщина жил: тонкие (до 2,5 мм²); изоляция: силикон";43;4;программный рендер;photos/F02527.webp
F02528;4;2528;Кабель и провод;"Термопарный; 3 жил; жила: медь; оболочка ПВХ";термопарный;"жилы: 3; металл: медь; броня: без брони; оболочка: ПВХ";43;5;генерация;photos/F02528.webp
F02529;4;2529;Строительное оборудование;Блок;блок;;43;4;генерация;photos/F02529.webp
F02530;4;2530;Строительное оборудование;Шлифмашина прямая;шлифмашина прямая;;43;4;генерация;photos/F02530.webp
F02531;4;2531;Рукава;"Камлок; нержавеющая сталь";камлок;признаки: нержавеющая сталь;43;1;генерация;photos/F02531.webp
F02532;4;2532;Рукава;Шланг спиральный;шланг спиральный;;43;2;генерация;photos/F02532.webp
F02533;4;2533;Светильники;Декодер;декодер;;43;3;генерация;photos/F02533.webp
F02534;4;2534;Низковольтное оборудование;Вольтметр цифровой;вольтметр цифровой;;43;2;генерация;photos/F02534.webp
F02535;4;2535;Низковольтное оборудование;"Корпус; металлический; навесной; 12–24 модуля";корпус;признаки: металлический · навесной · 12–24 модуля;43;5;генерация;photos/F02535.webp
F02536;4;2536;Низковольтное оборудование;Таймер модульный;таймер модульный;;43;3;генерация;photos/F02536.webp
F02537;4;2537;Низковольтное оборудование;Фотореле;фотореле;;43;5;генерация;photos/F02537.webp
F02538;4;2538;Монтажные изделия для кабеля;Изделия раздела «Монтажные изделия для кабеля»;изделия раздела «Монтажные изделия для кабеля»;;43;1;генерация;photos/F02538.webp
F02539;4;2539;Монтажные изделия для кабеля;Труба;труба;;43;6;генерация;photos/F02539.webp
F02540;4;2540;Складское оборудование;Стропа динамическая;стропа динамическая;;43;1;генерация;photos/F02540.webp
F02541;4;2541;Теплотехника;группа «Обогреватели»;изделия группы «Обогреватели»;;43;4;генерация;photos/F02541.webp
F02542;4;2542;Лотки и кабеленесущие системы;Переход симметричный;переход симметричный;;43;3;генерация;photos/F02542.webp
F02543;4;2543;Кабель и провод;"Кабель круглый; 13-24 жил; жила: алюминий";кабель круглый;"жилы: 13-24; металл: алюминий; броня: без брони";42;7;генерация;photos/F02543.webp
F02544;4;2544;Кабель и провод;"Кабель круглый; 13-24 жил; жилы тонкие (до 2,5 мм²); жила: медь; изоляция ПВХ; оболочка полиуретан; экран (оплетка/фольга видна на срезе)";кабель круглый;"жилы: 13-24; металл: медь; броня: без брони; оболочка: полиуретан; экран: экран; толщина жил: тонкие (до 2,5 мм²); изоляция: ПВХ";42;3;генерация;photos/F02544.webp
F02545;4;2545;Кабель и провод;"Кабель круглый; 13-24 жил; жилы тонкие (до 2,5 мм²); жила: медь; изоляция резина; оболочка безгалогенная (LSZH); броня ленточная";кабель круглый;"жилы: 13-24; металл: медь; броня: броня ленточная; оболочка: безгалогенная (LSZH); экран: без экрана; толщина жил: тонкие (до 2,5 мм²); изоляция: резина";42;7;генерация;photos/F02545.webp
F02546;4;2546;Кабель и провод;"Кабель круглый; 1 жила; жилы крупные (25–95 мм²); жила: алюминий; изоляция сшитый ПЭ; оболочка ПВХ; экран (оплетка/фольга видна на срезе)";кабель круглый;"жилы: 1; металл: алюминий; броня: без брони; оболочка: ПВХ; экран: экран; толщина жил: крупные (25–95 мм²); изоляция: сшитый ПЭ";42;3;генерация;photos/F02546.webp
F02547;4;2547;Кабель и провод;"Кабель круглый; 1 жила; жилы средние (4–16 мм²); жила: алюминий; оболочка безгалогенная (LSZH)";кабель круглый;"жилы: 1; металл: алюминий; броня: без брони; оболочка: безгалогенная (LSZH); экран: без экрана; толщина жил: средние (4–16 мм²)";42;2;программный рендер;photos/F02547.webp
F02548;4;2548;Кабель и провод;"Кабель круглый; 1 жила; жилы очень крупные (120+ мм²); жила: медь; изоляция ПВХ; оболочка полиуретан";кабель круглый;"жилы: 1; металл: медь; броня: без брони; оболочка: полиуретан; экран: без экрана; толщина жил: очень крупные (120+ мм²); изоляция: ПВХ";42;4;программный рендер;photos/F02548.webp
F02549;4;2549;Кабель и провод;"Кабель круглый; 1 жила; жилы тонкие (до 2,5 мм²); жила: медь; изоляция резина; оболочка силикон";кабель круглый;"жилы: 1; металл: медь; броня: без брони; оболочка: силикон; экран: без экрана; толщина жил: тонкие (до 2,5 мм²); изоляция: резина";42;6;программный рендер;photos/F02549.webp
F02550;4;2550;Кабель и провод;"Кабель круглый; 1 жила; жилы очень крупные (120+ мм²); жила: медь; оболочка ПВХ; броня ленточная; экран (оплетка/фольга видна на срезе)";кабель круглый;"жилы: 1; металл: медь; броня: броня ленточная; оболочка: ПВХ; экран: экран; толщина жил: очень крупные (120+ мм²)";42;3;генерация;photos/F02550.webp
F02551;4;2551;Кабель и провод;"Кабель круглый; 25-48 жил; жилы тонкие (до 2,5 мм²); жила: медь; изоляция силикон; оболочка безгалогенная (LSZH); броня ленточная";кабель круглый;"жилы: 25-48; металл: медь; броня: броня ленточная; оболочка: безгалогенная (LSZH); экран: без экрана; толщина жил: тонкие (до 2,5 мм²); изоляция: силикон";42;7;генерация;photos/F02551.webp
F02552;4;2552;Кабель и провод;"Кабель круглый; 2 жил; жила: медь";кабель круглый;"жилы: 2; металл: медь";42;3;генерация;photos/F02552.webp
F02553;4;2553;Кабель и провод;"Кабель круглый; 2 жил; жилы средние (4–16 мм²); жила: медь; изоляция силикон; оболочка ПВХ";кабель круглый;"жилы: 2; металл: медь; броня: без брони; оболочка: ПВХ; экран: без экрана; толщина жил: средние (4–16 мм²); изоляция: силикон";42;3;программный рендер;photos/F02553.webp
F02554;4;2554;Кабель и провод;"Кабель круглый; 2 жил; жилы тонкие (до 2,5 мм²); жила: медь; изоляция сшитый ПЭ; оболочка ПВХ; броня ленточная";кабель круглый;"жилы: 2; металл: медь; броня: броня ленточная; оболочка: ПВХ; экран: без экрана; толщина жил: тонкие (до 2,5 мм²); изоляция: сшитый ПЭ";42;3;генерация;photos/F02554.webp
F02555;4;2555;Кабель и провод;"Кабель круглый; 2 жил; жилы тонкие (до 2,5 мм²); жила: медь; оболочка полиэтилен; броня ленточная";кабель круглый;"жилы: 2; металл: медь; броня: броня ленточная; оболочка: полиэтилен; толщина жил: тонкие (до 2,5 мм²)";42;4;генерация;photos/F02555.webp
F02556;4;2556;Кабель и провод;"Кабель круглый; 3 жил; жила: алюминий; оболочка ПВХ; броня проволочная";кабель круглый;"жилы: 3; металл: алюминий; броня: броня проволочная; оболочка: ПВХ";42;4;генерация;photos/F02556.webp
F02557;4;2557;Кабель и провод;"Кабель круглый; 3 жил; жилы тонкие (до 2,5 мм²); жила: медь; изоляция ПВХ; оболочка полиуретан, цвет оранжевый";кабель круглый;"жилы: 3; металл: медь; броня: без брони; оболочка: полиуретан; экран: без экрана; толщина жил: тонкие (до 2,5 мм²); изоляция: ПВХ; цвет: оранжевый";42;4;программный рендер;photos/F02557.webp
F02558;4;2558;Кабель и провод;"Кабель круглый; 3 жил; жила: медь; оболочка ПВХ; броня ленточная";кабель круглый;"жилы: 3; металл: медь; броня: броня ленточная; оболочка: ПВХ";42;5;генерация;photos/F02558.webp
F02559;4;2559;Кабель и провод;"Кабель круглый; 4 жил; жилы тонкие (до 2,5 мм²); жила: медь; оболочка термоэластопласт";кабель круглый;"жилы: 4; металл: медь; броня: без брони; оболочка: термоэластопласт; толщина жил: тонкие (до 2,5 мм²)";42;6;программный рендер;photos/F02559.webp
F02560;4;2560;Кабель и провод;"Кабель круглый; 4 жил; жилы крупные (25–95 мм²); жила: медь; изоляция резина; оболочка термоэластопласт";кабель круглый;"жилы: 4; металл: медь; броня: без брони; оболочка: термоэластопласт; экран: без экрана; толщина жил: крупные (25–95 мм²); изоляция: резина";42;6;программный рендер;photos/F02560.webp
F02561;4;2561;Кабель и провод;"Кабель круглый; 5 жил; жилы средние (4–16 мм²); жила: алюминий; изоляция сшитый ПЭ; оболочка ПВХ; броня ленточная";кабель круглый;"жилы: 5; металл: алюминий; броня: броня ленточная; оболочка: ПВХ; экран: без экрана; толщина жил: средние (4–16 мм²); изоляция: сшитый ПЭ";42;2;генерация;photos/F02561.webp
F02562;4;2562;Кабель и провод;"Кабель круглый; 5 жил; жилы крупные (25–95 мм²); жила: медь; оболочка полиуретан";кабель круглый;"жилы: 5; металл: медь; броня: без брони; оболочка: полиуретан; толщина жил: крупные (25–95 мм²)";42;6;программный рендер;photos/F02562.webp
F02563;4;2563;Кабель и провод;"Кабель круглый; 5 жил; жила: медь; оболочка резина; броня ленточная";кабель круглый;"жилы: 5; металл: медь; броня: броня ленточная; оболочка: резина";42;5;генерация;photos/F02563.webp
F02564;4;2564;Кабель и провод;"Кабель круглый; 5 жил; жила: медь; оболочка ПВХ; броня проволочная";кабель круглый;"жилы: 5; металл: медь; броня: броня проволочная; оболочка: ПВХ";42;3;генерация;photos/F02564.webp
F02565;4;2565;Кабель и провод;"Кабель круглый; 6-7 жил; жилы тонкие (до 2,5 мм²); жила: алюминий; оболочка ПВХ";кабель круглый;"жилы: 6-7; металл: алюминий; броня: без брони; оболочка: ПВХ; толщина жил: тонкие (до 2,5 мм²)";42;3;генерация;photos/F02565.webp
F02566;4;2566;Кабель и провод;"Кабель круглый; 6-7 жил; жилы средние (4–16 мм²); жила: медь; оболочка ПВХ; экран (оплетка/фольга видна на срезе)";кабель круглый;"жилы: 6-7; металл: медь; броня: без брони; оболочка: ПВХ; экран: экран; толщина жил: средние (4–16 мм²)";42;4;генерация;photos/F02566.webp
F02567;4;2567;Кабель и провод;"Кабель круглый; 6-7 жил; жилы средние (4–16 мм²); жила: медь; изоляция ПВХ; оболочка полиэтилен";кабель круглый;"жилы: 6-7; металл: медь; броня: без брони; оболочка: полиэтилен; экран: без экрана; толщина жил: средние (4–16 мм²); изоляция: ПВХ";42;5;генерация;photos/F02567.webp
F02568;4;2568;Кабель и провод;"Кабель круглый; 6-7 жил; жилы средние (4–16 мм²); жила: медь; оболочка резина; экран (оплетка/фольга видна на срезе)";кабель круглый;"жилы: 6-7; металл: медь; броня: без брони; оболочка: резина; экран: экран; толщина жил: средние (4–16 мм²)";42;3;генерация;photos/F02568.webp
F02569;4;2569;Кабель и провод;"Кабель круглый; 6-7 жил; жилы тонкие (до 2,5 мм²); жила: медь; оболочка полиэтилен; броня ленточная";кабель круглый;"жилы: 6-7; металл: медь; броня: броня ленточная; оболочка: полиэтилен; толщина жил: тонкие (до 2,5 мм²)";42;4;генерация;photos/F02569.webp
F02570;4;2570;Кабель и провод;"Кабель круглый; 8-12 жил; жила: медь; оболочка резина";кабель круглый;"жилы: 8-12; металл: медь; броня: без брони; оболочка: резина";42;3;генерация;photos/F02570.webp
F02571;4;2571;Кабель и провод;"Кабель круглый; 8-12 жил; жилы средние (4–16 мм²); жила: медь; оболочка ПВХ; броня ленточная";кабель круглый;"жилы: 8-12; металл: медь; броня: броня ленточная; оболочка: ПВХ; толщина жил: средние (4–16 мм²)";42;2;генерация;photos/F02571.webp
F02572;4;2572;Кабель и провод;"Кабель круглый; 8-12 жил; жилы тонкие (до 2,5 мм²); жила: медь; оболочка ПВХ; броня ленточная";кабель круглый;"жилы: 8-12; металл: медь; броня: броня ленточная; оболочка: ПВХ; толщина жил: тонкие (до 2,5 мм²)";42;6;генерация;photos/F02572.webp
F02573;4;2573;Кабель и провод;"Кабель круглый; 8-12 жил; жилы тонкие (до 2,5 мм²); жила: медь; оболочка безгалогенная (LSZH); броня ленточная";кабель круглый;"жилы: 8-12; металл: медь; броня: броня ленточная; оболочка: безгалогенная (LSZH); толщина жил: тонкие (до 2,5 мм²)";42;6;генерация;photos/F02573.webp
F02574;4;2574;Кабель и провод;"Кабель круглый; жила: медь; оболочка ПВХ; экран (оплетка/фольга видна на срезе)";кабель круглый;"жилы: не определено; металл: медь; броня: без брони; оболочка: ПВХ; экран: экран; толщина жил: не определено";42;1;генерация;photos/F02574.webp
F02575;4;2575;Кабель и провод;"Кабель плоский; 2 жил; жила: медь";кабель плоский;"жилы: 2; металл: медь; броня: без брони";42;5;генерация;photos/F02575.webp
F02576;4;2576;Кабель и провод;"Нагревательный; жила: медь; изоляция ПВХ; оболочка ПВХ";нагревательный;"жилы: не определено; металл: медь; броня: без брони; оболочка: ПВХ; экран: без экрана; толщина жил: не определено; изоляция: ПВХ";42;1;генерация;photos/F02576.webp
F02577;4;2577;Кабель и провод;"Провод многожильный (круглый); 2 жил; жилы тонкие (до 2,5 мм²); жила: медь; оболочка ПВХ";провод многожильный (круглый);"жилы: 2; металл: медь; броня: без брони; оболочка: ПВХ; толщина жил: тонкие (до 2,5 мм²)";42;4;программный рендер;photos/F02577.webp
F02578;4;2578;Кабель и провод;"Провод многожильный (круглый); 2 жил; жилы тонкие (до 2,5 мм²); жила: сплав; изоляция фторопласт; оболочка ПВХ; экран (оплетка/фольга видна на срезе)";провод многожильный (круглый);"жилы: 2; металл: сплав; броня: без брони; оболочка: ПВХ; экран: экран; толщина жил: тонкие (до 2,5 мм²); изоляция: фторопласт";42;4;генерация;photos/F02578.webp
F02579;4;2579;Кабель и провод;"Провод многожильный (круглый); 3 жил; жилы тонкие (до 2,5 мм²); жила: сплав; изоляция фторопласт; оболочка ПВХ; экран (оплетка/фольга видна на срезе)";провод многожильный (круглый);"жилы: 3; металл: сплав; броня: без брони; оболочка: ПВХ; экран: экран; толщина жил: тонкие (до 2,5 мм²); изоляция: фторопласт";42;4;генерация;photos/F02579.webp
F02580;4;2580;Кабель и провод;"Провод одножильный; 1 жила; жилы очень крупные (120+ мм²); жила: медь; изоляция ПВХ; оболочка ПВХ, цвет белый";провод одножильный;"жилы: 1; металл: медь; броня: без брони; оболочка: ПВХ; экран: без экрана; толщина жил: очень крупные (120+ мм²); изоляция: ПВХ; цвет: белый";42;3;программный рендер;photos/F02580.webp
F02581;4;2581;Кабель и провод;"Провод одножильный; 1 жила; жилы тонкие (до 2,5 мм²); жила: медь; оболочка резина";провод одножильный;"жилы: 1; металл: медь; броня: без брони; оболочка: резина; экран: без экрана; толщина жил: тонкие (до 2,5 мм²)";42;4;программный рендер;photos/F02581.webp
F02582;4;2582;Кабель и провод;"Термопарный; 5 жил; жила: медь; оболочка ПВХ";термопарный;"жилы: 5; металл: медь; броня: без брони; оболочка: ПВХ";42;4;генерация;photos/F02582.webp
F02583;4;2583;Кабель и провод;"Шнур; 6-7 жил; жилы тонкие (до 2,5 мм²); жила: медь; изоляция ПВХ; оболочка ПВХ; экран (оплетка/фольга видна на срезе)";шнур;"жилы: 6-7; металл: медь; броня: без брони; оболочка: ПВХ; экран: экран; толщина жил: тонкие (до 2,5 мм²); изоляция: ПВХ";42;2;генерация;photos/F02583.webp
F02584;4;2584;Строительное оборудование;Виброплита бензиновая;виброплита бензиновая;;42;4;генерация;photos/F02584.webp
F02585;4;2585;Высоковольтное оборудование;Привод;привод;;42;1;генерация;photos/F02585.webp
F02586;4;2586;Светильники;Крепление;крепление;;42;5;генерация;photos/F02586.webp
F02587;4;2587;Низковольтное оборудование;Корпус;корпус;;42;5;генерация;photos/F02587.webp
F02588;4;2588;Низковольтное оборудование;Модуль дифференциальный;модуль дифференциальный;;42;6;генерация;photos/F02588.webp
F02589;4;2589;Низковольтное оборудование;Модуль светодиодный;модуль светодиодный;;42;2;генерация;photos/F02589.webp
F02590;4;2590;Низковольтное оборудование;Ограничитель;ограничитель;;42;5;генерация;photos/F02590.webp
F02591;4;2591;Станки и оборудование;Борфреза коническая;борфреза коническая;;42;3;генерация;photos/F02591.webp
F02592;4;2592;Станки и оборудование;Головка;головка;;42;4;генерация;photos/F02592.webp
F02593;4;2593;Станки и оборудование;Машина;машина;;42;4;генерация;photos/F02593.webp
F02594;4;2594;Станки и оборудование;Метчик трапецеидальный;метчик трапецеидальный;;42;2;генерация;photos/F02594.webp
F02595;4;2595;Станки и оборудование;Полотно каленой;полотно каленой;;42;2;генерация;photos/F02595.webp
F02596;4;2596;Станки и оборудование;Станок вальцовочный;станок вальцовочный;;42;6;генерация;photos/F02596.webp
F02597;4;2597;Станки и оборудование;Станок профилегибочный;станок профилегибочный;;42;4;генерация;photos/F02597.webp
F02598;4;2598;Станки и оборудование;Станок трубогибочный;станок трубогибочный;;42;4;генерация;photos/F02598.webp
F02599;4;2599;Трубопроводная арматура;Затвор;затвор;;42;6;генерация;photos/F02599.webp
F02600;4;2600;Монтажные изделия для кабеля;Изделия раздела «Монтажные изделия для кабеля»;изделия раздела «Монтажные изделия для кабеля»;;42;1;генерация;photos/F02600.webp
F02601;4;2601;Лотки и кабеленесущие системы;"Крышка; горячий цинк (матовый)";крышка;признаки: горячий цинк (матовый);42;6;генерация;photos/F02601.webp
F02602;4;2602;Лотки и кабеленесущие системы;Ответвитель-крышка т-образный;ответвитель-крышка т-образный;;42;6;генерация;photos/F02602.webp
F02603;4;2603;Лотки и кабеленесущие системы;Ответвитель-крышка;ответвитель-крышка;;42;6;генерация;photos/F02603.webp
F02604;4;2604;Лотки и кабеленесущие системы;Стойка кабельная;стойка кабельная;;42;7;генерация;photos/F02604.webp
F02605;4;2605;Кабель и провод;"Кабель круглый; 1 жила; жилы очень крупные (120+ мм²); жила: медь; изоляция ПВХ; оболочка ПВХ, цвет оранжевый";кабель круглый;"жилы: 1; металл: медь; броня: без брони; оболочка: ПВХ; экран: без экрана; толщина жил: очень крупные (120+ мм²); изоляция: ПВХ; цвет: оранжевый";41;3;программный рендер;photos/F02605.webp
F02606;4;2606;Кабель и провод;"Кабель круглый; 2 жил; жилы тонкие (до 2,5 мм²); жила: алюминий; изоляция ПВХ; оболочка ПВХ";кабель круглый;"жилы: 2; металл: алюминий; броня: без брони; оболочка: ПВХ; экран: без экрана; толщина жил: тонкие (до 2,5 мм²); изоляция: ПВХ";41;2;программный рендер;photos/F02606.webp
F02607;4;2607;Кабель и провод;"Кабель круглый; 2 жил; жилы тонкие (до 2,5 мм²); жила: медь; изоляция ПВХ; оболочка полиуретан, цвет серый";кабель круглый;"жилы: 2; металл: медь; броня: без брони; оболочка: полиуретан; экран: без экрана; толщина жил: тонкие (до 2,5 мм²); изоляция: ПВХ; цвет: серый";41;4;программный рендер;photos/F02607.webp
F02608;4;2608;Кабель и провод;"Кабель круглый; 2 жил; жилы крупные (25–95 мм²); жила: медь; оболочка резина";кабель круглый;"жилы: 2; металл: медь; броня: без брони; оболочка: резина; толщина жил: крупные (25–95 мм²)";41;4;программный рендер;photos/F02608.webp
F02609;4;2609;Кабель и провод;"Кабель круглый; 2 жил; жилы крупные (25–95 мм²); жила: медь; изоляция ПВХ; оболочка резина";кабель круглый;"жилы: 2; металл: медь; броня: без брони; оболочка: резина; экран: без экрана; толщина жил: крупные (25–95 мм²); изоляция: ПВХ";41;4;программный рендер;photos/F02609.webp
F02610;4;2610;Кабель и провод;"Кабель круглый; 2 жил; жилы крупные (25–95 мм²); жила: медь; оболочка ПВХ; броня ленточная; экран (оплетка/фольга видна на срезе)";кабель круглый;"жилы: 2; металл: медь; броня: броня ленточная; оболочка: ПВХ; экран: экран; толщина жил: крупные (25–95 мм²)";41;3;генерация;photos/F02610.webp
F02611;4;2611;Кабель и провод;"Кабель круглый; 2 жил; жилы средние (4–16 мм²); жила: медь; оболочка полиэтилен; броня ленточная";кабель круглый;"жилы: 2; металл: медь; броня: броня ленточная; оболочка: полиэтилен; экран: без экрана; толщина жил: средние (4–16 мм²)";41;2;генерация;photos/F02611.webp
F02612;4;2612;Кабель и провод;"Кабель круглый; 2 жил; жилы тонкие (до 2,5 мм²); жила: медь; изоляция ПВХ; оболочка полиэтилен; броня ленточная";кабель круглый;"жилы: 2; металл: медь; броня: броня ленточная; оболочка: полиэтилен; экран: без экрана; толщина жил: тонкие (до 2,5 мм²); изоляция: ПВХ";41;2;генерация;photos/F02612.webp
F02613;4;2613;Кабель и провод;"Кабель круглый; 3 жил; жилы тонкие (до 2,5 мм²); жила: алюминий; изоляция ПВХ; оболочка ПВХ";кабель круглый;"жилы: 3; металл: алюминий; броня: без брони; оболочка: ПВХ; экран: без экрана; толщина жил: тонкие (до 2,5 мм²); изоляция: ПВХ";41;2;программный рендер;photos/F02613.webp
F02614;4;2614;Кабель и провод;"Кабель круглый; 3 жил; жила: алюминий; оболочка полиэтилен";кабель круглый;"жилы: 3; металл: алюминий; броня: без брони; оболочка: полиэтилен";41;5;программный рендер;photos/F02614.webp
F02615;4;2615;Кабель и провод;"Кабель круглый; 3 жил; жилы средние (4–16 мм²); жила: медь; изоляция силикон; оболочка ПВХ";кабель круглый;"жилы: 3; металл: медь; броня: без брони; оболочка: ПВХ; экран: без экрана; толщина жил: средние (4–16 мм²); изоляция: силикон";41;3;программный рендер;photos/F02615.webp
F02616;4;2616;Кабель и провод;"Кабель круглый; 49+ жил; жила: медь; оболочка резина";кабель круглый;"жилы: 49+; металл: медь; броня: без брони; оболочка: резина";41;6;генерация;photos/F02616.webp
F02617;4;2617;Кабель и провод;"Кабель круглый; 49+ жил; жилы тонкие (до 2,5 мм²); жила: медь; оболочка резина; экран (оплетка/фольга видна на срезе)";кабель круглый;"жилы: 49+; металл: медь; броня: без брони; оболочка: резина; экран: экран; толщина жил: тонкие (до 2,5 мм²)";41;5;генерация;photos/F02617.webp
F02618;4;2618;Кабель и провод;"Кабель круглый; 4 жил; жилы крупные (25–95 мм²); жила: алюминий; изоляция резина; оболочка ПВХ; броня ленточная";кабель круглый;"жилы: 4; металл: алюминий; броня: броня ленточная; оболочка: ПВХ; экран: без экрана; толщина жил: крупные (25–95 мм²); изоляция: резина";41;6;генерация;photos/F02618.webp
F02619;4;2619;Кабель и провод;"Кабель круглый; 4 жил; жилы крупные (25–95 мм²); жила: алюминий; изоляция бумага; оболочка алюминий; броня ленточная";кабель круглый;"жилы: 4; металл: алюминий; броня: броня ленточная; оболочка: алюминий; экран: без экрана; толщина жил: крупные (25–95 мм²); изоляция: бумага";41;6;генерация;photos/F02619.webp
F02620;4;2620;Кабель и провод;"Кабель круглый; 4 жил; жилы средние (4–16 мм²); жила: медь; изоляция силикон; оболочка ПВХ";кабель круглый;"жилы: 4; металл: медь; броня: без брони; оболочка: ПВХ; экран: без экрана; толщина жил: средние (4–16 мм²); изоляция: силикон";41;3;программный рендер;photos/F02620.webp
F02621;4;2621;Кабель и провод;"Кабель круглый; 4 жил; жилы тонкие (до 2,5 мм²); жила: медь; изоляция ПВХ; оболочка ПВХ, цвет синий";кабель круглый;"жилы: 4; металл: медь; броня: без брони; оболочка: ПВХ; экран: без экрана; толщина жил: тонкие (до 2,5 мм²); изоляция: ПВХ; цвет: синий";41;4;программный рендер;photos/F02621.webp
F02622;4;2622;Кабель и провод;"Кабель круглый; 4 жил; жила: медь; оболочка термоэластопласт";кабель круглый;"жилы: 4; металл: медь; броня: без брони; оболочка: термоэластопласт";41;6;программный рендер;photos/F02622.webp
F02623;4;2623;Кабель и провод;"Кабель круглый; 5 жил; жилы тонкие (до 2,5 мм²); жила: медь; изоляция ПВХ; оболочка полиуретан, цвет серый";кабель круглый;"жилы: 5; металл: медь; броня: без брони; оболочка: полиуретан; экран: без экрана; толщина жил: тонкие (до 2,5 мм²); изоляция: ПВХ; цвет: серый";41;5;программный рендер;photos/F02623.webp
F02624;4;2624;Кабель и провод;"Кабель круглый; 5 жил; жилы тонкие (до 2,5 мм²); жила: медь; изоляция ПВХ; оболочка безгалогенная (LSZH); броня ленточная";кабель круглый;"жилы: 5; металл: медь; броня: броня ленточная; оболочка: безгалогенная (LSZH); экран: без экрана; толщина жил: тонкие (до 2,5 мм²); изоляция: ПВХ";41;4;генерация;photos/F02624.webp
F02625;4;2625;Кабель и провод;"Кабель круглый; 5 жил; жилы средние (4–16 мм²); жила: медь; оболочка резина; броня ленточная";кабель круглый;"жилы: 5; металл: медь; броня: броня ленточная; оболочка: резина; экран: без экрана; толщина жил: средние (4–16 мм²)";41;2;генерация;photos/F02625.webp
F02626;4;2626;Кабель и провод;"Кабель круглый; 5 жил; жилы тонкие (до 2,5 мм²); жила: медь; изоляция резина; оболочка резина; броня ленточная";кабель круглый;"жилы: 5; металл: медь; броня: броня ленточная; оболочка: резина; экран: без экрана; толщина жил: тонкие (до 2,5 мм²); изоляция: резина";41;3;генерация;photos/F02626.webp
F02627;4;2627;Кабель и провод;"Кабель круглый; 6-7 жил; жилы тонкие (до 2,5 мм²); жила: медь; изоляция резина; оболочка резина; броня ленточная";кабель круглый;"жилы: 6-7; металл: медь; броня: броня ленточная; оболочка: резина; экран: без экрана; толщина жил: тонкие (до 2,5 мм²); изоляция: резина";41;3;генерация;photos/F02627.webp
F02628;4;2628;Кабель и провод;"Кабель круглый; 8-12 жил; жила: медь";кабель круглый;"жилы: 8-12; металл: медь";41;7;генерация;photos/F02628.webp
F02629;4;2629;Кабель и провод;"Кабель круглый; 8-12 жил; жилы тонкие (до 2,5 мм²); жила: медь; оболочка ПВХ";кабель круглый;"жилы: 8-12; металл: медь; броня: без брони; оболочка: ПВХ; толщина жил: тонкие (до 2,5 мм²)";41;5;генерация;photos/F02629.webp
F02630;4;2630;Кабель и провод;"Провод многожильный (круглый); 3 жил; жила: медь; оболочка ПВХ";провод многожильный (круглый);"жилы: 3; металл: медь; броня: без брони; оболочка: ПВХ; толщина жил: не определено";41;5;программный рендер;photos/F02630.webp
F02631;4;2631;Кабель и провод;"Провод многожильный (круглый); 3 жил; жилы средние (4–16 мм²); жила: медь; оболочка резина";провод многожильный (круглый);"жилы: 3; металл: медь; броня: без брони; оболочка: резина; толщина жил: средние (4–16 мм²)";41;4;программный рендер;photos/F02631.webp
F02632;4;2632;Кабель и провод;Провод многожильный (круглый);провод многожильный (круглый);;41;5;генерация;photos/F02632.webp
F02633;4;2633;Кабель и провод;"Провод обмоточный; 1 жила; жила: медь";провод обмоточный;"жилы: 1; металл: медь; броня: без брони; оболочка: нет; экран: без экрана; толщина жил: не определено";41;1;генерация;photos/F02633.webp
F02634;4;2634;Кабель и провод;"Провод одножильный; 1 жила; жилы тонкие (до 2,5 мм²); жила: медь; изоляция фторопласт; цвет изоляции оранжевый";провод одножильный;"жилы: 1; металл: медь; броня: без брони; оболочка: нет (только изоляция); экран: без экрана; толщина жил: тонкие (до 2,5 мм²); изоляция: фторопласт; цвет: оранжевый";41;3;программный рендер;photos/F02634.webp
F02635;4;2635;Кабель и провод;"Провод одножильный; 1 жила; жилы тонкие (до 2,5 мм²); жила: сплав; изоляция фторопласт; цвет изоляции коричневый; экран (оплетка/фольга видна на срезе)";провод одножильный;"жилы: 1; металл: сплав; броня: без брони; оболочка: нет (только изоляция); экран: экран; толщина жил: тонкие (до 2,5 мм²); изоляция: фторопласт; цвет: коричневый";41;4;генерация;photos/F02635.webp
F02636;4;2636;Кабель и провод;"Провод одножильный; 1 жила; жилы тонкие (до 2,5 мм²); жила: сплав; изоляция фторопласт; цвет изоляции синий; экран (оплетка/фольга видна на срезе)";провод одножильный;"жилы: 1; металл: сплав; броня: без брони; оболочка: нет (только изоляция); экран: экран; толщина жил: тонкие (до 2,5 мм²); изоляция: фторопласт; цвет: синий";41;4;генерация;photos/F02636.webp
F02637;4;2637;Кабель и провод;"Термопарный; 4 жил; жилы средние (4–16 мм²); жила: медь; оболочка ПВХ";термопарный;"жилы: 4; металл: медь; броня: без брони; оболочка: ПВХ; толщина жил: средние (4–16 мм²)";41;4;генерация;photos/F02637.webp
F02638;4;2638;Кабель и провод;"Шнур; 4 жил; жилы тонкие (до 2,5 мм²); жила: медь; изоляция ПВХ; оболочка ПВХ; экран (оплетка/фольга видна на срезе)";шнур;"жилы: 4; металл: медь; броня: без брони; оболочка: ПВХ; экран: экран; толщина жил: тонкие (до 2,5 мм²); изоляция: ПВХ";41;1;генерация;photos/F02638.webp
F02639;4;2639;Строительное оборудование;Резак универсальный;резак универсальный;;41;2;генерация;photos/F02639.webp
F02640;4;2640;Электродвигатели;"Электродвигатель; крановый; лапы + фланец";электродвигатель;признаки: крановый · лапы + фланец;41;5;генерация;photos/F02640.webp
F02641;4;2641;Рукава;Штуцер;штуцер;;41;1;генерация;photos/F02641.webp
F02642;4;2642;Низковольтное оборудование;Вилка переносная;вилка переносная;;41;4;генерация;photos/F02642.webp
F02643;4;2643;Низковольтное оборудование;Предохранитель плавкий;предохранитель плавкий;;41;1;генерация;photos/F02643.webp
F02644;4;2644;Низковольтное оборудование;"Шкаф серверный; навесной";шкаф серверный;признаки: навесной;41;2;генерация;photos/F02644.webp
F02645;4;2645;Станки и оборудование;Борфреза сферическая;борфреза сферическая;;41;3;генерация;photos/F02645.webp
F02646;4;2646;Станки и оборудование;Станок заточный;станок заточный;;41;1;генерация;photos/F02646.webp
F02647;4;2647;Редукторы;Фланец выходной;фланец выходной;;41;1;генерация;photos/F02647.webp
F02648;4;2648;Монтажные изделия для кабеля;Переходник соединительный;переходник соединительный;;41;4;генерация;photos/F02648.webp
F02649;4;2649;Складское оборудование;Весы крановые;весы крановые;;41;5;генерация;photos/F02649.webp
F02650;4;2650;Складское оборудование;Канат;канат;;41;5;генерация;photos/F02650.webp
F02651;4;2651;Складское оборудование;Стойка;стойка;;41;5;генерация;photos/F02651.webp
F02652;4;2652;Лотки и кабеленесущие системы;"Поворот вертикальный; вертикальный";поворот вертикальный;признаки: вертикальный;41;3;генерация;photos/F02652.webp
F02653;4;2653;Лотки и кабеленесущие системы;Хомут кабельный;хомут кабельный;;41;1;генерация;photos/F02653.webp
F02654;4;2654;Кабель и провод;"Кабель круглый; 13-24 жил; жилы тонкие (до 2,5 мм²); жила: алюминий; оболочка ПВХ";кабель круглый;"жилы: 13-24; металл: алюминий; броня: без брони; оболочка: ПВХ; экран: без экрана; толщина жил: тонкие (до 2,5 мм²)";40;2;генерация;photos/F02654.webp
F02655;4;2655;Кабель и провод;"Кабель круглый; 13-24 жил; жилы средние (4–16 мм²); жила: медь; оболочка фторопласт";кабель круглый;"жилы: 13-24; металл: медь; броня: без брони; оболочка: фторопласт; толщина жил: средние (4–16 мм²)";40;6;генерация;photos/F02655.webp
F02656;4;2656;Кабель и провод;"Кабель круглый; 13-24 жил; жилы тонкие (до 2,5 мм²); жила: медь; изоляция резина; оболочка ПВХ; броня ленточная";кабель круглый;"жилы: 13-24; металл: медь; броня: броня ленточная; оболочка: ПВХ; экран: без экрана; толщина жил: тонкие (до 2,5 мм²); изоляция: резина";40;5;генерация;photos/F02656.webp
F02657;4;2657;Кабель и провод;"Кабель круглый; 1 жила; жилы очень крупные (120+ мм²); жила: медь; изоляция сшитый ПЭ; оболочка ПВХ; экран (оплетка/фольга видна на срезе)";кабель круглый;"жилы: 1; металл: медь; броня: без брони; оболочка: ПВХ; экран: экран; толщина жил: очень крупные (120+ мм²); изоляция: сшитый ПЭ";40;3;генерация;photos/F02657.webp
F02658;4;2658;Кабель и провод;"Кабель круглый; 1 жила; жилы крупные (25–95 мм²); жила: медь; изоляция резина; оболочка резина; экран (оплетка/фольга видна на срезе)";кабель круглый;"жилы: 1; металл: медь; броня: без брони; оболочка: резина; экран: экран; толщина жил: крупные (25–95 мм²); изоляция: резина";40;3;генерация;photos/F02658.webp
F02659;4;2659;Кабель и провод;"Кабель круглый; 1 жила; жилы крупные (25–95 мм²); жила: медь; оболочка термоэластопласт";кабель круглый;"жилы: 1; металл: медь; броня: без брони; оболочка: термоэластопласт; толщина жил: крупные (25–95 мм²)";40;5;программный рендер;photos/F02659.webp
F02660;4;2660;Кабель и провод;"Кабель круглый; 1 жила; жилы крупные (25–95 мм²); жила: медь; оболочка ПВХ; броня ленточная; экран (оплетка/фольга видна на срезе)";кабель круглый;"жилы: 1; металл: медь; броня: броня ленточная; оболочка: ПВХ; экран: экран; толщина жил: крупные (25–95 мм²)";40;3;генерация;photos/F02660.webp
F02661;4;2661;Кабель и провод;"Кабель круглый; 25-48 жил; жилы тонкие (до 2,5 мм²); жила: алюминий; изоляция ПВХ; оболочка ПВХ";кабель круглый;"жилы: 25-48; металл: алюминий; броня: без брони; оболочка: ПВХ; экран: без экрана; толщина жил: тонкие (до 2,5 мм²); изоляция: ПВХ";40;3;генерация;photos/F02661.webp
F02662;4;2662;Кабель и провод;"Кабель круглый; 25-48 жил; жилы средние (4–16 мм²); жила: медь; оболочка ПВХ; броня ленточная";кабель круглый;"жилы: 25-48; металл: медь; броня: броня ленточная; оболочка: ПВХ; толщина жил: средние (4–16 мм²)";40;4;генерация;photos/F02662.webp
F02663;4;2663;Кабель и провод;"Кабель круглый; 2 жил; жила: алюминий";кабель круглый;"жилы: 2; металл: алюминий; броня: без брони";40;6;программный рендер;photos/F02663.webp
F02664;4;2664;Кабель и провод;"Кабель круглый; 2 жил; жила: алюминий; броня ленточная";кабель круглый;"жилы: 2; металл: алюминий; броня: броня ленточная";40;7;генерация;photos/F02664.webp
F02665;4;2665;Кабель и провод;"Кабель круглый; 2 жил; жила: медь; оболочка фторопласт";кабель круглый;"жилы: 2; металл: медь; броня: без брони; оболочка: фторопласт";40;6;программный рендер;photos/F02665.webp
F02666;4;2666;Кабель и провод;"Кабель круглый; 2 жил; жилы тонкие (до 2,5 мм²); жила: медь; оболочка ПВХ; броня ленточная";кабель круглый;"жилы: 2; металл: медь; броня: броня ленточная; оболочка: ПВХ; экран: без экрана; толщина жил: тонкие (до 2,5 мм²)";40;2;генерация;photos/F02666.webp
F02667;4;2667;Кабель и провод;"Кабель круглый; 3 жил; жилы крупные (25–95 мм²); жила: алюминий; изоляция сшитый ПЭ; оболочка ПВХ; броня проволочная";кабель круглый;"жилы: 3; металл: алюминий; броня: броня проволочная; оболочка: ПВХ; экран: без экрана; толщина жил: крупные (25–95 мм²); изоляция: сшитый ПЭ";40;3;генерация;photos/F02667.webp
F02668;4;2668;Кабель и провод;"Кабель круглый; 3 жил; жилы крупные (25–95 мм²); жила: медь; оболочка ПВХ";кабель круглый;"жилы: 3; металл: медь; броня: без брони; оболочка: ПВХ; толщина жил: крупные (25–95 мм²)";40;6;программный рендер;photos/F02668.webp
F02669;4;2669;Кабель и провод;"Кабель круглый; 3 жил; жилы очень крупные (120+ мм²); жила: медь; изоляция полиэтилен; оболочка ПВХ";кабель круглый;"жилы: 3; металл: медь; броня: без брони; оболочка: ПВХ; экран: без экрана; толщина жил: очень крупные (120+ мм²); изоляция: полиэтилен";40;4;программный рендер;photos/F02669.webp
F02670;4;2670;Кабель и провод;"Кабель круглый; 3 жил; жилы тонкие (до 2,5 мм²); жила: медь; изоляция полиэтилен; оболочка ПВХ";кабель круглый;"жилы: 3; металл: медь; броня: без брони; оболочка: ПВХ; экран: без экрана; толщина жил: тонкие (до 2,5 мм²); изоляция: полиэтилен";40;4;программный рендер;photos/F02670.webp
F02671;4;2671;Кабель и провод;"Кабель круглый; 3 жил; жилы тонкие (до 2,5 мм²); жила: медь; изоляция силикон; оболочка силикон";кабель круглый;"жилы: 3; металл: медь; броня: без брони; оболочка: силикон; экран: без экрана; толщина жил: тонкие (до 2,5 мм²); изоляция: силикон";40;5;программный рендер;photos/F02671.webp
F02672;4;2672;Кабель и провод;"Кабель круглый; 3 жил; жила: медь; оболочка фторопласт";кабель круглый;"жилы: 3; металл: медь; броня: без брони; оболочка: фторопласт";40;6;программный рендер;photos/F02672.webp
F02673;4;2673;Кабель и провод;"Кабель круглый; 3 жил; жилы крупные (25–95 мм²); жила: медь; изоляция сшитый ПЭ; оболочка ПВХ; броня проволочная";кабель круглый;"жилы: 3; металл: медь; броня: броня проволочная; оболочка: ПВХ; экран: без экрана; толщина жил: крупные (25–95 мм²); изоляция: сшитый ПЭ";40;3;генерация;photos/F02673.webp
F02674;4;2674;Кабель и провод;"Кабель круглый; 49+ жил; жила: медь; оболочка безгалогенная (LSZH)";кабель круглый;"жилы: 49+; металл: медь; броня: без брони; оболочка: безгалогенная (LSZH)";40;6;генерация;photos/F02674.webp
F02675;4;2675;Кабель и провод;"Кабель круглый; 49+ жил; жила: медь; оболочка ПВХ; броня ленточная";кабель круглый;"жилы: 49+; металл: медь; броня: броня ленточная; оболочка: ПВХ";40;3;генерация;photos/F02675.webp
F02676;4;2676;Кабель и провод;"Кабель круглый; 4 жил; жилы очень крупные (120+ мм²); жила: алюминий; оболочка безгалогенная (LSZH)";кабель круглый;"жилы: 4; металл: алюминий; броня: без брони; оболочка: безгалогенная (LSZH); экран: без экрана; толщина жил: очень крупные (120+ мм²)";40;5;программный рендер;photos/F02676.webp
F02677;4;2677;Кабель и провод;"Кабель круглый; 4 жил; жилы средние (4–16 мм²); жила: алюминий; изоляция резина; оболочка резина; броня ленточная";кабель круглый;"жилы: 4; металл: алюминий; броня: броня ленточная; оболочка: резина; экран: без экрана; толщина жил: средние (4–16 мм²); изоляция: резина";40;4;генерация;photos/F02677.webp
F02678;4;2678;Кабель и провод;"Кабель круглый; 4 жил; жилы тонкие (до 2,5 мм²); жила: медь; оболочка безгалогенная (LSZH)";кабель круглый;"жилы: 4; металл: медь; броня: без брони; оболочка: безгалогенная (LSZH); экран: без экрана; толщина жил: тонкие (до 2,5 мм²)";40;3;программный рендер;photos/F02678.webp
F02679;4;2679;Кабель и провод;"Кабель круглый; 4 жил; жилы крупные (25–95 мм²); жила: медь; изоляция сшитый ПЭ; оболочка безгалогенная (LSZH); экран (оплетка/фольга видна на срезе)";кабель круглый;"жилы: 4; металл: медь; броня: без брони; оболочка: безгалогенная (LSZH); экран: экран; толщина жил: крупные (25–95 мм²); изоляция: сшитый ПЭ";40;4;генерация;photos/F02679.webp
F02680;4;2680;Кабель и провод;"Кабель круглый; 4 жил; жилы очень крупные (120+ мм²); жила: медь; оболочка полиуретан";кабель круглый;"жилы: 4; металл: медь; броня: без брони; оболочка: полиуретан; толщина жил: очень крупные (120+ мм²)";40;4;программный рендер;photos/F02680.webp
F02681;4;2681;Кабель и провод;"Кабель круглый; 4 жил; жила: медь; оболочка резина";кабель круглый;"жилы: 4; металл: медь; броня: без брони; оболочка: резина";40;5;программный рендер;photos/F02681.webp
F02682;4;2682;Кабель и провод;"Кабель круглый; 4 жил; жилы очень крупные (120+ мм²); жила: медь; изоляция ПВХ; оболочка ПВХ; броня проволочная";кабель круглый;"жилы: 4; металл: медь; броня: броня проволочная; оболочка: ПВХ; экран: без экрана; толщина жил: очень крупные (120+ мм²); изоляция: ПВХ";40;4;генерация;photos/F02682.webp
F02683;4;2683;Кабель и провод;"Кабель круглый; 5 жил; жилы крупные (25–95 мм²); жила: алюминий; оболочка ПВХ";кабель круглый;"жилы: 5; металл: алюминий; броня: без брони; оболочка: ПВХ; толщина жил: крупные (25–95 мм²)";40;5;программный рендер;photos/F02683.webp
F02684;4;2684;Кабель и провод;"Кабель круглый; 5 жил; жилы средние (4–16 мм²); жила: медь; изоляция силикон; оболочка ПВХ";кабель круглый;"жилы: 5; металл: медь; броня: без брони; оболочка: ПВХ; экран: без экрана; толщина жил: средние (4–16 мм²); изоляция: силикон";40;3;программный рендер;photos/F02684.webp
F02685;4;2685;Кабель и провод;"Кабель круглый; 5 жил; жилы крупные (25–95 мм²); жила: медь; оболочка резина; экран (оплетка/фольга видна на срезе)";кабель круглый;"жилы: 5; металл: медь; броня: без брони; оболочка: резина; экран: экран; толщина жил: крупные (25–95 мм²)";40;4;генерация;photos/F02685.webp
F02686;4;2686;Кабель и провод;"Кабель круглый; 5 жил; жилы крупные (25–95 мм²); жила: медь; изоляция ПВХ; оболочка резина; экран (оплетка/фольга видна на срезе)";кабель круглый;"жилы: 5; металл: медь; броня: без брони; оболочка: резина; экран: экран; толщина жил: крупные (25–95 мм²); изоляция: ПВХ";40;3;генерация;photos/F02686.webp
F02687;4;2687;Кабель и провод;"Кабель круглый; 5 жил; жилы крупные (25–95 мм²); жила: медь; оболочка термоэластопласт";кабель круглый;"жилы: 5; металл: медь; броня: без брони; оболочка: термоэластопласт; толщина жил: крупные (25–95 мм²)";40;7;программный рендер;photos/F02687.webp
F02688;4;2688;Кабель и провод;"Кабель круглый; 6-7 жил; жилы средние (4–16 мм²); жила: алюминий; изоляция ПВХ; оболочка ПВХ; экран (оплетка/фольга видна на срезе)";кабель круглый;"жилы: 6-7; металл: алюминий; броня: без брони; оболочка: ПВХ; экран: экран; толщина жил: средние (4–16 мм²); изоляция: ПВХ";40;4;генерация;photos/F02688.webp
F02689;4;2689;Кабель и провод;"Кабель круглый; 6-7 жил; жилы средние (4–16 мм²); жила: алюминий; изоляция ПВХ; оболочка ПВХ; броня ленточная; экран (оплетка/фольга видна на срезе)";кабель круглый;"жилы: 6-7; металл: алюминий; броня: броня ленточная; оболочка: ПВХ; экран: экран; толщина жил: средние (4–16 мм²); изоляция: ПВХ";40;3;генерация;photos/F02689.webp
F02690;4;2690;Кабель и провод;"Кабель круглый; 6-7 жил; жилы средние (4–16 мм²); жила: медь; оболочка резина";кабель круглый;"жилы: 6-7; металл: медь; броня: без брони; оболочка: резина; экран: без экрана; толщина жил: средние (4–16 мм²)";40;5;генерация;photos/F02690.webp
F02691;4;2691;Кабель и провод;"Кабель круглый; 6-7 жил; жилы средние (4–16 мм²); жила: медь; изоляция ПВХ; оболочка ПВХ; броня ленточная; экран (оплетка/фольга видна на срезе)";кабель круглый;"жилы: 6-7; металл: медь; броня: броня ленточная; оболочка: ПВХ; экран: экран; толщина жил: средние (4–16 мм²); изоляция: ПВХ";40;3;генерация;photos/F02691.webp
F02692;4;2692;Кабель и провод;"Кабель круглый; 6-7 жил; жилы тонкие (до 2,5 мм²); жила: медь; оболочка ПВХ; броня";кабель круглый;"жилы: 6-7; металл: медь; броня: броня; оболочка: ПВХ; толщина жил: тонкие (до 2,5 мм²)";40;3;генерация;photos/F02692.webp
F02693;4;2693;Кабель и провод;"Кабель круглый; 8-12 жил; жила: медь; оболочка ПВХ";кабель круглый;"жилы: 8-12; металл: медь; броня: без брони; оболочка: ПВХ";40;5;генерация;photos/F02693.webp
F02694;4;2694;Кабель и провод;"Кабель круглый; 8-12 жил; жила: медь; оболочка полиуретан";кабель круглый;"жилы: 8-12; металл: медь; броня: без брони; оболочка: полиуретан";40;5;генерация;photos/F02694.webp
F02695;4;2695;Кабель и провод;"Кабель круглый; 8-12 жил; жилы средние (4–16 мм²); жила: медь; оболочка резина; экран (оплетка/фольга видна на срезе)";кабель круглый;"жилы: 8-12; металл: медь; броня: без брони; оболочка: резина; экран: экран; толщина жил: средние (4–16 мм²)";40;3;генерация;photos/F02695.webp
F02696;4;2696;Кабель и провод;Кабель круглый;кабель круглый;;40;5;генерация;photos/F02696.webp
F02697;4;2697;Кабель и провод;"Коаксиальный; жила: алюминий; изоляция ПВХ; оболочка ПВХ";коаксиальный;"жилы: —; металл: алюминий; броня: без брони; оболочка: ПВХ; экран: без экрана; толщина жил: —; изоляция: ПВХ";40;1;генерация;photos/F02697.webp
F02698;4;2698;Кабель и провод;"Провод многожильный (круглый); 5 жил; жилы тонкие (до 2,5 мм²); жила: медь; изоляция резина; оболочка резина; экран (оплетка/фольга видна на срезе)";провод многожильный (круглый);"жилы: 5; металл: медь; броня: без брони; оболочка: резина; экран: экран; толщина жил: тонкие (до 2,5 мм²); изоляция: резина";40;4;генерация;photos/F02698.webp
F02699;4;2699;Кабель и провод;"Провод многожильный (круглый); 6-7 жил; жила: медь; оболочка ПВХ";провод многожильный (круглый);"жилы: 6-7; металл: медь; броня: без брони; оболочка: ПВХ";40;6;генерация;photos/F02699.webp
F02700;4;2700;Кабель и провод;"Провод обмоточный; 1 жила; жилы средние (4–16 мм²); жила: медь; изоляция силикон";провод обмоточный;"жилы: 1; металл: медь; броня: без брони; оболочка: нет; экран: без экрана; толщина жил: средние (4–16 мм²); изоляция: силикон";40;2;генерация;photos/F02700.webp
F02701;4;2701;Кабель и провод;"Провод обмоточный; 4 жил; жила: медь; изоляция стекловолокно";провод обмоточный;"жилы: 4; металл: медь; броня: без брони; оболочка: нет; экран: без экрана; толщина жил: не определено; изоляция: стекловолокно";40;2;генерация;photos/F02701.webp
F02702;4;2702;Кабель и провод;"Провод одножильный; 1 жила; жилы средние (4–16 мм²); жила: медь; изоляция ПВХ; оболочка ПВХ, цвет желтый";провод одножильный;"жилы: 1; металл: медь; броня: без брони; оболочка: ПВХ; экран: без экрана; толщина жил: средние (4–16 мм²); изоляция: ПВХ; цвет: желтый";40;2;программный рендер;photos/F02702.webp
F02703;4;2703;Кабель и провод;"Провод одножильный; 1 жила; жилы средние (4–16 мм²); жила: медь; изоляция резина; оболочка ПВХ";провод одножильный;"жилы: 1; металл: медь; броня: без брони; оболочка: ПВХ; экран: без экрана; толщина жил: средние (4–16 мм²); изоляция: резина";40;2;программный рендер;photos/F02703.webp
F02704;4;2704;Кабель и провод;"Провод одножильный; 1 жила; жилы средние (4–16 мм²); жила: медь; изоляция ПВХ; оболочка безгалогенная (LSZH)";провод одножильный;"жилы: 1; металл: медь; броня: без брони; оболочка: безгалогенная (LSZH); экран: без экрана; толщина жил: средние (4–16 мм²); изоляция: ПВХ";40;2;программный рендер;photos/F02704.webp
F02705;4;2705;Кабель и провод;"Провод одножильный; 1 жила; жилы тонкие (до 2,5 мм²); жила: медь; изоляция полиэтилен; цвет изоляции белый";провод одножильный;"жилы: 1; металл: медь; броня: без брони; оболочка: нет (только изоляция); экран: без экрана; толщина жил: тонкие (до 2,5 мм²); изоляция: полиэтилен; цвет: белый";40;4;программный рендер;photos/F02705.webp
F02706;4;2706;Кабель и провод;"Провод одножильный; 1 жила; жилы тонкие (до 2,5 мм²); жила: медь; изоляция полиэтилен; цвет изоляции красный";провод одножильный;"жилы: 1; металл: медь; броня: без брони; оболочка: нет (только изоляция); экран: без экрана; толщина жил: тонкие (до 2,5 мм²); изоляция: полиэтилен; цвет: красный";40;4;программный рендер;photos/F02706.webp
F02707;4;2707;Кабель и провод;"Термопарный; 25-48 жил; жилы средние (4–16 мм²); жила: медь; оболочка ПВХ";термопарный;"жилы: 25-48; металл: медь; броня: без брони; оболочка: ПВХ; толщина жил: средние (4–16 мм²)";40;4;генерация;photos/F02707.webp
F02708;4;2708;Кабель и провод;"Термопарный; 3 жил; жилы крупные (25–95 мм²); жила: термопарный сплав; изоляция ПВХ; оболочка ПВХ; экран (оплетка/фольга видна на срезе)";термопарный;"жилы: 3; металл: термопарный сплав; броня: без брони; оболочка: ПВХ; экран: экран; толщина жил: крупные (25–95 мм²); изоляция: ПВХ";40;2;генерация;photos/F02708.webp
F02709;4;2709;Кабель и провод;"Термопарный; 5 жил; жилы крупные (25–95 мм²); жила: термопарный сплав; изоляция ПВХ; оболочка ПВХ; экран (оплетка/фольга видна на срезе)";термопарный;"жилы: 5; металл: термопарный сплав; броня: без брони; оболочка: ПВХ; экран: экран; толщина жил: крупные (25–95 мм²); изоляция: ПВХ";40;2;генерация;photos/F02709.webp
F02710;4;2710;Кабель и провод;"Термопарный; 8-12 жил; жилы средние (4–16 мм²); жила: медь; оболочка ПВХ";термопарный;"жилы: 8-12; металл: медь; броня: без брони; оболочка: ПВХ; толщина жил: средние (4–16 мм²)";40;4;генерация;photos/F02710.webp
F02711;4;2711;Кабель и провод;"Шнур оптический (патч-корд); жила: оптическое волокно; изоляция ПВХ; оболочка безгалогенная (LSZH), цвет белый";шнур оптический (патч-корд);"жилы: —; металл: оптическое волокно; броня: без брони; оболочка: безгалогенная (LSZH); экран: без экрана; толщина жил: —; изоляция: ПВХ; цвет: белый";40;1;генерация;photos/F02711.webp
F02712;4;2712;Рукава;Шланг термостойкий;шланг термостойкий;;40;1;генерация;photos/F02712.webp
F02713;4;2713;Инструмент;Видеоэндоскоп;видеоэндоскоп;;40;2;генерация;photos/F02713.webp
F02714;4;2714;Инструмент;Машина;машина;;40;6;генерация;photos/F02714.webp
F02715;4;2715;Инструмент;Мегаомметр;мегаомметр;;40;2;генерация;photos/F02715.webp
F02716;4;2716;Светильники;Трек встраиваемый;трек встраиваемый;;40;3;генерация;photos/F02716.webp
F02717;4;2717;Светильники;Усилитель;усилитель;;40;4;генерация;photos/F02717.webp
F02718;4;2718;Низковольтное оборудование;Амперметр цифровой;амперметр цифровой;;40;5;генерация;photos/F02718.webp
F02719;4;2719;Низковольтное оборудование;Датчик индуктивный;датчик индуктивный;;40;1;генерация;photos/F02719.webp
F02720;4;2720;Низковольтное оборудование;Клавиша;клавиша;;40;3;генерация;photos/F02720.webp
F02721;4;2721;Низковольтное оборудование;Матрица светодиодный;матрица светодиодный;;40;7;генерация;photos/F02721.webp
F02722;4;2722;Низковольтное оборудование;"Реле шаговое; на DIN-рейку";реле шаговое;признаки: на DIN-рейку;40;3;генерация;photos/F02722.webp
F02723;4;2723;Низковольтное оборудование;Розетка переносная;розетка переносная;;40;4;генерация;photos/F02723.webp
F02724;4;2724;Станки и оборудование;Борфреза;борфреза;;40;3;генерация;photos/F02724.webp
F02725;4;2725;Станки и оборудование;Сверло комбинированное;сверло комбинированное;;40;1;генерация;photos/F02725.webp
F02726;4;2726;Станки и оборудование;Станок сверлильно-фрезерный;станок сверлильно-фрезерный;;40;4;генерация;photos/F02726.webp
F02727;4;2727;Трубопроводная арматура;"Отвод-охладитель (самое частое в группе); группа «Контрольно-измерительные приборы»";изделия группы «Контрольно-измерительные приборы»;;40;5;генерация;photos/F02727.webp
F02728;4;2728;Трубопроводная арматура;"Затвор поворотный; нержавеющая сталь";затвор поворотный;признаки: нержавеющая сталь;40;6;генерация;photos/F02728.webp
F02729;4;2729;Монтажные изделия для кабеля;Зажим кабельный;зажим кабельный;;40;1;генерация;photos/F02729.webp
F02730;4;2730;Монтажные изделия для кабеля;Муфта соединительная;муфта соединительная;;40;3;генерация;photos/F02730.webp
F02731;4;2731;Монтажные изделия для кабеля;Соединитель цилиндрический;соединитель цилиндрический;;40;1;генерация;photos/F02731.webp
F02732;4;2732;Складское оборудование;Тележка грузовая;тележка грузовая;;40;4;генерация;photos/F02732.webp
F02733;4;2733;Лотки и кабеленесущие системы;Консоль одиночная;консоль одиночная;;40;3;генерация;photos/F02733.webp
F02734;4;2734;Лотки и кабеленесущие системы;Секция шарнирного;секция шарнирного;;40;5;генерация;photos/F02734.webp
F02735;4;2735;Лотки и кабеленесущие системы;"Соединитель горизонтальный; горизонтальный";соединитель горизонтальный;признаки: горизонтальный;40;7;генерация;photos/F02735.webp
F02736;4;2736;Лотки и кабеленесущие системы;"Угол внутренний; внутренний";угол внутренний;признаки: внутренний;40;6;генерация;photos/F02736.webp
F02737;4;2737;Лотки и кабеленесущие системы;"Угол шарнирный; вертикальный";угол шарнирный;признаки: вертикальный;40;5;генерация;photos/F02737.webp
F02738;4;2738;Лотки и кабеленесущие системы;"Хомут; лестничный";хомут;признаки: лестничный;40;6;генерация;photos/F02738.webp
F02739;4;2739;Подшипники;Корпуса уплотнение;корпуса уплотнение;;39;5;генерация;photos/F02739.webp
F02740;4;2740;Конвейерные ленты;Полиацеталь;полиацеталь;;39;2;генерация;photos/F02740.webp
F02741;4;2741;Рукава;группа «Рукава напорные»;изделия группы «Рукава напорные»;;39;2;генерация;photos/F02741.webp
F02742;4;2742;Инструмент;Компрессор масляный;компрессор масляный;;39;4;генерация;photos/F02742.webp
F02743;4;2743;Светильники;Шинопровод трековый;шинопровод трековый;;39;4;генерация;photos/F02743.webp
F02744;4;2744;Низковольтное оборудование;Изолятор шинный;изолятор шинный;;39;3;генерация;photos/F02744.webp
F02745;4;2745;Низковольтное оборудование;Термостат;термостат;;39;4;генерация;photos/F02745.webp
F02746;4;2746;Станки и оборудование;Метчик машинно-ручной;метчик машинно-ручной;;39;2;генерация;photos/F02746.webp
F02747;4;2747;Станки и оборудование;Резьбофреза;резьбофреза;;39;2;генерация;photos/F02747.webp
F02748;4;2748;Лотки и кабеленесущие системы;Заглушка цельная;заглушка цельная;;39;7;генерация;photos/F02748.webp
F02749;4;2749;Лотки и кабеленесущие системы;Крестовина;крестовина;;39;7;генерация;photos/F02749.webp
F02750;4;2750;Лотки и кабеленесущие системы;Профиль универсальный;профиль универсальный;;39;2;генерация;photos/F02750.webp
F02751;4;2751;Лотки и кабеленесущие системы;Шайба;шайба;;39;6;генерация;photos/F02751.webp
F02752;4;2752;Рукава;Шланг силиконовый;шланг силиконовый;;38;2;генерация;photos/F02752.webp
F02753;4;2753;Инструмент;Аппарат аргонодуговой;аппарат аргонодуговой;;38;4;генерация;photos/F02753.webp
F02754;4;2754;Осветительное оборудование;"Светильник; панель (Армстронг)";светильник;признаки: панель (Армстронг);38;6;генерация;photos/F02754.webp
F02755;4;2755;Светильники;Фонарь кемпинговый;фонарь кемпинговый;;38;2;генерация;photos/F02755.webp
F02756;4;2756;Низковольтное оборудование;Модуль сигнальный;модуль сигнальный;;38;1;генерация;photos/F02756.webp
F02757;4;2757;Низковольтное оборудование;"Пускатель закрытый; в корпусе с кнопками";пускатель закрытый;признаки: в корпусе с кнопками;38;3;генерация;photos/F02757.webp
F02758;4;2758;Низковольтное оборудование;Сегмент концевой;сегмент концевой;;38;2;генерация;photos/F02758.webp
F02759;4;2759;Редукторы;Редуктор;редуктор;;38;3;генерация;photos/F02759.webp
F02760;4;2760;Складское оборудование;Трос;трос;;38;3;генерация;photos/F02760.webp
F02761;4;2761;Лотки и кабеленесущие системы;Консоль быстрой;консоль быстрой;;38;5;генерация;photos/F02761.webp
F02762;4;2762;Лотки и кабеленесущие системы;Крепление;крепление;;38;5;генерация;photos/F02762.webp
F02763;4;2763;Электродвигатели;"Лапы; общепромышленный; на лапах";лапы;признаки: общепромышленный · на лапах;37;1;генерация;photos/F02763.webp
F02764;4;2764;Электродвигатели;"Фланец съемный; общепромышленный; на лапах";фланец съемный;признаки: общепромышленный · на лапах;37;1;генерация;photos/F02764.webp
F02765;4;2765;Инструмент;Бензогенератор;бензогенератор;;37;3;генерация;photos/F02765.webp
F02766;4;2766;Низковольтное оборудование;Вилка встраиваемая;вилка встраиваемая;;37;5;генерация;photos/F02766.webp
F02767;4;2767;Низковольтное оборудование;"Контактор магнитный; крупный (115 А+)";контактор магнитный;признаки: крупный (115 А+);37;4;генерация;photos/F02767.webp
F02768;4;2768;Низковольтное оборудование;Крышки;крышки;;37;5;генерация;photos/F02768.webp
F02769;4;2769;Низковольтное оборудование;Люк ревизионный;люк ревизионный;;37;2;генерация;photos/F02769.webp
F02770;4;2770;Низковольтное оборудование;Рамка;рамка;;37;2;генерация;photos/F02770.webp
F02771;4;2771;Низковольтное оборудование;Шина медная;шина медная;;37;1;генерация;photos/F02771.webp
F02772;4;2772;Станки и оборудование;Станок отрезной;станок отрезной;;37;4;генерация;photos/F02772.webp
F02773;4;2773;Лотки и кабеленесущие системы;Крышка двускатная;крышка двускатная;;37;5;генерация;photos/F02773.webp
F02774;4;2774;Ремни;"Ремень; в бухте (открытый); поликлиновой PH; больше 12 ручьев";ремень;признаки: в бухте (открытый) · поликлиновой PH · больше 12 ручьев;36;3;генерация;photos/F02774.webp
F02775;4;2775;Кабель и провод;Витая пара (LAN);витая пара (LAN);;36;5;генерация;photos/F02775.webp
F02776;4;2776;Строительное оборудование;Виброкаток;виброкаток;;36;4;генерация;photos/F02776.webp
F02777;4;2777;Строительное оборудование;Подъемник телескопический;подъемник телескопический;;36;4;генерация;photos/F02777.webp
F02778;4;2778;Строительное оборудование;Подъемник;подъемник;;36;4;генерация;photos/F02778.webp
F02779;4;2779;Строительное оборудование;Шлифмашина ленточная;шлифмашина ленточная;;36;3;генерация;photos/F02779.webp
F02780;4;2780;Электродвигатели;"Электродвигатель; крановый; габарит 100–132; на лапах";электродвигатель;признаки: крановый · габарит 100–132 · на лапах;36;3;генерация;photos/F02780.webp
F02781;4;2781;Низковольтное оборудование;Выключатель пакетный;выключатель пакетный;;36;4;генерация;photos/F02781.webp
F02782;4;2782;Низковольтное оборудование;Крышка защитная;крышка защитная;;36;2;генерация;photos/F02782.webp
F02783;4;2783;Низковольтное оборудование;Маркеры;маркеры;;36;1;генерация;photos/F02783.webp
F02784;4;2784;Низковольтное оборудование;Плата;плата;;36;3;генерация;photos/F02784.webp
F02785;4;2785;Низковольтное оборудование;Предохранитель ножевой;предохранитель ножевой;;36;5;генерация;photos/F02785.webp
F02786;4;2786;Низковольтное оборудование;Реле термисторное;реле термисторное;;36;3;генерация;photos/F02786.webp
F02787;4;2787;Станки и оборудование;Пила циркулярная;пила циркулярная;;36;5;генерация;photos/F02787.webp
F02788;4;2788;Складское оборудование;Верстак двухмбовый;верстак двухмбовый;;36;1;генерация;photos/F02788.webp
F02789;4;2789;Лотки и кабеленесущие системы;Держатель;держатель;;36;6;генерация;photos/F02789.webp
F02790;4;2790;Лотки и кабеленесущие системы;"Лоток лестничный; лестничный; горячий цинк (матовый)";лоток лестничный;признаки: лестничный · горячий цинк (матовый);36;5;генерация;photos/F02790.webp
F02791;4;2791;Лотки и кабеленесущие системы;"Угол внешний; вертикальный";угол внешний;признаки: вертикальный;36;5;генерация;photos/F02791.webp
F02792;4;2792;Лотки и кабеленесущие системы;"Угол внутренний; вертикальный";угол внутренний;признаки: вертикальный;36;5;генерация;photos/F02792.webp
F02793;4;2793;Подшипники;Крышка торцевая;крышка торцевая;;35;3;генерация;photos/F02793.webp
F02794;4;2794;Подшипники;Муфта обгонная;муфта обгонная;;35;5;генерация;photos/F02794.webp
F02795;4;2795;Цепи;Цепь;цепь;;35;4;генерация;photos/F02795.webp
F02796;4;2796;Конвейерные ленты;Лента тефлоновая;лента тефлоновая;;35;2;генерация;photos/F02796.webp
F02797;4;2797;Электродвигатели;"Электродвигатель; взрывозащищенный; габарит 315+; на лапах";электродвигатель;признаки: взрывозащищенный · габарит 315+ · на лапах;35;2;генерация;photos/F02797.webp
F02798;4;2798;Инструмент;Дальномер;дальномер;;35;3;генерация;photos/F02798.webp
F02799;4;2799;Инструмент;Набор диэлектрического;набор диэлектрического;;35;1;генерация;photos/F02799.webp
F02800;4;2800;Инструмент;Станция компрессорная;станция компрессорная;;35;4;генерация;photos/F02800.webp
F02801;4;2801;Светильники;Коннектор выводной;коннектор выводной;;35;2;генерация;photos/F02801.webp
F02802;4;2802;Светильники;Панель светодиодный;панель светодиодный;;35;3;генерация;photos/F02802.webp
F02803;4;2803;Низковольтное оборудование;Привод двигательный;привод двигательный;;35;1;генерация;photos/F02803.webp
F02804;4;2804;Редукторы;Лапы;лапы;;35;1;генерация;photos/F02804.webp
F02805;4;2805;Монтажные изделия для кабеля;Зажим;зажим;;35;3;генерация;photos/F02805.webp
F02806;4;2806;Монтажные изделия для кабеля;Комплект;комплект;;35;4;генерация;photos/F02806.webp
F02807;4;2807;Монтажные изделия для кабеля;Наконечник-гильза;наконечник-гильза;;35;2;генерация;photos/F02807.webp
F02808;4;2808;Складское оборудование;Кран стреловой;кран стреловой;;35;5;генерация;photos/F02808.webp
F02809;4;2809;Складское оборудование;Скоба омегообразная;скоба омегообразная;;35;5;генерация;photos/F02809.webp
F02810;4;2810;Складское оборудование;Цепь грузовая;цепь грузовая;;35;5;генерация;photos/F02810.webp
F02811;4;2811;Лотки и кабеленесущие системы;Болт шестигранный;болт шестигранный;;35;3;генерация;photos/F02811.webp
F02812;4;2812;Лотки и кабеленесущие системы;Заглушка сборная;заглушка сборная;;35;6;генерация;photos/F02812.webp
F02813;4;2813;Лотки и кабеленесущие системы;Протектор;протектор;;35;6;генерация;photos/F02813.webp
F02814;4;2814;Ремни;"Ремень; в бухте (открытый); поликлиновой PL; больше 12 ручьев";ремень;признаки: в бухте (открытый) · поликлиновой PL · больше 12 ручьев;34;3;генерация;photos/F02814.webp
F02815;4;2815;Кабель и провод;Провод обмоточный;провод обмоточный;;34;3;генерация;photos/F02815.webp
F02816;4;2816;Строительное оборудование;Вибратор высокого;вибратор высокого;;34;3;генерация;photos/F02816.webp
F02817;4;2817;Инструмент;Горелка ацетиленовая;горелка ацетиленовая;;34;1;генерация;photos/F02817.webp
F02818;4;2818;Светильники;Фонарь карманный;фонарь карманный;;34;2;генерация;photos/F02818.webp
F02819;4;2819;Низковольтное оборудование;Клемма проходная;клемма проходная;;34;4;генерация;photos/F02819.webp
F02820;4;2820;Низковольтное оборудование;Реле контрольное;реле контрольное;;34;4;генерация;photos/F02820.webp
F02821;4;2821;Низковольтное оборудование;Реле шаговое;реле шаговое;;34;1;генерация;photos/F02821.webp
F02822;4;2822;Станки и оборудование;Пила торцовочная;пила торцовочная;;34;2;генерация;photos/F02822.webp
F02823;4;2823;Станки и оборудование;Фреза фасонная;фреза фасонная;;34;3;генерация;photos/F02823.webp
F02824;4;2824;Монтажные изделия для кабеля;Изделия раздела «Монтажные изделия для кабеля»;изделия раздела «Монтажные изделия для кабеля»;;34;1;генерация;photos/F02824.webp
F02825;4;2825;Монтажные изделия для кабеля;Колодка розеточная;колодка розеточная;;34;2;генерация;photos/F02825.webp
F02826;4;2826;Монтажные изделия для кабеля;Набор;набор;;34;4;генерация;photos/F02826.webp
F02827;4;2827;Монтажные изделия для кабеля;"Труба; гофрированная; ПВХ (серая)";труба;признаки: гофрированная · ПВХ (серая);34;3;генерация;photos/F02827.webp
F02828;4;2828;Монтажные изделия для кабеля;"Труба; гофрированная; ПНД (черная)";труба;признаки: гофрированная · ПНД (черная);34;4;генерация;photos/F02828.webp
F02829;4;2829;Складское оборудование;Аккумулятор свинцово-кислотный;аккумулятор свинцово-кислотный;;34;1;генерация;photos/F02829.webp
F02830;4;2830;Складское оборудование;Верстак мобильный;верстак мобильный;;34;2;генерация;photos/F02830.webp
F02831;4;2831;Складское оборудование;Платформа;платформа;;34;4;генерация;photos/F02831.webp
F02832;4;2832;Складское оборудование;Скоба прямая;скоба прямая;;34;2;генерация;photos/F02832.webp
F02833;4;2833;Инструмент;Видеоскоп;видеоскоп;;33;3;генерация;photos/F02833.webp
F02834;4;2834;Инструмент;Влагомер;влагомер;;33;2;генерация;photos/F02834.webp
F02835;4;2835;Инструмент;Датчик;датчик;;33;3;генерация;photos/F02835.webp
F02836;4;2836;Инструмент;Компрессор малошумный;компрессор малошумный;;33;4;генерация;photos/F02836.webp
F02837;4;2837;Инструмент;Манометр;манометр;;33;3;генерация;photos/F02837.webp
F02838;4;2838;Инструмент;Метеостанция;метеостанция;;33;2;генерация;photos/F02838.webp
F02839;4;2839;Светильники;Фонарь;фонарь;;33;3;генерация;photos/F02839.webp
F02840;4;2840;Низковольтное оборудование;Бокс;бокс;;33;6;генерация;photos/F02840.webp
F02841;4;2841;Низковольтное оборудование;Выключатель;выключатель;;33;2;генерация;photos/F02841.webp
F02842;4;2842;Низковольтное оборудование;Клемма винтовая;клемма винтовая;;33;4;генерация;photos/F02842.webp
F02843;4;2843;Низковольтное оборудование;"Корпус пластиковый; металлический; встраиваемый";корпус пластиковый;признаки: металлический · встраиваемый;33;2;генерация;photos/F02843.webp
F02844;4;2844;Низковольтное оборудование;"Корпус; металлический; встраиваемый; 12–24 модуля";корпус;признаки: металлический · встраиваемый · 12–24 модуля;33;5;генерация;photos/F02844.webp
F02845;4;2845;Низковольтное оборудование;Плата монтажная;плата монтажная;;33;3;генерация;photos/F02845.webp
F02846;4;2846;Низковольтное оборудование;Фиксатор;фиксатор;;33;3;генерация;photos/F02846.webp
F02847;4;2847;Станки и оборудование;Вал строгальный;вал строгальный;;33;3;генерация;photos/F02847.webp
F02848;4;2848;Станки и оборудование;Плиткорез электрический;плиткорез электрический;;33;3;генерация;photos/F02848.webp
F02849;4;2849;Монтажные изделия для кабеля;Изделия раздела «Монтажные изделия для кабеля»;изделия раздела «Монтажные изделия для кабеля»;;33;1;генерация;photos/F02849.webp
F02850;4;2850;Монтажные изделия для кабеля;Изделия раздела «Монтажные изделия для кабеля»;изделия раздела «Монтажные изделия для кабеля»;;33;1;генерация;photos/F02850.webp
F02851;4;2851;Монтажные изделия для кабеля;Клещи;клещи;;33;4;генерация;photos/F02851.webp
F02852;4;2852;Монтажные изделия для кабеля;Мат нагревательный;мат нагревательный;;33;3;генерация;photos/F02852.webp
F02853;4;2853;Кабельные муфты;Муфта оптическая;муфта оптическая;;33;3;генерация;photos/F02853.webp
F02854;4;2854;Складское оборудование;Блок шкивовый;блок шкивовый;;33;6;генерация;photos/F02854.webp
F02855;4;2855;Складское оборудование;Мини-таль электрическая;мини-таль электрическая;;33;5;генерация;photos/F02855.webp
F02856;4;2856;Складское оборудование;Стеллаж мобильный;стеллаж мобильный;;33;1;генерация;photos/F02856.webp
F02857;4;2857;Складское оборудование;Стеллаж настенный;стеллаж настенный;;33;1;генерация;photos/F02857.webp
F02858;4;2858;Кабель и провод;Оптический;оптический;;32;3;генерация;photos/F02858.webp
F02859;4;2859;Видеонаблюдение;Монитор;монитор;;32;4;генерация;photos/F02859.webp
F02860;4;2860;Строительное оборудование;Диск сегментный;диск сегментный;;32;1;генерация;photos/F02860.webp
F02861;4;2861;Инструмент;Термометр инфракрасный;термометр инфракрасный;;32;1;генерация;photos/F02861.webp
F02862;4;2862;Светильники;Лампа натриевая;лампа натриевая;;32;5;генерация;photos/F02862.webp
F02863;4;2863;Низковольтное оборудование;"Автоматический выключатель; в литом корпусе (силовой); 1P+N";автоматический выключатель;признаки: в литом корпусе (силовой) · 1P+N;32;4;генерация;photos/F02863.webp
F02864;4;2864;Низковольтное оборудование;Датчик оптический;датчик оптический;;32;1;генерация;photos/F02864.webp
F02865;4;2865;Низковольтное оборудование;"Контактор конденсаторый; средний";контактор конденсаторый;признаки: средний;32;1;генерация;photos/F02865.webp
F02866;4;2866;Низковольтное оборудование;"Контактор магнитный; малый (до 32 А)";контактор магнитный;признаки: малый (до 32 А);32;1;генерация;photos/F02866.webp
F02867;4;2867;Низковольтное оборудование;"Корпус пластиковый; металлический";корпус пластиковый;признаки: металлический;32;3;генерация;photos/F02867.webp
F02868;4;2868;Низковольтное оборудование;Крышка;крышка;;32;3;генерация;photos/F02868.webp
F02869;4;2869;Низковольтное оборудование;Механизм;механизм;;32;3;генерация;photos/F02869.webp
F02870;4;2870;Низковольтное оборудование;"Шкаф настенный; навесной";шкаф настенный;признаки: навесной;32;2;генерация;photos/F02870.webp
F02871;4;2871;Низковольтное оборудование;Ящик силовой;ящик силовой;;32;5;генерация;photos/F02871.webp
F02872;4;2872;Станки и оборудование;Клеймо буквенное;клеймо буквенное;;32;4;генерация;photos/F02872.webp
F02873;4;2873;Станки и оборудование;Набор токарных;набор токарных;;32;2;генерация;photos/F02873.webp
F02874;4;2874;Станки и оборудование;Станок ленточный;станок ленточный;;32;4;генерация;photos/F02874.webp
F02875;4;2875;Станки и оборудование;Устройство;устройство;;32;3;генерация;photos/F02875.webp
F02876;4;2876;Трубопроводная арматура;Вакуумметр общетехнический;вакуумметр общетехнический;;32;4;генерация;photos/F02876.webp
F02877;4;2877;Монтажные изделия для кабеля;Розетка двойная;розетка двойная;;32;5;генерация;photos/F02877.webp
F02878;4;2878;Складское оборудование;Ось;ось;;32;2;генерация;photos/F02878.webp
F02879;4;2879;Лотки и кабеленесущие системы;Крышка листового;крышка листового;;32;3;генерация;photos/F02879.webp
F02880;4;2880;Лотки и кабеленесущие системы;Крышка листовых;крышка листовых;;32;3;генерация;photos/F02880.webp
F02881;4;2881;Лотки и кабеленесущие системы;Перегородка разделительная;перегородка разделительная;;32;5;генерация;photos/F02881.webp
F02882;4;2882;Лотки и кабеленесущие системы;Пластина угловая;пластина угловая;;32;4;генерация;photos/F02882.webp
F02883;4;2883;Строительное оборудование;Машина заглаживающая;машина заглаживающая;;31;5;генерация;photos/F02883.webp
F02884;4;2884;Электродвигатели;"Вентиляция независимая; общепромышленный; на лапах";вентиляция независимая;признаки: общепромышленный · на лапах;31;1;генерация;photos/F02884.webp
F02885;4;2885;Рукава;Шланг ассенизаторский;шланг ассенизаторский;;31;2;генерация;photos/F02885.webp
F02886;4;2886;Рукава;Шланг трудновоспламеняемый;шланг трудновоспламеняемый;;31;1;генерация;photos/F02886.webp
F02887;4;2887;Инструмент;Гравер электрический;гравер электрический;;31;2;генерация;photos/F02887.webp
F02888;4;2888;Инструмент;"Электрогенератор бензиновый (самое частое в группе); группа «Генераторы»";изделия группы «Генераторы»;;31;4;генерация;photos/F02888.webp
F02889;4;2889;Светильники;Лампа металлогалогенная;лампа металлогалогенная;;31;5;генерация;photos/F02889.webp
F02890;4;2890;Светильники;Рассеиватель;рассеиватель;;31;3;генерация;photos/F02890.webp
F02891;4;2891;Низковольтное оборудование;Воздушный;воздушный;;31;2;генерация;photos/F02891.webp
F02892;4;2892;Низковольтное оборудование;Замок;замок;;31;2;генерация;photos/F02892.webp
F02893;4;2893;Низковольтное оборудование;"Корпус; металлический; навесной; до 8 модулей";корпус;признаки: металлический · навесной · до 8 модулей;31;4;генерация;photos/F02893.webp
F02894;4;2894;Трубопроводная арматура;Счетчик холодной;счетчик холодной;;31;4;генерация;photos/F02894.webp
F02895;4;2895;Монтажные изделия для кабеля;Изделия раздела «Монтажные изделия для кабеля»;изделия раздела «Монтажные изделия для кабеля»;;31;1;генерация;photos/F02895.webp
F02896;4;2896;Монтажные изделия для кабеля;Тройник накладной;тройник накладной;;31;4;генерация;photos/F02896.webp
F02897;4;2897;Лотки и кабеленесущие системы;Планка;планка;;31;5;генерация;photos/F02897.webp
F02898;4;2898;Строительное оборудование;Фреза алмазная;фреза алмазная;;30;2;генерация;photos/F02898.webp
F02899;4;2899;Инструмент;Анемометр;анемометр;;30;2;генерация;photos/F02899.webp
F02900;4;2900;Инструмент;Люксметр;люксметр;;30;2;генерация;photos/F02900.webp
F02901;4;2901;Инструмент;Шлифмашина пневматическая;шлифмашина пневматическая;;30;3;генерация;photos/F02901.webp
F02902;4;2902;Осветительное оборудование;Оповещатель охранно-пожарный;оповещатель охранно-пожарный;;30;2;генерация;photos/F02902.webp
F02903;4;2903;Светильники;Заглушка светонепроницаемая;заглушка светонепроницаемая;;30;2;генерация;photos/F02903.webp
F02904;4;2904;Светильники;Фонарь налобный;фонарь налобный;;30;3;генерация;photos/F02904.webp
F02905;4;2905;Низковольтное оборудование;"Предохранителей основание (самое частое в группе); группа «Предохранители»";изделия группы «Предохранители»;;30;2;генерация;photos/F02905.webp
F02906;4;2906;Низковольтное оборудование;Модуль функциональный;модуль функциональный;;30;1;генерация;photos/F02906.webp
F02907;4;2907;Низковольтное оборудование;"Реле интерфейсное; штекерное (в колодку)";реле интерфейсное;признаки: штекерное (в колодку);30;1;генерация;photos/F02907.webp
F02908;4;2908;Низковольтное оборудование;"Реле субминиатюрное; штекерное (в колодку)";реле субминиатюрное;признаки: штекерное (в колодку);30;2;генерация;photos/F02908.webp
F02909;4;2909;Низковольтное оборудование;Таймер миниатюрный;таймер миниатюрный;;30;2;генерация;photos/F02909.webp
F02910;4;2910;Станки и оборудование;Пила;пила;;30;3;генерация;photos/F02910.webp
F02911;4;2911;Трубопроводная арматура;Электропривод;электропривод;;30;2;генерация;photos/F02911.webp
F02912;4;2912;Монтажные изделия для кабеля;Перчатки;перчатки;;30;4;генерация;photos/F02912.webp
F02913;4;2913;Складское оборудование;Трос буксировочный;трос буксировочный;;30;2;генерация;photos/F02913.webp
F02914;4;2914;Лотки и кабеленесущие системы;Крышка т-образная;крышка т-образная;;30;4;генерация;photos/F02914.webp
F02915;4;2915;Лотки и кабеленесущие системы;"Поворот лестничный; лестничный";поворот лестничный;признаки: лестничный;30;4;генерация;photos/F02915.webp
F02916;4;2916;Лотки и кабеленесущие системы;"Поворот лестничный; лестничный; горячий цинк (матовый)";поворот лестничный;признаки: лестничный · горячий цинк (матовый);30;4;генерация;photos/F02916.webp
F02917;4;2917;Лотки и кабеленесущие системы;Полка кабельная;полка кабельная;;30;2;генерация;photos/F02917.webp
F02918;4;2918;Строительное оборудование;Диск затирочный;диск затирочный;;29;2;генерация;photos/F02918.webp
F02919;4;2919;Строительное оборудование;Пушка тепловая;пушка тепловая;;29;5;генерация;photos/F02919.webp
F02920;4;2920;Строительное оборудование;Резчик;резчик;;29;3;генерация;photos/F02920.webp
F02921;4;2921;Высоковольтное оборудование;Разрядник;разрядник;;29;2;генерация;photos/F02921.webp
F02922;4;2922;Инструмент;Генератор бензиновая;генератор бензиновая;;29;4;генерация;photos/F02922.webp
F02923;4;2923;Светильники;Коннектор прямой;коннектор прямой;;29;3;генерация;photos/F02923.webp
F02924;4;2924;Светильники;Фотореле;фотореле;;29;3;генерация;photos/F02924.webp
F02925;4;2925;Низковольтное оборудование;Автоматич воздушный;автоматич воздушный;;29;4;генерация;photos/F02925.webp
F02926;4;2926;Низковольтное оборудование;"Автоматический выключатель; в литом корпусе (силовой); 3P+N";автоматический выключатель;признаки: в литом корпусе (силовой) · 3P+N;29;4;генерация;photos/F02926.webp
F02927;4;2927;Низковольтное оборудование;Колпачок защитный;колпачок защитный;;29;1;генерация;photos/F02927.webp
F02928;4;2928;Низковольтное оборудование;Оптрон;оптрон;;29;2;генерация;photos/F02928.webp
F02929;4;2929;Низковольтное оборудование;Пч;пч;;29;4;генерация;photos/F02929.webp
F02930;4;2930;Низковольтное оборудование;Разводка шинная;разводка шинная;;29;1;генерация;photos/F02930.webp
F02931;4;2931;Низковольтное оборудование;Электропривод;электропривод;;29;4;генерация;photos/F02931.webp
F02932;4;2932;Станки и оборудование;Ножи строгальные;ножи строгальные;;29;2;генерация;photos/F02932.webp
F02933;4;2933;Станки и оборудование;Сверло центровочное;сверло центровочное;;29;4;генерация;photos/F02933.webp
F02934;4;2934;Станки и оборудование;Станок плоскошлифовальный;станок плоскошлифовальный;;29;2;генерация;photos/F02934.webp
F02935;4;2935;Станки и оборудование;Труборез;труборез;;29;3;генерация;photos/F02935.webp
F02936;4;2936;Монтажные изделия для кабеля;Зажим ответвительный;зажим ответвительный;;29;2;генерация;photos/F02936.webp
F02937;4;2937;Монтажные изделия для кабеля;Люк напольный;люк напольный;;29;1;генерация;photos/F02937.webp
F02938;4;2938;Кабельные муфты;Муфта-кросс;муфта-кросс;;29;2;генерация;photos/F02938.webp
F02939;4;2939;Складское оборудование;Цепь круглозвенная;цепь круглозвенная;;29;4;генерация;photos/F02939.webp
F02940;4;2940;Лотки и кабеленесущие системы;Гайка;гайка;;29;5;генерация;photos/F02940.webp
F02941;4;2941;Лотки и кабеленесущие системы;Ответвитель х-образный;ответвитель х-образный;;29;3;генерация;photos/F02941.webp
F02942;4;2942;Подшипники;Корпус;корпус;;28;3;генерация;photos/F02942.webp
F02943;4;2943;Строительное оборудование;Тара;тара;;28;3;генерация;photos/F02943.webp
F02944;4;2944;Конвейерные ленты;Пластина пористая;пластина пористая;;28;1;генерация;photos/F02944.webp
F02945;4;2945;Рукава;Рукав плоскосворачиваемый;рукав плоскосворачиваемый;;28;2;генерация;photos/F02945.webp
F02946;4;2946;Инструмент;Аппарат плазменной;аппарат плазменной;;28;4;генерация;photos/F02946.webp
F02947;4;2947;Инструмент;Установка инверторная;установка инверторная;;28;3;генерация;photos/F02947.webp
F02948;4;2948;Низковольтное оборудование;"Автоматический выключатель; воздушный (ACB); 4P";автоматический выключатель;признаки: воздушный (ACB) · 4P;28;3;генерация;photos/F02948.webp
F02949;4;2949;Низковольтное оборудование;Блокировка;блокировка;;28;2;генерация;photos/F02949.webp
F02950;4;2950;Низковольтное оборудование;Выключатели-разъединители;выключатели-разъединители;;28;4;генерация;photos/F02950.webp
F02951;4;2951;Низковольтное оборудование;"Корпус навесной; навесной";корпус навесной;признаки: навесной;28;3;генерация;photos/F02951.webp
F02952;4;2952;Низковольтное оборудование;"Корпус этажного; навесной";корпус этажного;признаки: навесной;28;3;генерация;photos/F02952.webp
F02953;4;2953;Низковольтное оборудование;Регулятор;регулятор;;28;3;генерация;photos/F02953.webp
F02954;4;2954;Низковольтное оборудование;Шинка нулевая;шинка нулевая;;28;1;генерация;photos/F02954.webp
F02955;4;2955;Станки и оборудование;Гильотина;гильотина;;28;4;генерация;photos/F02955.webp
F02956;4;2956;Станки и оборудование;Машина сверлильная;машина сверлильная;;28;2;генерация;photos/F02956.webp
F02957;4;2957;Трубопроводная арматура;Мановакуумметр сигнализирующий;мановакуумметр сигнализирующий;;28;3;генерация;photos/F02957.webp
F02958;4;2958;Складское оборудование;Колесо аппаратное;колесо аппаратное;;28;3;генерация;photos/F02958.webp
F02959;4;2959;Складское оборудование;Тележка двухколесная;тележка двухколесная;;28;3;генерация;photos/F02959.webp
F02960;4;2960;Лотки и кабеленесущие системы;Профиль криволинейный;профиль криволинейный;;28;3;генерация;photos/F02960.webp
F02961;4;2961;Подшипники;Кольцо упорное;кольцо упорное;;27;3;генерация;photos/F02961.webp
F02962;4;2962;Ремни;"Ремень; в бухте (открытый); поликлиновой PM; больше 12 ручьев";ремень;признаки: в бухте (открытый) · поликлиновой PM · больше 12 ручьев;27;3;генерация;photos/F02962.webp
F02963;4;2963;Видеонаблюдение;Коробка монтажная;коробка монтажная;;27;4;генерация;photos/F02963.webp
F02964;4;2964;Строительное оборудование;Пад шлифовальный;пад шлифовальный;;27;2;генерация;photos/F02964.webp
F02965;4;2965;Строительное оборудование;Правило алюминиевое;правило алюминиевое;;27;3;генерация;photos/F02965.webp
F02966;4;2966;Строительное оборудование;Удлинитель;удлинитель;;27;3;генерация;photos/F02966.webp
F02967;4;2967;Строительное оборудование;Шлифмашина вибрационная;шлифмашина вибрационная;;27;3;генерация;photos/F02967.webp
F02968;4;2968;Инструмент;Аппарат ручной;аппарат ручной;;27;3;генерация;photos/F02968.webp
F02969;4;2969;Инструмент;Построитель;построитель;;27;3;генерация;photos/F02969.webp
F02970;4;2970;Осветительное оборудование;группа «Уличный светильник»;изделия группы «Уличный светильник»;;27;4;генерация;photos/F02970.webp
F02971;4;2971;Светильники;Патрон подвесной;патрон подвесной;;27;4;генерация;photos/F02971.webp
F02972;4;2972;Низковольтное оборудование;Клеммник пружинный;клеммник пружинный;;27;1;генерация;photos/F02972.webp
F02973;4;2973;Низковольтное оборудование;"Преобразователь частотный; 30 кВт и больше";преобразователь частотный;признаки: 30 кВт и больше;27;4;генерация;photos/F02973.webp
F02974;4;2974;Низковольтное оборудование;"Пускатель электромагнитный; средний";пускатель электромагнитный;признаки: средний;27;5;генерация;photos/F02974.webp
F02975;4;2975;Низковольтное оборудование;"Реле универсальное; штекерное (в колодку)";реле универсальное;признаки: штекерное (в колодку);27;1;генерация;photos/F02975.webp
F02976;4;2976;Станки и оборудование;Патрон токарный;патрон токарный;;27;3;генерация;photos/F02976.webp
F02977;4;2977;Станки и оборудование;Пила дисковая;пила дисковая;;27;4;генерация;photos/F02977.webp
F02978;4;2978;Станки и оборудование;Станок радиально-сверлильный;станок радиально-сверлильный;;27;3;генерация;photos/F02978.webp
F02979;4;2979;Станки и оборудование;Тиски слесарные;тиски слесарные;;27;2;генерация;photos/F02979.webp
F02980;4;2980;Станки и оборудование;Фреза фасочная;фреза фасочная;;27;2;генерация;photos/F02980.webp
F02981;4;2981;Опоры и стойки;Консоль;консоль;;27;1;генерация;photos/F02981.webp
F02982;4;2982;Трубопроводная арматура;Разделитель мембранный;разделитель мембранный;;27;3;генерация;photos/F02982.webp
F02983;4;2983;Редукторы;Набор переходной;набор переходной;;27;1;генерация;photos/F02983.webp
F02984;4;2984;Монтажные изделия для кабеля;Колодка;колодка;;27;3;генерация;photos/F02984.webp
F02985;4;2985;Монтажные изделия для кабеля;Скоба металлическая;скоба металлическая;;27;1;генерация;photos/F02985.webp
F02986;4;2986;Кабельные муфты;"Муфта (самое частое в группе); группа «Кабельные муфты»";изделия группы «Кабельные муфты»;;27;3;генерация;photos/F02986.webp
F02987;4;2987;Складское оборудование;Крюк чалочный;крюк чалочный;;27;5;генерация;photos/F02987.webp
F02988;4;2988;Складское оборудование;Мини;мини;;27;5;генерация;photos/F02988.webp
F02989;4;2989;Складское оборудование;Ричтрак;ричтрак;;27;4;генерация;photos/F02989.webp
F02990;4;2990;Складское оборудование;Тележка каркасная;тележка каркасная;;27;4;генерация;photos/F02990.webp
F02991;4;2991;Лотки и кабеленесущие системы;Соединитель шарнирный;соединитель шарнирный;;27;5;генерация;photos/F02991.webp
F02992;4;2992;Цепи;Цепь вариаторная;цепь вариаторная;;26;1;генерация;photos/F02992.webp
F02993;4;2993;Строительное оборудование;Аппарат;аппарат;;26;4;генерация;photos/F02993.webp
F02994;4;2994;Строительное оборудование;Резак ацетиленовый;резак ацетиленовый;;26;1;генерация;photos/F02994.webp
F02995;4;2995;Инструмент;Газоанализатор;газоанализатор;;26;4;генерация;photos/F02995.webp
F02996;4;2996;Инструмент;Дрель-шуруповерт аккумуляторная;дрель-шуруповерт аккумуляторная;;26;2;генерация;photos/F02996.webp
F02997;4;2997;Инструмент;Мультиметр универсальный;мультиметр универсальный;;26;2;генерация;photos/F02997.webp
F02998;4;2998;Светильники;Профиль алюминиевый;профиль алюминиевый;;26;2;генерация;photos/F02998.webp
F02999;4;2999;Светильники;Профиль-держатель;профиль-держатель;;26;2;генерация;photos/F02999.webp
F03000;4;3000;Низковольтное оборудование;Блок контактный;блок контактный;;26;2;генерация;photos/F03000.webp
F03001;4;3001;Низковольтное оборудование;Детектор;детектор;;26;4;генерация;photos/F03001.webp
F03002;4;3002;Низковольтное оборудование;Клемма пружинная;клемма пружинная;;26;2;генерация;photos/F03002.webp
F03003;4;3003;Низковольтное оборудование;Колодка монтажная;колодка монтажная;;26;3;генерация;photos/F03003.webp
F03004;4;3004;Низковольтное оборудование;"Контактор; в корпусе с кнопками";контактор;признаки: в корпусе с кнопками;26;3;генерация;photos/F03004.webp
F03005;4;3005;Низковольтное оборудование;Контроллер;контроллер;;26;3;генерация;photos/F03005.webp
F03006;4;3006;Низковольтное оборудование;Переключатель трехпозиционный;переключатель трехпозиционный;;26;4;генерация;photos/F03006.webp
F03007;4;3007;Низковольтное оборудование;"Пускатель электромагнитный; крупный (115 А+)";пускатель электромагнитный;признаки: крупный (115 А+);26;3;генерация;photos/F03007.webp
F03008;4;3008;Низковольтное оборудование;Разъем промышленный;разъем промышленный;;26;1;генерация;photos/F03008.webp
F03009;4;3009;Низковольтное оборудование;Терминал клеммный;терминал клеммный;;26;2;генерация;photos/F03009.webp
F03010;4;3010;Станки и оборудование;Ключ;ключ;;26;3;генерация;photos/F03010.webp
F03011;4;3011;Станки и оборудование;Линейка цифровая;линейка цифровая;;26;1;генерация;photos/F03011.webp
F03012;4;3012;Станки и оборудование;Фреза черновая;фреза черновая;;26;2;генерация;photos/F03012.webp
F03013;4;3013;Трубопроводная арматура;"Фланец воротниковый; нержавеющая сталь";фланец воротниковый;признаки: нержавеющая сталь;26;4;генерация;photos/F03013.webp
F03014;4;3014;Монтажные изделия для кабеля;Кабель-канал перфорированный;кабель-канал перфорированный;;26;2;генерация;photos/F03014.webp
F03015;4;3015;Монтажные изделия для кабеля;Набор термоусаживаемых;набор термоусаживаемых;;26;2;генерация;photos/F03015.webp
F03016;4;3016;Монтажные изделия для кабеля;Рукав заземляющий;рукав заземляющий;;26;1;генерация;photos/F03016.webp
F03017;4;3017;Монтажные изделия для кабеля;Шины конфекционированные;шины конфекционированные;;26;1;генерация;photos/F03017.webp
F03018;4;3018;Монтажные изделия для кабеля;Шнур сетевой;шнур сетевой;;26;2;генерация;photos/F03018.webp
F03019;4;3019;Лотки и кабеленесущие системы;Вставка донная;вставка донная;;26;3;генерация;photos/F03019.webp
F03020;4;3020;Лотки и кабеленесущие системы;Кронштейн опорный;кронштейн опорный;;26;3;генерация;photos/F03020.webp
F03021;4;3021;Лотки и кабеленесущие системы;"Крышка горизонтального; горизонтальный";крышка горизонтального;признаки: горизонтальный;26;3;генерация;photos/F03021.webp
F03022;4;3022;Лотки и кабеленесущие системы;Ответвитель накладной;ответвитель накладной;;26;4;генерация;photos/F03022.webp
F03023;4;3023;Подшипники;Кольцо фиксирующее;кольцо фиксирующее;;25;3;генерация;photos/F03023.webp
F03024;4;3024;Подшипники;Направляющая;направляющая;;25;1;генерация;photos/F03024.webp
F03025;4;3025;Строительное оборудование;Виброрейка телескопическая;виброрейка телескопическая;;25;3;генерация;photos/F03025.webp
F03026;4;3026;Строительное оборудование;Коврик полиуретановый;коврик полиуретановый;;25;2;генерация;photos/F03026.webp
F03027;4;3027;Строительное оборудование;Машина мозаично-шлифовальная;машина мозаично-шлифовальная;;25;3;генерация;photos/F03027.webp
F03028;4;3028;Строительное оборудование;Машина плоскошлифовальная;машина плоскошлифовальная;;25;2;генерация;photos/F03028.webp
F03029;4;3029;Гидравлика;Гидронасос основной;гидронасос основной;;25;1;генерация;photos/F03029.webp
F03030;4;3030;Инструмент;Пила цепная;пила цепная;;25;3;генерация;photos/F03030.webp
F03031;4;3031;Инструмент;Прибор;прибор;;25;3;генерация;photos/F03031.webp
F03032;4;3032;Инструмент;Шкала;шкала;;25;1;генерация;photos/F03032.webp
F03033;4;3033;Инструмент;Электроды;электроды;;25;1;генерация;photos/F03033.webp
F03034;4;3034;Светильники;Набор;набор;;25;4;генерация;photos/F03034.webp
F03035;4;3035;Светильники;Экран матовый;экран матовый;;25;2;генерация;photos/F03035.webp
F03036;4;3036;Низковольтное оборудование;Вилка настенная;вилка настенная;;25;3;генерация;photos/F03036.webp
F03037;4;3037;Низковольтное оборудование;Выключатель путевой;выключатель путевой;;25;2;генерация;photos/F03037.webp
F03038;4;3038;Низковольтное оборудование;"Контактор малогабаритный; средний";контактор малогабаритный;признаки: средний;25;2;генерация;photos/F03038.webp
F03039;4;3039;Низковольтное оборудование;"Корпус; металлический; встраиваемый; до 8 модулей";корпус;признаки: металлический · встраиваемый · до 8 модулей;25;4;генерация;photos/F03039.webp
F03040;4;3040;Низковольтное оборудование;Кронштейн;кронштейн;;25;2;генерация;photos/F03040.webp
F03041;4;3041;Низковольтное оборудование;Набор;набор;;25;2;генерация;photos/F03041.webp
F03042;4;3042;Низковольтное оборудование;Перегородки межфазные;перегородки межфазные;;25;1;генерация;photos/F03042.webp
F03043;4;3043;Низковольтное оборудование;Переключатель модульный;переключатель модульный;;25;3;генерация;photos/F03043.webp
F03044;4;3044;Низковольтное оборудование;Приставка дополнительные;приставка дополнительные;;25;1;генерация;photos/F03044.webp
F03045;4;3045;Низковольтное оборудование;"Щиток настенный; навесной; 12–24 модуля";щиток настенный;признаки: навесной · 12–24 модуля;25;4;генерация;photos/F03045.webp
F03046;4;3046;Станки и оборудование;Борфреза сфероконическая;борфреза сфероконическая;;25;3;генерация;photos/F03046.webp
F03047;4;3047;Станки и оборудование;Ножи;ножи;;25;3;генерация;photos/F03047.webp
F03048;4;3048;Станки и оборудование;Подшипник;подшипник;;25;2;генерация;photos/F03048.webp
F03049;4;3049;Станки и оборудование;Станок круглопильный;станок круглопильный;;25;3;генерация;photos/F03049.webp
F03050;4;3050;Станки и оборудование;Установка вытяжная;установка вытяжная;;25;3;генерация;photos/F03050.webp
F03051;4;3051;Насосы;Насос пожарный;насос пожарный;;25;2;генерация;photos/F03051.webp
F03052;4;3052;Монтажные изделия для кабеля;Маркер кабельный;маркер кабельный;;25;2;генерация;photos/F03052.webp
F03053;4;3053;Монтажные изделия для кабеля;"Наконечник кабельный; кольцевой изолированный";наконечник кабельный;признаки: кольцевой изолированный;25;3;генерация;photos/F03053.webp
F03054;4;3054;Складское оборудование;Весы электронные;весы электронные;;25;3;генерация;photos/F03054.webp
F03055;4;3055;Складское оборудование;Звено;звено;;25;3;генерация;photos/F03055.webp
F03056;4;3056;Складское оборудование;Лебедка рычажная;лебедка рычажная;;25;2;генерация;photos/F03056.webp
F03057;4;3057;Складское оборудование;Сборщик;сборщик;;25;3;генерация;photos/F03057.webp
F03058;4;3058;Лотки и кабеленесущие системы;Анкер;анкер;;25;3;генерация;photos/F03058.webp
F03059;4;3059;Подшипники;Гайка стопорная;гайка стопорная;;24;4;генерация;photos/F03059.webp
F03060;4;3060;Подшипники;Сепаратор игольчатый;сепаратор игольчатый;;24;3;генерация;photos/F03060.webp
F03061;4;3061;Кабель и провод;Коаксиальный;коаксиальный;;24;3;генерация;photos/F03061.webp
F03062;4;3062;Строительное оборудование;Подъемник несамоходный;подъемник несамоходный;;24;1;генерация;photos/F03062.webp
F03063;4;3063;Строительное оборудование;Электропривод глубинного;электропривод глубинного;;24;3;генерация;photos/F03063.webp
F03064;4;3064;Рукава;Рукав маслобензостойкий;рукав маслобензостойкий;;24;2;генерация;photos/F03064.webp
F03065;4;3065;Инструмент;Гравер;гравер;;24;4;генерация;photos/F03065.webp
F03066;4;3066;Инструмент;Инвертор;инвертор;;24;3;генерация;photos/F03066.webp
F03067;4;3067;Инструмент;Машина моечная;машина моечная;;24;3;генерация;photos/F03067.webp
F03068;4;3068;Инструмент;Микроскоп цифровой;микроскоп цифровой;;24;1;генерация;photos/F03068.webp
F03069;4;3069;Инструмент;Термоанемометр;термоанемометр;;24;2;генерация;photos/F03069.webp
F03070;4;3070;Светильники;Оповещатель охранно-пожарный;оповещатель охранно-пожарный;;24;2;генерация;photos/F03070.webp
F03071;4;3071;Светильники;Шинопровод встраиваемый;шинопровод встраиваемый;;24;3;генерация;photos/F03071.webp
F03072;4;3072;Низковольтное оборудование;Выключатель концевой;выключатель концевой;;24;3;генерация;photos/F03072.webp
F03073;4;3073;Низковольтное оборудование;Клемма вводная;клемма вводная;;24;3;генерация;photos/F03073.webp
F03074;4;3074;Низковольтное оборудование;Контактор;контактор;;24;4;генерация;photos/F03074.webp
F03075;4;3075;Низковольтное оборудование;"Корпус пластиковый; пластиковый";корпус пластиковый;признаки: пластиковый;24;2;генерация;photos/F03075.webp
F03076;4;3076;Низковольтное оборудование;"Корпус; навесной; больше 54";корпус;признаки: навесной · больше 54;24;3;генерация;photos/F03076.webp
F03077;4;3077;Низковольтное оборудование;Крышка клеммная;крышка клеммная;;24;2;генерация;photos/F03077.webp
F03078;4;3078;Низковольтное оборудование;Панель боковая;панель боковая;;24;2;генерация;photos/F03078.webp
F03079;4;3079;Низковольтное оборудование;Реле ультратонкое;реле ультратонкое;;24;2;генерация;photos/F03079.webp
F03080;4;3080;Низковольтное оборудование;Соединитель шинный;соединитель шинный;;24;1;генерация;photos/F03080.webp
F03081;4;3081;Станки и оборудование;Борфреза алмазная;борфреза алмазная;;24;1;генерация;photos/F03081.webp
F03082;4;3082;Станки и оборудование;Дорн;дорн;;24;2;генерация;photos/F03082.webp
F03083;4;3083;Станки и оборудование;Кулачки;кулачки;;24;3;генерация;photos/F03083.webp
F03084;4;3084;Станки и оборудование;Труборез ручной;труборез ручной;;24;2;генерация;photos/F03084.webp
F03085;4;3085;Станки и оборудование;Центр упорный;центр упорный;;24;2;генерация;photos/F03085.webp
F03086;4;3086;Трубопроводная арматура;Вакуумметр сигнализирующий;вакуумметр сигнализирующий;;24;3;генерация;photos/F03086.webp
F03087;4;3087;Трубопроводная арматура;Мановакуумметр общетехнический;мановакуумметр общетехнический;;24;3;генерация;photos/F03087.webp
F03088;4;3088;Трубопроводная арматура;Мановакуумметр показывающий;мановакуумметр показывающий;;24;1;генерация;photos/F03088.webp
F03089;4;3089;Трубопроводная арматура;Редуктор;редуктор;;24;3;генерация;photos/F03089.webp
F03090;4;3090;Трубопроводная арматура;Тройник стальной;тройник стальной;;24;3;генерация;photos/F03090.webp
F03091;4;3091;Трубопроводная арматура;Электропривод многооборотный;электропривод многооборотный;;24;1;генерация;photos/F03091.webp
F03092;4;3092;Насосы;Станция;станция;;24;3;генерация;photos/F03092.webp
F03093;4;3093;Монтажные изделия для кабеля;Металлорукав неизолированный;металлорукав неизолированный;;24;2;генерация;photos/F03093.webp
F03094;4;3094;Монтажные изделия для кабеля;Рамка горизонтальная;рамка горизонтальная;;24;3;генерация;photos/F03094.webp
F03095;4;3095;Монтажные изделия для кабеля;"Труба; гофрированная";труба;признаки: гофрированная;24;5;генерация;photos/F03095.webp
F03096;4;3096;Складское оборудование;Аккумулятор;аккумулятор;;24;4;генерация;photos/F03096.webp
F03097;4;3097;Складское оборудование;Захват магнитный;захват магнитный;;24;4;генерация;photos/F03097.webp
F03098;4;3098;Складское оборудование;Колесо большегрузное;колесо большегрузное;;24;3;генерация;photos/F03098.webp
F03099;4;3099;Складское оборудование;Погрузчик;погрузчик;;24;3;генерация;photos/F03099.webp
F03100;4;3100;Лотки и кабеленесущие системы;"Лоток крашенный; перфорированный";лоток крашенный;признаки: перфорированный;24;3;генерация;photos/F03100.webp
F03101;4;3101;Лотки и кабеленесущие системы;Направляющая;направляющая;;24;3;генерация;photos/F03101.webp
F03102;4;3102;Лотки и кабеленесущие системы;"Соединитель вертикальный; вертикальный";соединитель вертикальный;признаки: вертикальный;24;4;генерация;photos/F03102.webp
F03103;4;3103;Лотки и кабеленесущие системы;Тм крепление;тм крепление;;24;3;генерация;photos/F03103.webp
F03104;4;3104;Лотки и кабеленесущие системы;Траверса;траверса;;24;3;генерация;photos/F03104.webp
F03105;4;3105;Строительное оборудование;Краскораспылитель безвоздушный;краскораспылитель безвоздушный;;23;1;генерация;photos/F03105.webp
F03106;4;3106;Строительное оборудование;Швонарезчик;швонарезчик;;23;3;генерация;photos/F03106.webp
F03107;4;3107;Электродвигатели;"Электродвигатель; взрывозащищенный";электродвигатель;признаки: взрывозащищенный;23;4;генерация;photos/F03107.webp
F03108;4;3108;Электродвигатели;"Электродвигатель; однофазный; габарит 100–132; на лапах";электродвигатель;признаки: однофазный · габарит 100–132 · на лапах;23;4;генерация;photos/F03108.webp
F03109;4;3109;Инструмент;Заклепочник аккумуляторный;заклепочник аккумуляторный;;23;2;генерация;photos/F03109.webp
F03110;4;3110;Инструмент;Клещи электроизмерительные;клещи электроизмерительные;;23;1;генерация;photos/F03110.webp
F03111;4;3111;Инструмент;Рефрактометр;рефрактометр;;23;3;генерация;photos/F03111.webp
F03112;4;3112;Светильники;Комплект;комплект;;23;3;генерация;photos/F03112.webp
F03113;4;3113;Светильники;Конвертер;конвертер;;23;2;генерация;photos/F03113.webp
F03114;4;3114;Низковольтное оборудование;Авр;авр;;23;3;генерация;photos/F03114.webp
F03115;4;3115;Низковольтное оборудование;"Бокс; навесной";бокс;признаки: навесной;23;4;генерация;photos/F03115.webp
F03116;4;3116;Низковольтное оборудование;Зажим фиксирующий;зажим фиксирующий;;23;1;генерация;photos/F03116.webp
F03117;4;3117;Низковольтное оборудование;"Контактор силовой; средний";контактор силовой;признаки: средний;23;3;генерация;photos/F03117.webp
F03118;4;3118;Низковольтное оборудование;Маркер наборный;маркер наборный;;23;1;генерация;photos/F03118.webp
F03119;4;3119;Низковольтное оборудование;"Пускатель электромагнитный; в корпусе с кнопками";пускатель электромагнитный;признаки: в корпусе с кнопками;23;2;генерация;photos/F03119.webp
F03120;4;3120;Станки и оборудование;Головка предохранительная;головка предохранительная;;23;3;генерация;photos/F03120.webp
F03121;4;3121;Станки и оборудование;Пресс;пресс;;23;4;генерация;photos/F03121.webp
F03122;4;3122;Станки и оборудование;Станок резьбонарезной;станок резьбонарезной;;23;2;генерация;photos/F03122.webp
F03123;4;3123;Станки и оборудование;Трубогиб ручной;трубогиб ручной;;23;3;генерация;photos/F03123.webp
F03124;4;3124;Трубопроводная арматура;Мановакуумметр аммиачный;мановакуумметр аммиачный;;23;2;генерация;photos/F03124.webp
F03125;4;3125;Трубопроводная арматура;Манометр корабельный;манометр корабельный;;23;1;генерация;photos/F03125.webp
F03126;4;3126;Насосы;Установка канализационная;установка канализационная;;23;3;генерация;photos/F03126.webp
F03127;4;3127;Монтажные изделия для кабеля;Матрица;матрица;;23;1;генерация;photos/F03127.webp
F03128;4;3128;Монтажные изделия для кабеля;Розетка электрическая;розетка электрическая;;23;4;генерация;photos/F03128.webp
F03129;4;3129;Монтажные изделия для кабеля;Рукав плетеный;рукав плетеный;;23;2;генерация;photos/F03129.webp
F03130;4;3130;Монтажные изделия для кабеля;Угол плоский;угол плоский;;23;5;генерация;photos/F03130.webp
F03131;4;3131;Монтажные изделия для кабеля;Удлинитель-шнур;удлинитель-шнур;;23;1;генерация;photos/F03131.webp
F03132;4;3132;Складское оборудование;Лебедка канатная;лебедка канатная;;23;2;генерация;photos/F03132.webp
F03133;4;3133;Лотки и кабеленесущие системы;"Лоток крашенный; неперфорированный";лоток крашенный;признаки: неперфорированный;23;3;генерация;photos/F03133.webp
F03134;4;3134;Лотки и кабеленесущие системы;"Отвод т-образный; горизонтальный";отвод т-образный;признаки: горизонтальный;23;4;генерация;photos/F03134.webp
F03135;4;3135;Лотки и кабеленесущие системы;"Отвод т-образный; горизонтальный; горячий цинк (матовый)";отвод т-образный;признаки: горизонтальный · горячий цинк (матовый);23;4;генерация;photos/F03135.webp
F03136;4;3136;Строительное оборудование;Бензорез;бензорез;;22;3;генерация;photos/F03136.webp
F03137;4;3137;Строительное оборудование;Краскопульт аккумуляторный;краскопульт аккумуляторный;;22;3;генерация;photos/F03137.webp
F03138;4;3138;Строительное оборудование;Мотобур;мотобур;;22;3;генерация;photos/F03138.webp
F03139;4;3139;Электродвигатели;"Комплект; общепромышленный; на лапах";комплект;признаки: общепромышленный · на лапах;22;1;генерация;photos/F03139.webp
F03140;4;3140;Рукава;Рукав пищевой;рукав пищевой;;22;3;генерация;photos/F03140.webp
F03141;4;3141;Инструмент;Генератор газопоршневая;генератор газопоршневая;;22;1;генерация;photos/F03141.webp
F03142;4;3142;Инструмент;Дрель электрическая;дрель электрическая;;22;2;генерация;photos/F03142.webp
F03143;4;3143;Инструмент;Колесо измерительное;колесо измерительное;;22;1;генерация;photos/F03143.webp
F03144;4;3144;Инструмент;Микроскоп биологический;микроскоп биологический;;22;1;генерация;photos/F03144.webp
F03145;4;3145;Светильники;Коннектор тройной;коннектор тройной;;22;2;генерация;photos/F03145.webp
F03146;4;3146;Светильники;Крепеж;крепеж;;22;3;генерация;photos/F03146.webp
F03147;4;3147;Низковольтное оборудование;Клемма силовая;клемма силовая;;22;3;генерация;photos/F03147.webp
F03148;4;3148;Низковольтное оборудование;Кнопка двойная;кнопка двойная;;22;2;генерация;photos/F03148.webp
F03149;4;3149;Низковольтное оборудование;Реле температурное;реле температурное;;22;2;генерация;photos/F03149.webp
F03150;4;3150;Низковольтное оборудование;Таймер цифровой;таймер цифровой;;22;2;генерация;photos/F03150.webp
F03151;4;3151;Станки и оборудование;Арматурогиб ручной;арматурогиб ручной;;22;2;генерация;photos/F03151.webp
F03152;4;3152;Станки и оборудование;Камнерез;камнерез;;22;2;генерация;photos/F03152.webp
F03153;4;3153;Станки и оборудование;Нож строгальный;нож строгальный;;22;2;генерация;photos/F03153.webp
F03154;4;3154;Станки и оборудование;Станок фальцеосадочный;станок фальцеосадочный;;22;3;генерация;photos/F03154.webp
F03155;4;3155;Монтажные изделия для кабеля;Изделия раздела «Монтажные изделия для кабеля»;изделия раздела «Монтажные изделия для кабеля»;;22;1;генерация;photos/F03155.webp
F03156;4;3156;Складское оборудование;Захват вертикальный;захват вертикальный;;22;2;генерация;photos/F03156.webp
F03157;4;3157;Складское оборудование;Кран;кран;;22;3;генерация;photos/F03157.webp
F03158;4;3158;Складское оборудование;Радиоуправление;радиоуправление;;22;2;генерация;photos/F03158.webp
F03159;4;3159;Складское оборудование;Цепь;цепь;;22;3;генерация;photos/F03159.webp
F03160;4;3160;Лотки и кабеленесущие системы;Кронштейн рожковый;кронштейн рожковый;;22;2;генерация;photos/F03160.webp
F03161;4;3161;Лотки и кабеленесущие системы;Переход крестообразный;переход крестообразный;;22;3;генерация;photos/F03161.webp
F03162;4;3162;Лотки и кабеленесущие системы;"Разветвитель т-образный; горячий цинк (матовый)";разветвитель т-образный;признаки: горячий цинк (матовый);22;3;генерация;photos/F03162.webp
F03163;4;3163;Строительное оборудование;Балансир;балансир;;21;4;генерация;photos/F03163.webp
F03164;4;3164;Строительное оборудование;Вибратор портативный;вибратор портативный;;21;3;генерация;photos/F03164.webp
F03165;4;3165;Строительное оборудование;Краскопульт;краскопульт;;21;3;генерация;photos/F03165.webp
F03166;4;3166;Строительное оборудование;Машина разметочная;машина разметочная;;21;3;генерация;photos/F03166.webp
F03167;4;3167;Строительное оборудование;Ролик подающий;ролик подающий;;21;1;генерация;photos/F03167.webp
F03168;4;3168;Электродвигатели;"Электродвигатель взрывозащищенный; взрывозащищенный; габарит 56–90; лапы + фланец";электродвигатель взрывозащищенный;признаки: взрывозащищенный · габарит 56–90 · лапы + фланец;21;3;генерация;photos/F03168.webp
F03169;4;3169;Инструмент;"Мини-дрель (самое частое в группе); группа «Дрели»";изделия группы «Дрели»;;21;2;генерация;photos/F03169.webp
F03170;4;3170;Инструмент;Дрель безударная;дрель безударная;;21;1;генерация;photos/F03170.webp
F03171;4;3171;Инструмент;Мультиметр профессиональный;мультиметр профессиональный;;21;2;генерация;photos/F03171.webp
F03172;4;3172;Инструмент;Очки защитные;очки защитные;;21;1;генерация;photos/F03172.webp
F03173;4;3173;Инструмент;Рулетка лазерная;рулетка лазерная;;21;1;генерация;photos/F03173.webp
F03174;4;3174;Инструмент;Тахометр;тахометр;;21;2;генерация;photos/F03174.webp
F03175;4;3175;Осветительное оборудование;Светильник;светильник;;21;3;генерация;photos/F03175.webp
F03176;4;3176;Светильники;Драйвер;драйвер;;21;4;генерация;photos/F03176.webp
F03177;4;3177;Светильники;Кронштейн;кронштейн;;21;3;генерация;photos/F03177.webp
F03178;4;3178;Низковольтное оборудование;Блокировка взаимная;блокировка взаимная;;21;3;генерация;photos/F03178.webp
F03179;4;3179;Низковольтное оборудование;Вентилятор;вентилятор;;21;3;генерация;photos/F03179.webp
F03180;4;3180;Низковольтное оборудование;"Выключатель-разъединитель откидной; силовой";выключатель-разъединитель откидной;признаки: силовой;21;4;генерация;photos/F03180.webp
F03181;4;3181;Низковольтное оборудование;Защелка;защелка;;21;3;генерация;photos/F03181.webp
F03182;4;3182;Низковольтное оборудование;"Контактор реверсивный; крупный (115 А+)";контактор реверсивный;признаки: крупный (115 А+);21;4;генерация;photos/F03182.webp
F03183;4;3183;Низковольтное оборудование;"Корпус металлический; металлический";корпус металлический;признаки: металлический;21;3;генерация;photos/F03183.webp
F03184;4;3184;Низковольтное оборудование;Лента;лента;;21;3;генерация;photos/F03184.webp
F03185;4;3185;Низковольтное оборудование;Патрон;патрон;;21;4;генерация;photos/F03185.webp
F03186;4;3186;Низковольтное оборудование;Термостат комнатный;термостат комнатный;;21;2;генерация;photos/F03186.webp
F03187;4;3187;Низковольтное оборудование;Фотореле корпусное;фотореле корпусное;;21;2;генерация;photos/F03187.webp
F03188;4;3188;Станки и оборудование;Адаптер;адаптер;;21;3;генерация;photos/F03188.webp
F03189;4;3189;Станки и оборудование;Метчик трубный;метчик трубный;;21;3;генерация;photos/F03189.webp
F03190;4;3190;Станки и оборудование;Ножницы;ножницы;;21;3;генерация;photos/F03190.webp
F03191;4;3191;Станки и оборудование;Оправка переходная;оправка переходная;;21;2;генерация;photos/F03191.webp
F03192;4;3192;Станки и оборудование;Приспособление;приспособление;;21;3;генерация;photos/F03192.webp
F03193;4;3193;Станки и оборудование;Станок зиговочный;станок зиговочный;;21;3;генерация;photos/F03193.webp
F03194;4;3194;Станки и оборудование;Тиски машинные;тиски машинные;;21;2;генерация;photos/F03194.webp
F03195;4;3195;Опоры и стойки;Блок анкерный;блок анкерный;;21;1;генерация;photos/F03195.webp
F03196;4;3196;Трубопроводная арматура;Переходник;переходник;;21;2;генерация;photos/F03196.webp
F03197;4;3197;Монтажные изделия для кабеля;Дюбель-хомут;дюбель-хомут;;21;3;генерация;photos/F03197.webp
F03198;4;3198;Монтажные изделия для кабеля;Тройник соединительный;тройник соединительный;;21;1;генерация;photos/F03198.webp
F03199;4;3199;Складское оборудование;Ролик;ролик;;21;2;генерация;photos/F03199.webp
F03200;4;3200;Складское оборудование;Рым-болт;рым-болт;;21;1;генерация;photos/F03200.webp
F03201;4;3201;Лотки и кабеленесущие системы;Уголок крепежный;уголок крепежный;;21;2;генерация;photos/F03201.webp
F03202;4;3202;Строительное оборудование;"Бетонорез электрический (самое частое в группе); группа «Резчики»";изделия группы «Резчики»;;20;2;генерация;photos/F03202.webp
F03203;4;3203;Строительное оборудование;Электропривод;электропривод;;20;3;генерация;photos/F03203.webp
F03204;4;3204;Электродвигатели;"Фланец выходной; общепромышленный; на лапах";фланец выходной;признаки: общепромышленный · на лапах;20;1;генерация;photos/F03204.webp
F03205;4;3205;Рукава;Брс;брс;;20;2;генерация;photos/F03205.webp
F03206;4;3206;Инструмент;Пила;пила;;20;3;генерация;photos/F03206.webp
F03207;4;3207;Инструмент;Регулятор;регулятор;;20;1;генерация;photos/F03207.webp
F03208;4;3208;Инструмент;Угломер;угломер;;20;3;генерация;photos/F03208.webp
F03209;4;3209;Инструмент;Щиток защитный;щиток защитный;;20;1;генерация;photos/F03209.webp
F03210;4;3210;Инструмент;Электролобзик;электролобзик;;20;2;генерация;photos/F03210.webp
F03211;4;3211;Светильники;Накладка;накладка;;20;3;генерация;photos/F03211.webp
F03212;4;3212;Светильники;"Прожектор светодиодный; прожектор";прожектор светодиодный;признаки: прожектор;20;3;генерация;photos/F03212.webp
F03213;4;3213;Светильники;Рециркулятор бактерицидный;рециркулятор бактерицидный;;20;3;генерация;photos/F03213.webp
F03214;4;3214;Низковольтное оборудование;Анализатор;анализатор;;20;1;генерация;photos/F03214.webp
F03215;4;3215;Низковольтное оборудование;Блок бесперебойного;блок бесперебойного;;20;2;генерация;photos/F03215.webp
F03216;4;3216;Низковольтное оборудование;"Устройсво защитного (самое частое в группе); группа «Дифавтоматы и УЗО»";изделия группы «Дифавтоматы и УЗО»;;20;2;генерация;photos/F03216.webp
F03217;4;3217;Низковольтное оборудование;Кабельная сборка;кабельная сборка;;20;1;генерация;photos/F03217.webp
F03218;4;3218;Низковольтное оборудование;"Контактор вакуумный; крупный (115 А+)";контактор вакуумный;признаки: крупный (115 А+);20;3;генерация;photos/F03218.webp
F03219;4;3219;Низковольтное оборудование;"Контактор магнитный; средний (40–95 А)";контактор магнитный;признаки: средний (40–95 А);20;2;генерация;photos/F03219.webp
F03220;4;3220;Низковольтное оборудование;Короб;короб;;20;3;генерация;photos/F03220.webp
F03221;4;3221;Низковольтное оборудование;Модуль вставной;модуль вставной;;20;1;генерация;photos/F03221.webp
F03222;4;3222;Низковольтное оборудование;Пульт;пульт;;20;2;генерация;photos/F03222.webp
F03223;4;3223;Низковольтное оборудование;"Реле контрольное; на DIN-рейку";реле контрольное;признаки: на DIN-рейку;20;1;генерация;photos/F03223.webp
F03224;4;3224;Низковольтное оборудование;Сжим;сжим;;20;3;генерация;photos/F03224.webp
F03225;4;3225;Низковольтное оборудование;Щиток;щиток;;20;2;генерация;photos/F03225.webp
F03226;4;3226;Низковольтное оборудование;Электропускатель магнитный;электропускатель магнитный;;20;4;генерация;photos/F03226.webp
F03227;4;3227;Станки и оборудование;Вальцы электромеханические;вальцы электромеханические;;20;2;генерация;photos/F03227.webp
F03228;4;3228;Станки и оборудование;Резец;резец;;20;2;генерация;photos/F03228.webp
F03229;4;3229;Станки и оборудование;Труборез электрический;труборез электрический;;20;2;генерация;photos/F03229.webp
F03230;4;3230;Станки и оборудование;Удлинитель;удлинитель;;20;2;генерация;photos/F03230.webp
F03231;4;3231;Трубопроводная арматура;Бобышка приварная;бобышка приварная;;20;2;генерация;photos/F03231.webp
F03232;4;3232;Редукторы;Вал;вал;;20;1;генерация;photos/F03232.webp
F03233;4;3233;Монтажные изделия для кабеля;Изделия раздела «Монтажные изделия для кабеля»;изделия раздела «Монтажные изделия для кабеля»;;20;1;генерация;photos/F03233.webp
F03234;4;3234;Монтажные изделия для кабеля;Кабель-канал магистральный;кабель-канал магистральный;;20;2;генерация;photos/F03234.webp
F03235;4;3235;Монтажные изделия для кабеля;Муфта вводная;муфта вводная;;20;2;генерация;photos/F03235.webp
F03236;4;3236;Монтажные изделия для кабеля;Накладка;накладка;;20;4;генерация;photos/F03236.webp
F03237;4;3237;Монтажные изделия для кабеля;"Наконечник; алюминиевый (ТА)";наконечник;признаки: алюминиевый (ТА);20;2;генерация;photos/F03237.webp
F03238;4;3238;Монтажные изделия для кабеля;Рамка-суппорт;рамка-суппорт;;20;2;генерация;photos/F03238.webp
F03239;4;3239;Монтажные изделия для кабеля;Секция нагревательная;секция нагревательная;;20;2;генерация;photos/F03239.webp
F03240;4;3240;Монтажные изделия для кабеля;Трубки изолирующие;трубки изолирующие;;20;1;генерация;photos/F03240.webp
F03241;4;3241;Монтажные изделия для кабеля;Угол т-образный;угол т-образный;;20;3;генерация;photos/F03241.webp
F03242;4;3242;Кабельные муфты;"Манжета ремонтная (самое частое в группе); группа «Кабельные муфты»";изделия группы «Кабельные муфты»;;20;4;генерация;photos/F03242.webp
F03243;4;3243;Складское оборудование;Звено овальное;звено овальное;;20;2;генерация;photos/F03243.webp
F03244;4;3244;Складское оборудование;Ремкомплект;ремкомплект;;20;1;генерация;photos/F03244.webp
F03245;4;3245;Складское оборудование;Ручка;ручка;;20;2;генерация;photos/F03245.webp
F03246;4;3246;Лотки и кабеленесущие системы;"Держатель горизонтальный; горизонтальный";держатель горизонтальный;признаки: горизонтальный;20;2;генерация;photos/F03246.webp
F03247;4;3247;Лотки и кабеленесущие системы;"Заглушка; горячий цинк (матовый)";заглушка;признаки: горячий цинк (матовый);20;3;генерация;photos/F03247.webp
F03248;4;3248;Лотки и кабеленесущие системы;Консоль двойная;консоль двойная;;20;2;генерация;photos/F03248.webp
F03249;4;3249;Лотки и кабеленесущие системы;"Крышка; лестничный";крышка;признаки: лестничный;20;2;генерация;photos/F03249.webp
F03250;4;3250;Подшипники;"Корпус; разъемный корпус (SNL)";корпус;признаки: разъемный корпус (SNL);19;2;генерация;photos/F03250.webp
F03251;4;3251;Ремни;"Ремень; в бухте (открытый); поликлиновой PK";ремень;признаки: в бухте (открытый) · поликлиновой PK;19;2;генерация;photos/F03251.webp
F03252;4;3252;Строительное оборудование;Виброшлифмашина;виброшлифмашина;;19;2;генерация;photos/F03252.webp
F03253;4;3253;Строительное оборудование;Лезвие;лезвие;;19;2;генерация;photos/F03253.webp
F03254;4;3254;Строительное оборудование;Установка алмазного;установка алмазного;;19;3;генерация;photos/F03254.webp
F03255;4;3255;Строительное оборудование;Установка;установка;;19;3;генерация;photos/F03255.webp
F03256;4;3256;Конвейерные ленты;Пластина вакуумная;пластина вакуумная;;19;1;генерация;photos/F03256.webp
F03257;4;3257;Электродвигатели;"Электродвигатель; крановый";электродвигатель;признаки: крановый;19;3;генерация;photos/F03257.webp
F03258;4;3258;Электродвигатели;"Электродвигатель; крановый; габарит 160–200; лапы + фланец";электродвигатель;признаки: крановый · габарит 160–200 · лапы + фланец;19;3;генерация;photos/F03258.webp
F03259;4;3259;Электродвигатели;"Электродвигатель; однофазный";электродвигатель;признаки: однофазный;19;3;генерация;photos/F03259.webp
F03260;4;3260;Инструмент;Уровень цифровой;уровень цифровой;;19;1;генерация;photos/F03260.webp
F03261;4;3261;Инструмент;Энергокомплекс;энергокомплекс;;19;1;генерация;photos/F03261.webp
F03262;4;3262;Осветительное оборудование;Подсветка архитектурная;подсветка архитектурная;;19;3;генерация;photos/F03262.webp
F03263;4;3263;Светильники;Ввод;ввод;;19;2;генерация;photos/F03263.webp
F03264;5;3264;Светильники;Шнур;шнур;;19;2;генерация;photos/F03264.webp
F03265;5;3265;Низковольтное оборудование;Блок клеммный;блок клеммный;;19;3;генерация;photos/F03265.webp
F03266;5;3266;Низковольтное оборудование;Коробка распаячная;коробка распаячная;;19;1;генерация;photos/F03266.webp
F03267;5;3267;Низковольтное оборудование;Предохранитель-разъединитель;предохранитель-разъединитель;;19;3;генерация;photos/F03267.webp
F03268;5;3268;Низковольтное оборудование;Преобразователь постоянного;преобразователь постоянного;;19;2;генерация;photos/F03268.webp
F03269;5;3269;Низковольтное оборудование;Расширители;расширители;;19;1;генерация;photos/F03269.webp
F03270;5;3270;Низковольтное оборудование;Розетка компьютерная;розетка компьютерная;;19;1;генерация;photos/F03270.webp
F03271;5;3271;Низковольтное оборудование;Термостат электронный;термостат электронный;;19;2;генерация;photos/F03271.webp
F03272;5;3272;Низковольтное оборудование;Упп;упп;;19;1;генерация;photos/F03272.webp
F03273;5;3273;Низковольтное оборудование;Устройства;устройства;;19;1;генерация;photos/F03273.webp
F03274;5;3274;Низковольтное оборудование;Электромагнит;электромагнит;;19;1;генерация;photos/F03274.webp
F03275;5;3275;Станки и оборудование;Гильотина ручная;гильотина ручная;;19;2;генерация;photos/F03275.webp
F03276;5;3276;Станки и оборудование;Кромкорез автоматический;кромкорез автоматический;;19;3;генерация;photos/F03276.webp
F03277;5;3277;Станки и оборудование;Патрон станочный;патрон станочный;;19;2;генерация;photos/F03277.webp
F03278;5;3278;Станки и оборудование;Ролик;ролик;;19;3;генерация;photos/F03278.webp
F03279;5;3279;Станки и оборудование;Сверло ступенчатое;сверло ступенчатое;;19;2;генерация;photos/F03279.webp
F03280;5;3280;Станки и оборудование;Штифт-выталкиватель;штифт-выталкиватель;;19;3;генерация;photos/F03280.webp
F03281;5;3281;Трубопроводная арматура;Манометр сварочный;манометр сварочный;;19;2;генерация;photos/F03281.webp
F03282;5;3282;Насосы;Насос опрессовочный;насос опрессовочный;;19;3;генерация;photos/F03282.webp
F03283;5;3283;Редукторы;Мотор-редуктор волновой;мотор-редуктор волновой;;19;1;генерация;photos/F03283.webp
F03284;5;3284;Монтажные изделия для кабеля;группа «Для защиты»;изделия группы «Для защиты»;;19;1;генерация;photos/F03284.webp
F03285;5;3285;Монтажные изделия для кабеля;Кронштейн анкерный;кронштейн анкерный;;19;2;генерация;photos/F03285.webp
F03286;5;3286;Монтажные изделия для кабеля;Суппорт;суппорт;;19;3;генерация;photos/F03286.webp
F03287;5;3287;Монтажные изделия для кабеля;Угол соединительный;угол соединительный;;19;1;генерация;photos/F03287.webp
F03288;5;3288;Складское оборудование;Лебедка гидравлическая;лебедка гидравлическая;;19;2;генерация;photos/F03288.webp
F03289;5;3289;Складское оборудование;Лебедка монтажная;лебедка монтажная;;19;1;генерация;photos/F03289.webp
F03290;5;3290;Складское оборудование;Шкаф абонентский;шкаф абонентский;;19;2;генерация;photos/F03290.webp
F03291;5;3291;Лотки и кабеленесущие системы;"Крестовина; горячий цинк (матовый)";крестовина;признаки: горячий цинк (матовый);19;2;генерация;photos/F03291.webp
F03292;5;3292;Лотки и кабеленесущие системы;Шпилька;шпилька;;19;2;генерация;photos/F03292.webp
F03293;5;3293;Навесное оборудование;Ковш-рыхлитель;ковш-рыхлитель;;18;1;генерация;photos/F03293.webp
F03294;5;3294;Видеонаблюдение;Коммутатор неуправляемый;коммутатор неуправляемый;;18;1;генерация;photos/F03294.webp
F03295;5;3295;Строительное оборудование;Вибратор красный;вибратор красный;;18;2;генерация;photos/F03295.webp
F03296;5;3296;Строительное оборудование;Набор;набор;;18;2;генерация;photos/F03296.webp
F03297;5;3297;Строительное оборудование;Электрод вольфрамовый;электрод вольфрамовый;;18;2;генерация;photos/F03297.webp
F03298;5;3298;Электродвигатели;"Электродвигатель; крановый; габарит 100–132; лапы + фланец";электродвигатель;признаки: крановый · габарит 100–132 · лапы + фланец;18;2;генерация;photos/F03298.webp
F03299;5;3299;Инструмент;Аппарат воздушно-плазменной;аппарат воздушно-плазменной;;18;3;генерация;photos/F03299.webp
F03300;5;3300;Инструмент;Болторез;болторез;;18;2;генерация;photos/F03300.webp
F03301;5;3301;Инструмент;Видеоскоп-эндоскоп;видеоскоп-эндоскоп;;18;2;генерация;photos/F03301.webp
F03302;5;3302;Инструмент;Клещи;клещи;;18;3;генерация;photos/F03302.webp
F03303;5;3303;Светильники;Адаптер;адаптер;;18;2;генерация;photos/F03303.webp
F03304;5;3304;Светильники;Коннектор-токопровод;коннектор-токопровод;;18;2;генерация;photos/F03304.webp
F03305;5;3305;Низковольтное оборудование;Блок автоматического;блок автоматического;;18;4;генерация;photos/F03305.webp
F03306;5;3306;Низковольтное оборудование;"Бокс пластиковый; пластиковый";бокс пластиковый;признаки: пластиковый;18;2;генерация;photos/F03306.webp
F03307;5;3307;Низковольтное оборудование;"Выключатель; воздушный (ACB); 3P";выключатель;признаки: воздушный (ACB) · 3P;18;4;генерация;photos/F03307.webp
F03308;5;3308;Низковольтное оборудование;Контакты;контакты;;18;2;генерация;photos/F03308.webp
F03309;5;3309;Низковольтное оборудование;Миниклемма;миниклемма;;18;3;генерация;photos/F03309.webp
F03310;5;3310;Низковольтное оборудование;Модуль интеллектуальный;модуль интеллектуальный;;18;2;генерация;photos/F03310.webp
F03311;5;3311;Низковольтное оборудование;Модуль коммуникационный;модуль коммуникационный;;18;1;генерация;photos/F03311.webp
F03312;5;3312;Низковольтное оборудование;Переключатель индуктивный;переключатель индуктивный;;18;1;генерация;photos/F03312.webp
F03313;5;3313;Низковольтное оборудование;Реле многофункциональное;реле многофункциональное;;18;2;генерация;photos/F03313.webp
F03314;5;3314;Низковольтное оборудование;Стенки боковые;стенки боковые;;18;1;генерация;photos/F03314.webp
F03315;5;3315;Низковольтное оборудование;"Шкаф; навесной";шкаф;признаки: навесной;18;2;генерация;photos/F03315.webp
F03316;5;3316;Станки и оборудование;Гильотина гидравлическая;гильотина гидравлическая;;18;2;генерация;photos/F03316.webp
F03317;5;3317;Станки и оборудование;"Концентрат (самое частое в группе); группа «Смазочно-охлаждающая жидкость»";изделия группы «Смазочно-охлаждающая жидкость»;;18;1;генерация;photos/F03317.webp
F03318;5;3318;Станки и оборудование;Круг абразивный;круг абразивный;;18;1;генерация;photos/F03318.webp
F03319;5;3319;Станки и оборудование;Нож роликовый;нож роликовый;;18;2;генерация;photos/F03319.webp
F03320;5;3320;Станки и оборудование;Патрон быстрозажимной;патрон быстрозажимной;;18;2;генерация;photos/F03320.webp
F03321;5;3321;Станки и оборудование;Система;система;;18;2;генерация;photos/F03321.webp
F03322;5;3322;Станки и оборудование;Стол поворотный;стол поворотный;;18;2;генерация;photos/F03322.webp
F03323;5;3323;Станки и оборудование;Тиски сверлильные;тиски сверлильные;;18;3;генерация;photos/F03323.webp
F03324;5;3324;Трубопроводная арматура;Вакуумметр виброустойчивый;вакуумметр виброустойчивый;;18;2;генерация;photos/F03324.webp
F03325;5;3325;Трубопроводная арматура;Вакуумметр показывающий;вакуумметр показывающий;;18;1;генерация;photos/F03325.webp
F03326;5;3326;Трубопроводная арматура;"Клапан запорный; нержавеющая сталь";клапан запорный;признаки: нержавеющая сталь;18;3;генерация;photos/F03326.webp
F03327;5;3327;Трубопроводная арматура;Манометр железнодорожный;манометр железнодорожный;;18;2;генерация;photos/F03327.webp
F03328;5;3328;Трубопроводная арматура;Термостат спиральный;термостат спиральный;;18;1;генерация;photos/F03328.webp
F03329;5;3329;Монтажные изделия для кабеля;Блок комбинированный;блок комбинированный;;18;3;генерация;photos/F03329.webp
F03330;5;3330;Монтажные изделия для кабеля;Блок;блок;;18;1;генерация;photos/F03330.webp
F03331;5;3331;Монтажные изделия для кабеля;Вставка сменная;вставка сменная;;18;1;генерация;photos/F03331.webp
F03332;5;3332;Монтажные изделия для кабеля;Крепеж-скоба;крепеж-скоба;;18;1;генерация;photos/F03332.webp
F03333;5;3333;Монтажные изделия для кабеля;Маркировка термоусадочная;маркировка термоусадочная;;18;1;генерация;photos/F03333.webp
F03334;5;3334;Монтажные изделия для кабеля;"Наконечник; кольцевой изолированный";наконечник;признаки: кольцевой изолированный;18;3;генерация;photos/F03334.webp
F03335;5;3335;Монтажные изделия для кабеля;Труба гибкая;труба гибкая;;18;3;генерация;photos/F03335.webp
F03336;5;3336;Кабельные муфты;Кронштейн;кронштейн;;18;1;генерация;photos/F03336.webp
F03337;5;3337;Складское оборудование;Балка;балка;;18;3;генерация;photos/F03337.webp
F03338;5;3338;Складское оборудование;"Лента строительная (самое частое в группе); группа «Стропы грузовые»";изделия группы «Стропы грузовые»;;18;2;генерация;photos/F03338.webp
F03339;5;3339;Складское оборудование;Мини-погрузчик электрический;мини-погрузчик электрический;;18;1;генерация;photos/F03339.webp
F03340;5;3340;Складское оборудование;Подвеска крюковая;подвеска крюковая;;18;1;генерация;photos/F03340.webp
F03341;5;3341;Складское оборудование;Стол гидравлический;стол гидравлический;;18;3;генерация;photos/F03341.webp
F03342;5;3342;Складское оборудование;Стол металлический;стол металлический;;18;2;генерация;photos/F03342.webp
F03343;5;3343;Лотки и кабеленесущие системы;Винт;винт;;18;3;генерация;photos/F03343.webp
F03344;5;3344;Лотки и кабеленесущие системы;Отвод т-образный;отвод т-образный;;18;2;генерация;photos/F03344.webp
F03345;5;3345;Лотки и кабеленесущие системы;Подвес;подвес;;18;3;генерация;photos/F03345.webp
F03346;5;3346;Строительное оборудование;Виброкаток двухвальцовый;виброкаток двухвальцовый;;17;2;генерация;photos/F03346.webp
F03347;5;3347;Строительное оборудование;Диск лазерный;диск лазерный;;17;2;генерация;photos/F03347.webp
F03348;5;3348;Строительное оборудование;Люлька строительная;люлька строительная;;17;2;генерация;photos/F03348.webp
F03349;5;3349;Строительное оборудование;Сверло алмазное;сверло алмазное;;17;2;генерация;photos/F03349.webp
F03350;5;3350;Строительное оборудование;Франкфурт алмазный;франкфурт алмазный;;17;1;генерация;photos/F03350.webp
F03351;5;3351;Электродвигатели;"Электродвигатель; крановый; габарит 225–280; на лапах";электродвигатель;признаки: крановый · габарит 225–280 · на лапах;17;2;генерация;photos/F03351.webp
F03352;5;3352;Рукава;Шланг поливочный;шланг поливочный;;17;1;генерация;photos/F03352.webp
F03353;5;3353;Инструмент;Газоанализатор взрывоопасных;газоанализатор взрывоопасных;;17;1;генерация;photos/F03353.webp
F03354;5;3354;Инструмент;Манометр дифференциальный;манометр дифференциальный;;17;1;генерация;photos/F03354.webp
F03355;5;3355;Инструмент;Мультиметр портативный;мультиметр портативный;;17;1;генерация;photos/F03355.webp
F03356;5;3356;Инструмент;Перфоратор бесщеточный;перфоратор бесщеточный;;17;2;генерация;photos/F03356.webp
F03357;5;3357;Инструмент;Пирометр инфракрасный;пирометр инфракрасный;;17;1;генерация;photos/F03357.webp
F03358;5;3358;Инструмент;Термометр жидкостной;термометр жидкостной;;17;1;генерация;photos/F03358.webp
F03359;5;3359;Светильники;Держатель пружинный;держатель пружинный;;17;3;генерация;photos/F03359.webp
F03360;5;3360;Низковольтное оборудование;Выключатель-разъединитель;выключатель-разъединитель;;17;1;генерация;photos/F03360.webp
F03361;5;3361;Низковольтное оборудование;Клипса металлическая;клипса металлическая;;17;1;генерация;photos/F03361.webp
F03362;5;3362;Низковольтное оборудование;Лампа сменная;лампа сменная;;17;2;генерация;photos/F03362.webp
F03363;5;3363;Низковольтное оборудование;Люк;люк;;17;2;генерация;photos/F03363.webp
F03364;5;3364;Низковольтное оборудование;Панели боковые;панели боковые;;17;3;генерация;photos/F03364.webp
F03365;5;3365;Низковольтное оборудование;Панель выкатная;панель выкатная;;17;3;генерация;photos/F03365.webp
F03366;5;3366;Низковольтное оборудование;Переходник;переходник;;17;1;генерация;photos/F03366.webp
F03367;5;3367;Низковольтное оборудование;Рейка;рейка;;17;2;генерация;photos/F03367.webp
F03368;5;3368;Низковольтное оборудование;"Реле низкопрофильное; штекерное (в колодку)";реле низкопрофильное;признаки: штекерное (в колодку);17;1;генерация;photos/F03368.webp
F03369;5;3369;Низковольтное оборудование;Реле программируемое;реле программируемое;;17;2;генерация;photos/F03369.webp
F03370;5;3370;Низковольтное оборудование;Стабилизатор;стабилизатор;;17;2;генерация;photos/F03370.webp
F03371;5;3371;Низковольтное оборудование;Стойка;стойка;;17;2;генерация;photos/F03371.webp
F03372;5;3372;Низковольтное оборудование;Счетчик меркурий;счетчик меркурий;;17;2;генерация;photos/F03372.webp
F03373;5;3373;Низковольтное оборудование;Таймер электронный;таймер электронный;;17;2;генерация;photos/F03373.webp
F03374;5;3374;Низковольтное оборудование;Устройство защитное;устройство защитное;;17;3;генерация;photos/F03374.webp
F03375;5;3375;Низковольтное оборудование;Фотореле модульное;фотореле модульное;;17;2;генерация;photos/F03375.webp
F03376;5;3376;Низковольтное оборудование;Шасси;шасси;;17;3;генерация;photos/F03376.webp
F03377;5;3377;Станки и оборудование;Гибщик;гибщик;;17;2;генерация;photos/F03377.webp
F03378;5;3378;Станки и оборудование;Зенковка коническая;зенковка коническая;;17;2;генерация;photos/F03378.webp
F03379;5;3379;Станки и оборудование;Ролик режущий;ролик режущий;;17;3;генерация;photos/F03379.webp
F03380;5;3380;Станки и оборудование;Станок правильно-отрезной;станок правильно-отрезной;;17;2;генерация;photos/F03380.webp
F03381;5;3381;Станки и оборудование;Станок фрезерно-сверлильный;станок фрезерно-сверлильный;;17;2;генерация;photos/F03381.webp
F03382;5;3382;Станки и оборудование;Шланг;шланг;;17;3;генерация;photos/F03382.webp
F03383;5;3383;Станки и оборудование;Штифт центровочный;штифт центровочный;;17;2;генерация;photos/F03383.webp
F03384;5;3384;Трубопроводная арматура;Конденсатоотводчик;конденсатоотводчик;;17;3;генерация;photos/F03384.webp
F03385;5;3385;Трубопроводная арматура;Манометр судовой;манометр судовой;;17;2;генерация;photos/F03385.webp
F03386;5;3386;Редукторы;Вал входной;вал входной;;17;1;генерация;photos/F03386.webp
F03387;5;3387;Монтажные изделия для кабеля;Изделия раздела «Монтажные изделия для кабеля»;изделия раздела «Монтажные изделия для кабеля»;;17;1;генерация;photos/F03387.webp
F03388;5;3388;Монтажные изделия для кабеля;Кримпер;кримпер;;17;1;генерация;photos/F03388.webp
F03389;5;3389;Складское оборудование;Крюк укорачивающий;крюк укорачивающий;;17;3;генерация;photos/F03389.webp
F03390;5;3390;Складское оборудование;Ограничитель;ограничитель;;17;2;генерация;photos/F03390.webp
F03391;5;3391;Складское оборудование;Рама;рама;;17;3;генерация;photos/F03391.webp
F03392;5;3392;Складское оборудование;Система;система;;17;2;генерация;photos/F03392.webp
F03393;5;3393;Лотки и кабеленесущие системы;"Переходник; горячий цинк (матовый)";переходник;признаки: горячий цинк (матовый);17;3;генерация;photos/F03393.webp
F03394;5;3394;Лотки и кабеленесущие системы;"Поворот горизонтальный; горизонтальный";поворот горизонтальный;признаки: горизонтальный;17;2;генерация;photos/F03394.webp
F03395;5;3395;Видеонаблюдение;Видеорегистратор гибридный;видеорегистратор гибридный;;16;3;генерация;photos/F03395.webp
F03396;5;3396;Строительное оборудование;Вибронаконечник;вибронаконечник;;16;2;генерация;photos/F03396.webp
F03397;5;3397;Строительное оборудование;Гладилка;гладилка;;16;3;генерация;photos/F03397.webp
F03398;5;3398;Строительное оборудование;Стол;стол;;16;2;генерация;photos/F03398.webp
F03399;5;3399;Строительное оборудование;Установка окрасочная;установка окрасочная;;16;2;генерация;photos/F03399.webp
F03400;5;3400;Строительное оборудование;Фиксатор бетонный;фиксатор бетонный;;16;1;генерация;photos/F03400.webp
F03401;5;3401;Строительное оборудование;Форма кубическая;форма кубическая;;16;1;генерация;photos/F03401.webp
F03402;5;3402;Электродвигатели;"Электродвигатель красный; общепромышленный; габарит 56–90; лапы + фланец";электродвигатель красный;признаки: общепромышленный · габарит 56–90 · лапы + фланец;16;1;генерация;photos/F03402.webp
F03403;5;3403;Электродвигатели;"Электродвигатель красный; общепромышленный; габарит 56–90; на фланце";электродвигатель красный;признаки: общепромышленный · габарит 56–90 · на фланце;16;2;генерация;photos/F03403.webp
F03404;5;3404;Гидравлика;Насос дозировочный;насос дозировочный;;16;1;генерация;photos/F03404.webp
F03405;5;3405;Инструмент;Камера цифровая;камера цифровая;;16;1;генерация;photos/F03405.webp
F03406;5;3406;Инструмент;Машина контактной;машина контактной;;16;3;генерация;photos/F03406.webp
F03407;5;3407;Инструмент;Мотоблок;мотоблок;;16;2;генерация;photos/F03407.webp
F03408;5;3408;Инструмент;Пистолет механический;пистолет механический;;16;1;генерация;photos/F03408.webp
F03409;5;3409;Инструмент;Споттер;споттер;;16;2;генерация;photos/F03409.webp
F03410;5;3410;Инструмент;Термометр контактный;термометр контактный;;16;1;генерация;photos/F03410.webp
F03411;5;3411;Инструмент;Угломер электронный;угломер электронный;;16;1;генерация;photos/F03411.webp
F03412;5;3412;Светильники;Соединитель угловой;соединитель угловой;;16;2;генерация;photos/F03412.webp
F03413;5;3413;Светильники;Шинопровод однофазный;шинопровод однофазный;;16;1;генерация;photos/F03413.webp
F03414;5;3414;Низковольтное оборудование;Карта;карта;;16;2;генерация;photos/F03414.webp
F03415;5;3415;Низковольтное оборудование;"Контактор вакуумный; средний";контактор вакуумный;признаки: средний;16;3;генерация;photos/F03415.webp
F03416;5;3416;Низковольтное оборудование;"Контактор магнитный; средний";контактор магнитный;признаки: средний;16;1;генерация;photos/F03416.webp
F03417;5;3417;Низковольтное оборудование;"Корпус распределительного; металлический";корпус распределительного;признаки: металлический;16;1;генерация;photos/F03417.webp
F03418;5;3418;Низковольтное оборудование;Разъединитель-предохранитель;разъединитель-предохранитель;;16;2;генерация;photos/F03418.webp
F03419;5;3419;Низковольтное оборудование;Терминал;терминал;;16;2;генерация;photos/F03419.webp
F03420;5;3420;Низковольтное оборудование;Щита;щита;;16;3;генерация;photos/F03420.webp
F03421;5;3421;Низковольтное оборудование;"Щиток настенный; навесной";щиток настенный;признаки: навесной;16;2;генерация;photos/F03421.webp
F03422;5;3422;Низковольтное оборудование;"Щиток скрытой; встраиваемый";щиток скрытой;признаки: встраиваемый;16;2;генерация;photos/F03422.webp
F03423;5;3423;Станки и оборудование;Вал;вал;;16;2;генерация;photos/F03423.webp
F03424;5;3424;Станки и оборудование;Прижим;прижим;;16;2;генерация;photos/F03424.webp
F03425;5;3425;Станки и оборудование;Сверло рельсовое;сверло рельсовое;;16;1;генерация;photos/F03425.webp
F03426;5;3426;Станки и оборудование;Станок круглошлифовальный;станок круглошлифовальный;;16;2;генерация;photos/F03426.webp
F03427;5;3427;Станки и оборудование;Станок рейсмусно-фуговальный;станок рейсмусно-фуговальный;;16;2;генерация;photos/F03427.webp
F03428;5;3428;Станки и оборудование;Штревель;штревель;;16;3;генерация;photos/F03428.webp
F03429;5;3429;Трубопроводная арматура;Кран латунный;кран латунный;;16;2;генерация;photos/F03429.webp
F03430;5;3430;Насосы;Насос роторный;насос роторный;;16;2;генерация;photos/F03430.webp
F03431;5;3431;Монтажные изделия для кабеля;Вилка;вилка;;16;2;генерация;photos/F03431.webp
F03432;5;3432;Монтажные изделия для кабеля;Вставки;вставки;;16;1;генерация;photos/F03432.webp
F03433;5;3433;Монтажные изделия для кабеля;Изделия раздела «Монтажные изделия для кабеля»;изделия раздела «Монтажные изделия для кабеля»;;16;1;генерация;photos/F03433.webp
F03434;5;3434;Монтажные изделия для кабеля;Зажим прокалывающий;зажим прокалывающий;;16;3;генерация;photos/F03434.webp
F03435;5;3435;Монтажные изделия для кабеля;"Наконечник; вилочный изолированный";наконечник;признаки: вилочный изолированный;16;2;генерация;photos/F03435.webp
F03436;5;3436;Монтажные изделия для кабеля;Переходник;переходник;;16;2;генерация;photos/F03436.webp
F03437;5;3437;Монтажные изделия для кабеля;Спираль;спираль;;16;2;генерация;photos/F03437.webp
F03438;5;3438;Складское оборудование;Гидроузел;гидроузел;;16;1;генерация;photos/F03438.webp
F03439;5;3439;Складское оборудование;Захват горизонтальный;захват горизонтальный;;16;2;генерация;photos/F03439.webp
F03440;5;3440;Складское оборудование;Каретка электрическая;каретка электрическая;;16;2;генерация;photos/F03440.webp
F03441;5;3441;Складское оборудование;Кассетница;кассетница;;16;2;генерация;photos/F03441.webp
F03442;5;3442;Складское оборудование;Механизм стяжной;механизм стяжной;;16;2;генерация;photos/F03442.webp
F03443;5;3443;Складское оборудование;Мини-кран;мини-кран;;16;3;генерация;photos/F03443.webp
F03444;5;3444;Складское оборудование;Рым-гайка;рым-гайка;;16;1;генерация;photos/F03444.webp
F03445;5;3445;Складское оборудование;Стенка;стенка;;16;3;генерация;photos/F03445.webp
F03446;5;3446;Складское оборудование;Ящик выдвижной;ящик выдвижной;;16;2;генерация;photos/F03446.webp
F03447;5;3447;Лотки и кабеленесущие системы;Гайка шестигранная;гайка шестигранная;;16;2;генерация;photos/F03447.webp
F03448;5;3448;Лотки и кабеленесущие системы;Комплект;комплект;;16;3;генерация;photos/F03448.webp
F03449;5;3449;Лотки и кабеленесущие системы;Накладка;накладка;;16;1;генерация;photos/F03449.webp
F03450;5;3450;Лотки и кабеленесущие системы;Пластина шарнирного;пластина шарнирного;;16;3;генерация;photos/F03450.webp
F03451;5;3451;Лотки и кабеленесущие системы;Скоба прямоугольная;скоба прямоугольная;;16;1;генерация;photos/F03451.webp
F03452;5;3452;Лотки и кабеленесущие системы;Укосина;укосина;;16;1;генерация;photos/F03452.webp
F03453;5;3453;Навесное оборудование;Ковш просеивающий;ковш просеивающий;;15;1;генерация;photos/F03453.webp
F03454;5;3454;Подшипники;Крышка;крышка;;15;3;генерация;photos/F03454.webp
F03455;5;3455;Подшипники;"Подшипник шариковый; упорный";подшипник шариковый;признаки: упорный;15;2;генерация;photos/F03455.webp
F03456;5;3456;Ремни;"Ремень; поликлиновой";ремень;признаки: поликлиновой;15;2;генерация;photos/F03456.webp
F03457;5;3457;Видеонаблюдение;Камера купольная;камера купольная;;15;2;генерация;photos/F03457.webp
F03458;5;3458;Строительное оборудование;Подъемник строительный;подъемник строительный;;15;2;генерация;photos/F03458.webp
F03459;5;3459;Строительное оборудование;Ремень приводной;ремень приводной;;15;1;генерация;photos/F03459.webp
F03460;5;3460;Конвейерные ленты;"Резина пищевая (самое частое в группе); группа «Техпластины и резина листовая»";изделия группы «Техпластины и резина листовая»;;15;2;генерация;photos/F03460.webp
F03461;5;3461;Конвейерные ленты;Лента модульная;лента модульная;;15;1;генерация;photos/F03461.webp
F03462;5;3462;Электродвигатели;"Электродвигатель; однофазный; габарит 56–90; на фланце";электродвигатель;признаки: однофазный · габарит 56–90 · на фланце;15;3;генерация;photos/F03462.webp
F03463;5;3463;Инструмент;Бензогенератор инверторный;бензогенератор инверторный;;15;3;генерация;photos/F03463.webp
F03464;5;3464;Инструмент;Видеоэндоскоп промышленный;видеоэндоскоп промышленный;;15;1;генерация;photos/F03464.webp
F03465;5;3465;Инструмент;Видеоэндоскоп управляемый;видеоэндоскоп управляемый;;15;1;генерация;photos/F03465.webp
F03466;5;3466;Инструмент;Генератор гибридный;генератор гибридный;;15;1;генерация;photos/F03466.webp
F03467;5;3467;Инструмент;Манометр виброустойчивый;манометр виброустойчивый;;15;1;генерация;photos/F03467.webp
F03468;5;3468;Инструмент;Мера;мера;;15;1;генерация;photos/F03468.webp
F03469;5;3469;Инструмент;Полуавтомат;полуавтомат;;15;3;генерация;photos/F03469.webp
F03470;5;3470;Инструмент;Тестер кабельный;тестер кабельный;;15;1;генерация;photos/F03470.webp
F03471;5;3471;Инструмент;Трассоискатель;трассоискатель;;15;1;генерация;photos/F03471.webp
F03472;5;3472;Инструмент;Установка;установка;;15;2;генерация;photos/F03472.webp
F03473;5;3473;Осветительное оборудование;Изделия раздела «Осветительное оборудование»;изделия раздела «Осветительное оборудование»;;15;2;генерация;photos/F03473.webp
F03474;5;3474;Осветительное оборудование;"Светильник; настенный (бра)";светильник;признаки: настенный (бра);15;3;генерация;photos/F03474.webp
F03475;5;3475;Осветительное оборудование;Фонарь уличный;фонарь уличный;;15;3;генерация;photos/F03475.webp
F03476;5;3476;Светильники;Аварийный;аварийный;;15;2;генерация;photos/F03476.webp
F03477;5;3477;Светильники;Подвесной (самое частое в группе);изделия раздела «Светильники»;;15;3;генерация;photos/F03477.webp
F03478;5;3478;Светильники;Крепеж монтажный;крепеж монтажный;;15;2;генерация;photos/F03478.webp
F03479;5;3479;Низковольтное оборудование;"Бокс навесной; навесной";бокс навесной;признаки: навесной;15;2;генерация;photos/F03479.webp
F03480;5;3480;Низковольтное оборудование;Изолятор торцевой;изолятор торцевой;;15;3;генерация;photos/F03480.webp
F03481;5;3481;Низковольтное оборудование;Контакт сдвоенный;контакт сдвоенный;;15;2;генерация;photos/F03481.webp
F03482;5;3482;Низковольтное оборудование;"Корпус; металлический; встраиваемый";корпус;признаки: металлический · встраиваемый;15;3;генерация;photos/F03482.webp
F03483;5;3483;Низковольтное оборудование;Лампа коммутационная;лампа коммутационная;;15;1;генерация;photos/F03483.webp
F03484;5;3484;Низковольтное оборудование;Миниконтактор реверсивный;миниконтактор реверсивный;;15;1;генерация;photos/F03484.webp
F03485;5;3485;Низковольтное оборудование;Мультиметр цифровой;мультиметр цифровой;;15;2;генерация;photos/F03485.webp
F03486;5;3486;Низковольтное оборудование;Рама;рама;;15;2;генерация;photos/F03486.webp
F03487;5;3487;Низковольтное оборудование;Рейка поперечная;рейка поперечная;;15;2;генерация;photos/F03487.webp
F03488;5;3488;Низковольтное оборудование;Реле полупроводниковое;реле полупроводниковое;;15;1;генерация;photos/F03488.webp
F03489;5;3489;Низковольтное оборудование;Розетка панельная;розетка панельная;;15;2;генерация;photos/F03489.webp
F03490;5;3490;Низковольтное оборудование;Сальник металлический;сальник металлический;;15;3;генерация;photos/F03490.webp
F03491;5;3491;Низковольтное оборудование;Трансформатор однофазный;трансформатор однофазный;;15;1;генерация;photos/F03491.webp
F03492;5;3492;Низковольтное оборудование;"Шкаф настенный; металлический; навесной";шкаф настенный;признаки: металлический · навесной;15;1;генерация;photos/F03492.webp
F03493;5;3493;Низковольтное оборудование;"Шкаф сетевой; навесной";шкаф сетевой;признаки: навесной;15;1;генерация;photos/F03493.webp
F03494;5;3494;Низковольтное оборудование;"Шкаф; металлический; навесной";шкаф;признаки: металлический · навесной;15;1;генерация;photos/F03494.webp
F03495;5;3495;Низковольтное оборудование;"Щиток настенный; навесной; до 8 модулей";щиток настенный;признаки: навесной · до 8 модулей;15;2;генерация;photos/F03495.webp
F03496;5;3496;Низковольтное оборудование;"Щиток; навесной";щиток;признаки: навесной;15;2;генерация;photos/F03496.webp
F03497;5;3497;Станки и оборудование;Борфреза овальная;борфреза овальная;;15;2;генерация;photos/F03497.webp
F03498;5;3498;Станки и оборудование;Жидкость полусинтетическая;жидкость полусинтетическая;;15;1;генерация;photos/F03498.webp
F03499;5;3499;Станки и оборудование;Жидкость;жидкость;;15;3;генерация;photos/F03499.webp
F03500;5;3500;Станки и оборудование;Клеймо цифровое;клеймо цифровое;;15;2;генерация;photos/F03500.webp
F03501;5;3501;Станки и оборудование;Манипулятор;манипулятор;;15;2;генерация;photos/F03501.webp
F03502;5;3502;Станки и оборудование;Патрон трехкулачковый;патрон трехкулачковый;;15;3;генерация;photos/F03502.webp
F03503;5;3503;Станки и оборудование;Станок вертикально-фрезерный;станок вертикально-фрезерный;;15;2;генерация;photos/F03503.webp
F03504;5;3504;Станки и оборудование;Станок кровельный;станок кровельный;;15;2;генерация;photos/F03504.webp
F03505;5;3505;Станки и оборудование;Станок ручной;станок ручной;;15;2;генерация;photos/F03505.webp
F03506;5;3506;Станки и оборудование;Столешница;столешница;;15;2;генерация;photos/F03506.webp
F03507;5;3507;Станки и оборудование;Трубогиб гидравлический;трубогиб гидравлический;;15;2;генерация;photos/F03507.webp
F03508;5;3508;Станки и оборудование;Труборез орбитальный;труборез орбитальный;;15;1;генерация;photos/F03508.webp
F03509;5;3509;Трубопроводная арматура;Вакуумметр электроконтактный;вакуумметр электроконтактный;;15;2;генерация;photos/F03509.webp
F03510;5;3510;Трубопроводная арматура;Гильза;гильза;;15;1;генерация;photos/F03510.webp
F03511;5;3511;Трубопроводная арматура;Заглушка стальная;заглушка стальная;;15;2;генерация;photos/F03511.webp
F03512;5;3512;Трубопроводная арматура;Прокладка паронитовая;прокладка паронитовая;;15;1;генерация;photos/F03512.webp
F03513;5;3513;Насосы;"Гидроаккумулятор; нержавеющая сталь";гидроаккумулятор;признаки: нержавеющая сталь;15;3;генерация;photos/F03513.webp
F03514;5;3514;Монтажные изделия для кабеля;"Протяжка нейлоновая (самое частое в группе); группа «Протяжка»";изделия группы «Протяжка»;;15;3;генерация;photos/F03514.webp
F03515;5;3515;Монтажные изделия для кабеля;Колпачок;колпачок;;15;2;генерация;photos/F03515.webp
F03516;5;3516;Монтажные изделия для кабеля;Контакты;контакты;;15;3;генерация;photos/F03516.webp
F03517;5;3517;Монтажные изделия для кабеля;Муфта гибкая;муфта гибкая;;15;1;генерация;photos/F03517.webp
F03518;5;3518;Монтажные изделия для кабеля;Стриппер;стриппер;;15;2;генерация;photos/F03518.webp
F03519;5;3519;Монтажные изделия для кабеля;Стяжка нейлоновая;стяжка нейлоновая;;15;3;генерация;photos/F03519.webp
F03520;5;3520;Складское оборудование;Батарея аккумуляторная;батарея аккумуляторная;;15;2;генерация;photos/F03520.webp
F03521;5;3521;Складское оборудование;Корпус;корпус;;15;2;генерация;photos/F03521.webp
F03522;5;3522;Складское оборудование;Подставка;подставка;;15;2;генерация;photos/F03522.webp
F03523;5;3523;Складское оборудование;Строп грузоподъемный;строп грузоподъемный;;15;3;генерация;photos/F03523.webp
F03524;5;3524;Складское оборудование;Шкаф картотечный;шкаф картотечный;;15;2;генерация;photos/F03524.webp
F03525;5;3525;Лотки и кабеленесущие системы;"Крестовина лестничная; лестничный";крестовина лестничная;признаки: лестничный;15;2;генерация;photos/F03525.webp
F03526;5;3526;Лотки и кабеленесущие системы;"Крестовина лестничная; лестничный; горячий цинк (матовый)";крестовина лестничная;признаки: лестничный · горячий цинк (матовый);15;2;генерация;photos/F03526.webp
F03527;5;3527;Лотки и кабеленесущие системы;"Пластина соединительная; горячий цинк (матовый)";пластина соединительная;признаки: горячий цинк (матовый);15;1;генерация;photos/F03527.webp
F03528;5;3528;Лотки и кабеленесущие системы;Подвес с-образный;подвес с-образный;;15;2;генерация;photos/F03528.webp
F03529;5;3529;Лотки и кабеленесущие системы;"Разветвитель лестничный; лестничный";разветвитель лестничный;признаки: лестничный;15;2;генерация;photos/F03529.webp
F03530;5;3530;Лотки и кабеленесущие системы;"Разветвитель лестничный; лестничный; горячий цинк (матовый)";разветвитель лестничный;признаки: лестничный · горячий цинк (матовый);15;2;генерация;photos/F03530.webp
F03531;5;3531;Лотки и кабеленесущие системы;С-подвес;с-подвес;;15;3;генерация;photos/F03531.webp
F03532;5;3532;Лотки и кабеленесущие системы;"Стойка; горячий цинк (матовый)";стойка;признаки: горячий цинк (матовый);15;1;генерация;photos/F03532.webp
F03533;5;3533;Подшипники;Ступица;ступица;;14;2;генерация;photos/F03533.webp
F03534;5;3534;Подшипники;Шайба стопорная;шайба стопорная;;14;3;генерация;photos/F03534.webp
F03535;5;3535;Строительное оборудование;Виброрейка плавающая;виброрейка плавающая;;14;3;генерация;photos/F03535.webp
F03536;5;3536;Строительное оборудование;Горелка ацетиленовая;горелка ацетиленовая;;14;1;генерация;photos/F03536.webp
F03537;5;3537;Строительное оборудование;Профиль;профиль;;14;2;генерация;photos/F03537.webp
F03538;5;3538;Электродвигатели;"Фланец; взрывозащищенный; на лапах";фланец;признаки: взрывозащищенный · на лапах;14;1;генерация;photos/F03538.webp
F03539;5;3539;Рукава;"Брс; нержавеющая сталь";брс;признаки: нержавеющая сталь;14;1;генерация;photos/F03539.webp
F03540;5;3540;Инструмент;Гайковерт пневматический;гайковерт пневматический;;14;1;генерация;photos/F03540.webp
F03541;5;3541;Инструмент;Инвертор плазменной;инвертор плазменной;;14;2;генерация;photos/F03541.webp
F03542;5;3542;Инструмент;Машина термической;машина термической;;14;2;генерация;photos/F03542.webp
F03543;5;3543;Инструмент;Метеостанция беспроводная;метеостанция беспроводная;;14;1;генерация;photos/F03543.webp
F03544;5;3544;Инструмент;Молоток отбойный;молоток отбойный;;14;2;генерация;photos/F03544.webp
F03545;5;3545;Инструмент;Нагреватель индукционный;нагреватель индукционный;;14;3;генерация;photos/F03545.webp
F03546;5;3546;Инструмент;Пистолет аккумуляторный;пистолет аккумуляторный;;14;1;генерация;photos/F03546.webp
F03547;5;3547;Инструмент;Электрорубанок;электрорубанок;;14;1;генерация;photos/F03547.webp
F03548;5;3548;Светильники;"Фонарь-прожектор аккумуляторный (самое частое в группе); группа «Фонари»";изделия группы «Фонари»;;14;2;генерация;photos/F03548.webp
F03549;5;3549;Светильники;Коннектор-заглушка;коннектор-заглушка;;14;2;генерация;photos/F03549.webp
F03550;5;3550;Светильники;Модуль гипсокартонный;модуль гипсокартонный;;14;2;генерация;photos/F03550.webp
F03551;5;3551;Светильники;Пиктограмма;пиктограмма;;14;2;генерация;photos/F03551.webp
F03552;5;3552;Светильники;Табло сменное;табло сменное;;14;1;генерация;photos/F03552.webp
F03553;5;3553;Светильники;Фитосветильник;фитосветильник;;14;3;генерация;photos/F03553.webp
F03554;5;3554;Низковольтное оборудование;Авт воздушный;авт воздушный;;14;3;генерация;photos/F03554.webp
F03555;5;3555;Низковольтное оборудование;Блок батарейный;блок батарейный;;14;2;генерация;photos/F03555.webp
F03556;5;3556;Низковольтное оборудование;Контакт запасной;контакт запасной;;14;1;генерация;photos/F03556.webp
F03557;5;3557;Низковольтное оборудование;Корзина;корзина;;14;2;генерация;photos/F03557.webp
F03558;5;3558;Низковольтное оборудование;Мат нагревательный;мат нагревательный;;14;1;генерация;photos/F03558.webp
F03559;5;3559;Низковольтное оборудование;Модуль дискретного;модуль дискретного;;14;1;генерация;photos/F03559.webp
F03560;5;3560;Низковольтное оборудование;Переключатель пакетный;переключатель пакетный;;14;1;генерация;photos/F03560.webp
F03561;5;3561;Низковольтное оборудование;"Пускатель прямого; средний";пускатель прямого;признаки: средний;14;1;генерация;photos/F03561.webp
F03562;5;3562;Низковольтное оборудование;Реактор;реактор;;14;2;генерация;photos/F03562.webp
F03563;5;3563;Низковольтное оборудование;Указатель;указатель;;14;3;генерация;photos/F03563.webp
F03564;5;3564;Низковольтное оборудование;Часть подвижная;часть подвижная;;14;2;генерация;photos/F03564.webp
F03565;5;3565;Низковольтное оборудование;"Щит антивандальный; навесной";щит антивандальный;признаки: навесной;14;2;генерация;photos/F03565.webp
F03566;5;3566;Низковольтное оборудование;"Щиток встраиваемый; встраиваемый; 12–24 модуля";щиток встраиваемый;признаки: встраиваемый · 12–24 модуля;14;1;генерация;photos/F03566.webp
F03567;5;3567;Станки и оборудование;Кромкорез ручной;кромкорез ручной;;14;1;генерация;photos/F03567.webp
F03568;5;3568;Станки и оборудование;Круг;круг;;14;2;генерация;photos/F03568.webp
F03569;5;3569;Станки и оборудование;Пылесос;пылесос;;14;3;генерация;photos/F03569.webp
F03570;5;3570;Станки и оборудование;Разматыватель рулонного;разматыватель рулонного;;14;1;генерация;photos/F03570.webp
F03571;5;3571;Станки и оборудование;Станок циркулярный;станок циркулярный;;14;2;генерация;photos/F03571.webp
F03572;5;3572;Станки и оборудование;Стол слесарно-сборочный;стол слесарно-сборочный;;14;2;генерация;photos/F03572.webp
F03573;5;3573;Станки и оборудование;Фреза алмазная;фреза алмазная;;14;1;генерация;photos/F03573.webp
F03574;5;3574;Станки и оборудование;Фрезер ручной;фрезер ручной;;14;1;генерация;photos/F03574.webp
F03575;5;3575;Трубопроводная арматура;Клапан игольчатый;клапан игольчатый;;14;3;генерация;photos/F03575.webp
F03576;5;3576;Трубопроводная арматура;Кран-фильтр шаровой;кран-фильтр шаровой;;14;3;генерация;photos/F03576.webp
F03577;5;3577;Трубопроводная арматура;Прокладка резиновая;прокладка резиновая;;14;1;генерация;photos/F03577.webp
F03578;5;3578;Насосы;Насос одновинтовой;насос одновинтовой;;14;2;генерация;photos/F03578.webp
F03579;5;3579;Насосы;Насос перистальтический;насос перистальтический;;14;2;генерация;photos/F03579.webp
F03580;5;3580;Монтажные изделия для кабеля;Люк;люк;;14;3;генерация;photos/F03580.webp
F03581;5;3581;Монтажные изделия для кабеля;Муфта ответвительная;муфта ответвительная;;14;1;генерация;photos/F03581.webp
F03582;5;3582;Складское оборудование;Блок;блок;;14;2;генерация;photos/F03582.webp
F03583;5;3583;Складское оборудование;"Бочкоопрокидыватель ручной (самое частое в группе); группа «Складское оборудование»";изделия группы «Складское оборудование»;;14;2;генерация;photos/F03583.webp
F03584;5;3584;Складское оборудование;Набор;набор;;14;2;генерация;photos/F03584.webp
F03585;5;3585;Складское оборудование;Тросоукладчик;тросоукладчик;;14;1;генерация;photos/F03585.webp
F03586;5;3586;Складское оборудование;Тумба рабочая;тумба рабочая;;14;1;генерация;photos/F03586.webp
F03587;5;3587;Складское оборудование;Штабелер-бочкокантователь гидравлический;штабелер-бочкокантователь гидравлический;;14;1;генерация;photos/F03587.webp
F03588;5;3588;Лотки и кабеленесущие системы;Болт анкерный;болт анкерный;;14;2;генерация;photos/F03588.webp
F03589;5;3589;Лотки и кабеленесущие системы;Заглушка торцевая;заглушка торцевая;;14;3;генерация;photos/F03589.webp
F03590;5;3590;Лотки и кабеленесущие системы;Профиль п-образный;профиль п-образный;;14;2;генерация;photos/F03590.webp
F03591;5;3591;Лотки и кабеленесущие системы;Соединитель канальный;соединитель канальный;;14;1;генерация;photos/F03591.webp
F03592;5;3592;Навесное оборудование;Ковш профильный;ковш профильный;;13;2;генерация;photos/F03592.webp
F03593;5;3593;Кабель и провод;Провод плоский;провод плоский;;13;3;генерация;photos/F03593.webp
F03594;5;3594;Видеонаблюдение;Видеорегистратор сетевой;видеорегистратор сетевой;;13;1;генерация;photos/F03594.webp
F03595;5;3595;Строительное оборудование;Аппарат воздушно-плазменной;аппарат воздушно-плазменной;;13;2;генерация;photos/F03595.webp
F03596;5;3596;Строительное оборудование;Виброрейка бензиновая;виброрейка бензиновая;;13;1;генерация;photos/F03596.webp
F03597;5;3597;Строительное оборудование;Станция;станция;;13;2;генерация;photos/F03597.webp
F03598;5;3598;Строительное оборудование;Шлифмашина полировальная;шлифмашина полировальная;;13;1;генерация;photos/F03598.webp
F03599;5;3599;Электродвигатели;"Втулка; общепромышленный; на лапах";втулка;признаки: общепромышленный · на лапах;13;1;генерация;photos/F03599.webp
F03600;5;3600;Электродвигатели;Электродвигатель;электродвигатель;;13;2;генерация;photos/F03600.webp
F03601;5;3601;Инструмент;Горелка пропановая;горелка пропановая;;13;1;генерация;photos/F03601.webp
F03602;5;3602;Инструмент;Динамометр электронный;динамометр электронный;;13;1;генерация;photos/F03602.webp
F03603;5;3603;Инструмент;Инструмент гвоздезабивной;инструмент гвоздезабивной;;13;2;генерация;photos/F03603.webp
F03604;5;3604;Инструмент;Пистолет термоклеевой;пистолет термоклеевой;;13;1;генерация;photos/F03604.webp
F03605;5;3605;Инструмент;Твердомер;твердомер;;13;2;генерация;photos/F03605.webp
F03606;5;3606;Светильники;Заглушка трековая;заглушка трековая;;13;2;генерация;photos/F03606.webp
F03607;5;3607;Светильники;Коннекторы;коннекторы;;13;2;генерация;photos/F03607.webp
F03608;5;3608;Светильники;Лампа ртутная;лампа ртутная;;13;2;генерация;photos/F03608.webp
F03609;5;3609;Светильники;Ретролампа декоративная;ретролампа декоративная;;13;2;генерация;photos/F03609.webp
F03610;5;3610;Светильники;Указатель световой;указатель световой;;13;3;генерация;photos/F03610.webp
F03611;5;3611;Светильники;Фонарь ручной;фонарь ручной;;13;2;генерация;photos/F03611.webp
F03612;5;3612;Низковольтное оборудование;Вилка стационарная;вилка стационарная;;13;2;генерация;photos/F03612.webp
F03613;5;3613;Низковольтное оборудование;Вольтметр аналоговый;вольтметр аналоговый;;13;1;генерация;photos/F03613.webp
F03614;5;3614;Низковольтное оборудование;Выкл автоматический;выкл автоматический;;13;3;генерация;photos/F03614.webp
F03615;5;3615;Низковольтное оборудование;"Источник бесперебойного; напольный (до 20 кВА)";источник бесперебойного;признаки: напольный (до 20 кВА);13;2;генерация;photos/F03615.webp
F03616;5;3616;Низковольтное оборудование;Комплект силовых;комплект силовых;;13;2;генерация;photos/F03616.webp
F03617;5;3617;Низковольтное оборудование;Кондиционер;кондиционер;;13;3;генерация;photos/F03617.webp
F03618;5;3618;Низковольтное оборудование;"Контактор; модульный";контактор;признаки: модульный;13;1;генерация;photos/F03618.webp
F03619;5;3619;Низковольтное оборудование;"Корпус; металлический; навесной; 36–54 модуля";корпус;признаки: металлический · навесной · 36–54 модуля;13;2;генерация;photos/F03619.webp
F03620;5;3620;Низковольтное оборудование;Маркер;маркер;;13;2;генерация;photos/F03620.webp
F03621;5;3621;Низковольтное оборудование;Модуль дискретных;модуль дискретных;;13;1;генерация;photos/F03621.webp
F03622;5;3622;Низковольтное оборудование;Основание;основание;;13;1;генерация;photos/F03622.webp
F03623;5;3623;Низковольтное оборудование;"Преобразователь частотный; до 4 кВт";преобразователь частотный;признаки: до 4 кВт;13;2;генерация;photos/F03623.webp
F03624;5;3624;Низковольтное оборудование;Профиль;профиль;;13;2;генерация;photos/F03624.webp
F03625;5;3625;Низковольтное оборудование;Пускатель;пускатель;;13;2;генерация;photos/F03625.webp
F03626;5;3626;Низковольтное оборудование;Разделитель клеммных;разделитель клеммных;;13;1;генерация;photos/F03626.webp
F03627;5;3627;Низковольтное оборудование;Резистор тормозной;резистор тормозной;;13;1;генерация;photos/F03627.webp
F03628;5;3628;Низковольтное оборудование;"Реле полупроводниковое; штекерное (в колодку)";реле полупроводниковое;признаки: штекерное (в колодку);13;1;генерация;photos/F03628.webp
F03629;5;3629;Низковольтное оборудование;Розетка двойная;розетка двойная;;13;2;генерация;photos/F03629.webp
F03630;5;3630;Низковольтное оборудование;Сжим ответвительный;сжим ответвительный;;13;1;генерация;photos/F03630.webp
F03631;5;3631;Низковольтное оборудование;Шкала;шкала;;13;1;генерация;photos/F03631.webp
F03632;5;3632;Низковольтное оборудование;"Щит навесной; металлический";щит навесной;признаки: металлический;13;1;генерация;photos/F03632.webp
F03633;5;3633;Низковольтное оборудование;"Щит распределительный; навесной; 12–24 модуля";щит распределительный;признаки: навесной · 12–24 модуля;13;2;генерация;photos/F03633.webp
F03634;5;3634;Низковольтное оборудование;"Щит слаботочный; навесной";щит слаботочный;признаки: навесной;13;2;генерация;photos/F03634.webp
F03635;5;3635;Низковольтное оборудование;"Щит учетный; навесной";щит учетный;признаки: навесной;13;2;генерация;photos/F03635.webp
F03636;5;3636;Низковольтное оборудование;"Щиток встраиваемый; встраиваемый";щиток встраиваемый;признаки: встраиваемый;13;1;генерация;photos/F03636.webp
F03637;5;3637;Станки и оборудование;Конус;конус;;13;2;генерация;photos/F03637.webp
F03638;5;3638;Станки и оборудование;Кулачки прямые;кулачки прямые;;13;2;генерация;photos/F03638.webp
F03639;5;3639;Станки и оборудование;Опора;опора;;13;3;генерация;photos/F03639.webp
F03640;5;3640;Станки и оборудование;Опоры формовочные;опоры формовочные;;13;1;генерация;photos/F03640.webp
F03641;5;3641;Станки и оборудование;Станок деревообрабатывающий;станок деревообрабатывающий;;13;2;генерация;photos/F03641.webp
F03642;5;3642;Станки и оборудование;Станок камнерезный;станок камнерезный;;13;2;генерация;photos/F03642.webp
F03643;5;3643;Станки и оборудование;Фильтр;фильтр;;13;2;генерация;photos/F03643.webp
F03644;5;3644;Станки и оборудование;Фреза угловая;фреза угловая;;13;2;генерация;photos/F03644.webp
F03645;5;3645;Трубопроводная арматура;Кран шаровый;кран шаровый;;13;2;генерация;photos/F03645.webp
F03646;5;3646;Трубопроводная арматура;Манометр котловой;манометр котловой;;13;2;генерация;photos/F03646.webp
F03647;5;3647;Насосы;Выключатель поплавковый;выключатель поплавковый;;13;3;генерация;photos/F03647.webp
F03648;5;3648;Насосы;Насос импеллерный;насос импеллерный;;13;2;генерация;photos/F03648.webp
F03649;5;3649;Насосы;Насос конденсатный;насос конденсатный;;13;3;генерация;photos/F03649.webp
F03650;5;3650;Насосы;Насос повысительный;насос повысительный;;13;2;генерация;photos/F03650.webp
F03651;5;3651;Редукторы;Мотор-редуктор;мотор-редуктор;;13;2;генерация;photos/F03651.webp
F03652;5;3652;Монтажные изделия для кабеля;Маркировка;маркировка;;13;1;генерация;photos/F03652.webp
F03653;5;3653;Монтажные изделия для кабеля;"Наконечник; медно-алюминиевый (ТАМ)";наконечник;признаки: медно-алюминиевый (ТАМ);13;2;генерация;photos/F03653.webp
F03654;5;3654;Монтажные изделия для кабеля;Пресс гидравлический;пресс гидравлический;;13;1;генерация;photos/F03654.webp
F03655;5;3655;Монтажные изделия для кабеля;Скоба;скоба;;13;3;генерация;photos/F03655.webp
F03656;5;3656;Складское оборудование;Верстак бестумбовый;верстак бестумбовый;;13;2;генерация;photos/F03656.webp
F03657;5;3657;Складское оборудование;Выключатель;выключатель;;13;2;генерация;photos/F03657.webp
F03658;5;3658;Складское оборудование;"Подборщик (самое частое в группе); группа «Комплектовщики заказов»";изделия группы «Комплектовщики заказов»;;13;2;генерация;photos/F03658.webp
F03659;5;3659;Складское оборудование;"Столешница (самое частое в группе); группа «Столы складские»";изделия группы «Столы складские»;;13;2;генерация;photos/F03659.webp
F03660;5;3660;Складское оборудование;Колесо резиновое;колесо резиновое;;13;3;генерация;photos/F03660.webp
F03661;5;3661;Складское оборудование;Платформа транспортно-роликовая;платформа транспортно-роликовая;;13;1;генерация;photos/F03661.webp
F03662;5;3662;Складское оборудование;Стол-верстак монтажный;стол-верстак монтажный;;13;2;генерация;photos/F03662.webp
F03663;5;3663;Складское оборудование;Телега большегрузная;телега большегрузная;;13;2;генерация;photos/F03663.webp
F03664;5;3664;Складское оборудование;Тележка складская;тележка складская;;13;2;генерация;photos/F03664.webp
F03665;5;3665;Складское оборудование;Тягач электрический;тягач электрический;;13;1;генерация;photos/F03665.webp
F03666;5;3666;Складское оборудование;Угол;угол;;13;2;генерация;photos/F03666.webp
F03667;5;3667;Лотки и кабеленесущие системы;Крестовина х-образная;крестовина х-образная;;13;1;генерация;photos/F03667.webp
F03668;5;3668;Лотки и кабеленесущие системы;Крышка крестообразного;крышка крестообразного;;13;1;генерация;photos/F03668.webp
F03669;5;3669;Лотки и кабеленесущие системы;"Лента монтажная; перфорированный";лента монтажная;признаки: перфорированный;13;2;генерация;photos/F03669.webp
F03670;5;3670;Лотки и кабеленесущие системы;"Ответвитель т-образный; горизонтальный";ответвитель т-образный;признаки: горизонтальный;13;1;генерация;photos/F03670.webp
F03671;5;3671;Лотки и кабеленесущие системы;"Тройник горизонтальный; горизонтальный";тройник горизонтальный;признаки: горизонтальный;13;1;генерация;photos/F03671.webp
F03672;5;3672;Лотки и кабеленесущие системы;Швеллер;швеллер;;13;1;генерация;photos/F03672.webp
F03673;5;3673;Ремни;Ремень;ремень;;12;2;генерация;photos/F03673.webp
F03674;5;3674;Ремни;"Ремень; в бухте (открытый); поликлиновой PL";ремень;признаки: в бухте (открытый) · поликлиновой PL;12;2;генерация;photos/F03674.webp
F03675;5;3675;Видеонаблюдение;"Коммутатор (самое частое в группе); группа «Коммутаторы»";изделия группы «Коммутаторы»;;12;1;генерация;photos/F03675.webp
F03676;5;3676;Строительное оборудование;Вибротрамбовка бензиновая;вибротрамбовка бензиновая;;12;2;генерация;photos/F03676.webp
F03677;5;3677;Строительное оборудование;Машина фрезеровальная;машина фрезеровальная;;12;2;генерация;photos/F03677.webp
F03678;5;3678;Строительное оборудование;Платформа;платформа;;12;2;генерация;photos/F03678.webp
F03679;5;3679;Строительное оборудование;Электрод сварочный;электрод сварочный;;12;2;генерация;photos/F03679.webp
F03680;5;3680;Строительное оборудование;Электроды;электроды;;12;2;генерация;photos/F03680.webp
F03681;5;3681;Конвейерные ленты;Пластина силиконовая;пластина силиконовая;;12;2;генерация;photos/F03681.webp
F03682;5;3682;Электродвигатели;Лапа (самое частое в группе);изделия раздела «Электродвигатели»;;12;1;генерация;photos/F03682.webp
F03683;5;3683;Электродвигатели;"Электродвигатель взрывозащищенный; взрывозащищенный; габарит 100–132; лапы + фланец";электродвигатель взрывозащищенный;признаки: взрывозащищенный · габарит 100–132 · лапы + фланец;12;3;генерация;photos/F03683.webp
F03684;5;3684;Электродвигатели;"Электродвигатель; однофазный; на лапах";электродвигатель;признаки: однофазный · на лапах;12;1;генерация;photos/F03684.webp
F03685;5;3685;Вентиляторы;Вентилятор мельничный;вентилятор мельничный;;12;1;генерация;photos/F03685.webp
F03686;5;3686;Рукава;Шланг маслобензостойкий;шланг маслобензостойкий;;12;1;генерация;photos/F03686.webp
F03687;5;3687;Рукава;Шланг топливный;шланг топливный;;12;1;генерация;photos/F03687.webp
F03688;5;3688;Инструмент;Горелка сварочная;горелка сварочная;;12;1;генерация;photos/F03688.webp
F03689;5;3689;Инструмент;Компрессор дизельный;компрессор дизельный;;12;2;генерация;photos/F03689.webp
F03690;5;3690;Инструмент;Пистолет закрытый;пистолет закрытый;;12;1;генерация;photos/F03690.webp
F03691;5;3691;Инструмент;Пост;пост;;12;2;генерация;photos/F03691.webp
F03692;5;3692;Инструмент;Установка аргонодуговой;установка аргонодуговой;;12;2;генерация;photos/F03692.webp
F03693;5;3693;Инструмент;Фиксатор магнитный;фиксатор магнитный;;12;1;генерация;photos/F03693.webp
F03694;5;3694;Инструмент;Шумомер;шумомер;;12;2;генерация;photos/F03694.webp
F03695;5;3695;Светильники;Лампа бактерицидная;лампа бактерицидная;;12;1;генерация;photos/F03695.webp
F03696;5;3696;Светильники;Стартер;стартер;;12;2;генерация;photos/F03696.webp
F03697;5;3697;Светильники;Экран-вставка;экран-вставка;;12;2;генерация;photos/F03697.webp
F03698;5;3698;Низковольтное оборудование;Взаимоблокировка;взаимоблокировка;;12;2;генерация;photos/F03698.webp
F03699;5;3699;Низковольтное оборудование;Выкл-разъединитель;выкл-разъединитель;;12;2;генерация;photos/F03699.webp
F03700;5;3700;Низковольтное оборудование;Держатель плавкой;держатель плавкой;;12;2;генерация;photos/F03700.webp
F03701;5;3701;Низковольтное оборудование;Дроссель;дроссель;;12;1;генерация;photos/F03701.webp
F03702;5;3702;Низковольтное оборудование;Зажим винтовой;зажим винтовой;;12;2;генерация;photos/F03702.webp
F03703;5;3703;Низковольтное оборудование;Зажим клеммный;зажим клеммный;;12;2;генерация;photos/F03703.webp
F03704;5;3704;Низковольтное оборудование;Исполнения втычного;исполнения втычного;;12;2;генерация;photos/F03704.webp
F03705;5;3705;Низковольтное оборудование;Кожух;кожух;;12;2;генерация;photos/F03705.webp
F03706;5;3706;Низковольтное оборудование;Контакт неподвижный;контакт неподвижный;;12;1;генерация;photos/F03706.webp
F03707;5;3707;Низковольтное оборудование;"Контактор реверсивный; средний";контактор реверсивный;признаки: средний;12;1;генерация;photos/F03707.webp
F03708;5;3708;Низковольтное оборудование;"Корпус модульный; пластиковый; навесной";корпус модульный;признаки: пластиковый · навесной;12;1;генерация;photos/F03708.webp
F03709;5;3709;Низковольтное оборудование;Механизм поворотный;механизм поворотный;;12;2;генерация;photos/F03709.webp
F03710;5;3710;Низковольтное оборудование;Модуль аналогового;модуль аналогового;;12;1;генерация;photos/F03710.webp
F03711;5;3711;Низковольтное оборудование;Модуль защитный;модуль защитный;;12;1;генерация;photos/F03711.webp
F03712;5;3712;Низковольтное оборудование;Муфта русский;муфта русский;;12;2;генерация;photos/F03712.webp
F03713;5;3713;Низковольтное оборудование;Перегородка;перегородка;;12;2;генерация;photos/F03713.webp
F03714;5;3714;Низковольтное оборудование;Полюс дополнительный;полюс дополнительный;;12;2;генерация;photos/F03714.webp
F03715;5;3715;Низковольтное оборудование;Процессор коммуникационный;процессор коммуникационный;;12;1;генерация;photos/F03715.webp
F03716;5;3716;Низковольтное оборудование;Рейка боковая;рейка боковая;;12;2;генерация;photos/F03716.webp
F03717;5;3717;Низковольтное оборудование;Реле однофазное;реле однофазное;;12;1;генерация;photos/F03717.webp
F03718;5;3718;Низковольтное оборудование;"Реле промежуточное; на DIN-рейку";реле промежуточное;признаки: на DIN-рейку;12;2;генерация;photos/F03718.webp
F03719;5;3719;Низковольтное оборудование;Розетка релейная;розетка релейная;;12;2;генерация;photos/F03719.webp
F03720;5;3720;Низковольтное оборудование;Часть фиксированная;часть фиксированная;;12;2;генерация;photos/F03720.webp
F03721;5;3721;Низковольтное оборудование;Шинопровод;шинопровод;;12;2;генерация;photos/F03721.webp
F03722;5;3722;Низковольтное оборудование;"Щиток открытой; навесной";щиток открытой;признаки: навесной;12;2;генерация;photos/F03722.webp
F03723;5;3723;Низковольтное оборудование;"Щиток; навесной; 12–24 модуля";щиток;признаки: навесной · 12–24 модуля;12;2;генерация;photos/F03723.webp
F03724;5;3724;Низковольтное оборудование;Элемент;элемент;;12;2;генерация;photos/F03724.webp
F03725;5;3725;Станки и оборудование;Головка делительная;головка делительная;;12;2;генерация;photos/F03725.webp
F03726;5;3726;Станки и оборудование;Гофроколено;гофроколено;;12;1;генерация;photos/F03726.webp
F03727;5;3727;Станки и оборудование;Люнет подвижный;люнет подвижный;;12;2;генерация;photos/F03727.webp
F03728;5;3728;Станки и оборудование;Манипулятор резьбонарезной;манипулятор резьбонарезной;;12;2;генерация;photos/F03728.webp
F03729;5;3729;Станки и оборудование;Ножницы рычажные;ножницы рычажные;;12;3;генерация;photos/F03729.webp
F03730;5;3730;Станки и оборудование;Плашка;плашка;;12;2;генерация;photos/F03730.webp
F03731;5;3731;Станки и оборудование;Сегмент;сегмент;;12;2;генерация;photos/F03731.webp
F03732;5;3732;Станки и оборудование;Станок сверлильно-резьбонарезной;станок сверлильно-резьбонарезной;;12;2;генерация;photos/F03732.webp
F03733;5;3733;Станки и оборудование;Станок электрический;станок электрический;;12;2;генерация;photos/F03733.webp
F03734;5;3734;Станки и оборудование;Точило;точило;;12;2;генерация;photos/F03734.webp
F03735;5;3735;Станки и оборудование;Штифт выталкивающий;штифт выталкивающий;;12;2;генерация;photos/F03735.webp
F03736;5;3736;Трубопроводная арматура;"Кран (самое частое в группе); группа «Арматура для холодоснабжения»";изделия группы «Арматура для холодоснабжения»;;12;2;генерация;photos/F03736.webp
F03737;5;3737;Трубопроводная арматура;"Напоромер (самое частое в группе); группа «Контрольно-измерительные приборы»";изделия группы «Контрольно-измерительные приборы»;;12;2;генерация;photos/F03737.webp
F03738;5;3738;Трубопроводная арматура;Кран трехходовой;кран трехходовой;;12;1;генерация;photos/F03738.webp
F03739;5;3739;Трубопроводная арматура;Привод;привод;;12;1;генерация;photos/F03739.webp
F03740;5;3740;Насосы;Насос дозировочный;насос дозировочный;;12;1;генерация;photos/F03740.webp
F03741;5;3741;Монтажные изделия для кабеля;Изделия раздела «Монтажные изделия для кабеля»;изделия раздела «Монтажные изделия для кабеля»;;12;1;генерация;photos/F03741.webp
F03742;5;3742;Монтажные изделия для кабеля;Изделия раздела «Монтажные изделия для кабеля»;изделия раздела «Монтажные изделия для кабеля»;;12;1;генерация;photos/F03742.webp
F03743;5;3743;Монтажные изделия для кабеля;Зажим поддерживающий;зажим поддерживающий;;12;1;генерация;photos/F03743.webp
F03744;5;3744;Монтажные изделия для кабеля;Спираль пластмассовая;спираль пластмассовая;;12;1;генерация;photos/F03744.webp
F03745;5;3745;Монтажные изделия для кабеля;Стяжки нейлоновые;стяжки нейлоновые;;12;1;генерация;photos/F03745.webp
F03746;5;3746;Монтажные изделия для кабеля;Флюс;флюс;;12;2;генерация;photos/F03746.webp
F03747;5;3747;Кабельные муфты;Комплект;комплект;;12;2;генерация;photos/F03747.webp
F03748;5;3748;Складское оборудование;Весы платформенные;весы платформенные;;12;2;генерация;photos/F03748.webp
F03749;5;3749;Складское оборудование;"Устройство мобильное (самое частое в группе); группа «Краны для складов»";изделия группы «Краны для складов»;;12;2;генерация;photos/F03749.webp
F03750;5;3750;Складское оборудование;Лебедка тяговая;лебедка тяговая;;12;1;генерация;photos/F03750.webp
F03751;5;3751;Складское оборудование;Строп буксировочный;строп буксировочный;;12;2;генерация;photos/F03751.webp
F03752;5;3752;Складское оборудование;Таль канатная;таль канатная;;12;2;генерация;photos/F03752.webp
F03753;5;3753;Лотки и кабеленесущие системы;Консоль сварная;консоль сварная;;12;2;генерация;photos/F03753.webp
F03754;5;3754;Лотки и кабеленесущие системы;"Кронштейн потолочный; горячий цинк (матовый)";кронштейн потолочный;признаки: горячий цинк (матовый);12;2;генерация;photos/F03754.webp
F03755;5;3755;Лотки и кабеленесущие системы;Ограничитель защитный;ограничитель защитный;;12;2;генерация;photos/F03755.webp
F03756;5;3756;Лотки и кабеленесущие системы;Разделитель;разделитель;;12;1;генерация;photos/F03756.webp
F03757;5;3757;Лотки и кабеленесущие системы;Скоба универсальная;скоба универсальная;;12;2;генерация;photos/F03757.webp
F03758;5;3758;Лотки и кабеленесущие системы;"Скоба; горячий цинк (матовый)";скоба;признаки: горячий цинк (матовый);12;1;генерация;photos/F03758.webp
F03759;5;3759;Строительное оборудование;"Вибратор (самое частое в группе); группа «Вибраторы для бетона»";изделия группы «Вибраторы для бетона»;;11;2;генерация;photos/F03759.webp
F03760;5;3760;Строительное оборудование;"Дельташлифмашина (самое частое в группе); группа «Шлифмашинки»";изделия группы «Шлифмашинки»;;11;1;генерация;photos/F03760.webp
F03761;5;3761;Инструмент;"Степлер аккумуляторный (самое частое в группе); группа «Степлер аккумуляторный»";изделия группы «Степлер аккумуляторный»;;11;2;генерация;photos/F03761.webp
F03762;5;3762;Инструмент;"Трамбовка пневматическая (самое частое в группе); группа «Трамбовка пневматическая»";изделия группы «Трамбовка пневматическая»;;11;1;генерация;photos/F03762.webp
F03763;5;3763;Осветительное оборудование;"Блок аварийный (самое частое в группе); группа «Блок аварийный»";изделия группы «Блок аварийный»;;11;2;генерация;photos/F03763.webp
F03764;5;3764;Осветительное оборудование;"Лампа газоразрядная (самое частое в группе); группа «Промышленный светильник»";изделия группы «Промышленный светильник»;;11;2;генерация;photos/F03764.webp
F03765;5;3765;Светильники;Низковольтная (самое частое в группе);изделия раздела «Светильники»;;11;2;генерация;photos/F03765.webp
F03766;5;3766;Низковольтное оборудование;"Софтстартер (самое частое в группе); группа «Тепловая защита двигателя»";изделия группы «Тепловая защита двигателя»;;11;1;генерация;photos/F03766.webp
F03767;5;3767;Монтажные изделия для кабеля;"Прибор (самое частое в группе); группа «Прибор»";изделия группы «Прибор»;;11;1;генерация;photos/F03767.webp
F03768;5;3768;Цепи;"Транспортер зернового (самое частое в группе); группа «Цепи ГОСТ 4267-78»";изделия группы «Цепи ГОСТ 4267-78»;;10;2;генерация;photos/F03768.webp
F03769;5;3769;Строительное оборудование;"Виброприсоска аккумуляторная (самое частое в группе); группа «Виброприсоска аккумуляторная»";изделия группы «Виброприсоска аккумуляторная»;;10;1;генерация;photos/F03769.webp
F03770;5;3770;Строительное оборудование;"Копер бензиновый (самое частое в группе); группа «Вибротрамбовки (вибронога)»";изделия группы «Вибротрамбовки (вибронога)»;;10;1;генерация;photos/F03770.webp
F03771;5;3771;Строительное оборудование;"Леса строительные (самое частое в группе); группа «Леса строительные»";изделия группы «Леса строительные»;;10;1;генерация;photos/F03771.webp
F03772;5;3772;Строительное оборудование;"Привод (самое частое в группе); группа «Моторные приводы»";изделия группы «Моторные приводы»;;10;1;генерация;photos/F03772.webp
F03773;5;3773;Инструмент;"Блок аккумуляторный (самое частое в группе); группа «Аккумуляторы»";изделия группы «Аккумуляторы»;;10;2;генерация;photos/F03773.webp
F03774;5;3774;Инструмент;"Полумаска фильтрующая (самое частое в группе); группа «Полумаска фильтрующая»";изделия группы «Полумаска фильтрующая»;;10;1;генерация;photos/F03774.webp
F03775;5;3775;Инструмент;"Цепь (самое частое в группе); группа «Цепь»";изделия группы «Цепь»;;10;1;генерация;photos/F03775.webp
F03776;5;3776;Инструмент;"Шина (самое частое в группе); группа «Шина»";изделия группы «Шина»;;10;1;генерация;photos/F03776.webp
F03777;5;3777;Осветительное оборудование;"Дроссель встраиваемый (самое частое в группе); группа «Дроссель встраиваемый»";изделия группы «Дроссель встраиваемый»;;10;1;генерация;photos/F03777.webp
F03778;5;3778;Осветительное оборудование;"Пульт аварийного (самое частое в группе); группа «Пульт аварийного»";изделия группы «Пульт аварийного»;;10;1;генерация;photos/F03778.webp
F03779;5;3779;Светильники;Контроллеры (самое частое в группе);изделия раздела «Светильники»;;10;2;генерация;photos/F03779.webp
F03780;5;3780;Светильники;Подсветка архитектурная (самое частое в группе);изделия раздела «Светильники»;;10;2;генерация;photos/F03780.webp
F03781;5;3781;Насосы;"Установка (самое частое в группе); группа «Насосная станция»";изделия группы «Насосная станция»;;10;2;генерация;photos/F03781.webp
F03782;5;3782;Монтажные изделия для кабеля;Изделия раздела «Монтажные изделия для кабеля»;изделия раздела «Монтажные изделия для кабеля»;;10;1;генерация;photos/F03782.webp
F03783;5;3783;Монтажные изделия для кабеля;Изделия раздела «Монтажные изделия для кабеля»;изделия раздела «Монтажные изделия для кабеля»;;10;1;генерация;photos/F03783.webp
F03784;5;3784;Монтажные изделия для кабеля;"Ввод (самое частое в группе); группа «Ввод»";изделия группы «Ввод»;;10;1;генерация;photos/F03784.webp
F03785;5;3785;Монтажные изделия для кабеля;"Короб перфорированный (самое частое в группе); группа «Короб перфорированный»";изделия группы «Короб перфорированный»;;10;1;генерация;photos/F03785.webp
F03786;5;3786;Монтажные изделия для кабеля;"Ножницы секторные (самое частое в группе); группа «Ножницы»";изделия группы «Ножницы»;;10;2;генерация;photos/F03786.webp
F03787;5;3787;Монтажные изделия для кабеля;"Пол теплый (самое частое в группе); группа «Теплый пол»";изделия группы «Теплый пол»;;10;2;генерация;photos/F03787.webp
F03788;5;3788;Монтажные изделия для кабеля;"Разветвитель (самое частое в группе); группа «Тройник»";изделия группы «Тройник»;;10;2;генерация;photos/F03788.webp
F03789;5;3789;Складское оборудование;"Верстак (самое частое в группе); группа «Верстаки»";изделия группы «Верстаки»;;10;1;генерация;photos/F03789.webp
F03790;5;3790;Складское оборудование;"Скамья-подставка (самое частое в группе); группа «Скамьи»";изделия группы «Скамьи»;;10;2;генерация;photos/F03790.webp
F03791;5;3791;Трубопроводная арматура;"Пневмопривод двойного (самое частое в группе); группа «Управляющая арматура»";изделия группы «Управляющая арматура»;;9;1;генерация;photos/F03791.webp
F03792;5;3792;Насосы;"Реле (самое частое в группе); группа «Комплектующие»";изделия группы «Комплектующие»;;9;2;генерация;photos/F03792.webp
F03793;5;3793;Монтажные изделия для кабеля;"Жгут витой (самое частое в группе); группа «Жгут полиэтилен»";изделия группы «Жгут полиэтилен»;;9;1;генерация;photos/F03793.webp
F03794;5;3794;Монтажные изделия для кабеля;"Цоколь крепежный (самое частое в группе); группа «Крепежный цоколь»";изделия группы «Крепежный цоколь»;;9;1;генерация;photos/F03794.webp
F03795;5;3795;Монтажные изделия для кабеля;"Плетенка (самое частое в группе); группа «Плетенка ПМЛ»";изделия группы «Плетенка ПМЛ»;;9;1;генерация;photos/F03795.webp
F03796;5;3796;Монтажные изделия для кабеля;"Резак (самое частое в группе); группа «Резак»";изделия группы «Резак»;;9;1;генерация;photos/F03796.webp
F03797;5;3797;Монтажные изделия для кабеля;"Сжим ответвительный (самое частое в группе); группа «Соединительная арматура»";изделия группы «Соединительная арматура»;;9;2;генерация;photos/F03797.webp
F03798;5;3798;Теплотехника;группа «Обогреватели для автосервиса»;изделия группы «Обогреватели для автосервиса»;;9;1;генерация;photos/F03798.webp
F03799;5;3799;Подшипники;"Вал линейный (самое частое в группе); группа «Вал линейный»";изделия группы «Вал линейный»;;8;2;генерация;photos/F03799.webp
F03800;5;3800;Инструмент;"Бур (самое частое в группе); группа «Бур по»";изделия группы «Бур по»;;8;1;генерация;photos/F03800.webp
F03801;5;3801;Инструмент;"Машинка гравировальная (самое частое в группе); группа «Граверы»";изделия группы «Граверы»;;8;1;генерация;photos/F03801.webp
F03802;5;3802;Инструмент;"Миксер строительный (самое частое в группе); группа «Миксер строительный»";изделия группы «Миксер строительный»;;8;1;генерация;photos/F03802.webp
F03803;5;3803;Осветительное оборудование;"Ночник светодиодный (самое частое в группе); группа «Ночник светодиодный»";изделия группы «Ночник светодиодный»;;8;1;генерация;photos/F03803.webp
F03804;5;3804;Станки и оборудование;"Полотна пильные (самое частое в группе); группа «Пильные полотна»";изделия группы «Пильные полотна»;;8;2;генерация;photos/F03804.webp
F03805;5;3805;Монтажные изделия для кабеля;Изделия раздела «Монтажные изделия для кабеля»;изделия раздела «Монтажные изделия для кабеля»;;8;1;генерация;photos/F03805.webp
F03806;5;3806;Монтажные изделия для кабеля;Изделия раздела «Монтажные изделия для кабеля»;изделия раздела «Монтажные изделия для кабеля»;;8;1;генерация;photos/F03806.webp
F03807;5;3807;Монтажные изделия для кабеля;Изделия раздела «Монтажные изделия для кабеля»;изделия раздела «Монтажные изделия для кабеля»;;8;1;генерация;photos/F03807.webp
F03808;5;3808;Монтажные изделия для кабеля;"Кабельный ввод (самое частое в группе); группа «Кабельный ввод»";изделия группы «Кабельный ввод»;;8;1;генерация;photos/F03808.webp
F03809;5;3809;Монтажные изделия для кабеля;"Гильзы маркировочные (самое частое в группе); группа «Маркировочные гильзы»";изделия группы «Маркировочные гильзы»;;8;1;генерация;photos/F03809.webp
F03810;5;3810;Монтажные изделия для кабеля;"Панели монтажные (самое частое в группе); группа «Монтажные панели»";изделия группы «Монтажные панели»;;8;1;генерация;photos/F03810.webp
F03811;5;3811;Монтажные изделия для кабеля;"Планка сменная (самое частое в группе); группа «Планка сменная»";изделия группы «Планка сменная»;;8;1;генерация;photos/F03811.webp
F03812;5;3812;Монтажные изделия для кабеля;"Скоба (самое частое в группе); группа «Сцепная арматура»";изделия группы «Сцепная арматура»;;8;1;генерация;photos/F03812.webp
F03813;5;3813;Складское оборудование;"Антресоль инструментальная (самое частое в группе); группа «Складские полки»";изделия группы «Складские полки»;;8;1;генерация;photos/F03813.webp
F03814;5;3814;Подшипники;"Ролик опорный (самое частое в группе); группа «Ролик опорный»";изделия группы «Ролик опорный»;;7;1;генерация;photos/F03814.webp
F03815;5;3815;Строительное оборудование;"Устройство (самое частое в группе); группа «Окрасочные аппараты»";изделия группы «Окрасочные аппараты»;;7;1;генерация;photos/F03815.webp
F03816;5;3816;Строительное оборудование;"Подмость алюминиевая (самое частое в группе); группа «Подмости»";изделия группы «Подмости»;;7;1;генерация;photos/F03816.webp
F03817;5;3817;Инструмент;"Индуктор спиральный (самое частое в группе); группа «Индуктор спиральный»";изделия группы «Индуктор спиральный»;;7;1;генерация;photos/F03817.webp
F03818;5;3818;Инструмент;"Каска защитная (самое частое в группе); группа «Каска защитная»";изделия группы «Каска защитная»;;7;1;генерация;photos/F03818.webp
F03819;5;3819;Осветительное оборудование;группа «LED»;изделия группы «LED»;;7;2;генерация;photos/F03819.webp
F03820;5;3820;Станки и оборудование;"Тумба инструментальная (самое частое в группе); группа «Верстаки»";изделия группы «Верстаки»;;7;1;генерация;photos/F03820.webp
F03821;5;3821;Опоры и стойки;"Щиток вводной (самое частое в группе); группа «Щиток вводной»";изделия группы «Щиток вводной»;;7;1;генерация;photos/F03821.webp
F03822;5;3822;Трубопроводная арматура;"Задвижка нержавеющая (самое частое в группе); группа «Арматура из нержавеющей стали»";изделия группы «Арматура из нержавеющей стали»;;7;1;генерация;photos/F03822.webp
F03823;5;3823;Трубопроводная арматура;"Устройство переключающее (самое частое в группе); группа «Трубопроводная арматура золотниковый»";изделия группы «Трубопроводная арматура золотниковый»;;7;2;генерация;photos/F03823.webp
F03824;5;3824;Редукторы;"Ограничитель обратного (самое частое в группе); группа «Ограничитель обратного»";изделия группы «Ограничитель обратного»;;7;1;генерация;photos/F03824.webp
F03825;5;3825;Монтажные изделия для кабеля;группа «D-Sub»;изделия группы «D-Sub»;;7;1;генерация;photos/F03825.webp
F03826;5;3826;Монтажные изделия для кабеля;Изделия раздела «Монтажные изделия для кабеля»;изделия раздела «Монтажные изделия для кабеля»;;7;1;генерация;photos/F03826.webp
F03827;5;3827;Монтажные изделия для кабеля;"Зажим (самое частое в группе); группа «Зажимы»";изделия группы «Зажимы»;;7;2;генерация;photos/F03827.webp
F03828;5;3828;Монтажные изделия для кабеля;"Каркас (самое частое в группе); группа «Каркас»";изделия группы «Каркас»;;7;1;генерация;photos/F03828.webp
F03829;5;3829;Монтажные изделия для кабеля;"Крюк бандажный (самое частое в группе); группа «Металлоконструкции»";изделия группы «Металлоконструкции»;;7;1;генерация;photos/F03829.webp
F03830;5;3830;Монтажные изделия для кабеля;"Полоса (самое частое в группе); группа «Полоса стальная»";изделия группы «Полоса стальная»;;7;2;генерация;photos/F03830.webp
F03831;5;3831;Монтажные изделия для кабеля;"Ретро (самое частое в группе); группа «Розетки силовые»";изделия группы «Розетки силовые»;;7;1;генерация;photos/F03831.webp
F03832;5;3832;Монтажные изделия для кабеля;"Флюс (самое частое в группе); группа «Флюс»";изделия группы «Флюс»;;7;1;генерация;photos/F03832.webp
F03833;5;3833;Подшипники;"Съемник (самое частое в группе); группа «Съемник подшипников»";изделия группы «Съемник подшипников»;;6;1;генерация;photos/F03833.webp
F03834;5;3834;Строительное оборудование;"Копер бензиновый (самое частое в группе); группа «Коперы (молотки)»";изделия группы «Коперы (молотки)»;;6;1;генерация;photos/F03834.webp
F03835;5;3835;Строительное оборудование;"Помост малярный (самое частое в группе); группа «Помосты»";изделия группы «Помосты»;;6;2;генерация;photos/F03835.webp
F03836;5;3836;Строительное оборудование;"Распылитель электрический (самое частое в группе); группа «Распылитель электрический»";изделия группы «Распылитель электрический»;;6;1;генерация;photos/F03836.webp
F03837;5;3837;Электродвигатели;Салазки (самое частое в группе);изделия раздела «Электродвигатели»;;6;1;генерация;photos/F03837.webp
F03838;5;3838;Электродвигатели;Регулятор (самое частое в группе);изделия раздела «Электродвигатели»;;6;1;генерация;photos/F03838.webp
F03839;5;3839;Высоковольтное оборудование;"Заземлитель (самое частое в группе); группа «Оборудование на 110 кВ»";изделия группы «Оборудование на 110 кВ»;;6;1;генерация;photos/F03839.webp
F03840;5;3840;Инструмент;"Гайковерт ударный (самое частое в группе); группа «Гайковерт ударный»";изделия группы «Гайковерт ударный»;;6;1;генерация;photos/F03840.webp
F03841;5;3841;Инструмент;"Клупп резьбонарезной (самое частое в группе); группа «Клупп резьбонарезной»";изделия группы «Клупп резьбонарезной»;;6;1;генерация;photos/F03841.webp
F03842;5;3842;Инструмент;"Пружина концевая (самое частое в группе); группа «Пружина концевая»";изделия группы «Пружина концевая»;;6;1;генерация;photos/F03842.webp
F03843;5;3843;Инструмент;"Трещотка аккумуляторная (самое частое в группе); группа «Трещотка аккумуляторная»";изделия группы «Трещотка аккумуляторная»;;6;1;генерация;photos/F03843.webp
F03844;5;3844;Станки и оборудование;"Полуцентр упорный (самое частое в группе); группа «Полуцентр упорный»";изделия группы «Полуцентр упорный»;;6;1;генерация;photos/F03844.webp
F03845;5;3845;Трубопроводная арматура;"Пневмопривод (самое частое в группе); группа «Арматура»";изделия группы «Арматура»;;6;1;генерация;photos/F03845.webp
F03846;5;3846;Насосы;"Мотопомпа дизельная (самое частое в группе); группа «Мотопомпа»";изделия группы «Мотопомпа»;;6;1;генерация;photos/F03846.webp
F03847;5;3847;Монтажные изделия для кабеля;группа «уплотнительная»;изделия группы «уплотнительная»;;6;1;генерация;photos/F03847.webp
F03848;5;3848;Монтажные изделия для кабеля;"Гильза изолированная (самое частое в группе); группа «Гильза изолированная»";изделия группы «Гильза изолированная»;;6;1;генерация;photos/F03848.webp
F03849;5;3849;Монтажные изделия для кабеля;"Канал кабельный (самое частое в группе); группа «Кабельный канал»";изделия группы «Кабельный канал»;;6;1;генерация;photos/F03849.webp
F03850;5;3850;Монтажные изделия для кабеля;"Таблички маркировочные (самое частое в группе); группа «Маркировочные таблички»";изделия группы «Маркировочные таблички»;;6;1;генерация;photos/F03850.webp
F03851;5;3851;Монтажные изделия для кабеля;"Матрицы обжимные (самое частое в группе); группа «Обжимные матрицы»";изделия группы «Обжимные матрицы»;;6;1;генерация;photos/F03851.webp
F03852;5;3852;Монтажные изделия для кабеля;"Пассатижи (самое частое в группе); группа «Пассатижи»";изделия группы «Пассатижи»;;6;2;генерация;photos/F03852.webp
F03853;5;3853;Монтажные изделия для кабеля;"Пруток (самое частое в группе); группа «Пруток стальной»";изделия группы «Пруток стальной»;;6;1;генерация;photos/F03853.webp
F03854;5;3854;Монтажные изделия для кабеля;"Светорегулятор поворотный (самое частое в группе); группа «Светорегулятор поворотный»";изделия группы «Светорегулятор поворотный»;;6;1;генерация;photos/F03854.webp
F03855;5;3855;Монтажные изделия для кабеля;"Ответвление т-образное (самое частое в группе); группа «Угол для кабель-канала»";изделия группы «Угол для кабель-канала»;;6;1;генерация;photos/F03855.webp
F03856;5;3856;Монтажные изделия для кабеля;"Ящик (самое частое в группе); группа «Ящик»";изделия группы «Ящик»;;6;1;генерация;photos/F03856.webp
F03857;5;3857;Складское оборудование;"Органайзер настольный (самое частое в группе); группа «Органайзер настольный»";изделия группы «Органайзер настольный»;;6;1;генерация;photos/F03857.webp
F03858;5;3858;Строительное оборудование;"Вибросито (самое частое в группе); группа «Вибросита»";изделия группы «Вибросита»;;5;1;генерация;photos/F03858.webp
F03859;5;3859;Строительное оборудование;"Полотно (самое частое в группе); группа «Полотно для виброрейки»";изделия группы «Полотно для виброрейки»;;5;1;генерация;photos/F03859.webp
F03860;5;3860;Строительное оборудование;"Преобразователь (самое частое в группе); группа «Преобразователи частоты»";изделия группы «Преобразователи частоты»;;5;1;генерация;photos/F03860.webp
F03861;5;3861;Строительное оборудование;"Секция промежуточная (самое частое в группе); группа «Секции для виброреек»";изделия группы «Секции для виброреек»;;5;1;генерация;photos/F03861.webp
F03862;5;3862;Строительное оборудование;"Трансформатор сухой (самое частое в группе); группа «Трансформаторы для прогрева бетона»";изделия группы «Трансформаторы для прогрева бетона»;;5;1;генерация;photos/F03862.webp
F03863;5;3863;Конвейерные ленты;"Трубка фторопластовая (самое частое в группе); группа «Ленты тефлоновые (фторопласт)»";изделия группы «Ленты тефлоновые (фторопласт)»;;5;1;генерация;photos/F03863.webp
F03864;5;3864;Инструмент;"Грунтозацеп (самое частое в группе); группа «Грунтозацеп»";изделия группы «Грунтозацеп»;;5;1;генерация;photos/F03864.webp
F03865;5;3865;Инструмент;"Индикатор (самое частое в группе); группа «Индикатор напряжения»";изделия группы «Индикатор напряжения»;;5;1;генерация;photos/F03865.webp
F03866;5;3866;Инструмент;"Молоток клепальный (самое частое в группе); группа «Молоток клепальный»";изделия группы «Молоток клепальный»;;5;1;генерация;photos/F03866.webp
F03867;5;3867;Инструмент;"Молоток рубильный (самое частое в группе); группа «Молоток рубильный»";изделия группы «Молоток рубильный»;;5;1;генерация;photos/F03867.webp
F03868;5;3868;Инструмент;"Нагреватель жидкотопливный (самое частое в группе); группа «Нагреватель жидкотопливный»";изделия группы «Нагреватель жидкотопливный»;;5;1;генерация;photos/F03868.webp
F03869;5;3869;Инструмент;"Привязь удерживающая (самое частое в группе); группа «Привязь удерживающая»";изделия группы «Привязь удерживающая»;;5;1;генерация;photos/F03869.webp
F03870;5;3870;Инструмент;"Проволока омедненная (самое частое в группе); группа «Проволока омедненная»";изделия группы «Проволока омедненная»;;5;1;генерация;photos/F03870.webp
F03871;5;3871;Инструмент;"Устройство зарядное (самое частое в группе); группа «Устройство зарядное»";изделия группы «Устройство зарядное»;;5;1;генерация;photos/F03871.webp
F03872;5;3872;Инструмент;"Фен технический (самое частое в группе); группа «Фен технический»";изделия группы «Фен технический»;;5;1;генерация;photos/F03872.webp
F03873;5;3873;Опоры и стойки;"Молниеприемник (самое частое в группе); группа «Молниеприемник»";изделия группы «Молниеприемник»;;5;1;генерация;photos/F03873.webp
F03874;5;3874;Трубопроводная арматура;"Муфта соединительная (самое частое в группе); группа «Арматура (Китай)»";изделия группы «Арматура (Китай)»;;5;1;генерация;photos/F03874.webp
F03875;5;3875;Трубопроводная арматура;"Сигнализатор (самое частое в группе); группа «Контрольно-измерительные приборы»";изделия группы «Контрольно-измерительные приборы»;;5;1;генерация;photos/F03875.webp
F03876;5;3876;Трубопроводная арматура;"Заглушка фланцевая (самое частое в группе); группа «Трубопроводная арматура РФ»";изделия группы «Трубопроводная арматура РФ»;;5;1;генерация;photos/F03876.webp
F03877;5;3877;Редукторы;"Удлинитель (самое частое в группе); группа «Удлинитель фланца»";изделия группы «Удлинитель фланца»;;5;1;генерация;photos/F03877.webp
F03878;5;3878;Монтажные изделия для кабеля;Изделия раздела «Монтажные изделия для кабеля»;изделия раздела «Монтажные изделия для кабеля»;;5;1;генерация;photos/F03878.webp
F03879;5;3879;Монтажные изделия для кабеля;"Гильза (самое частое в группе); группа «Гильза»";изделия группы «Гильза»;;5;1;генерация;photos/F03879.webp
F03880;5;3880;Монтажные изделия для кабеля;"Зажимы клиновидные (самое частое в группе); группа «Клиновидные зажимы»";изделия группы «Клиновидные зажимы»;;5;1;генерация;photos/F03880.webp
F03881;5;3881;Монтажные изделия для кабеля;"Лючок напольный (самое частое в группе); группа «Лючок напольный»";изделия группы «Лючок напольный»;;5;1;генерация;photos/F03881.webp
F03882;5;3882;Монтажные изделия для кабеля;"Оконцеватель (самое частое в группе); группа «Оконцеватели»";изделия группы «Оконцеватели»;;5;1;генерация;photos/F03882.webp
F03883;5;3883;Монтажные изделия для кабеля;"Оплетка кабельная (самое частое в группе); группа «Оплетка кабельная полиамид»";изделия группы «Оплетка кабельная полиамид»;;5;1;генерация;photos/F03883.webp
F03884;5;3884;Монтажные изделия для кабеля;"Очиститель абсолютированный (самое частое в группе); группа «Очиститель абсолютированный»";изделия группы «Очиститель абсолютированный»;;5;1;генерация;photos/F03884.webp
F03885;5;3885;Монтажные изделия для кабеля;"Паяльник (самое частое в группе); группа «Паяльник»";изделия группы «Паяльник»;;5;1;генерация;photos/F03885.webp
F03886;5;3886;Монтажные изделия для кабеля;"Полоса горячеоцинкованная (самое частое в группе); группа «Полоса»";изделия группы «Полоса»;;5;1;генерация;photos/F03886.webp
F03887;5;3887;Монтажные изделия для кабеля;"Соединение (самое частое в группе); группа «Соединитель»";изделия группы «Соединитель»;;5;1;генерация;photos/F03887.webp
F03888;5;3888;Монтажные изделия для кабеля;"Стриппер (самое частое в группе); группа «Стрипперы»";изделия группы «Стрипперы»;;5;1;генерация;photos/F03888.webp
F03889;5;3889;Складское оборудование;"Весы стержневые (самое частое в группе); группа «Весы»";изделия группы «Весы»;;5;1;генерация;photos/F03889.webp
F03890;5;3890;Складское оборудование;"Табурет (самое частое в группе); группа «Стулья»";изделия группы «Стулья»;;5;1;генерация;photos/F03890.webp
F03891;5;3891;Подшипники;"Корпус (самое частое в группе); группа «Корпус подшипника»";изделия группы «Корпус подшипника»;;4;1;генерация;photos/F03891.webp
F03892;5;3892;Подшипники;"Ролик (самое частое в группе); группа «Подшипники роликовые»";изделия группы «Подшипники роликовые»;;4;1;генерация;photos/F03892.webp
F03893;5;3893;Кабель и провод;Кабель плоский;кабель плоский;;4;1;генерация;photos/F03893.webp
F03894;5;3894;Видеонаблюдение;"Регистратор (самое частое в группе); группа «Видеорегистраторы»";изделия группы «Видеорегистраторы»;;4;1;генерация;photos/F03894.webp
F03895;5;3895;Цепи;"Звено соединительное (самое частое в группе); группа «Стальные цепи»";изделия группы «Стальные цепи»;;4;1;генерация;photos/F03895.webp
F03896;5;3896;Строительное оборудование;"Вибропогружатель (самое частое в группе); группа «Вибропогружатели»";изделия группы «Вибропогружатели»;;4;1;генерация;photos/F03896.webp
F03897;5;3897;Строительное оборудование;группа «Краскопульты»;изделия группы «Краскопульты»;;4;1;генерация;photos/F03897.webp
F03898;5;3898;Строительное оборудование;"Площадка (самое частое в группе); группа «Площадка»";изделия группы «Площадка»;;4;1;генерация;photos/F03898.webp
F03899;5;3899;Гидравлика;"Гидронасос (самое частое в группе); группа «Гидронасосы»";изделия группы «Гидронасосы»;;4;1;генерация;photos/F03899.webp
F03900;5;3900;Рукава;"Трубка (самое частое в группе); группа «Трубка ПВХ»";изделия группы «Трубка ПВХ»;;4;1;генерация;photos/F03900.webp
F03901;5;3901;Инструмент;"Арматурорез электрический (самое частое в группе); группа «Арматурорез электрический»";изделия группы «Арматурорез электрический»;;4;1;генерация;photos/F03901.webp
F03902;5;3902;Инструмент;"Бетонолом пневматический (самое частое в группе); группа «Бетонолом пневматический»";изделия группы «Бетонолом пневматический»;;4;1;генерация;photos/F03902.webp
F03903;5;3903;Инструмент;"Гайковерт угловой (самое частое в группе); группа «Гайковерт угловой»";изделия группы «Гайковерт угловой»;;4;1;генерация;photos/F03903.webp
F03904;5;3904;Инструмент;"Горелка (самое частое в группе); группа «Горелка»";изделия группы «Горелка»;;4;1;генерация;photos/F03904.webp
F03905;5;3905;Инструмент;"Жилет сигнальный (самое частое в группе); группа «Жилет сигнальный»";изделия группы «Жилет сигнальный»;;4;1;генерация;photos/F03905.webp
F03906;5;3906;Инструмент;"Комбинезон защитный (самое частое в группе); группа «Комбинезон защитный»";изделия группы «Комбинезон защитный»;;4;1;генерация;photos/F03906.webp
F03907;5;3907;Инструмент;"Электрокомпрессор (самое частое в группе); группа «Компрессоры»";изделия группы «Компрессоры»;;4;1;генерация;photos/F03907.webp
F03908;5;3908;Инструмент;"Проволока порошковая (самое частое в группе); группа «Проволока порошковая»";изделия группы «Проволока порошковая»;;4;1;генерация;photos/F03908.webp
F03909;5;3909;Инструмент;"Ролик подающий (самое частое в группе); группа «Ролик подающий»";изделия группы «Ролик подающий»;;4;1;генерация;photos/F03909.webp
F03910;5;3910;Инструмент;"Стеклодомкрат (самое частое в группе); группа «Стеклодомкрат»";изделия группы «Стеклодомкрат»;;4;1;генерация;photos/F03910.webp
F03911;5;3911;Осветительное оборудование;группа «LED светильник»;изделия группы «LED светильник»;;4;1;генерация;photos/F03911.webp
F03912;5;3912;Осветительное оборудование;"Лампа газоразрядная (самое частое в группе); группа «Лампа газоразрядная»";изделия группы «Лампа газоразрядная»;;4;1;генерация;photos/F03912.webp
F03913;5;3913;Светильники;"Указатель (самое частое в группе); группа «Белый свет»";изделия группы «Белый свет»;;4;1;генерация;photos/F03913.webp
F03914;5;3914;Опоры и стойки;"Коробка соединительная (самое частое в группе); группа «Коробка соединительная»";изделия группы «Коробка соединительная»;;4;1;генерация;photos/F03914.webp
F03915;5;3915;Трубопроводная арматура;"Клапан шаровой (самое частое в группе); группа «Арматура ДУ 20 мм»";изделия группы «Арматура ДУ 20 мм»;;4;1;генерация;photos/F03915.webp
F03916;5;3916;Трубопроводная арматура;"Пневмораспределитель (самое частое в группе); группа «Арматура из алюминия»";изделия группы «Арматура из алюминия»;;4;1;генерация;photos/F03916.webp
F03917;5;3917;Трубопроводная арматура;"Муфта соединительная (самое частое в группе); группа «Арматура из углеродистой стали»";изделия группы «Арматура из углеродистой стали»;;4;1;генерация;photos/F03917.webp
F03918;5;3918;Редукторы;"Вариатор механический (самое частое в группе); группа «Параллельные»";изделия группы «Параллельные»;;4;1;генерация;photos/F03918.webp
F03919;5;3919;Редукторы;"Ступень (самое частое в группе); группа «Ступень»";изделия группы «Ступень»;;4;1;генерация;photos/F03919.webp
F03920;5;3920;Монтажные изделия для кабеля;Изделия раздела «Монтажные изделия для кабеля»;изделия раздела «Монтажные изделия для кабеля»;;4;1;генерация;photos/F03920.webp
F03921;5;3921;Монтажные изделия для кабеля;Изделия раздела «Монтажные изделия для кабеля»;изделия раздела «Монтажные изделия для кабеля»;;4;1;генерация;photos/F03921.webp
F03922;5;3922;Монтажные изделия для кабеля;Изделия раздела «Монтажные изделия для кабеля»;изделия раздела «Монтажные изделия для кабеля»;;4;1;генерация;photos/F03922.webp
F03923;5;3923;Монтажные изделия для кабеля;Изделия раздела «Монтажные изделия для кабеля»;изделия раздела «Монтажные изделия для кабеля»;;4;1;генерация;photos/F03923.webp
F03924;5;3924;Монтажные изделия для кабеля;Изделия раздела «Монтажные изделия для кабеля»;изделия раздела «Монтажные изделия для кабеля»;;4;1;генерация;photos/F03924.webp
F03925;5;3925;Монтажные изделия для кабеля;Изделия раздела «Монтажные изделия для кабеля»;изделия раздела «Монтажные изделия для кабеля»;;4;1;генерация;photos/F03925.webp
F03926;5;3926;Монтажные изделия для кабеля;Изделия раздела «Монтажные изделия для кабеля»;изделия раздела «Монтажные изделия для кабеля»;;4;1;генерация;photos/F03926.webp
F03927;5;3927;Монтажные изделия для кабеля;Изделия раздела «Монтажные изделия для кабеля»;изделия раздела «Монтажные изделия для кабеля»;;4;1;генерация;photos/F03927.webp
F03928;5;3928;Монтажные изделия для кабеля;Изделия раздела «Монтажные изделия для кабеля»;изделия раздела «Монтажные изделия для кабеля»;;4;1;генерация;photos/F03928.webp
F03929;5;3929;Монтажные изделия для кабеля;"Бандаж спиральный (самое частое в группе); группа «Бандаж спиральный»";изделия группы «Бандаж спиральный»;;4;1;генерация;photos/F03929.webp
F03930;5;3930;Монтажные изделия для кабеля;"Вывод (самое частое в группе); группа «Вывод кабеля»";изделия группы «Вывод кабеля»;;4;1;генерация;photos/F03930.webp
F03931;5;3931;Монтажные изделия для кабеля;"Кнопка нажимная (самое частое в группе); группа «Кнопка нажимная»";изделия группы «Кнопка нажимная»;;4;1;генерация;photos/F03931.webp
F03932;5;3932;Монтажные изделия для кабеля;"Пресс-клещи (самое частое в группе); группа «Кримперы»";изделия группы «Кримперы»;;4;1;генерация;photos/F03932.webp
F03933;5;3933;Монтажные изделия для кабеля;"Оплетка экранирующая (самое частое в группе); группа «Медная экранирующая»";изделия группы «Медная экранирующая»;;4;1;генерация;photos/F03933.webp
F03934;5;3934;Монтажные изделия для кабеля;"Органайзер-конструктор (самое частое в группе); группа «Органайзер-конструктор»";изделия группы «Органайзер-конструктор»;;4;1;генерация;photos/F03934.webp
F03935;5;3935;Монтажные изделия для кабеля;"Основание монтажное (самое частое в группе); группа «Основание монтажное»";изделия группы «Основание монтажное»;;4;1;генерация;photos/F03935.webp
F03936;5;3936;Монтажные изделия для кабеля;"Панель коммутационная (самое частое в группе); группа «Панель коммутационная»";изделия группы «Панель коммутационная»;;4;1;генерация;photos/F03936.webp
F03937;5;3937;Монтажные изделия для кабеля;"Провод (самое частое в группе); группа «Провод заземления»";изделия группы «Провод заземления»;;4;1;генерация;photos/F03937.webp
F03938;5;3938;Монтажные изделия для кабеля;"Рукавицы рабочие (самое частое в группе); группа «Рукавицы рабочие»";изделия группы «Рукавицы рабочие»;;4;1;генерация;photos/F03938.webp
F03939;5;3939;Монтажные изделия для кабеля;"Скоба-держатель (самое частое в группе); группа «Скоба-держатель стальная»";изделия группы «Скоба-держатель стальная»;;4;1;генерация;photos/F03939.webp
F03940;5;3940;Монтажные изделия для кабеля;"Катушка (самое частое в группе); группа «Удлинители»";изделия группы «Удлинители»;;4;1;генерация;photos/F03940.webp
F03941;5;3941;Монтажные изделия для кабеля;"Цоколь (самое частое в группе); группа «Цоколь»";изделия группы «Цоколь»;;4;1;генерация;photos/F03941.webp
F03942;5;3942;Монтажные изделия для кабеля;"Шаблон (самое частое в группе); группа «Шаблон»";изделия группы «Шаблон»;;4;1;генерация;photos/F03942.webp
F03943;5;3943;Складское оборудование;"Ролл-контейнер (самое частое в группе); группа «Контейнеры»";изделия группы «Контейнеры»;;4;1;генерация;photos/F03943.webp
F03944;5;3944;Складское оборудование;"Механизм тяговый (самое частое в группе); группа «Лебедки»";изделия группы «Лебедки»;;4;1;генерация;photos/F03944.webp
F03945;5;3945;Складское оборудование;"Шкаф-купе (самое частое в группе); группа «Шкафы для склада»";изделия группы «Шкафы для склада»;;4;1;генерация;photos/F03945.webp
F03946;5;3946;Подшипники;"Шайба упорная (самое частое в группе); группа «Шайба упорная»";изделия группы «Шайба упорная»;;3;1;генерация;photos/F03946.webp
F03947;5;3947;Строительное оборудование;"Виброприсоска (самое частое в группе); группа «Виброприсоска»";изделия группы «Виброприсоска»;;3;1;генерация;photos/F03947.webp
F03948;5;3948;Строительное оборудование;"Виброприсоска (самое частое в группе); группа «Виброприсоска»";изделия группы «Виброприсоска»;;3;1;генерация;photos/F03948.webp
F03949;5;3949;Строительное оборудование;"Вибростол-транспортер (самое частое в группе); группа «Вибростолы»";изделия группы «Вибростолы»;;3;1;генерация;photos/F03949.webp
F03950;5;3950;Строительное оборудование;"Механизм подающий (самое частое в группе); группа «Механизм подающий»";изделия группы «Механизм подающий»;;3;1;генерация;photos/F03950.webp
F03951;5;3951;Строительное оборудование;"Профиль (самое частое в группе); группа «Профили для виброреек»";изделия группы «Профили для виброреек»;;3;1;генерация;photos/F03951.webp
F03952;5;3952;Строительное оборудование;"Распылитель (самое частое в группе); группа «Распылитель»";изделия группы «Распылитель»;;3;1;генерация;photos/F03952.webp
F03953;5;3953;Строительное оборудование;"Штабелер гидравлический (самое частое в группе); группа «Штабелер гидравлический»";изделия группы «Штабелер гидравлический»;;3;1;генерация;photos/F03953.webp
F03954;5;3954;Инструмент;"Арматурорез электрогидравлический (самое частое в группе); группа «Арматурорез электрогидравлический»";изделия группы «Арматурорез электрогидравлический»;;3;1;генерация;photos/F03954.webp
F03955;5;3955;Инструмент;"Блок автоматического (самое частое в группе); группа «Блок автоматического»";изделия группы «Блок автоматического»;;3;1;генерация;photos/F03955.webp
F03956;5;3956;Инструмент;"Гвоздезабиватель (самое частое в группе); группа «Гвоздезабиватель»";изделия группы «Гвоздезабиватель»;;3;1;генерация;photos/F03956.webp
F03957;5;3957;Инструмент;"Инструмент многофункциональный (самое частое в группе); группа «Инструмент многофункциональный»";изделия группы «Инструмент многофункциональный»;;3;1;генерация;photos/F03957.webp
F03958;5;3958;Инструмент;"Кабель (самое частое в группе); группа «Кабель»";изделия группы «Кабель»;;3;1;генерация;photos/F03958.webp
F03959;5;3959;Инструмент;"Кабель (самое частое в группе); группа «Кабель тестер/трассоискатель»";изделия группы «Кабель тестер/трассоискатель»;;3;1;генерация;photos/F03959.webp
F03960;5;3960;Инструмент;"Механизм (самое частое в группе); группа «Механизм подачи»";изделия группы «Механизм подачи»;;3;1;генерация;photos/F03960.webp
F03961;5;3961;Инструмент;"Напильник ленточный (самое частое в группе); группа «Напильник ленточный»";изделия группы «Напильник ленточный»;;3;1;генерация;photos/F03961.webp
F03962;5;3962;Инструмент;"Насадки (самое частое в группе); группа «Насадки»";изделия группы «Насадки»;;3;1;генерация;photos/F03962.webp
F03963;5;3963;Инструмент;"Окучник (самое частое в группе); группа «Окучник»";изделия группы «Окучник»;;3;1;генерация;photos/F03963.webp
F03964;5;3964;Инструмент;"Мини-пила цепная (самое частое в группе); группа «Пилы»";изделия группы «Пилы»;;3;1;генерация;photos/F03964.webp
F03965;5;3965;Инструмент;"Реостат балластный (самое частое в группе); группа «Реостат балластный»";изделия группы «Реостат балластный»;;3;1;генерация;photos/F03965.webp
F03966;5;3966;Инструмент;"Система автоматической (самое частое в группе); группа «Система автоматической»";изделия группы «Система автоматической»;;3;1;генерация;photos/F03966.webp
F03967;5;3967;Инструмент;"Стеклодомкрат (самое частое в группе); группа «Стеклодомкрат»";изделия группы «Стеклодомкрат»;;3;1;генерация;photos/F03967.webp
F03968;5;3968;Инструмент;"Стереомикроскоп (самое частое в группе); группа «Стереомикроскоп»";изделия группы «Стереомикроскоп»;;3;1;генерация;photos/F03968.webp
F03969;5;3969;Инструмент;"Строп ленточный (самое частое в группе); группа «Строп ленточный»";изделия группы «Строп ленточный»;;3;1;генерация;photos/F03969.webp
F03970;5;3970;Осветительное оборудование;"Модуль переключающий (самое частое в группе); группа «Модуль переключающий»";изделия группы «Модуль переключающий»;;3;1;генерация;photos/F03970.webp
F03971;5;3971;Осветительное оборудование;"Ночник-фонарь (самое частое в группе); группа «Ночник-фонарь»";изделия группы «Ночник-фонарь»;;3;1;генерация;photos/F03971.webp
F03972;5;3972;Осветительное оборудование;"Рассеиватель (самое частое в группе); группа «Рассеиватель»";изделия группы «Рассеиватель»;;3;1;генерация;photos/F03972.webp
F03973;5;3973;Светильники;Теплоизлучатель (самое частое в группе);изделия раздела «Светильники»;;3;1;генерация;photos/F03973.webp
F03974;5;3974;Низковольтное оборудование;"Вставка (самое частое в группе); группа «Ограничители перенапряжения»";изделия группы «Ограничители перенапряжения»;;3;1;генерация;photos/F03974.webp
F03975;5;3975;Опоры и стойки;"Цоколь универсальный (самое частое в группе); группа «Цоколь универсальный»";изделия группы «Цоколь универсальный»;;3;1;генерация;photos/F03975.webp
F03976;5;3976;Трубопроводная арматура;"Клапан шаровой (самое частое в группе); группа «Арматура ДУ 25 мм»";изделия группы «Арматура ДУ 25 мм»;;3;1;генерация;photos/F03976.webp
F03977;5;3977;Трубопроводная арматура;"Кран пробковый (самое частое в группе); группа «Арматура для водоотведения»";изделия группы «Арматура для водоотведения»;;3;1;генерация;photos/F03977.webp
F03978;5;3978;Трубопроводная арматура;"Воздухоотводчик фланцевый (самое частое в группе); группа «Арматура для водоснабжения»";изделия группы «Арматура для водоснабжения»;;3;1;генерация;photos/F03978.webp
F03979;5;3979;Редукторы;"Предступень цилиндрическая (самое частое в группе); группа «Предступень цилиндрическая»";изделия группы «Предступень цилиндрическая»;;3;1;генерация;photos/F03979.webp
F03980;5;3980;Редукторы;"Вариатор механический (самое частое в группе); группа «Угловые»";изделия группы «Угловые»;;3;1;генерация;photos/F03980.webp
F03981;5;3981;Монтажные изделия для кабеля;"группа «19"" соединительный»";"изделия группы «19"" соединительный»";;3;1;генерация;photos/F03981.webp
F03982;5;3982;Монтажные изделия для кабеля;Изделия раздела «Монтажные изделия для кабеля»;изделия раздела «Монтажные изделия для кабеля»;;3;1;генерация;photos/F03982.webp
F03983;5;3983;Монтажные изделия для кабеля;"Адаптер (самое частое в группе); группа «Адаптер»";изделия группы «Адаптер»;;3;1;генерация;photos/F03983.webp
F03984;5;3984;Монтажные изделия для кабеля;"Адаптер (самое частое в группе); группа «Адаптер»";изделия группы «Адаптер»;;3;1;генерация;photos/F03984.webp
F03985;5;3985;Монтажные изделия для кабеля;"Длинногубцы (самое частое в группе); группа «Длинногубцы»";изделия группы «Длинногубцы»;;3;1;генерация;photos/F03985.webp
F03986;5;3986;Монтажные изделия для кабеля;"Зажимы (самое частое в группе); группа «Зажимы простейшего»";изделия группы «Зажимы простейшего»;;3;1;генерация;photos/F03986.webp
F03987;5;3987;Монтажные изделия для кабеля;"Миниканал (самое частое в группе); группа «Кабель-каналы»";изделия группы «Кабель-каналы»;;3;1;генерация;photos/F03987.webp
F03988;5;3988;Монтажные изделия для кабеля;"Катушка пластиковая (самое частое в группе); группа «Катушка пластиковая»";изделия группы «Катушка пластиковая»;;3;1;генерация;photos/F03988.webp
F03989;5;3989;Монтажные изделия для кабеля;"Колено (самое частое в группе); группа «Колено открывающееся»";изделия группы «Колено открывающееся»;;3;1;генерация;photos/F03989.webp
F03990;5;3990;Монтажные изделия для кабеля;"Колонна алюминиевая (самое частое в группе); группа «Колонна алюминиевая»";изделия группы «Колонна алюминиевая»;;3;1;генерация;photos/F03990.webp
F03991;5;3991;Монтажные изделия для кабеля;"Кольцо резиновое (самое частое в группе); группа «Кольцо резиновое»";изделия группы «Кольцо резиновое»;;3;1;генерация;photos/F03991.webp
F03992;5;3992;Монтажные изделия для кабеля;"Локализатор (самое частое в группе); группа «Локализатор»";изделия группы «Локализатор»;;3;1;генерация;photos/F03992.webp
F03993;5;3993;Монтажные изделия для кабеля;"Стержень монтажный (самое частое в группе); группа «Монтажный стержень»";изделия группы «Монтажный стержень»;;3;1;генерация;photos/F03993.webp
F03994;5;3994;Монтажные изделия для кабеля;"Отвертка-пробник (самое частое в группе); группа «Отвертка-пробник»";изделия группы «Отвертка-пробник»;;3;1;генерация;photos/F03994.webp
F03995;5;3995;Монтажные изделия для кабеля;"Очиститель (самое частое в группе); группа «Очиститель оптических»";изделия группы «Очиститель оптических»;;3;1;генерация;photos/F03995.webp
F03996;5;3996;Монтажные изделия для кабеля;"Плита (самое частое в группе); группа «Плита ПЗК»";изделия группы «Плита ПЗК»;;3;1;генерация;photos/F03996.webp
F03997;5;3997;Монтажные изделия для кабеля;"Пруток (самое частое в группе); группа «Пруток»";изделия группы «Пруток»;;3;1;генерация;photos/F03997.webp
F03998;5;3998;Монтажные изделия для кабеля;"Рукавицы брезентовые (самое частое в группе); группа «Рукавицы брезентовые»";изделия группы «Рукавицы брезентовые»;;3;1;генерация;photos/F03998.webp
F03999;5;3999;Монтажные изделия для кабеля;"Прибор ручной (самое частое в группе); группа «Ручной прибор»";изделия группы «Ручной прибор»;;3;1;генерация;photos/F03999.webp
F04000;5;4000;Монтажные изделия для кабеля;"Соединители цилиндрические (самое частое в группе); группа «Соединители цилиндрические»";изделия группы «Соединители цилиндрические»;;3;1;генерация;photos/F04000.webp
F04001;5;4001;Монтажные изделия для кабеля;"Тройник (самое частое в группе); группа «Тройник»";изделия группы «Тройник»;;3;1;генерация;photos/F04001.webp
F04002;5;4002;Монтажные изделия для кабеля;"Тройник (самое частое в группе); группа «Тройник открывающийся»";изделия группы «Тройник открывающийся»;;3;1;генерация;photos/F04002.webp
F04003;5;4003;Кабельные муфты;"Оконцеватель (самое частое в группе); группа «Кабельные муфты»";изделия группы «Кабельные муфты»;;3;1;генерация;photos/F04003.webp
F04004;5;4004;Складское оборудование;"Стул (самое частое в группе); группа «Складское оборудование»";изделия группы «Складское оборудование»;;3;1;генерация;photos/F04004.webp
F04005;5;4005;Теплотехника;"Конвектор электрический (самое частое в группе); группа «Обогреватели 1 кВт»";изделия группы «Обогреватели 1 кВт»;;3;1;генерация;photos/F04005.webp
F04006;5;4006;Теплотехника;"Пушка тепловая (самое частое в группе); группа «Обогреватели для склада»";изделия группы «Обогреватели для склада»;;3;1;генерация;photos/F04006.webp
F04007;5;4007;Лотки и кабеленесущие системы;группа «Лотки металлические»;изделия группы «Лотки металлические»;;3;1;генерация;photos/F04007.webp
F04008;5;4008;Лотки и кабеленесущие системы;"Подвес (самое частое в группе); группа «Системы подвесов»";изделия группы «Системы подвесов»;;3;1;генерация;photos/F04008.webp
F04009;5;4009;Подшипники;"Ролик опорный (самое частое в группе); группа «Подшипники шариковые»";изделия группы «Подшипники шариковые»;;2;1;генерация;photos/F04009.webp
F04010;5;4010;Подшипники;"Шайба уплотнительная (самое частое в группе); группа «Шайба уплотнительная»";изделия группы «Шайба уплотнительная»;;2;1;генерация;photos/F04010.webp
F04011;5;4011;Видеонаблюдение;"Регистратор (самое частое в группе); группа «Видеонаблюдение»";изделия группы «Видеонаблюдение»;;2;1;генерация;photos/F04011.webp
F04012;5;4012;Видеонаблюдение;"Коммутатор (самое частое в группе); группа «Видеонаблюдение»";изделия группы «Видеонаблюдение»;;2;1;генерация;photos/F04012.webp
F04013;5;4013;Видеонаблюдение;"Муляж (самое частое в группе); группа «Камеры видеонаблюдения»";изделия группы «Камеры видеонаблюдения»;;2;1;генерация;photos/F04013.webp
F04014;5;4014;Строительное оборудование;"Виброприсоска (самое частое в группе); группа «Виброприсоска»";изделия группы «Виброприсоска»;;2;1;генерация;photos/F04014.webp
F04015;5;4015;Строительное оборудование;"Двигатель (самое частое в группе); группа «Двигатель»";изделия группы «Двигатель»;;2;1;генерация;photos/F04015.webp
F04016;5;4016;Строительное оборудование;"Мачта осветительная (самое частое в группе); группа «Мачты осветительные»";изделия группы «Мачты осветительные»;;2;1;генерация;photos/F04016.webp
F04017;5;4017;Строительное оборудование;"Нагреватель индукционный (самое частое в группе); группа «Нагреватель индукционный»";изделия группы «Нагреватель индукционный»;;2;1;генерация;photos/F04017.webp
F04018;5;4018;Строительное оборудование;"Генератор бензиновая (самое частое в группе); группа «Электростанция бензиновая»";изделия группы «Электростанция бензиновая»;;2;1;генерация;photos/F04018.webp
F04019;5;4019;Инструмент;"Блок (самое частое в группе); группа «Блок подачи»";изделия группы «Блок подачи»;;2;1;генерация;photos/F04019.webp
F04020;5;4020;Инструмент;"Горелка (самое частое в группе); группа «Горелка»";изделия группы «Горелка»;;2;1;генерация;photos/F04020.webp
F04021;5;4021;Инструмент;"Горелка газовоздушная (самое частое в группе); группа «Горелка газовоздушная»";изделия группы «Горелка газовоздушная»;;2;1;генерация;photos/F04021.webp
F04022;5;4022;Инструмент;"Держатель (самое частое в группе); группа «Держатель цанги»";изделия группы «Держатель цанги»;;2;1;генерация;photos/F04022.webp
F04023;5;4023;Инструмент;"Дозатор аккумуляторный (самое частое в группе); группа «Дозатор аккумуляторный»";изделия группы «Дозатор аккумуляторный»;;2;1;генерация;photos/F04023.webp
F04024;5;4024;Инструмент;"Дрель-миксер (самое частое в группе); группа «Дрель-миксер»";изделия группы «Дрель-миксер»;;2;1;генерация;photos/F04024.webp
F04025;5;4025;Инструмент;"Зонд (самое частое в группе); группа «Зонд температуры»";изделия группы «Зонд температуры»;;2;1;генерация;photos/F04025.webp
F04026;5;4026;Инструмент;"Индикатор (самое частое в группе); группа «Индикатор чередования»";изделия группы «Индикатор чередования»;;2;1;генерация;photos/F04026.webp
F04027;5;4027;Инструмент;"Картофелевыкапыватель (самое частое в группе); группа «Картофелевыкапыватель»";изделия группы «Картофелевыкапыватель»;;2;1;генерация;photos/F04027.webp
F04028;5;4028;Инструмент;"Каскетка (самое частое в группе); группа «Каскетка»";изделия группы «Каскетка»;;2;1;генерация;photos/F04028.webp
F04029;5;4029;Инструмент;"Каскетка защитная (самое частое в группе); группа «Каскетка защитная»";изделия группы «Каскетка защитная»;;2;1;генерация;photos/F04029.webp
F04030;5;4030;Инструмент;"Кейс (самое частое в группе); группа «Кейс»";изделия группы «Кейс»;;2;1;генерация;photos/F04030.webp
F04031;5;4031;Инструмент;"Клемметр (самое частое в группе); группа «Клемметр»";изделия группы «Клемметр»;;2;1;генерация;photos/F04031.webp
F04032;5;4032;Инструмент;"Клупп электрический (самое частое в группе); группа «Клупп электрический»";изделия группы «Клупп электрический»;;2;1;генерация;photos/F04032.webp
F04033;5;4033;Инструмент;"Маска (самое частое в группе); группа «Маска сварщика»";изделия группы «Маска сварщика»;;2;1;генерация;photos/F04033.webp
F04034;5;4034;Инструмент;"Мини-клещи токовые (самое частое в группе); группа «Мини-клещи токовые»";изделия группы «Мини-клещи токовые»;;2;1;генерация;photos/F04034.webp
F04035;5;4035;Инструмент;"Модуль (самое частое в группе); группа «Модуль привода»";изделия группы «Модуль привода»;;2;1;генерация;photos/F04035.webp
F04036;5;4036;Инструмент;"Наколенники (самое частое в группе); группа «Наколенники»";изделия группы «Наколенники»;;2;1;генерация;photos/F04036.webp
F04037;5;4037;Инструмент;"Наколенники водонепроницаемые (самое частое в группе); группа «Наколенники водонепроницаемые»";изделия группы «Наколенники водонепроницаемые»;;2;1;генерация;photos/F04037.webp
F04038;5;4038;Инструмент;"Наконечник токосъемный (самое частое в группе); группа «Наконечник токосъемный»";изделия группы «Наконечник токосъемный»;;2;1;генерация;photos/F04038.webp
F04039;5;4039;Инструмент;"Наушники защитные (самое частое в группе); группа «Наушники защитные»";изделия группы «Наушники защитные»;;2;1;генерация;photos/F04039.webp
F04040;5;4040;Инструмент;"Нейлер аккумуляторный (самое частое в группе); группа «Нейлер аккумуляторный»";изделия группы «Нейлер аккумуляторный»;;2;1;генерация;photos/F04040.webp
F04041;5;4041;Инструмент;"Очки (самое частое в группе); группа «Очки газосварщика»";изделия группы «Очки газосварщика»;;2;1;генерация;photos/F04041.webp
F04042;5;4042;Инструмент;"Пенокомплект (самое частое в группе); группа «Пенокомплект»";изделия группы «Пенокомплект»;;2;1;генерация;photos/F04042.webp
F04043;5;4043;Инструмент;"Пика (самое частое в группе); группа «Пика П-11»";изделия группы «Пика П-11»;;2;1;генерация;photos/F04043.webp
F04044;5;4044;Инструмент;"Плуг (самое частое в группе); группа «Плуг»";изделия группы «Плуг»;;2;1;генерация;photos/F04044.webp
F04045;5;4045;Инструмент;"Рукав пневматический (самое частое в группе); группа «Рукав пневматический»";изделия группы «Рукав пневматический»;;2;1;генерация;photos/F04045.webp
F04046;5;4046;Инструмент;"Сетка запасная (самое частое в группе); группа «Сетка запасная»";изделия группы «Сетка запасная»;;2;1;генерация;photos/F04046.webp
F04047;5;4047;Инструмент;"Смеситель (самое частое в группе); группа «Смеситель газов»";изделия группы «Смеситель газов»;;2;1;генерация;photos/F04047.webp
F04048;5;4048;Инструмент;"Стеклорез трехроликовый (самое частое в группе); группа «Стеклорез трехроликовый»";изделия группы «Стеклорез трехроликовый»;;2;1;генерация;photos/F04048.webp
F04049;5;4049;Инструмент;"Стеклорез шестироликовый (самое частое в группе); группа «Стеклорез шестироликовый»";изделия группы «Стеклорез шестироликовый»;;2;1;генерация;photos/F04049.webp
F04050;5;4050;Инструмент;"Сцепка универсальная (самое частое в группе); группа «Сцепка универсальная»";изделия группы «Сцепка универсальная»;;2;1;генерация;photos/F04050.webp
F04051;5;4051;Инструмент;"Термопенал (самое частое в группе); группа «Термопенал»";изделия группы «Термопенал»;;2;1;генерация;photos/F04051.webp
F04052;5;4052;Инструмент;"Термопенал (самое частое в группе); группа «Термопенал»";изделия группы «Термопенал»;;2;1;генерация;photos/F04052.webp
F04053;5;4053;Инструмент;"Термопенал (самое частое в группе); группа «Термопенал»";изделия группы «Термопенал»;;2;1;генерация;photos/F04053.webp
F04054;5;4054;Инструмент;"Трещотка (самое частое в группе); группа «Трещотка»";изделия группы «Трещотка»;;2;1;генерация;photos/F04054.webp
F04055;5;4055;Инструмент;"Трещотка бесщеточная (самое частое в группе); группа «Трещотка бесщеточная»";изделия группы «Трещотка бесщеточная»;;2;1;генерация;photos/F04055.webp
F04056;5;4056;Инструмент;"Уголкорез гидравлический (самое частое в группе); группа «Уголкорез гидравлический»";изделия группы «Уголкорез гидравлический»;;2;1;генерация;photos/F04056.webp
F04057;5;4057;Инструмент;"Удлинитель (самое частое в группе); группа «Удлинитель»";изделия группы «Удлинитель»;;2;1;генерация;photos/F04057.webp
F04058;5;4058;Инструмент;"Фильтр комбинированный (самое частое в группе); группа «Фильтр комбинированный»";изделия группы «Фильтр комбинированный»;;2;1;генерация;photos/F04058.webp
F04059;5;4059;Осветительное оборудование;"Корпус (самое частое в группе); группа «Корпус»";изделия группы «Корпус»;;2;1;генерация;photos/F04059.webp
F04060;5;4060;Осветительное оборудование;"Корпус плоский (самое частое в группе); группа «Корпус плоский»";изделия группы «Корпус плоский»;;2;1;генерация;photos/F04060.webp
F04061;5;4061;Осветительное оборудование;"Ночник-аромалампа (самое частое в группе); группа «Ночник-аромалампа»";изделия группы «Ночник-аромалампа»;;2;1;генерация;photos/F04061.webp
F04062;5;4062;Светильники;Реле умное (самое частое в группе);изделия раздела «Светильники»;;2;1;генерация;photos/F04062.webp
F04063;5;4063;Низковольтное оборудование;"Планка переходная (самое частое в группе); группа «Счётчики и приборы учёта»";изделия группы «Счётчики и приборы учёта»;;2;1;генерация;photos/F04063.webp
F04064;5;4064;Опоры и стойки;"Комплект (самое частое в группе); группа «Комплект метизов»";изделия группы «Комплект метизов»;;2;1;генерация;photos/F04064.webp
F04065;5;4065;Опоры и стойки;"Молниеотвод граненый (самое частое в группе); группа «Опоры граненые»";изделия группы «Опоры граненые»;;2;1;генерация;photos/F04065.webp
F04066;5;4066;Опоры и стойки;"Закладная анкерная (самое частое в группе); группа «Фундаменты для опор»";изделия группы «Фундаменты для опор»;;2;1;генерация;photos/F04066.webp
F04067;5;4067;Трубопроводная арматура;"Клапан шаровой (самое частое в группе); группа «Арматура (Корея)»";изделия группы «Арматура (Корея)»;;2;1;генерация;photos/F04067.webp
F04068;5;4068;Трубопроводная арматура;"Вентиль запорный (самое частое в группе); группа «Арматура ДУ 15 мм»";изделия группы «Арматура ДУ 15 мм»;;2;1;генерация;photos/F04068.webp
F04069;5;4069;Трубопроводная арматура;"Кран пробковый (самое частое в группе); группа «Арматура ДУ 32 мм»";изделия группы «Арматура ДУ 32 мм»;;2;1;генерация;photos/F04069.webp
F04070;5;4070;Трубопроводная арматура;"Кран пробковый (самое частое в группе); группа «Арматура ДУ 40 мм»";изделия группы «Арматура ДУ 40 мм»;;2;1;генерация;photos/F04070.webp
F04071;5;4071;Монтажные изделия для кабеля;группа «Маркировочные»;изделия группы «Маркировочные»;;2;1;генерация;photos/F04071.webp
F04072;5;4072;Монтажные изделия для кабеля;Изделия раздела «Монтажные изделия для кабеля»;изделия раздела «Монтажные изделия для кабеля»;;2;1;генерация;photos/F04072.webp
F04073;5;4073;Монтажные изделия для кабеля;Изделия раздела «Монтажные изделия для кабеля»;изделия раздела «Монтажные изделия для кабеля»;;2;1;генерация;photos/F04073.webp
F04074;5;4074;Монтажные изделия для кабеля;Изделия раздела «Монтажные изделия для кабеля»;изделия раздела «Монтажные изделия для кабеля»;;2;1;генерация;photos/F04074.webp
F04075;5;4075;Монтажные изделия для кабеля;Изделия раздела «Монтажные изделия для кабеля»;изделия раздела «Монтажные изделия для кабеля»;;2;1;генерация;photos/F04075.webp
F04076;5;4076;Монтажные изделия для кабеля;Изделия раздела «Монтажные изделия для кабеля»;изделия раздела «Монтажные изделия для кабеля»;;2;1;генерация;photos/F04076.webp
F04077;5;4077;Монтажные изделия для кабеля;Изделия раздела «Монтажные изделия для кабеля»;изделия раздела «Монтажные изделия для кабеля»;;2;1;генерация;photos/F04077.webp
F04078;5;4078;Монтажные изделия для кабеля;Изделия раздела «Монтажные изделия для кабеля»;изделия раздела «Монтажные изделия для кабеля»;;2;1;генерация;photos/F04078.webp
F04079;5;4079;Монтажные изделия для кабеля;Изделия раздела «Монтажные изделия для кабеля»;изделия раздела «Монтажные изделия для кабеля»;;2;1;генерация;photos/F04079.webp
F04080;5;4080;Монтажные изделия для кабеля;Изделия раздела «Монтажные изделия для кабеля»;изделия раздела «Монтажные изделия для кабеля»;;2;1;генерация;photos/F04080.webp
F04081;5;4081;Монтажные изделия для кабеля;Изделия раздела «Монтажные изделия для кабеля»;изделия раздела «Монтажные изделия для кабеля»;;2;1;генерация;photos/F04081.webp
F04082;5;4082;Монтажные изделия для кабеля;Изделия раздела «Монтажные изделия для кабеля»;изделия раздела «Монтажные изделия для кабеля»;;2;1;генерация;photos/F04082.webp
F04083;5;4083;Монтажные изделия для кабеля;Изделия раздела «Монтажные изделия для кабеля»;изделия раздела «Монтажные изделия для кабеля»;;2;1;генерация;photos/F04083.webp
F04084;5;4084;Монтажные изделия для кабеля;Изделия раздела «Монтажные изделия для кабеля»;изделия раздела «Монтажные изделия для кабеля»;;2;1;генерация;photos/F04084.webp
F04085;5;4085;Монтажные изделия для кабеля;Изделия раздела «Монтажные изделия для кабеля»;изделия раздела «Монтажные изделия для кабеля»;;2;1;генерация;photos/F04085.webp
F04086;5;4086;Монтажные изделия для кабеля;Изделия раздела «Монтажные изделия для кабеля»;изделия раздела «Монтажные изделия для кабеля»;;2;1;генерация;photos/F04086.webp
F04087;5;4087;Монтажные изделия для кабеля;Изделия раздела «Монтажные изделия для кабеля»;изделия раздела «Монтажные изделия для кабеля»;;2;1;генерация;photos/F04087.webp
F04088;5;4088;Монтажные изделия для кабеля;Изделия раздела «Монтажные изделия для кабеля»;изделия раздела «Монтажные изделия для кабеля»;;2;1;генерация;photos/F04088.webp
F04089;5;4089;Монтажные изделия для кабеля;Изделия раздела «Монтажные изделия для кабеля»;изделия раздела «Монтажные изделия для кабеля»;;2;1;генерация;photos/F04089.webp
F04090;5;4090;Монтажные изделия для кабеля;"Адаптер (самое частое в группе); группа «Адаптер»";изделия группы «Адаптер»;;2;1;генерация;photos/F04090.webp
F04091;5;4091;Монтажные изделия для кабеля;"Адаптер (самое частое в группе); группа «Адаптер»";изделия группы «Адаптер»;;2;1;генерация;photos/F04091.webp
F04092;5;4092;Монтажные изделия для кабеля;"Фасадное крепление (самое частое в группе); группа «Арматура для СИП-2»";изделия группы «Арматура для СИП-2»;;2;1;генерация;photos/F04092.webp
F04093;5;4093;Монтажные изделия для кабеля;"Скрепа (самое частое в группе); группа «Арматура для СИП-3»";изделия группы «Арматура для СИП-3»;;2;1;генерация;photos/F04093.webp
F04094;5;4094;Монтажные изделия для кабеля;"Башенка напольная (самое частое в группе); группа «Башенка напольная»";изделия группы «Башенка напольная»;;2;1;генерация;photos/F04094.webp
F04095;5;4095;Монтажные изделия для кабеля;"Бокорезы диэлектрические (самое частое в группе); группа «Бокорезы»";изделия группы «Бокорезы»;;2;1;генерация;photos/F04095.webp
F04096;5;4096;Монтажные изделия для кабеля;"Бокс (самое частое в группе); группа «Бокс»";изделия группы «Бокс»;;2;1;генерация;photos/F04096.webp
F04097;5;4097;Монтажные изделия для кабеля;"Вывод кабельный (самое частое в группе); группа «Вывод кабельный»";изделия группы «Вывод кабельный»;;2;1;генерация;photos/F04097.webp
F04098;5;4098;Монтажные изделия для кабеля;"Герметик огнезащитный (самое частое в группе); группа «Герметик огнезащитный»";изделия группы «Герметик огнезащитный»;;2;1;генерация;photos/F04098.webp
F04099;5;4099;Монтажные изделия для кабеля;"Держатели (самое частое в группе); группа «Держатели матриц»";изделия группы «Держатели матриц»;;2;1;генерация;photos/F04099.webp
F04100;5;4100;Монтажные изделия для кабеля;"Держатель-клипса быстрого (самое частое в группе); группа «Держатель-клипса быстрого»";изделия группы «Держатель-клипса быстрого»;;2;1;генерация;photos/F04100.webp
F04101;5;4101;Монтажные изделия для кабеля;"Деталь соединительная (самое частое в группе); группа «Деталь соединительная»";изделия группы «Деталь соединительная»;;2;1;генерация;photos/F04101.webp
F04102;5;4102;Монтажные изделия для кабеля;"Зажимы (самое частое в группе); группа «Зажимы»";изделия группы «Зажимы»;;2;1;генерация;photos/F04102.webp
F04103;5;4103;Монтажные изделия для кабеля;"Заземлитель вертикальный (самое частое в группе); группа «Заземлитель»";изделия группы «Заземлитель»;;2;1;генерация;photos/F04103.webp
F04104;5;4104;Монтажные изделия для кабеля;"Звонок (самое частое в группе); группа «Звонок»";изделия группы «Звонок»;;2;1;генерация;photos/F04104.webp
F04105;5;4105;Монтажные изделия для кабеля;"Тележка кабельная (самое частое в группе); группа «Кабельная тележка»";изделия группы «Кабельная тележка»;;2;1;генерация;photos/F04105.webp
F04106;5;4106;Монтажные изделия для кабеля;"Канифоль сосновая (самое частое в группе); группа «Канифоль сосновая»";изделия группы «Канифоль сосновая»;;2;1;генерация;photos/F04106.webp
F04107;5;4107;Монтажные изделия для кабеля;"Кнопка беспроводного (самое частое в группе); группа «Кнопка звонка»";изделия группы «Кнопка звонка»;;2;1;генерация;photos/F04107.webp
F04108;5;4108;Монтажные изделия для кабеля;"Коронка алмазная (самое частое в группе); группа «Коронка»";изделия группы «Коронка»;;2;1;генерация;photos/F04108.webp
F04109;5;4109;Монтажные изделия для кабеля;"Крепление (самое частое в группе); группа «Крепление»";изделия группы «Крепление»;;2;1;генерация;photos/F04109.webp
F04110;5;4110;Монтажные изделия для кабеля;"Крышка (самое частое в группе); группа «Крышка»";изделия группы «Крышка»;;2;1;генерация;photos/F04110.webp
F04111;5;4111;Монтажные изделия для кабеля;"Крюк универсальный (самое частое в группе); группа «Крюки»";изделия группы «Крюки»;;2;1;генерация;photos/F04111.webp
F04112;5;4112;Монтажные изделия для кабеля;"Машина (самое частое в группе); группа «Машина»";изделия группы «Машина»;;2;1;генерация;photos/F04112.webp
F04113;5;4113;Монтажные изделия для кабеля;"Модуль (самое частое в группе); группа «Модуль вставка»";изделия группы «Модуль вставка»;;2;1;генерация;photos/F04113.webp
F04114;5;4114;Монтажные изделия для кабеля;"Оплетка кабельная (самое частое в группе); группа «Оплетка кабельная полиэстер»";изделия группы «Оплетка кабельная полиэстер»;;2;1;генерация;photos/F04114.webp
F04115;5;4115;Монтажные изделия для кабеля;"Отвертка индикаторная (самое частое в группе); группа «Отвертка»";изделия группы «Отвертка»;;2;1;генерация;photos/F04115.webp
F04116;5;4116;Монтажные изделия для кабеля;"Ответвление т-образное (самое частое в группе); группа «Ответвление Т-образное»";изделия группы «Ответвление Т-образное»;;2;1;генерация;photos/F04116.webp
F04117;5;4117;Монтажные изделия для кабеля;"Панель лицевая (самое частое в группе); группа «Панель лицевая»";изделия группы «Панель лицевая»;;2;1;генерация;photos/F04117.webp
F04118;5;4118;Монтажные изделия для кабеля;"Перегородка (самое частое в группе); группа «Перегородка»";изделия группы «Перегородка»;;2;1;генерация;photos/F04118.webp
F04119;5;4119;Монтажные изделия для кабеля;"Перегородка (самое частое в группе); группа «Перегородка пластиковая»";изделия группы «Перегородка пластиковая»;;2;1;генерация;photos/F04119.webp
F04120;5;4120;Монтажные изделия для кабеля;"Перегородка разделительная (самое частое в группе); группа «Перегородка разделительная»";изделия группы «Перегородка разделительная»;;2;1;генерация;photos/F04120.webp
F04121;5;4121;Монтажные изделия для кабеля;"Перемычка (самое частое в группе); группа «Перемычка ПГС»";изделия группы «Перемычка ПГС»;;2;1;генерация;photos/F04121.webp
F04122;5;4122;Монтажные изделия для кабеля;"Пластина переходная (самое частое в группе); группа «Пластина переходная»";изделия группы «Пластина переходная»;;2;1;генерация;photos/F04122.webp
F04123;5;4123;Монтажные изделия для кабеля;"Площадка монтажная (самое частое в группе); группа «Площадка пластиковая»";изделия группы «Площадка пластиковая»;;2;1;генерация;photos/F04123.webp
F04124;5;4124;Монтажные изделия для кабеля;"Пресс-клещи (самое частое в группе); группа «Пресс-клещи»";изделия группы «Пресс-клещи»;;2;1;генерация;photos/F04124.webp
F04125;5;4125;Монтажные изделия для кабеля;"Проводник заземляющий (самое частое в группе); группа «Проводник заземляющий»";изделия группы «Проводник заземляющий»;;2;1;генерация;photos/F04125.webp
F04126;5;4126;Монтажные изделия для кабеля;"Зажимы простые (самое частое в группе); группа «Простые зажимы»";изделия группы «Простые зажимы»;;2;1;генерация;photos/F04126.webp
F04127;5;4127;Монтажные изделия для кабеля;"Разделитель (самое частое в группе); группа «Разделитель»";изделия группы «Разделитель»;;2;1;генерация;photos/F04127.webp
F04128;5;4128;Монтажные изделия для кабеля;"Распред (самое частое в группе); группа «Распред. панель»";изделия группы «Распред. панель»;;2;1;генерация;photos/F04128.webp
F04129;5;4129;Монтажные изделия для кабеля;"Отвертка регулируемая (самое частое в группе); группа «Регулируемая отвёртка»";изделия группы «Регулируемая отвёртка»;;2;1;генерация;photos/F04129.webp
F04130;5;4130;Монтажные изделия для кабеля;"Регулятор (самое частое в группе); группа «Регулятор скорости»";изделия группы «Регулятор скорости»;;2;1;генерация;photos/F04130.webp
F04131;5;4131;Монтажные изделия для кабеля;"Светорегулятор (самое частое в группе); группа «Светорегулятор»";изделия группы «Светорегулятор»;;2;1;генерация;photos/F04131.webp
F04132;5;4132;Монтажные изделия для кабеля;"Стержень заземляющий (самое частое в группе); группа «Стержень стальной»";изделия группы «Стержень стальной»;;2;1;генерация;photos/F04132.webp
F04133;5;4133;Монтажные изделия для кабеля;"Стремянка алюминиевая (самое частое в группе); группа «Стремянка алюминиевая»";изделия группы «Стремянка алюминиевая»;;2;1;генерация;photos/F04133.webp
F04134;5;4134;Монтажные изделия для кабеля;"Стяжка (самое частое в группе); группа «Стяжка»";изделия группы «Стяжка»;;2;1;генерация;photos/F04134.webp
F04135;5;4135;Монтажные изделия для кабеля;"Сумка (самое частое в группе); группа «Сумка»";изделия группы «Сумка»;;2;1;генерация;photos/F04135.webp
F04136;5;4136;Монтажные изделия для кабеля;"Суппорт-держатель (самое частое в группе); группа «Суппорт-держатель»";изделия группы «Суппорт-держатель»;;2;1;генерация;photos/F04136.webp
F04137;5;4137;Монтажные изделия для кабеля;группа «ТЭН-100»;изделия группы «ТЭН-100»;;2;1;генерация;photos/F04137.webp
F04138;5;4138;Монтажные изделия для кабеля;"Таймер розеточный (самое частое в группе); группа «Таймер»";изделия группы «Таймер»;;2;1;генерация;photos/F04138.webp
F04139;5;4139;Монтажные изделия для кабеля;"Тележка (самое частое в группе); группа «Тележка»";изделия группы «Тележка»;;2;1;генерация;photos/F04139.webp
F04140;5;4140;Монтажные изделия для кабеля;"Принтер термотрансферный (самое частое в группе); группа «Термотрансферный принтер»";изделия группы «Термотрансферный принтер»;;2;1;генерация;photos/F04140.webp
F04141;5;4141;Монтажные изделия для кабеля;"Ножницы универсальные (самое частое в группе); группа «Универсальные ножницы»";изделия группы «Универсальные ножницы»;;2;1;генерация;photos/F04141.webp
F04142;5;4142;Монтажные изделия для кабеля;"Пресс-клещи универсальные (самое частое в группе); группа «Универсальные пресс-клещи»";изделия группы «Универсальные пресс-клещи»;;2;1;генерация;photos/F04142.webp
F04143;5;4143;Монтажные изделия для кабеля;"Фиксатор (самое частое в группе); группа «Фиксаторы»";изделия группы «Фиксаторы»;;2;1;генерация;photos/F04143.webp
F04144;5;4144;Монтажные изделия для кабеля;"Стяжки кабельные (самое частое в группе); группа «Хомуты»";изделия группы «Хомуты»;;2;1;генерация;photos/F04144.webp
F04145;5;4145;Монтажные изделия для кабеля;"Шина (самое частое в группе); группа «Шина уравнивания»";изделия группы «Шина уравнивания»;;2;1;генерация;photos/F04145.webp
F04146;5;4146;Кабельные муфты;"Кросс-муфта оптическая (самое частое в группе); группа «Кабельные муфты оптические»";изделия группы «Кабельные муфты оптические»;;2;1;генерация;photos/F04146.webp
F04147;5;4147;Складское оборудование;"Пята подъемная (самое частое в группе); группа «Пята подъемная»";изделия группы «Пята подъемная»;;2;1;генерация;photos/F04147.webp
F04148;5;4148;Теплотехника;"Конвектор электрический (самое частое в группе); группа «Обогреватели 1,5 кВт»";изделия группы «Обогреватели 1,5 кВт»;;2;1;генерация;photos/F04148.webp
F04149;5;4149;Теплотехника;"Конвектор электрический (самое частое в группе); группа «Обогреватели 2 кВт»";изделия группы «Обогреватели 2 кВт»;;2;1;генерация;photos/F04149.webp
F04150;5;4150;Подшипники;"Гайка (самое частое в группе); группа «Гайка ШВП»";изделия группы «Гайка ШВП»;;1;1;генерация;photos/F04150.webp
F04151;5;4151;Подшипники;"Опора (самое частое в группе); группа «Опора вала»";изделия группы «Опора вала»;;1;1;генерация;photos/F04151.webp
F04152;5;4152;Подшипники;"Подшипники (самое частое в группе); группа «Подшипники»";изделия группы «Подшипники»;;1;1;генерация;photos/F04152.webp
F04153;5;4153;Подшипники;"Рельс (самое частое в группе); группа «Рельс»";изделия группы «Рельс»;;1;1;генерация;photos/F04153.webp
F04154;5;4154;Подшипники;"Система линейная (самое частое в группе); группа «Система линейная»";изделия группы «Система линейная»;;1;1;генерация;photos/F04154.webp
F04155;5;4155;Подшипники;"Фиксатор концевой (самое частое в группе); группа «Фиксатор концевой»";изделия группы «Фиксатор концевой»;;1;1;генерация;photos/F04155.webp
F04156;5;4156;Видеонаблюдение;"Коммутатор сетевой (самое частое в группе); группа «Видеонаблюдение»";изделия группы «Видеонаблюдение»;;1;1;генерация;photos/F04156.webp
F04157;5;4157;Видеонаблюдение;"Видеонаблюдение (самое частое в группе); группа «Видеонаблюдение»";изделия группы «Видеонаблюдение»;;1;1;генерация;photos/F04157.webp
F04158;5;4158;Видеонаблюдение;"Комплект (самое частое в группе); группа «Комплекты для передачи HDMI»";изделия группы «Комплекты для передачи HDMI»;;1;1;генерация;photos/F04158.webp
F04159;5;4159;Строительное оборудование;"Бензобур (самое частое в группе); группа «Бензобур»";изделия группы «Бензобур»;;1;1;генерация;photos/F04159.webp
F04160;5;4160;Строительное оборудование;"Каток (самое частое в группе); группа «Виброкатки дорожные вибрационные»";изделия группы «Виброкатки дорожные вибрационные»;;1;1;генерация;photos/F04160.webp
F04161;5;4161;Строительное оборудование;"Выглаживатель вибрационный (самое частое в группе); группа «Виброплиты»";изделия группы «Виброплиты»;;1;1;генерация;photos/F04161.webp
F04162;5;4162;Строительное оборудование;"Вибромашина галтовочная (самое частое в группе); группа «Вибростанки»";изделия группы «Вибростанки»;;1;1;генерация;photos/F04162.webp
F04163;5;4163;Строительное оборудование;"Виброузел (самое частое в группе); группа «Виброузел»";изделия группы «Виброузел»;;1;1;генерация;photos/F04163.webp
F04164;5;4164;Строительное оборудование;"Вышка-тура (самое частое в группе); группа «Вышки-туры строительные»";изделия группы «Вышки-туры строительные»;;1;1;генерация;photos/F04164.webp
F04165;5;4165;Строительное оборудование;"Инвертор плазменной (самое частое в группе); группа «Инвертор плазменной»";изделия группы «Инвертор плазменной»;;1;1;генерация;photos/F04165.webp
F04166;5;4166;Строительное оборудование;"Керосинорез (самое частое в группе); группа «Керосинорез»";изделия группы «Керосинорез»;;1;1;генерация;photos/F04166.webp
F04167;5;4167;Строительное оборудование;"Переходник (самое частое в группе); группа «Переходник»";изделия группы «Переходник»;;1;1;генерация;photos/F04167.webp
F04168;5;4168;Строительное оборудование;"Разветвитель (самое частое в группе); группа «Разветвитель»";изделия группы «Разветвитель»;;1;1;генерация;photos/F04168.webp
F04169;5;4169;Строительное оборудование;"Разветвитель (самое частое в группе); группа «Разветвитель»";изделия группы «Разветвитель»;;1;1;генерация;photos/F04169.webp
F04170;5;4170;Строительное оборудование;"Устройство (самое частое в группе); группа «Разметочные машины»";изделия группы «Разметочные машины»;;1;1;генерация;photos/F04170.webp
F04171;5;4171;Строительное оборудование;"Распределитель (самое частое в группе); группа «Распределитель»";изделия группы «Распределитель»;;1;1;генерация;photos/F04171.webp
F04172;5;4172;Строительное оборудование;"Распылитель комбинированный (самое частое в группе); группа «Распылитель комбинированный»";изделия группы «Распылитель комбинированный»;;1;1;генерация;photos/F04172.webp
F04173;5;4173;Строительное оборудование;"Стойка (самое частое в группе); группа «Стойка»";изделия группы «Стойка»;;1;1;генерация;photos/F04173.webp
F04174;5;4174;Строительное оборудование;"Тейпер (самое частое в группе); группа «Тейпер»";изделия группы «Тейпер»;;1;1;генерация;photos/F04174.webp
F04175;5;4175;Строительное оборудование;"Тележка (самое частое в группе); группа «Тележка»";изделия группы «Тележка»;;1;1;генерация;photos/F04175.webp
F04176;5;4176;Строительное оборудование;"Тележка-дозатор (самое частое в группе); группа «Тележка-дозатор»";изделия группы «Тележка-дозатор»;;1;1;генерация;photos/F04176.webp
F04177;5;4177;Строительное оборудование;"Турбина погружной (самое частое в группе); группа «Турбина погружной»";изделия группы «Турбина погружной»;;1;1;генерация;photos/F04177.webp
F04178;5;4178;Строительное оборудование;"Ходули строительные (самое частое в группе); группа «Ходули строительные 24-40»";изделия группы «Ходули строительные 24-40»;;1;1;генерация;photos/F04178.webp
F04179;5;4179;Строительное оборудование;"Чашка двурядная (самое частое в группе); группа «Чашка двурядная»";изделия группы «Чашка двурядная»;;1;1;генерация;photos/F04179.webp
F04180;5;4180;Строительное оборудование;"Чашка (самое частое в группе); группа «Чашка турбо»";изделия группы «Чашка турбо»;;1;1;генерация;photos/F04180.webp
F04181;5;4181;Инструмент;Изделия раздела «Инструмент»;изделия раздела «Инструмент»;;1;1;генерация;photos/F04181.webp
F04182;5;4182;Инструмент;"Адаптер-переходник (самое частое в группе); группа «Адаптер-переходник»";изделия группы «Адаптер-переходник»;;1;1;генерация;photos/F04182.webp
F04183;5;4183;Инструмент;"Аудиосистема портативная (самое частое в группе); группа «Аудиосистема портативная»";изделия группы «Аудиосистема портативная»;;1;1;генерация;photos/F04183.webp
F04184;5;4184;Инструмент;"Бахилы (самое частое в группе); группа «Бахилы ПНД»";изделия группы «Бахилы ПНД»;;1;1;генерация;photos/F04184.webp
F04185;5;4185;Инструмент;"Будильник цифровой (самое частое в группе); группа «Будильник цифровой»";изделия группы «Будильник цифровой»;;1;1;генерация;photos/F04185.webp
F04186;5;4186;Инструмент;"Горелка (самое частое в группе); группа «Горелка»";изделия группы «Горелка»;;1;1;генерация;photos/F04186.webp
F04187;5;4187;Инструмент;"Горелка (самое частое в группе); группа «Горелка бунзена»";изделия группы «Горелка бунзена»;;1;1;генерация;photos/F04187.webp
F04188;5;4188;Инструмент;"Горелка газовая (самое частое в группе); группа «Горелка газовая»";изделия группы «Горелка газовая»;;1;1;генерация;photos/F04188.webp
F04189;5;4189;Инструмент;"Горелка (самое частое в группе); группа «Горелка»";изделия группы «Горелка»;;1;1;генерация;photos/F04189.webp
F04190;5;4190;Инструмент;"Горелка комбинированная (самое частое в группе); группа «Горелка комбинированная»";изделия группы «Горелка комбинированная»;;1;1;генерация;photos/F04190.webp
F04191;5;4191;Инструмент;"Двигатель аккумуляторный (самое частое в группе); группа «Двигатель аккумуляторный»";изделия группы «Двигатель аккумуляторный»;;1;1;генерация;photos/F04191.webp
F04192;5;4192;Инструмент;"Держатель (самое частое в группе); группа «Держатель»";изделия группы «Держатель»;;1;1;генерация;photos/F04192.webp
F04193;5;4193;Инструмент;группа «Дисплей/передатчик многофункциональный»;изделия группы «Дисплей/передатчик многофункциональный»;;1;1;генерация;photos/F04193.webp
F04194;5;4194;Инструмент;"Дозатор (самое частое в группе); группа «Дозатор»";изделия группы «Дозатор»;;1;1;генерация;photos/F04194.webp
F04195;5;4195;Инструмент;"Дрель-миксер (самое частое в группе); группа «Дрель-миксер»";изделия группы «Дрель-миксер»;;1;1;генерация;photos/F04195.webp
F04196;5;4196;Инструмент;"Дрель-миксер (самое частое в группе); группа «Дрель-миксер»";изделия группы «Дрель-миксер»;;1;1;генерация;photos/F04196.webp
F04197;5;4197;Инструмент;"Дрель-миксер (самое частое в группе); группа «Дрель-миксер»";изделия группы «Дрель-миксер»;;1;1;генерация;photos/F04197.webp
F04198;5;4198;Инструмент;"Дрель-миксер низкооборотистая (самое частое в группе); группа «Дрель-миксер низкооборотистая»";изделия группы «Дрель-миксер низкооборотистая»;;1;1;генерация;photos/F04198.webp
F04199;5;4199;Инструмент;"Дрель-миксер электрическая (самое частое в группе); группа «Дрель-миксер электрическая»";изделия группы «Дрель-миксер электрическая»;;1;1;генерация;photos/F04199.webp
F04200;5;4200;Инструмент;"Заклепочник (самое частое в группе); группа «Заклепочник»";изделия группы «Заклепочник»;;1;1;генерация;photos/F04200.webp
F04201;5;4201;Инструмент;"Заклепочник (самое частое в группе); группа «Заклепочник»";изделия группы «Заклепочник»;;1;1;генерация;photos/F04201.webp
F04202;5;4202;Инструмент;"Заклепочник вытяжной (самое частое в группе); группа «Заклепочник вытяжной»";изделия группы «Заклепочник вытяжной»;;1;1;генерация;photos/F04202.webp
F04203;5;4203;Инструмент;"Зонд (самое частое в группе); группа «Зонд»";изделия группы «Зонд»;;1;1;генерация;photos/F04203.webp
F04204;5;4204;Инструмент;"Игла (самое частое в группе); группа «Игла 3х180»";изделия группы «Игла 3х180»;;1;1;генерация;photos/F04204.webp
F04205;5;4205;Инструмент;"Индикатор аэрозольный (самое частое в группе); группа «Индикатор аэрозольный»";изделия группы «Индикатор аэрозольный»;;1;1;генерация;photos/F04205.webp
F04206;5;4206;Инструмент;"Индикатор (самое частое в группе); группа «Индикатор порядка»";изделия группы «Индикатор порядка»;;1;1;генерация;photos/F04206.webp
F04207;5;4207;Инструмент;"Индикатор (самое частое в группе); группа «Индикатор утечки»";изделия группы «Индикатор утечки»;;1;1;генерация;photos/F04207.webp
F04208;5;4208;Инструмент;"Индуктор жесткий (самое частое в группе); группа «Индуктор жесткий»";изделия группы «Индуктор жесткий»;;1;1;генерация;photos/F04208.webp
F04209;5;4209;Инструмент;"Индуктор мягкий (самое частое в группе); группа «Индуктор мягкий»";изделия группы «Индуктор мягкий»;;1;1;генерация;photos/F04209.webp
F04210;5;4210;Инструмент;"Индуктор плоский (самое частое в группе); группа «Индуктор плоский»";изделия группы «Индуктор плоский»;;1;1;генерация;photos/F04210.webp
F04211;5;4211;Инструмент;"Инструмент аккумуляторный (самое частое в группе); группа «Инструмент аккумуляторный»";изделия группы «Инструмент аккумуляторный»;;1;1;генерация;photos/F04211.webp
F04212;5;4212;Инструмент;"Инструмент универсальный (самое частое в группе); группа «Инструмент универсальный»";изделия группы «Инструмент универсальный»;;1;1;генерация;photos/F04212.webp
F04213;5;4213;Инструмент;"Кабель (самое частое в группе); группа «Кабель»";изделия группы «Кабель»;;1;1;генерация;photos/F04213.webp
F04214;5;4214;Инструмент;"Калибратор инфракрасных (самое частое в группе); группа «Калибратор инфракрасных»";изделия группы «Калибратор инфракрасных»;;1;1;генерация;photos/F04214.webp
F04215;5;4215;Инструмент;"Калибратор (самое частое в группе); группа «Калибратор термометров»";изделия группы «Калибратор термометров»;;1;1;генерация;photos/F04215.webp
F04216;5;4216;Инструмент;"Клапан пятаковый (самое частое в группе); группа «Клапан пятаковый»";изделия группы «Клапан пятаковый»;;1;1;генерация;photos/F04216.webp
F04217;5;4217;Инструмент;"Клемма (самое частое в группе); группа «Клемма заземления»";изделия группы «Клемма заземления»;;1;1;генерация;photos/F04217.webp
F04218;5;4218;Инструмент;"Клемма магнитная (самое частое в группе); группа «Клемма магнитная»";изделия группы «Клемма магнитная»;;1;1;генерация;photos/F04218.webp
F04219;5;4219;Инструмент;"Клещи (самое частое в группе); группа «Клещи токовые-мультиметр»";изделия группы «Клещи токовые-мультиметр»;;1;1;генерация;photos/F04219.webp
F04220;5;4220;Инструмент;"Клещи (самое частое в группе); группа «Клещи токовые-осциллограф»";изделия группы «Клещи токовые-осциллограф»;;1;1;генерация;photos/F04220.webp
F04221;5;4221;Инструмент;"Клещи-преобразователь (самое частое в группе); группа «Клещи-преобразователь тока»";изделия группы «Клещи-преобразователь тока»;;1;1;генерация;photos/F04221.webp
F04222;5;4222;Инструмент;"Кольцо газовой (самое частое в группе); группа «Кольцо газовой»";изделия группы «Кольцо газовой»;;1;1;генерация;photos/F04222.webp
F04223;5;4223;Инструмент;"Краскопульт (самое частое в группе); группа «Краскопульт КРДП-4»";изделия группы «Краскопульт КРДП-4»;;1;1;генерация;photos/F04223.webp
F04224;5;4224;Инструмент;"Краскопульт (самое частое в группе); группа «Краскопульт СО-20В»";изделия группы «Краскопульт СО-20В»;;1;1;генерация;photos/F04224.webp
F04225;5;4225;Инструмент;"Краскораспылитель (самое частое в группе); группа «Краскораспылитель КРДП-3»";изделия группы «Краскораспылитель КРДП-3»;;1;1;генерация;photos/F04225.webp
F04226;5;4226;Инструмент;"Краскораспылитель (самое частое в группе); группа «Краскораспылитель КРОСС-1»";изделия группы «Краскораспылитель КРОСС-1»;;1;1;генерация;photos/F04226.webp
F04227;5;4227;Инструмент;"Краскораспылитель (самое частое в группе); группа «Краскораспылитель СО-71В»";изделия группы «Краскораспылитель СО-71В»;;1;1;генерация;photos/F04227.webp
F04228;5;4228;Инструмент;"Лезвие (самое частое в группе); группа «Лезвие»";изделия группы «Лезвие»;;1;1;генерация;photos/F04228.webp
F04229;5;4229;Инструмент;"Маска лицевая (самое частое в группе); группа «Маска лицевая»";изделия группы «Маска лицевая»;;1;1;генерация;photos/F04229.webp
F04230;5;4230;Инструмент;"Маска техническая (самое частое в группе); группа «Маска техническая»";изделия группы «Маска техническая»;;1;1;генерация;photos/F04230.webp
F04231;5;4231;Инструмент;"Машинка зачистная (самое частое в группе); группа «Машинка зачистная»";изделия группы «Машинка зачистная»;;1;1;генерация;photos/F04231.webp
F04232;5;4232;Инструмент;"Машинка (самое частое в группе); группа «Машинка системы»";изделия группы «Машинка системы»;;1;1;генерация;photos/F04232.webp
F04233;5;4233;Инструмент;"Металлодетектор многофункциональный (самое частое в группе); группа «Металлодетектор многофункциональный»";изделия группы «Металлодетектор многофункциональный»;;1;1;генерация;photos/F04233.webp
F04234;5;4234;Инструмент;"Миксер (самое частое в группе); группа «Миксер»";изделия группы «Миксер»;;1;1;генерация;photos/F04234.webp
F04235;5;4235;Инструмент;"Миксер (самое частое в группе); группа «Миксер»";изделия группы «Миксер»;;1;1;генерация;photos/F04235.webp
F04236;5;4236;Инструмент;"Миксер (самое частое в группе); группа «Миксер»";изделия группы «Миксер»;;1;1;генерация;photos/F04236.webp
F04237;5;4237;Инструмент;"Миксер (самое частое в группе); группа «Миксер»";изделия группы «Миксер»;;1;1;генерация;photos/F04237.webp
F04238;5;4238;Инструмент;"Миксер (самое частое в группе); группа «Миксер»";изделия группы «Миксер»;;1;1;генерация;photos/F04238.webp
F04239;5;4239;Инструмент;"Миксер аккумуляторный (самое частое в группе); группа «Миксер аккумуляторный»";изделия группы «Миксер аккумуляторный»;;1;1;генерация;photos/F04239.webp
F04240;5;4240;Инструмент;"Миксер двухскоростной (самое частое в группе); группа «Миксер двухскоростной»";изделия группы «Миксер двухскоростной»;;1;1;генерация;photos/F04240.webp
F04241;5;4241;Инструмент;"Миксер электрический (самое частое в группе); группа «Миксер электрический»";изделия группы «Миксер электрический»;;1;1;генерация;photos/F04241.webp
F04242;5;4242;Инструмент;"Мини-клещи токоизмерительные (самое частое в группе); группа «Мини-клещи токоизмерительные»";изделия группы «Мини-клещи токоизмерительные»;;1;1;генерация;photos/F04242.webp
F04243;5;4243;Инструмент;"Молоток пучковый (самое частое в группе); группа «Молоток пучковый»";изделия группы «Молоток пучковый»;;1;1;генерация;photos/F04243.webp
F04244;5;4244;Инструмент;"Мотокультиватор (самое частое в группе); группа «Мотокультиватор»";изделия группы «Мотокультиватор»;;1;1;генерация;photos/F04244.webp
F04245;5;4245;Инструмент;"Нагреватель (самое частое в группе); группа «Нагреватель подшипников»";изделия группы «Нагреватель подшипников»;;1;1;генерация;photos/F04245.webp
F04246;5;4246;Инструмент;"Наколенники защитные (самое частое в группе); группа «Наколенники защитные»";изделия группы «Наколенники защитные»;;1;1;генерация;photos/F04246.webp
F04247;5;4247;Инструмент;"Наколенники пенополиэтиленовые (самое частое в группе); группа «Наколенники пенополиэтиленовые»";изделия группы «Наколенники пенополиэтиленовые»;;1;1;генерация;photos/F04247.webp
F04248;5;4248;Инструмент;"Напильник аккумуляторный (самое частое в группе); группа «Напильник аккумуляторный»";изделия группы «Напильник аккумуляторный»;;1;1;генерация;photos/F04248.webp
F04249;5;4249;Инструмент;"Очиститель (самое частое в группе); группа «Очиститель поверхностей»";изделия группы «Очиститель поверхностей»;;1;1;генерация;photos/F04249.webp
F04250;5;4250;Инструмент;"Очки закрытые (самое частое в группе); группа «Очки закрытые»";изделия группы «Очки закрытые»;;1;1;генерация;photos/F04250.webp
F04251;5;4251;Инструмент;"Пенал-термос (самое частое в группе); группа «Пенал-термос»";изделия группы «Пенал-термос»;;1;1;генерация;photos/F04251.webp
F04252;5;4252;Инструмент;"Пика-зубило (самое частое в группе); группа «Пика-зубило П-31»";изделия группы «Пика-зубило П-31»;;1;1;генерация;photos/F04252.webp
F04253;5;4253;Инструмент;"Пика-лопатка (самое частое в группе); группа «Пика-лопатка П-41»";изделия группы «Пика-лопатка П-41»;;1;1;генерация;photos/F04253.webp
F04254;5;4254;Инструмент;"Пистолет-дозатор (самое частое в группе); группа «Пистолет-дозатор»";изделия группы «Пистолет-дозатор»;;1;1;генерация;photos/F04254.webp
F04255;5;4255;Инструмент;"Пистолет-шприц (самое частое в группе); группа «Пистолет-шприц»";изделия группы «Пистолет-шприц»;;1;1;генерация;photos/F04255.webp
F04256;5;4256;Инструмент;"Пистолет-шприц (самое частое в группе); группа «Пистолет-шприц»";изделия группы «Пистолет-шприц»;;1;1;генерация;photos/F04256.webp
F04257;5;4257;Инструмент;"Пистолет-шприц (самое частое в группе); группа «Пистолет-шприц»";изделия группы «Пистолет-шприц»;;1;1;генерация;photos/F04257.webp
F04258;5;4258;Инструмент;"Пистолет-шприц (самое частое в группе); группа «Пистолет-шприц»";изделия группы «Пистолет-шприц»;;1;1;генерация;photos/F04258.webp
F04259;5;4259;Инструмент;"Планшет (самое частое в группе); группа «Планшет формата»";изделия группы «Планшет формата»;;1;1;генерация;photos/F04259.webp
F04260;5;4260;Инструмент;"Пневмопистолет (самое частое в группе); группа «Пневмопистолет»";изделия группы «Пневмопистолет»;;1;1;генерация;photos/F04260.webp
F04261;5;4261;Инструмент;"Поиск скрытой (самое частое в группе); группа «Поиск скрытой»";изделия группы «Поиск скрытой»;;1;1;генерация;photos/F04261.webp
F04262;5;4262;Инструмент;"Полумаска изолирующая (самое частое в группе); группа «Полумаска изолирующая»";изделия группы «Полумаска изолирующая»;;1;1;генерация;photos/F04262.webp
F04263;5;4263;Инструмент;"Привязь удерживающая-страховочная (самое частое в группе); группа «Привязь удерживающая-страховочная»";изделия группы «Привязь удерживающая-страховочная»;;1;1;генерация;photos/F04263.webp
F04264;5;4264;Инструмент;"Приемник (самое частое в группе); группа «Приемник»";изделия группы «Приемник»;;1;1;генерация;photos/F04264.webp
F04265;5;4265;Инструмент;"Прицеп (самое частое в группе); группа «Прицеп»";изделия группы «Прицеп»;;1;1;генерация;photos/F04265.webp
F04266;5;4266;Инструмент;"Просекатель (самое частое в группе); группа «Просекатель»";изделия группы «Просекатель»;;1;1;генерация;photos/F04266.webp
F04267;5;4267;Инструмент;"Просекатель (самое частое в группе); группа «Просекатель»";изделия группы «Просекатель»;;1;1;генерация;photos/F04267.webp
F04268;5;4268;Инструмент;"Просекатель (самое частое в группе); группа «Просекатель»";изделия группы «Просекатель»;;1;1;генерация;photos/F04268.webp
F04269;5;4269;Инструмент;"Радио аккумуляторное (самое частое в группе); группа «Радио аккумуляторное»";изделия группы «Радио аккумуляторное»;;1;1;генерация;photos/F04269.webp
F04270;5;4270;Инструмент;"Радио строительное (самое частое в группе); группа «Радио строительное»";изделия группы «Радио строительное»;;1;1;генерация;photos/F04270.webp
F04271;5;4271;Инструмент;"Резчик (самое частое в группе); группа «Резчик»";изделия группы «Резчик»;;1;1;генерация;photos/F04271.webp
F04272;5;4272;Инструмент;"Реле-индикатор углекислого (самое частое в группе); группа «Реле-индикатор углекислого»";изделия группы «Реле-индикатор углекислого»;;1;1;генерация;photos/F04272.webp
F04273;5;4273;Инструмент;"Респиратор (самое частое в группе); группа «Респиратор»";изделия группы «Респиратор»;;1;1;генерация;photos/F04273.webp
F04274;5;4274;Инструмент;"Риммер (самое частое в группе); группа «Риммер»";изделия группы «Риммер»;;1;1;генерация;photos/F04274.webp
F04275;5;4275;Инструмент;"Рукоятка (самое частое в группе); группа «Рукоятка горелки»";изделия группы «Рукоятка горелки»;;1;1;генерация;photos/F04275.webp
F04276;5;4276;Инструмент;"Ручка-переноска (самое частое в группе); группа «Ручка-переноска»";изделия группы «Ручка-переноска»;;1;1;генерация;photos/F04276.webp
F04277;5;4277;Инструмент;"Система индукционная (самое частое в группе); группа «Система индукционная»";изделия группы «Система индукционная»;;1;1;генерация;photos/F04277.webp
F04278;5;4278;Инструмент;"Система отрезная (самое частое в группе); группа «Система отрезная»";изделия группы «Система отрезная»;;1;1;генерация;photos/F04278.webp
F04279;5;4279;Инструмент;"Сканер (самое частое в группе); группа «Сканер электропроводки»";изделия группы «Сканер электропроводки»;;1;1;генерация;photos/F04279.webp
F04280;5;4280;Инструмент;"Скобозабиватель аккумуляторный (самое частое в группе); группа «Скобозабиватель аккумуляторный»";изделия группы «Скобозабиватель аккумуляторный»;;1;1;генерация;photos/F04280.webp
F04281;5;4281;Инструмент;"Смеситель газовый (самое частое в группе); группа «Смеситель газовый»";изделия группы «Смеситель газовый»;;1;1;генерация;photos/F04281.webp
F04282;5;4282;Инструмент;"Сопла сменные (самое частое в группе); группа «Сопла сменные»";изделия группы «Сопла сменные»;;1;1;генерация;photos/F04282.webp
F04283;5;4283;Инструмент;"Сопло газовое (самое частое в группе); группа «Сопло газовое»";изделия группы «Сопло газовое»;;1;1;генерация;photos/F04283.webp
F04284;5;4284;Инструмент;"Станция зарядная (самое частое в группе); группа «Станция зарядная»";изделия группы «Станция зарядная»;;1;1;генерация;photos/F04284.webp
F04285;5;4285;Инструмент;"Стартер (самое частое в группе); группа «Стартер»";изделия группы «Стартер»;;1;1;генерация;photos/F04285.webp
F04286;5;4286;Инструмент;"Стеклорез алмазный (самое частое в группе); группа «Стеклорез алмазный»";изделия группы «Стеклорез алмазный»;;1;1;генерация;photos/F04286.webp
F04287;5;4287;Инструмент;"Стеклорез двухроликовый (самое частое в группе); группа «Стеклорез двухроликовый»";изделия группы «Стеклорез двухроликовый»;;1;1;генерация;photos/F04287.webp
F04288;5;4288;Инструмент;"Стеклорез однороликовый (самое частое в группе); группа «Стеклорез однороликовый»";изделия группы «Стеклорез однороликовый»;;1;1;генерация;photos/F04288.webp
F04289;5;4289;Инструмент;"Степлер (самое частое в группе); группа «Степлер»";изделия группы «Степлер»;;1;1;генерация;photos/F04289.webp
F04290;5;4290;Инструмент;"Степлер (самое частое в группе); группа «Степлер»";изделия группы «Степлер»;;1;1;генерация;photos/F04290.webp
F04291;5;4291;Инструмент;"Термопенал (самое частое в группе); группа «Термопенал»";изделия группы «Термопенал»;;1;1;генерация;photos/F04291.webp
F04292;5;4292;Инструмент;"Термопенал (самое частое в группе); группа «Термопенал»";изделия группы «Термопенал»;;1;1;генерация;photos/F04292.webp
F04293;5;4293;Инструмент;"Термопенал (самое частое в группе); группа «Термопенал»";изделия группы «Термопенал»;;1;1;генерация;photos/F04293.webp
F04294;5;4294;Инструмент;"Течеискатель (самое частое в группе); группа «Течеискатель»";изделия группы «Течеискатель»;;1;1;генерация;photos/F04294.webp
F04295;5;4295;Инструмент;"Трещотка (самое частое в группе); группа «Трещотка»";изделия группы «Трещотка»;;1;1;генерация;photos/F04295.webp
F04296;5;4296;Инструмент;"Удлинитель (самое частое в группе); группа «Удлинитель»";изделия группы «Удлинитель»;;1;1;генерация;photos/F04296.webp
F04297;5;4297;Инструмент;"Устройство зажимное (самое частое в группе); группа «Устройство зажимное»";изделия группы «Устройство зажимное»;;1;1;генерация;photos/F04297.webp
F04298;5;4298;Инструмент;"Устройство пускозарядное (самое частое в группе); группа «Устройство пускозарядное»";изделия группы «Устройство пускозарядное»;;1;1;генерация;photos/F04298.webp
F04299;5;4299;Инструмент;"Фильтр (самое частое в группе); группа «Фильтр»";изделия группы «Фильтр»;;1;1;генерация;photos/F04299.webp
F04300;5;4300;Инструмент;"Фильтр масляный (самое частое в группе); группа «Фильтр масляный»";изделия группы «Фильтр масляный»;;1;1;генерация;photos/F04300.webp
F04301;5;4301;Инструмент;"Фреза грязевая (самое частое в группе); группа «Фреза грязевая»";изделия группы «Фреза грязевая»;;1;1;генерация;photos/F04301.webp
F04302;5;4302;Инструмент;"Часы проекционные (самое частое в группе); группа «Часы проекционные»";изделия группы «Часы проекционные»;;1;1;генерация;photos/F04302.webp
F04303;5;4303;Инструмент;"Чехол универсальный (самое частое в группе); группа «Чехол универсальный»";изделия группы «Чехол универсальный»;;1;1;генерация;photos/F04303.webp
F04304;5;4304;Инструмент;"Шланг высокого (самое частое в группе); группа «Шланг высокого»";изделия группы «Шланг высокого»;;1;1;генерация;photos/F04304.webp
F04305;5;4305;Инструмент;"Шланг (самое частое в группе); группа «Шланг»";изделия группы «Шланг»;;1;1;генерация;photos/F04305.webp
F04306;5;4306;Инструмент;"Шланг (самое частое в группе); группа «Шланг подкачки»";изделия группы «Шланг подкачки»;;1;1;генерация;photos/F04306.webp
F04307;5;4307;Инструмент;"Шлифмашина аккумуляторная (самое частое в группе); группа «Шлифмашина аккумуляторная»";изделия группы «Шлифмашина аккумуляторная»;;1;1;генерация;photos/F04307.webp
F04308;5;4308;Инструмент;"Шпилькозабиватель (самое частое в группе); группа «Шпилькозабиватель»";изделия группы «Шпилькозабиватель»;;1;1;генерация;photos/F04308.webp
F04309;5;4309;Инструмент;"Шпилькозабиватель бесщеточный (самое частое в группе); группа «Шпилькозабиватель бесщеточный»";изделия группы «Шпилькозабиватель бесщеточный»;;1;1;генерация;photos/F04309.webp
F04310;5;4310;Инструмент;"Шприц (самое частое в группе); группа «Шприц»";изделия группы «Шприц»;;1;1;генерация;photos/F04310.webp
F04311;5;4311;Инструмент;"Шприц алюминиевый (самое частое в группе); группа «Шприц алюминиевый»";изделия группы «Шприц алюминиевый»;;1;1;генерация;photos/F04311.webp
F04312;5;4312;Инструмент;"Шприц-пресс аккумуляторный (самое частое в группе); группа «Шприц-пресс аккумуляторный»";изделия группы «Шприц-пресс аккумуляторный»;;1;1;генерация;photos/F04312.webp
F04313;5;4313;Инструмент;"Шуруповерт аккумуляторный (самое частое в группе); группа «Шуруповерт аккумуляторный»";изделия группы «Шуруповерт аккумуляторный»;;1;1;генерация;photos/F04313.webp
F04314;5;4314;Инструмент;"Ящик-сиденье (самое частое в группе); группа «Ящик-сиденье»";изделия группы «Ящик-сиденье»;;1;1;генерация;photos/F04314.webp
F04315;5;4315;Осветительное оборудование;группа «LED прожектор»;изделия группы «LED прожектор»;;1;1;генерация;photos/F04315.webp
F04316;5;4316;Осветительное оборудование;"Прожекторы светодиодные (самое частое в группе); группа «Прожекторы светодиодные»";изделия группы «Прожекторы светодиодные»;;1;1;генерация;photos/F04316.webp
F04317;5;4317;Осветительное оборудование;"Рамка (самое частое в группе); группа «Рамка»";изделия группы «Рамка»;;1;1;генерация;photos/F04317.webp
F04318;5;4318;Осветительное оборудование;"Устройство дистанционного (самое частое в группе); группа «Устройство дистанционного»";изделия группы «Устройство дистанционного»;;1;1;генерация;photos/F04318.webp
F04319;5;4319;Осветительное оборудование;"Устройство (самое частое в группе); группа «Устройство импульсно»";изделия группы «Устройство импульсно»;;1;1;генерация;photos/F04319.webp
F04320;5;4320;Светильники;Дбп светильник-основание (самое частое в группе);изделия раздела «Светильники»;;1;1;генерация;photos/F04320.webp
F04321;5;4321;Светильники;Изделия раздела «Светильники»;изделия раздела «Светильники»;;1;1;генерация;photos/F04321.webp
F04322;5;4322;Светильники;Изделия раздела «Светильники»;изделия раздела «Светильники»;;1;1;генерация;photos/F04322.webp
F04323;5;4323;Светильники;"Подставка (самое частое в группе); группа «Подставка»";изделия группы «Подставка»;;1;1;генерация;photos/F04323.webp
F04324;5;4324;Светильники;"Стойка передвижная (самое частое в группе); группа «Рециркуляторы, облучатели и комплектующие»";изделия группы «Рециркуляторы, облучатели и комплектующие»;;1;1;генерация;photos/F04324.webp
F04325;5;4325;Опоры и стойки;"Заглушка стальная (самое частое в группе); группа «Заглушка стальная»";изделия группы «Заглушка стальная»;;1;1;генерация;photos/F04325.webp
F04326;5;4326;Опоры и стойки;"Лебедка ручная (самое частое в группе); группа «Лебедка ручная»";изделия группы «Лебедка ручная»;;1;1;генерация;photos/F04326.webp
F04327;5;4327;Опоры и стойки;"Молниеотвод граненый (самое частое в группе); группа «Опоры 10 метров»";изделия группы «Опоры 10 метров»;;1;1;генерация;photos/F04327.webp
F04328;5;4328;Опоры и стойки;"Молниеотвод граненый (самое частое в группе); группа «Опоры 12 м»";изделия группы «Опоры 12 м»;;1;1;генерация;photos/F04328.webp
F04329;5;4329;Опоры и стойки;"Молниеотвод граненый (самое частое в группе); группа «Опоры 15 метров»";изделия группы «Опоры 15 метров»;;1;1;генерация;photos/F04329.webp
F04330;5;4330;Опоры и стойки;"Молниеотвод граненый (самое частое в группе); группа «Опоры 16 метров»";изделия группы «Опоры 16 метров»;;1;1;генерация;photos/F04330.webp
F04331;5;4331;Опоры и стойки;"Молниеотвод граненый (самое частое в группе); группа «Опоры 18 метров»";изделия группы «Опоры 18 метров»;;1;1;генерация;photos/F04331.webp
F04332;5;4332;Опоры и стойки;"Молниеотвод граненый (самое частое в группе); группа «Опоры 20 метров»";изделия группы «Опоры 20 метров»;;1;1;генерация;photos/F04332.webp
F04333;5;4333;Трубопроводная арматура;"Вентиль запорный (самое частое в группе); группа «Арматура ДУ 50 мм»";изделия группы «Арматура ДУ 50 мм»;;1;1;генерация;photos/F04333.webp
F04334;5;4334;Редукторы;"Удлинитель (самое частое в группе); группа «Одноступенчатые»";изделия группы «Одноступенчатые»;;1;1;генерация;photos/F04334.webp
F04335;5;4335;Монтажные изделия для кабеля;группа «12-кратный защитный»;изделия группы «12-кратный защитный»;;1;1;генерация;photos/F04335.webp
F04336;5;4336;Монтажные изделия для кабеля;Изделия раздела «Монтажные изделия для кабеля»;изделия раздела «Монтажные изделия для кабеля»;;1;1;генерация;photos/F04336.webp
F04337;5;4337;Монтажные изделия для кабеля;Изделия раздела «Монтажные изделия для кабеля»;изделия раздела «Монтажные изделия для кабеля»;;1;1;генерация;photos/F04337.webp
F04338;5;4338;Монтажные изделия для кабеля;Изделия раздела «Монтажные изделия для кабеля»;изделия раздела «Монтажные изделия для кабеля»;;1;1;генерация;photos/F04338.webp
F04339;5;4339;Монтажные изделия для кабеля;Изделия раздела «Монтажные изделия для кабеля»;изделия раздела «Монтажные изделия для кабеля»;;1;1;генерация;photos/F04339.webp
F04340;5;4340;Монтажные изделия для кабеля;Изделия раздела «Монтажные изделия для кабеля»;изделия раздела «Монтажные изделия для кабеля»;;1;1;генерация;photos/F04340.webp
F04341;5;4341;Монтажные изделия для кабеля;Изделия раздела «Монтажные изделия для кабеля»;изделия раздела «Монтажные изделия для кабеля»;;1;1;генерация;photos/F04341.webp
F04342;5;4342;Монтажные изделия для кабеля;Изделия раздела «Монтажные изделия для кабеля»;изделия раздела «Монтажные изделия для кабеля»;;1;1;генерация;photos/F04342.webp
F04343;5;4343;Монтажные изделия для кабеля;Изделия раздела «Монтажные изделия для кабеля»;изделия раздела «Монтажные изделия для кабеля»;;1;1;генерация;photos/F04343.webp
F04344;5;4344;Монтажные изделия для кабеля;Изделия раздела «Монтажные изделия для кабеля»;изделия раздела «Монтажные изделия для кабеля»;;1;1;генерация;photos/F04344.webp
F04345;5;4345;Монтажные изделия для кабеля;Изделия раздела «Монтажные изделия для кабеля»;изделия раздела «Монтажные изделия для кабеля»;;1;1;генерация;photos/F04345.webp
F04346;5;4346;Монтажные изделия для кабеля;Изделия раздела «Монтажные изделия для кабеля»;изделия раздела «Монтажные изделия для кабеля»;;1;1;генерация;photos/F04346.webp
F04347;5;4347;Монтажные изделия для кабеля;Изделия раздела «Монтажные изделия для кабеля»;изделия раздела «Монтажные изделия для кабеля»;;1;1;генерация;photos/F04347.webp
F04348;5;4348;Монтажные изделия для кабеля;Изделия раздела «Монтажные изделия для кабеля»;изделия раздела «Монтажные изделия для кабеля»;;1;1;генерация;photos/F04348.webp
F04349;5;4349;Монтажные изделия для кабеля;Изделия раздела «Монтажные изделия для кабеля»;изделия раздела «Монтажные изделия для кабеля»;;1;1;генерация;photos/F04349.webp
F04350;5;4350;Монтажные изделия для кабеля;Изделия раздела «Монтажные изделия для кабеля»;изделия раздела «Монтажные изделия для кабеля»;;1;1;генерация;photos/F04350.webp
F04351;5;4351;Монтажные изделия для кабеля;Изделия раздела «Монтажные изделия для кабеля»;изделия раздела «Монтажные изделия для кабеля»;;1;1;генерация;photos/F04351.webp
F04352;5;4352;Монтажные изделия для кабеля;Изделия раздела «Монтажные изделия для кабеля»;изделия раздела «Монтажные изделия для кабеля»;;1;1;генерация;photos/F04352.webp
F04353;5;4353;Монтажные изделия для кабеля;Изделия раздела «Монтажные изделия для кабеля»;изделия раздела «Монтажные изделия для кабеля»;;1;1;генерация;photos/F04353.webp
F04354;5;4354;Монтажные изделия для кабеля;Изделия раздела «Монтажные изделия для кабеля»;изделия раздела «Монтажные изделия для кабеля»;;1;1;генерация;photos/F04354.webp
F04355;5;4355;Монтажные изделия для кабеля;Изделия раздела «Монтажные изделия для кабеля»;изделия раздела «Монтажные изделия для кабеля»;;1;1;генерация;photos/F04355.webp
F04356;5;4356;Монтажные изделия для кабеля;Изделия раздела «Монтажные изделия для кабеля»;изделия раздела «Монтажные изделия для кабеля»;;1;1;генерация;photos/F04356.webp
F04357;5;4357;Монтажные изделия для кабеля;группа «штекерный»;изделия группы «штекерный»;;1;1;генерация;photos/F04357.webp
F04358;5;4358;Монтажные изделия для кабеля;Изделия раздела «Монтажные изделия для кабеля»;изделия раздела «Монтажные изделия для кабеля»;;1;1;генерация;photos/F04358.webp
F04359;5;4359;Монтажные изделия для кабеля;группа «D-SUB»;изделия группы «D-SUB»;;1;1;генерация;photos/F04359.webp
F04360;5;4360;Монтажные изделия для кабеля;Изделия раздела «Монтажные изделия для кабеля»;изделия раздела «Монтажные изделия для кабеля»;;1;1;генерация;photos/F04360.webp
F04361;5;4361;Монтажные изделия для кабеля;Изделия раздела «Монтажные изделия для кабеля»;изделия раздела «Монтажные изделия для кабеля»;;1;1;генерация;photos/F04361.webp
F04362;5;4362;Монтажные изделия для кабеля;Изделия раздела «Монтажные изделия для кабеля»;изделия раздела «Монтажные изделия для кабеля»;;1;1;генерация;photos/F04362.webp
F04363;5;4363;Монтажные изделия для кабеля;Изделия раздела «Монтажные изделия для кабеля»;изделия раздела «Монтажные изделия для кабеля»;;1;1;генерация;photos/F04363.webp
F04364;5;4364;Монтажные изделия для кабеля;Изделия раздела «Монтажные изделия для кабеля»;изделия раздела «Монтажные изделия для кабеля»;;1;1;генерация;photos/F04364.webp
F04365;5;4365;Монтажные изделия для кабеля;Изделия раздела «Монтажные изделия для кабеля»;изделия раздела «Монтажные изделия для кабеля»;;1;1;генерация;photos/F04365.webp
F04366;5;4366;Монтажные изделия для кабеля;Изделия раздела «Монтажные изделия для кабеля»;изделия раздела «Монтажные изделия для кабеля»;;1;1;генерация;photos/F04366.webp
F04367;5;4367;Монтажные изделия для кабеля;Изделия раздела «Монтажные изделия для кабеля»;изделия раздела «Монтажные изделия для кабеля»;;1;1;генерация;photos/F04367.webp
F04368;5;4368;Монтажные изделия для кабеля;Изделия раздела «Монтажные изделия для кабеля»;изделия раздела «Монтажные изделия для кабеля»;;1;1;генерация;photos/F04368.webp
F04369;5;4369;Монтажные изделия для кабеля;Изделия раздела «Монтажные изделия для кабеля»;изделия раздела «Монтажные изделия для кабеля»;;1;1;генерация;photos/F04369.webp
F04370;5;4370;Монтажные изделия для кабеля;Изделия раздела «Монтажные изделия для кабеля»;изделия раздела «Монтажные изделия для кабеля»;;1;1;генерация;photos/F04370.webp
F04371;5;4371;Монтажные изделия для кабеля;Изделия раздела «Монтажные изделия для кабеля»;изделия раздела «Монтажные изделия для кабеля»;;1;1;генерация;photos/F04371.webp
F04372;5;4372;Монтажные изделия для кабеля;Изделия раздела «Монтажные изделия для кабеля»;изделия раздела «Монтажные изделия для кабеля»;;1;1;генерация;photos/F04372.webp
F04373;5;4373;Монтажные изделия для кабеля;Изделия раздела «Монтажные изделия для кабеля»;изделия раздела «Монтажные изделия для кабеля»;;1;1;генерация;photos/F04373.webp
F04374;5;4374;Монтажные изделия для кабеля;Изделия раздела «Монтажные изделия для кабеля»;изделия раздела «Монтажные изделия для кабеля»;;1;1;генерация;photos/F04374.webp
F04375;5;4375;Монтажные изделия для кабеля;Изделия раздела «Монтажные изделия для кабеля»;изделия раздела «Монтажные изделия для кабеля»;;1;1;генерация;photos/F04375.webp
F04376;5;4376;Монтажные изделия для кабеля;Изделия раздела «Монтажные изделия для кабеля»;изделия раздела «Монтажные изделия для кабеля»;;1;1;генерация;photos/F04376.webp
F04377;5;4377;Монтажные изделия для кабеля;Изделия раздела «Монтажные изделия для кабеля»;изделия раздела «Монтажные изделия для кабеля»;;1;1;генерация;photos/F04377.webp
F04378;5;4378;Монтажные изделия для кабеля;Изделия раздела «Монтажные изделия для кабеля»;изделия раздела «Монтажные изделия для кабеля»;;1;1;генерация;photos/F04378.webp
F04379;5;4379;Монтажные изделия для кабеля;Изделия раздела «Монтажные изделия для кабеля»;изделия раздела «Монтажные изделия для кабеля»;;1;1;генерация;photos/F04379.webp
F04380;5;4380;Монтажные изделия для кабеля;группа «4+Экран»;изделия группы «4+Экран»;;1;1;генерация;photos/F04380.webp
F04381;5;4381;Монтажные изделия для кабеля;Изделия раздела «Монтажные изделия для кабеля»;изделия раздела «Монтажные изделия для кабеля»;;1;1;генерация;photos/F04381.webp
F04382;5;4382;Монтажные изделия для кабеля;Изделия раздела «Монтажные изделия для кабеля»;изделия раздела «Монтажные изделия для кабеля»;;1;1;генерация;photos/F04382.webp
F04383;5;4383;Монтажные изделия для кабеля;Изделия раздела «Монтажные изделия для кабеля»;изделия раздела «Монтажные изделия для кабеля»;;1;1;генерация;photos/F04383.webp
F04384;5;4384;Монтажные изделия для кабеля;Изделия раздела «Монтажные изделия для кабеля»;изделия раздела «Монтажные изделия для кабеля»;;1;1;генерация;photos/F04384.webp
F04385;5;4385;Монтажные изделия для кабеля;Изделия раздела «Монтажные изделия для кабеля»;изделия раздела «Монтажные изделия для кабеля»;;1;1;генерация;photos/F04385.webp
F04386;5;4386;Монтажные изделия для кабеля;группа «4+Экран»;изделия группы «4+Экран»;;1;1;генерация;photos/F04386.webp
F04387;5;4387;Монтажные изделия для кабеля;Изделия раздела «Монтажные изделия для кабеля»;изделия раздела «Монтажные изделия для кабеля»;;1;1;генерация;photos/F04387.webp
F04388;5;4388;Монтажные изделия для кабеля;Изделия раздела «Монтажные изделия для кабеля»;изделия раздела «Монтажные изделия для кабеля»;;1;1;генерация;photos/F04388.webp
F04389;5;4389;Монтажные изделия для кабеля;группа «гильзы»;изделия группы «гильзы»;;1;1;генерация;photos/F04389.webp
F04390;5;4390;Монтажные изделия для кабеля;Изделия раздела «Монтажные изделия для кабеля»;изделия раздела «Монтажные изделия для кабеля»;;1;1;генерация;photos/F04390.webp
F04391;5;4391;Монтажные изделия для кабеля;Изделия раздела «Монтажные изделия для кабеля»;изделия раздела «Монтажные изделия для кабеля»;;1;1;генерация;photos/F04391.webp
F04392;5;4392;Монтажные изделия для кабеля;Изделия раздела «Монтажные изделия для кабеля»;изделия раздела «Монтажные изделия для кабеля»;;1;1;генерация;photos/F04392.webp
F04393;5;4393;Монтажные изделия для кабеля;Изделия раздела «Монтажные изделия для кабеля»;изделия раздела «Монтажные изделия для кабеля»;;1;1;генерация;photos/F04393.webp
F04394;5;4394;Монтажные изделия для кабеля;группа «инструмент»;изделия группы «инструмент»;;1;1;генерация;photos/F04394.webp
F04395;5;4395;Монтажные изделия для кабеля;Изделия раздела «Монтажные изделия для кабеля»;изделия раздела «Монтажные изделия для кабеля»;;1;1;генерация;photos/F04395.webp
F04396;5;4396;Монтажные изделия для кабеля;Изделия раздела «Монтажные изделия для кабеля»;изделия раздела «Монтажные изделия для кабеля»;;1;1;генерация;photos/F04396.webp
F04397;5;4397;Монтажные изделия для кабеля;группа «Приспособление»;изделия группы «Приспособление»;;1;1;генерация;photos/F04397.webp
F04398;5;4398;Монтажные изделия для кабеля;Изделия раздела «Монтажные изделия для кабеля»;изделия раздела «Монтажные изделия для кабеля»;;1;1;генерация;photos/F04398.webp
F04399;5;4399;Монтажные изделия для кабеля;Изделия раздела «Монтажные изделия для кабеля»;изделия раздела «Монтажные изделия для кабеля»;;1;1;генерация;photos/F04399.webp
F04400;5;4400;Монтажные изделия для кабеля;Изделия раздела «Монтажные изделия для кабеля»;изделия раздела «Монтажные изделия для кабеля»;;1;1;генерация;photos/F04400.webp
F04401;5;4401;Монтажные изделия для кабеля;Изделия раздела «Монтажные изделия для кабеля»;изделия раздела «Монтажные изделия для кабеля»;;1;1;генерация;photos/F04401.webp
F04402;5;4402;Монтажные изделия для кабеля;Изделия раздела «Монтажные изделия для кабеля»;изделия раздела «Монтажные изделия для кабеля»;;1;1;генерация;photos/F04402.webp
F04403;5;4403;Монтажные изделия для кабеля;Изделия раздела «Монтажные изделия для кабеля»;изделия раздела «Монтажные изделия для кабеля»;;1;1;генерация;photos/F04403.webp
F04404;5;4404;Монтажные изделия для кабеля;"Адаптер (самое частое в группе); группа «Адаптер»";изделия группы «Адаптер»;;1;1;генерация;photos/F04404.webp
F04405;5;4405;Монтажные изделия для кабеля;"База монтажная (самое частое в группе); группа «База монтажная»";изделия группы «База монтажная»;;1;1;генерация;photos/F04405.webp
F04406;5;4406;Монтажные изделия для кабеля;"Бирка кабельная (самое частое в группе); группа «Бирка пластиковая»";изделия группы «Бирка пластиковая»;;1;1;генерация;photos/F04406.webp
F04407;5;4407;Монтажные изделия для кабеля;"Вилка (самое частое в группе); группа «Вилка»";изделия группы «Вилка»;;1;1;генерация;photos/F04407.webp
F04408;5;4408;Монтажные изделия для кабеля;"Винт (самое частое в группе); группа «Винт»";изделия группы «Винт»;;1;1;генерация;photos/F04408.webp
F04409;5;4409;Монтажные изделия для кабеля;"Втулка концевая (самое частое в группе); группа «Втулка концевая»";изделия группы «Втулка концевая»;;1;1;генерация;photos/F04409.webp
F04410;5;4410;Монтажные изделия для кабеля;"Гель иммерсионный (самое частое в группе); группа «Гель иммерсионный»";изделия группы «Гель иммерсионный»;;1;1;генерация;photos/F04410.webp
F04411;5;4411;Монтажные изделия для кабеля;"Гильза кабельная (самое частое в группе); группа «Гильза кабельная»";изделия группы «Гильза кабельная»;;1;1;генерация;photos/F04411.webp
F04412;5;4412;Монтажные изделия для кабеля;"Гнездо штепсельное (самое частое в группе); группа «Гнездо штепсельное»";изделия группы «Гнездо штепсельное»;;1;1;генерация;photos/F04412.webp
F04413;5;4413;Монтажные изделия для кабеля;"Колодец грунтовый (самое частое в группе); группа «Грунтовый колодец»";изделия группы «Грунтовый колодец»;;1;1;генерация;photos/F04413.webp
F04414;5;4414;Монтажные изделия для кабеля;"Доска (самое частое в группе); группа «Доска»";изделия группы «Доска»;;1;1;генерация;photos/F04414.webp
F04415;5;4415;Монтажные изделия для кабеля;"Заземлитель вертикальный (самое частое в группе); группа «Заземлитель»";изделия группы «Заземлитель»;;1;1;генерация;photos/F04415.webp
F04416;5;4416;Монтажные изделия для кабеля;"Лезвия запасные (самое частое в группе); группа «Запасные лезвия»";изделия группы «Запасные лезвия»;;1;1;генерация;photos/F04416.webp
F04417;5;4417;Монтажные изделия для кабеля;"Захват (самое частое в группе); группа «Захват 400»";изделия группы «Захват 400»;;1;1;генерация;photos/F04417.webp
F04418;5;4418;Монтажные изделия для кабеля;"Захват (самое частое в группе); группа «Захват 630»";изделия группы «Захват 630»;;1;1;генерация;photos/F04418.webp
F04419;5;4419;Монтажные изделия для кабеля;"Звонок (самое частое в группе); группа «Звонок»";изделия группы «Звонок»;;1;1;генерация;photos/F04419.webp
F04420;5;4420;Монтажные изделия для кабеля;"Звонок беспроводной (самое частое в группе); группа «Звонок беспроводной»";изделия группы «Звонок беспроводной»;;1;1;генерация;photos/F04420.webp
F04421;5;4421;Монтажные изделия для кабеля;"Изолента-герметик (самое частое в группе); группа «Изоляционные материалы»";изделия группы «Изоляционные материалы»;;1;1;генерация;photos/F04421.webp
F04422;5;4422;Монтажные изделия для кабеля;"Каркас (самое частое в группе); группа «Каркас»";изделия группы «Каркас»;;1;1;генерация;photos/F04422.webp
F04423;5;4423;Монтажные изделия для кабеля;"Ключ (самое частое в группе); группа «Ключ блокировки»";изделия группы «Ключ блокировки»;;1;1;генерация;photos/F04423.webp
F04424;5;4424;Монтажные изделия для кабеля;"Кнопка (самое частое в группе); группа «Кнопка звонка»";изделия группы «Кнопка звонка»;;1;1;генерация;photos/F04424.webp
F04425;5;4425;Монтажные изделия для кабеля;"Винты кодирующие (самое частое в группе); группа «Кодирующие винты»";изделия группы «Кодирующие винты»;;1;1;генерация;photos/F04425.webp
F04426;5;4426;Монтажные изделия для кабеля;"Винт кодирующий (самое частое в группе); группа «Кодирующий винт»";изделия группы «Кодирующий винт»;;1;1;генерация;photos/F04426.webp
F04427;5;4427;Монтажные изделия для кабеля;"Кожух (самое частое в группе); группа «Кожух»";изделия группы «Кожух»;;1;1;генерация;photos/F04427.webp
F04428;5;4428;Монтажные изделия для кабеля;"Компенсатор алюминиевый (самое частое в группе); группа «Компенсатор алюминиевый»";изделия группы «Компенсатор алюминиевый»;;1;1;генерация;photos/F04428.webp
F04429;5;4429;Монтажные изделия для кабеля;"Коннектор экранированный (самое частое в группе); группа «Коннектор экранированный»";изделия группы «Коннектор экранированный»;;1;1;генерация;photos/F04429.webp
F04430;5;4430;Монтажные изделия для кабеля;"Коуш (самое частое в группе); группа «Коуш»";изделия группы «Коуш»;;1;1;генерация;photos/F04430.webp
F04431;5;4431;Монтажные изделия для кабеля;"Крепление (самое частое в группе); группа «Крепления»";изделия группы «Крепления»;;1;1;генерация;photos/F04431.webp
F04432;5;4432;Монтажные изделия для кабеля;"Крепеж (самое частое в группе); группа «Крепёж»";изделия группы «Крепёж»;;1;1;генерация;photos/F04432.webp
F04433;5;4433;Монтажные изделия для кабеля;"Крышка (самое частое в группе); группа «Крышка»";изделия группы «Крышка»;;1;1;генерация;photos/F04433.webp
F04434;5;4434;Монтажные изделия для кабеля;"Крышка фронтальная (самое частое в группе); группа «Крышка фронтальная»";изделия группы «Крышка фронтальная»;;1;1;генерация;photos/F04434.webp
F04435;5;4435;Монтажные изделия для кабеля;"Маркеры (самое частое в группе); группа «Маркеры»";изделия группы «Маркеры»;;1;1;генерация;photos/F04435.webp
F04436;5;4436;Монтажные изделия для кабеля;"Маркеры (самое частое в группе); группа «Маркеры»";изделия группы «Маркеры»;;1;1;генерация;photos/F04436.webp
F04437;5;4437;Монтажные изделия для кабеля;"Маркеры (самое частое в группе); группа «Маркеры»";изделия группы «Маркеры»;;1;1;генерация;photos/F04437.webp
F04438;5;4438;Монтажные изделия для кабеля;"Мачта молниеприемная (самое частое в группе); группа «Мачта молниеприемная»";изделия группы «Мачта молниеприемная»;;1;1;генерация;photos/F04438.webp
F04439;5;4439;Монтажные изделия для кабеля;"Крышка резьбовая (самое частое в группе); группа «Металлическая резьбовая»";изделия группы «Металлическая резьбовая»;;1;1;генерация;photos/F04439.webp
F04440;5;4440;Монтажные изделия для кабеля;"Мини-бокорезы (самое частое в группе); группа «Мини-бокорезы»";изделия группы «Мини-бокорезы»;;1;1;генерация;photos/F04440.webp
F04441;5;4441;Монтажные изделия для кабеля;"Молниеприемник (самое частое в группе); группа «Молниеприемник»";изделия группы «Молниеприемник»;;1;1;генерация;photos/F04441.webp
F04442;5;4442;Монтажные изделия для кабеля;"Направляющая (самое частое в группе); группа «Направляющая»";изделия группы «Направляющая»;;1;1;генерация;photos/F04442.webp
F04443;5;4443;Монтажные изделия для кабеля;"Гнездо направляющее (самое частое в группе); группа «Направляющее гнездо»";изделия группы «Направляющее гнездо»;;1;1;генерация;photos/F04443.webp
F04444;5;4444;Монтажные изделия для кабеля;"Штифт направляющий (самое частое в группе); группа «Направляющий штифт»";изделия группы «Направляющий штифт»;;1;1;генерация;photos/F04444.webp
F04445;5;4445;Монтажные изделия для кабеля;"Насадка (самое частое в группе); группа «Насадка»";изделия группы «Насадка»;;1;1;генерация;photos/F04445.webp
F04446;5;4446;Монтажные изделия для кабеля;"Насадка ударная (самое частое в группе); группа «Насадка ударная»";изделия группы «Насадка ударная»;;1;1;генерация;photos/F04446.webp
F04447;5;4447;Монтажные изделия для кабеля;"Насадка-адаптер ударная (самое частое в группе); группа «Насадка-адаптер ударная»";изделия группы «Насадка-адаптер ударная»;;1;1;генерация;photos/F04447.webp
F04448;5;4448;Монтажные изделия для кабеля;"Кронштейн настенный (самое частое в группе); группа «Настенный кронштейн»";изделия группы «Настенный кронштейн»;;1;1;генерация;photos/F04448.webp
F04449;5;4449;Монтажные изделия для кабеля;"Шкаф распределительный (самое частое в группе); группа «Настенный распределительный»";изделия группы «Настенный распределительный»;;1;1;генерация;photos/F04449.webp
F04450;5;4450;Монтажные изделия для кабеля;"Нож кабельный (самое частое в группе); группа «Нож кабельный»";изделия группы «Нож кабельный»;;1;1;генерация;photos/F04450.webp
F04451;5;4451;Монтажные изделия для кабеля;"Нож строительно-монтажный (самое частое в группе); группа «Нож строительно-монтажный»";изделия группы «Нож строительно-монтажный»;;1;1;генерация;photos/F04451.webp
F04452;5;4452;Монтажные изделия для кабеля;"Органайзер горизонтальный (самое частое в группе); группа «Органайзер горизонтальный»";изделия группы «Органайзер горизонтальный»;;1;1;генерация;photos/F04452.webp
F04453;5;4453;Монтажные изделия для кабеля;"Бетонное основание (самое частое в группе); группа «Основание бетонное»";изделия группы «Основание бетонное»;;1;1;генерация;photos/F04453.webp
F04454;5;4454;Монтажные изделия для кабеля;"Панель адаптерная (самое частое в группе); группа «Панель адаптерная»";изделия группы «Панель адаптерная»;;1;1;генерация;photos/F04454.webp
F04455;5;4455;Монтажные изделия для кабеля;"Панель-заглушка адаптерная (самое частое в группе); группа «Панель-заглушка адаптерная»";изделия группы «Панель-заглушка адаптерная»;;1;1;генерация;photos/F04455.webp
F04456;5;4456;Монтажные изделия для кабеля;"Паста контактная (самое частое в группе); группа «Паста контактная»";изделия группы «Паста контактная»;;1;1;генерация;photos/F04456.webp
F04457;5;4457;Монтажные изделия для кабеля;"Пена двухкомпонентная (самое частое в группе); группа «Пена двухкомпонентная»";изделия группы «Пена двухкомпонентная»;;1;1;генерация;photos/F04457.webp
F04458;5;4458;Монтажные изделия для кабеля;"Пена однокомпонентная (самое частое в группе); группа «Пена однокомпонентная»";изделия группы «Пена однокомпонентная»;;1;1;генерация;photos/F04458.webp
F04459;5;4459;Монтажные изделия для кабеля;"Перегородка внутренняя (самое частое в группе); группа «Перегородка ПВХ»";изделия группы «Перегородка ПВХ»;;1;1;генерация;photos/F04459.webp
F04460;5;4460;Монтажные изделия для кабеля;"Пистолет (самое частое в группе); группа «Пистолет»";изделия группы «Пистолет»;;1;1;генерация;photos/F04460.webp
F04461;5;4461;Монтажные изделия для кабеля;"Пистолет (самое частое в группе); группа «Пистолет подачи»";изделия группы «Пистолет подачи»;;1;1;генерация;photos/F04461.webp
F04462;5;4462;Монтажные изделия для кабеля;"Планка-заглушка сменная (самое частое в группе); группа «Планка-заглушка сменная»";изделия группы «Планка-заглушка сменная»;;1;1;генерация;photos/F04462.webp
F04463;5;4463;Монтажные изделия для кабеля;"Плита (самое частое в группе); группа «Плита»";изделия группы «Плита»;;1;1;генерация;photos/F04463.webp
F04464;5;4464;Монтажные изделия для кабеля;"Станок обжимной (самое частое в группе); группа «Пневматический обжимной»";изделия группы «Пневматический обжимной»;;1;1;генерация;photos/F04464.webp
F04465;5;4465;Монтажные изделия для кабеля;"Подвес (самое частое в группе); группа «Подвес крепления»";изделия группы «Подвес крепления»;;1;1;генерация;photos/F04465.webp
F04466;5;4466;Монтажные изделия для кабеля;"Проволока стальная (самое частое в группе); группа «Проволока стальная»";изделия группы «Проволока стальная»;;1;1;генерация;photos/F04466.webp
F04467;5;4467;Монтажные изделия для кабеля;"Разветвитель (самое частое в группе); группа «Разветвитель»";изделия группы «Разветвитель»;;1;1;генерация;photos/F04467.webp
F04468;5;4468;Монтажные изделия для кабеля;"Разделитель универсальный (самое частое в группе); группа «Разделитель универсальный»";изделия группы «Разделитель универсальный»;;1;1;генерация;photos/F04468.webp
F04469;5;4469;Монтажные изделия для кабеля;"Разъем (самое частое в группе); группа «Разъем»";изделия группы «Разъем»;;1;1;генерация;photos/F04469.webp
F04470;5;4470;Монтажные изделия для кабеля;"Панель распределительная (самое частое в группе); группа «Распределительная панель»";изделия группы «Распределительная панель»;;1;1;генерация;photos/F04470.webp
F04471;5;4471;Монтажные изделия для кабеля;"Аудиорозетка (самое частое в группе); группа «Розетка»";изделия группы «Розетка»;;1;1;генерация;photos/F04471.webp
F04472;5;4472;Монтажные изделия для кабеля;"Ролик монтажный (самое частое в группе); группа «Ролик монтажный»";изделия группы «Ролик монтажный»;;1;1;генерация;photos/F04472.webp
F04473;5;4473;Монтажные изделия для кабеля;группа «С инструментом»;изделия группы «С инструментом»;;1;1;генерация;photos/F04473.webp
F04474;5;4474;Монтажные изделия для кабеля;"Шина с-профильная (самое частое в группе); группа «С-профильная шина»";изделия группы «С-профильная шина»;;1;1;генерация;photos/F04474.webp
F04475;5;4475;Монтажные изделия для кабеля;"Сжим ответвительный (самое частое в группе); группа «Сжим ответвительный»";изделия группы «Сжим ответвительный»;;1;1;генерация;photos/F04475.webp
F04476;5;4476;Монтажные изделия для кабеля;"Скрепа (самое частое в группе); группа «Скрепы»";изделия группы «Скрепы»;;1;1;генерация;photos/F04476.webp
F04477;5;4477;Монтажные изделия для кабеля;"Деталь соединительная (самое частое в группе); группа «Соединители для кабель-каналов»";изделия группы «Соединители для кабель-каналов»;;1;1;генерация;photos/F04477.webp
F04478;5;4478;Монтажные изделия для кабеля;"Гильза защитная (самое частое в группе); группа «Соединительная защитная»";изделия группы «Соединительная защитная»;;1;1;генерация;photos/F04478.webp
F04479;5;4479;Монтажные изделия для кабеля;"Кассета соединительная (самое частое в группе); группа «Соединительная кассета»";изделия группы «Соединительная кассета»;;1;1;генерация;photos/F04479.webp
F04480;5;4480;Монтажные изделия для кабеля;"Бокс компактный (самое частое в группе); группа «Соединительный компактный»";изделия группы «Соединительный компактный»;;1;1;генерация;photos/F04480.webp
F04481;5;4481;Монтажные изделия для кабеля;"Сплайс-кассета дополнительная (самое частое в группе); группа «Сплайс-кассета дополнительная»";изделия группы «Сплайс-кассета дополнительная»;;1;1;генерация;photos/F04481.webp
F04482;5;4482;Монтажные изделия для кабеля;"Спрей цинковый (самое частое в группе); группа «Спрей цинковый»";изделия группы «Спрей цинковый»;;1;1;генерация;photos/F04482.webp
F04483;5;4483;Монтажные изделия для кабеля;"Стопор (самое частое в группе); группа «Стопор»";изделия группы «Стопор»;;1;1;генерация;photos/F04483.webp
F04484;5;4484;Монтажные изделия для кабеля;"Стремянка диэлектрическая (самое частое в группе); группа «Стремянка диэлектрическая»";изделия группы «Стремянка диэлектрическая»;;1;1;генерация;photos/F04484.webp
F04485;5;4485;Монтажные изделия для кабеля;"Стриппер-прищепка (самое частое в группе); группа «Стриппер-прищепка 45-163»";изделия группы «Стриппер-прищепка 45-163»;;1;1;генерация;photos/F04485.webp
F04486;5;4486;Монтажные изделия для кабеля;группа «ТЭН-78»;изделия группы «ТЭН-78»;;1;1;генерация;photos/F04486.webp
F04487;5;4487;Монтажные изделия для кабеля;группа «ТЭН-80»;изделия группы «ТЭН-80»;;1;1;генерация;photos/F04487.webp
F04488;5;4488;Монтажные изделия для кабеля;"Тележка (самое частое в группе); группа «Тележка»";изделия группы «Тележка»;;1;1;генерация;photos/F04488.webp
F04489;5;4489;Монтажные изделия для кабеля;"Товар (самое частое в группе); группа «Товар»";изделия группы «Товар»;;1;1;генерация;photos/F04489.webp
F04490;5;4490;Монтажные изделия для кабеля;"Тройник (самое частое в группе); группа «Тройник»";изделия группы «Тройник»;;1;1;генерация;photos/F04490.webp
F04491;5;4491;Монтажные изделия для кабеля;"Тройник-отвод (самое частое в группе); группа «Тройник-отвод»";изделия группы «Тройник-отвод»;;1;1;генерация;photos/F04491.webp
F04492;5;4492;Монтажные изделия для кабеля;"Тройник-отвод (самое частое в группе); группа «Тройник-отвод»";изделия группы «Тройник-отвод»;;1;1;генерация;photos/F04492.webp
F04493;5;4493;Монтажные изделия для кабеля;группа «Тройник/отвод»;изделия группы «Тройник/отвод»;;1;1;генерация;photos/F04493.webp
F04494;5;4494;Монтажные изделия для кабеля;"Трос стальной (самое частое в группе); группа «Трос стальной»";изделия группы «Трос стальной»;;1;1;генерация;photos/F04494.webp
F04495;5;4495;Монтажные изделия для кабеля;"Трубка-канал (самое частое в группе); группа «Трубка-канал»";изделия группы «Трубка-канал»;;1;1;генерация;photos/F04495.webp
F04496;5;4496;Монтажные изделия для кабеля;"Трубка-канал (самое частое в группе); группа «Трубка-канал»";изделия группы «Трубка-канал»;;1;1;генерация;photos/F04496.webp
F04497;5;4497;Монтажные изделия для кабеля;"Трубка-канал (самое частое в группе); группа «Трубка-канал»";изделия группы «Трубка-канал»;;1;1;генерация;photos/F04497.webp
F04498;5;4498;Монтажные изделия для кабеля;"Трубка-канал (самое частое в группе); группа «Трубка-канал»";изделия группы «Трубка-канал»;;1;1;генерация;photos/F04498.webp
F04499;5;4499;Монтажные изделия для кабеля;"Трубка-канал (самое частое в группе); группа «Трубка-канал»";изделия группы «Трубка-канал»;;1;1;генерация;photos/F04499.webp
F04500;5;4500;Монтажные изделия для кабеля;"Трубка-канал (самое частое в группе); группа «Трубка-канал»";изделия группы «Трубка-канал»;;1;1;генерация;photos/F04500.webp
F04501;5;4501;Монтажные изделия для кабеля;"Трубка-канал (самое частое в группе); группа «Трубка-канал»";изделия группы «Трубка-канал»;;1;1;генерация;photos/F04501.webp
F04502;5;4502;Монтажные изделия для кабеля;"Трубка-канал (самое частое в группе); группа «Трубка-канал»";изделия группы «Трубка-канал»;;1;1;генерация;photos/F04502.webp
F04503;5;4503;Монтажные изделия для кабеля;"Трубка-канал (самое частое в группе); группа «Трубка-канал»";изделия группы «Трубка-канал»;;1;1;генерация;photos/F04503.webp
F04504;5;4504;Монтажные изделия для кабеля;"Трубка-канал (самое частое в группе); группа «Трубка-канал»";изделия группы «Трубка-канал»;;1;1;генерация;photos/F04504.webp
F04505;5;4505;Монтажные изделия для кабеля;"Рычаг удлинительный (самое частое в группе); группа «Удлинительный рычаг»";изделия группы «Удлинительный рычаг»;;1;1;генерация;photos/F04505.webp
F04506;5;4506;Монтажные изделия для кабеля;"Устройство (самое частое в группе); группа «Устройство»";изделия группы «Устройство»;;1;1;генерация;photos/F04506.webp
F04507;5;4507;Монтажные изделия для кабеля;"Устройство смотровое (самое частое в группе); группа «Устройство смотровое»";изделия группы «Устройство смотровое»;;1;1;генерация;photos/F04507.webp
F04508;5;4508;Монтажные изделия для кабеля;"Штифт (самое частое в группе); группа «Штифт»";изделия группы «Штифт»;;1;1;генерация;photos/F04508.webp
F04509;5;4509;Монтажные изделия для кабеля;"Штырь (самое частое в группе); группа «Штырь заземлителя»";изделия группы «Штырь заземлителя»;;1;1;генерация;photos/F04509.webp
F04510;5;4510;Кабельные муфты;"Адаптер (самое частое в группе); группа «Муфты для кабелей сечением 300»";изделия группы «Муфты для кабелей сечением 300»;;1;1;генерация;photos/F04510.webp
F04511;5;4511;Кабельные муфты;"Набор (самое частое в группе); группа «Муфты с соединителями ГСИ»";изделия группы «Муфты с соединителями ГСИ»;;1;1;генерация;photos/F04511.webp
F04512;5;4512;Кабельные муфты;"Проходка кабельная (самое частое в группе); группа «Проходка кабельная»";изделия группы «Проходка кабельная»;;1;1;генерация;photos/F04512.webp
F04513;5;4513;Складское оборудование;"Бочкоопрокидыватель ручной (самое частое в группе); группа «Бочкоопрокидыватели»";изделия группы «Бочкоопрокидыватели»;;1;1;генерация;photos/F04513.webp
F04514;5;4514;Складское оборудование;"Ремень (самое частое в группе); группа «Ремни стяжные»";изделия группы «Ремни стяжные»;;1;1;генерация;photos/F04514.webp
F04515;5;4515;Складское оборудование;"Ограждение каркасное (самое частое в группе); группа «Складское оборудование»";изделия группы «Складское оборудование»;;1;1;генерация;photos/F04515.webp
F04516;5;4516;Складское оборудование;"Мини-таль стационарная (самое частое в группе); группа «Тали»";изделия группы «Тали»;;1;1;генерация;photos/F04516.webp
F04517;5;4517;Складское оборудование;"Стол-тележка (самое частое в группе); группа «Тележки»";изделия группы «Тележки»;;1;1;генерация;photos/F04517.webp
F04518;5;4518;Складское оборудование;"Бочкокантователь гидравлический (самое частое в группе); группа «Штабелеры»";изделия группы «Штабелеры»;;1;1;генерация;photos/F04518.webp
F04519;5;4519;Теплотехника;группа «Обогреватели 0,3 кВт»;изделия группы «Обогреватели 0,3 кВт»;;1;1;генерация;photos/F04519.webp
F04520;5;4520;Теплотехника;группа «Обогреватели 0,7 кВт»;изделия группы «Обогреватели 0,7 кВт»;;1;1;генерация;photos/F04520.webp
F04521;5;4521;Теплотехника;"Обогреватель инфракрасный (самое частое в группе); группа «Обогреватели для террасы»";изделия группы «Обогреватели для террасы»;;1;1;генерация;photos/F04521.webp
F04522;5;4522;Теплотехника;"Завеса тепловая (самое частое в группе); группа «Тепловые завесы»";изделия группы «Тепловые завесы»;;1;1;генерация;photos/F04522.webp
