Код подкадра;Кадр (parent);Приоритет;Ранг;Раздел;Группа кадра (что на фото);Вид изделия;Отличие подкадра;оси;размер;выходной вал;тип;Тип подкадра;Позиций;Описание RU;Промпт EN;Негатив EN;Негатив RU;Метод;Как сделать;Имя файла
F00036-a;F00036;1;123;Редукторы;Редуктор цилиндрический;редуктор цилиндрический;"оси — соосный; габариты высота 150–300 мм; выходной вал — полый";соосный;высота 150–300 мм;полый;;свой снимок;958;"Фотореалистичная предметная фотография для каталога. Подкадр F00036-a (958 из 3450 позиций кадра F00036). Отличие от соседних подкадров: оси — соосный; габариты высота 150–300 мм; выходной вал — полый. Что в кадре: редуктор цилиндрический, соосный, габариты высота 150–300 мм, полый. Как выглядит: редуктор: литой чугунный или алюминиевый корпус (окраска по данным, типично серая или синяя), входной и выходной валы, лапы или фланец, пробки маслозаливного отверстия. По данным позиций кадра: материал корпуса — чугун (55 %); тип — редуктор; передача — цилиндрический. Масштаб: габариты около 213×178×196 мм (медиана по позициям) — размером примерно с обувную коробку. Ракурс и композиция: 3/4 немного сверху, изделие целиком по центру, занимает около 70 % кадра. Фон: светлый нейтральный бесшовный #F4F6F9 без текстуры и горизонта. Свет: мягкий студийный из большого софтбокса, мягкая тень под предметом, резкость по всему предмету. Не должно быть: чужих логотипов, названий заводов и брендов, водяных знаков, надписей и любого текста, людей и рук, лишних предметов. Итог: квадрат 1200×1200 px, WebP.";"Photorealistic catalog product photo. Distinctive for this variant: 150-300 mm tall. Cylindrical gearbox. Gearbox, cast iron or aluminium housing, input and output shafts, feet or flange, oil plugs. Housing material: cast iron; type: gearbox; gearing: cylindrical. Scale: about 213 x 178 x 196 mm, about shoebox size. Three-quarter view from slightly above, whole item centred, filling about 70% of the frame. Plain seamless light neutral background #F4F6F9, no texture, no horizon line. Soft large-softbox studio lighting, soft contact shadow underneath, sharp focus across the whole item, photorealistic e-commerce catalog product photo, high detail, 85mm lens look, square 1:1, 1200x1200.";text, letters, numbers, logo, brand name, manufacturer marking, watermark, printed label, people, hands, faces, multiple products, cluttered background, props, distorted geometry, extra parts, cartoon, illustration, CGI look, blur, low resolution;текст, буквы, цифры, логотип, бренд, заводская маркировка, водяной знак, этикетка с надписями, люди, руки, лица, несколько предметов, захламленный фон, реквизит, искаженная геометрия, лишние детали, мультяшный стиль, иллюстрация, вид 3D-рендера, размытие, низкое разрешение;генерация;"Генерация по промпту; за основу — готовый снимок кадра F00036 (тот же ракурс, свет, фон), меняется только отличие подкадра.";photos/F00036-a.webp
F00036-b;F00036;1;324;Редукторы;Редуктор цилиндрический;редуктор цилиндрический;"оси — соосный; габариты высота 150–300 мм; выходной вал — цилиндрический";соосный;высота 150–300 мм;цилиндрический;;свой снимок;375;"Фотореалистичная предметная фотография для каталога. Подкадр F00036-b (375 из 3450 позиций кадра F00036). Отличие от соседних подкадров: оси — соосный; габариты высота 150–300 мм; выходной вал — цилиндрический. Что в кадре: редуктор цилиндрический, соосный, габариты высота 150–300 мм. Как выглядит: редуктор: литой чугунный или алюминиевый корпус (окраска по данным, типично серая или синяя), входной и выходной валы, лапы или фланец, пробки маслозаливного отверстия. По данным позиций кадра: материал корпуса — чугун; тип — редуктор; передача — цилиндрический. Масштаб: габариты около 395×215×212 мм (медиана по позициям) — размером примерно с обувную коробку. Ракурс и композиция: 3/4 немного сверху, изделие целиком по центру, занимает около 70 % кадра. Фон: светлый нейтральный бесшовный #F4F6F9 без текстуры и горизонта. Свет: мягкий студийный из большого софтбокса, мягкая тень под предметом, резкость по всему предмету. Не должно быть: чужих логотипов, названий заводов и брендов, водяных знаков, надписей и любого текста, людей и рук, лишних предметов. Итог: квадрат 1200×1200 px, WebP.";"Photorealistic catalog product photo. Distinctive for this variant: 150-300 mm tall; output shaft cylindrical. Cylindrical gearbox. Gearbox, cast iron or aluminium housing, input and output shafts, feet or flange, oil plugs. Housing material: cast iron; type: gearbox; gearing: cylindrical. Scale: about 395 x 215 x 212 mm, about shoebox size. Three-quarter view from slightly above, whole item centred, filling about 70% of the frame. Plain seamless light neutral background #F4F6F9, no texture, no horizon line. Soft large-softbox studio lighting, soft contact shadow underneath, sharp focus across the whole item, photorealistic e-commerce catalog product photo, high detail, 85mm lens look, square 1:1, 1200x1200.";text, letters, numbers, logo, brand name, manufacturer marking, watermark, printed label, people, hands, faces, multiple products, cluttered background, props, distorted geometry, extra parts, cartoon, illustration, CGI look, blur, low resolution;текст, буквы, цифры, логотип, бренд, заводская маркировка, водяной знак, этикетка с надписями, люди, руки, лица, несколько предметов, захламленный фон, реквизит, искаженная геометрия, лишние детали, мультяшный стиль, иллюстрация, вид 3D-рендера, размытие, низкое разрешение;генерация;"Генерация по промпту; за основу — готовый снимок кадра F00036 (тот же ракурс, свет, фон), меняется только отличие подкадра.";photos/F00036-b.webp
F00036-c;F00036;1;741;Редукторы;Редуктор цилиндрический;редуктор цилиндрический;"оси — соосный; габариты высота 300–500 мм; выходной вал — полый";соосный;высота 300–500 мм;полый;;свой снимок;184;"Фотореалистичная предметная фотография для каталога. Подкадр F00036-c (184 из 3450 позиций кадра F00036). Отличие от соседних подкадров: оси — соосный; габариты высота 300–500 мм; выходной вал — полый. Что в кадре: редуктор цилиндрический, соосный, габариты высота 300–500 мм, полый. Как выглядит: редуктор: литой чугунный или алюминиевый корпус (окраска по данным, типично серая или синяя), входной и выходной валы, лапы или фланец, пробки маслозаливного отверстия. По данным позиций кадра: материал корпуса — чугун; тип — редуктор; передача — цилиндрический. Масштаб: габариты около 438×332×369 мм (медиана по позициям) — размером примерно с обувную коробку. Ракурс и композиция: 3/4 немного сверху, изделие целиком по центру, занимает около 70 % кадра. Фон: светлый нейтральный бесшовный #F4F6F9 без текстуры и горизонта. Свет: мягкий студийный из большого софтбокса, мягкая тень под предметом, резкость по всему предмету. Не должно быть: чужих логотипов, названий заводов и брендов, водяных знаков, надписей и любого текста, людей и рук, лишних предметов. Итог: квадрат 1200×1200 px, WebP.";"Photorealistic catalog product photo. Distinctive for this variant: 300-500 mm tall. Cylindrical gearbox. Gearbox, cast iron or aluminium housing, input and output shafts, feet or flange, oil plugs. Housing material: cast iron; type: gearbox; gearing: cylindrical. Scale: about 438 x 332 x 369 mm, about shoebox size. Three-quarter view from slightly above, whole item centred, filling about 70% of the frame. Plain seamless light neutral background #F4F6F9, no texture, no horizon line. Soft large-softbox studio lighting, soft contact shadow underneath, sharp focus across the whole item, photorealistic e-commerce catalog product photo, high detail, 85mm lens look, square 1:1, 1200x1200.";text, letters, numbers, logo, brand name, manufacturer marking, watermark, printed label, people, hands, faces, multiple products, cluttered background, props, distorted geometry, extra parts, cartoon, illustration, CGI look, blur, low resolution;текст, буквы, цифры, логотип, бренд, заводская маркировка, водяной знак, этикетка с надписями, люди, руки, лица, несколько предметов, захламленный фон, реквизит, искаженная геометрия, лишние детали, мультяшный стиль, иллюстрация, вид 3D-рендера, размытие, низкое разрешение;генерация;"Генерация по промпту; за основу — готовый снимок кадра F00036 (тот же ракурс, свет, фон), меняется только отличие подкадра.";photos/F00036-c.webp
F00036-d;F00036;1;747;Редукторы;Редуктор цилиндрический;редуктор цилиндрический;"оси — соосный; габариты высота до 150 мм (малый); выходной вал — полый";соосный;высота до 150 мм (малый);полый;;свой снимок;182;"Фотореалистичная предметная фотография для каталога. Подкадр F00036-d (182 из 3450 позиций кадра F00036). Отличие от соседних подкадров: оси — соосный; габариты высота до 150 мм (малый); выходной вал — полый. Что в кадре: редуктор цилиндрический, соосный, габариты высота до 150 мм (малый), полый. Как выглядит: редуктор: литой чугунный или алюминиевый корпус (окраска по данным, типично серая или синяя), входной и выходной валы, лапы или фланец, пробки маслозаливного отверстия. По данным позиций кадра: материал корпуса — сплав алюминиевый (92 %); тип — редуктор; передача — цилиндрический. Масштаб: габариты около 122×128×125 мм (медиана по позициям) — помещается в ладони. Ракурс и композиция: 3/4 немного сверху, изделие целиком по центру, занимает около 70 % кадра. Фон: светлый нейтральный бесшовный #F4F6F9 без текстуры и горизонта. Свет: мягкий студийный из большого софтбокса, мягкая тень под предметом, резкость по всему предмету. Не должно быть: чужих логотипов, названий заводов и брендов, водяных знаков, надписей и любого текста, людей и рук, лишних предметов. Итог: квадрат 1200×1200 px, WebP.";"Photorealistic catalog product photo. Distinctive for this variant: under 150 mm tall, small. Cylindrical gearbox. Gearbox, cast iron or aluminium housing, input and output shafts, feet or flange, oil plugs. Housing material: aluminium; type: gearbox; gearing: cylindrical. Scale: about 122 x 128 x 125 mm, fits in a palm. Three-quarter view from slightly above, whole item centred, filling about 70% of the frame. Plain seamless light neutral background #F4F6F9, no texture, no horizon line. Soft large-softbox studio lighting, soft contact shadow underneath, sharp focus across the whole item, photorealistic e-commerce catalog product photo, high detail, 85mm lens look, square 1:1, 1200x1200.";text, letters, numbers, logo, brand name, manufacturer marking, watermark, printed label, people, hands, faces, multiple products, cluttered background, props, distorted geometry, extra parts, cartoon, illustration, CGI look, blur, low resolution;текст, буквы, цифры, логотип, бренд, заводская маркировка, водяной знак, этикетка с надписями, люди, руки, лица, несколько предметов, захламленный фон, реквизит, искаженная геометрия, лишние детали, мультяшный стиль, иллюстрация, вид 3D-рендера, размытие, низкое разрешение;генерация;"Генерация по промпту; за основу — готовый снимок кадра F00036 (тот же ракурс, свет, фон), меняется только отличие подкадра.";photos/F00036-d.webp
F00036-e;F00036;1;1148;Редукторы;Редуктор цилиндрический;редуктор цилиндрический;"тип — мотор-редуктор; оси — параллельный; габариты высота 500–800 мм; выходной вал — полый";параллельный;высота 500–800 мм;полый;мотор-редуктор;свой снимок;123;"Фотореалистичная предметная фотография для каталога. Подкадр F00036-e (123 из 3450 позиций кадра F00036). Отличие от соседних подкадров: тип — мотор-редуктор; оси — параллельный; габариты высота 500–800 мм; выходной вал — полый. Что в кадре: редуктор цилиндрический, мотор-редуктор, параллельный, габариты высота 500–800 мм, полый. Как выглядит: редуктор: литой чугунный или алюминиевый корпус (окраска по данным, типично серая или синяя), входной и выходной валы, лапы или фланец, пробки маслозаливного отверстия. По данным позиций кадра: материал корпуса — чугун; тип — мотор-редуктор; передача — цилиндрический. Масштаб: габариты около 274×400×623 мм (медиана по позициям) — крупное изделие, до метра. Ракурс и композиция: 3/4 немного сверху, изделие целиком по центру, занимает около 70 % кадра. Фон: светлый нейтральный бесшовный #F4F6F9 без текстуры и горизонта. Свет: мягкий студийный из большого софтбокса, мягкая тень под предметом, резкость по всему предмету. Не должно быть: чужих логотипов, названий заводов и брендов, водяных знаков, надписей и любого текста, людей и рук, лишних предметов. Итог: квадрат 1200×1200 px, WebP.";"Photorealistic catalog product photo. Distinctive for this variant: type geared motor; 500-800 mm tall, large. Cylindrical gearbox. Gearbox, cast iron or aluminium housing, input and output shafts, feet or flange, oil plugs. Housing material: cast iron; type: geared motor; gearing: cylindrical. Scale: about 274 x 400 x 623 mm, large item, up to one metre. Three-quarter view from slightly above, whole item centred, filling about 70% of the frame. Plain seamless light neutral background #F4F6F9, no texture, no horizon line. Soft large-softbox studio lighting, soft contact shadow underneath, sharp focus across the whole item, photorealistic e-commerce catalog product photo, high detail, 85mm lens look, square 1:1, 1200x1200.";text, letters, numbers, logo, brand name, manufacturer marking, watermark, printed label, people, hands, faces, multiple products, cluttered background, props, distorted geometry, extra parts, cartoon, illustration, CGI look, blur, low resolution;текст, буквы, цифры, логотип, бренд, заводская маркировка, водяной знак, этикетка с надписями, люди, руки, лица, несколько предметов, захламленный фон, реквизит, искаженная геометрия, лишние детали, мультяшный стиль, иллюстрация, вид 3D-рендера, размытие, низкое разрешение;генерация;"Генерация по промпту; за основу — готовый снимок кадра F00036 (тот же ракурс, свет, фон), меняется только отличие подкадра.";photos/F00036-e.webp
F00036-f;F00036;1;1194;Редукторы;Редуктор цилиндрический;редуктор цилиндрический;"тип — мотор-редуктор; оси — параллельный; габариты высота 300–500 мм; выходной вал — полый";параллельный;высота 300–500 мм;полый;мотор-редуктор;свой снимок;119;"Фотореалистичная предметная фотография для каталога. Подкадр F00036-f (119 из 3450 позиций кадра F00036). Отличие от соседних подкадров: тип — мотор-редуктор; оси — параллельный; габариты высота 300–500 мм; выходной вал — полый. Что в кадре: редуктор цилиндрический, мотор-редуктор, параллельный, габариты высота 300–500 мм, полый. Как выглядит: редуктор: литой чугунный или алюминиевый корпус (окраска по данным, типично серая или синяя), входной и выходной валы, лапы или фланец, пробки маслозаливного отверстия. По данным позиций кадра: материал корпуса — чугун; тип — мотор-редуктор; передача — цилиндрический. Масштаб: габариты около 161×270×342 мм (медиана по позициям) — размером примерно с обувную коробку. Ракурс и композиция: 3/4 немного сверху, изделие целиком по центру, занимает около 70 % кадра. Фон: светлый нейтральный бесшовный #F4F6F9 без текстуры и горизонта. Свет: мягкий студийный из большого софтбокса, мягкая тень под предметом, резкость по всему предмету. Не должно быть: чужих логотипов, названий заводов и брендов, водяных знаков, надписей и любого текста, людей и рук, лишних предметов. Итог: квадрат 1200×1200 px, WebP.";"Photorealistic catalog product photo. Distinctive for this variant: type geared motor; 300-500 mm tall. Cylindrical gearbox. Gearbox, cast iron or aluminium housing, input and output shafts, feet or flange, oil plugs. Housing material: cast iron; type: geared motor; gearing: cylindrical. Scale: about 161 x 270 x 342 mm, about shoebox size. Three-quarter view from slightly above, whole item centred, filling about 70% of the frame. Plain seamless light neutral background #F4F6F9, no texture, no horizon line. Soft large-softbox studio lighting, soft contact shadow underneath, sharp focus across the whole item, photorealistic e-commerce catalog product photo, high detail, 85mm lens look, square 1:1, 1200x1200.";text, letters, numbers, logo, brand name, manufacturer marking, watermark, printed label, people, hands, faces, multiple products, cluttered background, props, distorted geometry, extra parts, cartoon, illustration, CGI look, blur, low resolution;текст, буквы, цифры, логотип, бренд, заводская маркировка, водяной знак, этикетка с надписями, люди, руки, лица, несколько предметов, захламленный фон, реквизит, искаженная геометрия, лишние детали, мультяшный стиль, иллюстрация, вид 3D-рендера, размытие, низкое разрешение;генерация;"Генерация по промпту; за основу — готовый снимок кадра F00036 (тот же ракурс, свет, фон), меняется только отличие подкадра.";photos/F00036-f.webp
F00036-g;F00036;1;1211;Редукторы;Редуктор цилиндрический;редуктор цилиндрический;"оси — соосный; габариты высота 150–300 мм";соосный;высота 150–300 мм;;;свой снимок;117;"Фотореалистичная предметная фотография для каталога. Подкадр F00036-g (117 из 3450 позиций кадра F00036). Отличие от соседних подкадров: оси — соосный; габариты высота 150–300 мм. Что в кадре: редуктор цилиндрический, соосный, габариты высота 150–300 мм. Как выглядит: редуктор: литой чугунный или алюминиевый корпус (окраска по данным, типично серая или синяя), входной и выходной валы, лапы или фланец, пробки маслозаливного отверстия. По данным позиций кадра: материал корпуса — сплав алюминиевый (60 %); тип — редуктор; передача — цилиндрический. Масштаб: габариты около 256×190×240 мм (медиана по позициям) — размером примерно с обувную коробку. Ракурс и композиция: 3/4 немного сверху, изделие целиком по центру, занимает около 70 % кадра. Фон: светлый нейтральный бесшовный #F4F6F9 без текстуры и горизонта. Свет: мягкий студийный из большого софтбокса, мягкая тень под предметом, резкость по всему предмету. Не должно быть: чужих логотипов, названий заводов и брендов, водяных знаков, надписей и любого текста, людей и рук, лишних предметов. Итог: квадрат 1200×1200 px, WebP.";"Photorealistic catalog product photo. Distinctive for this variant: 150-300 mm tall. Cylindrical gearbox. Gearbox, cast iron or aluminium housing, input and output shafts, feet or flange, oil plugs. Housing material: aluminium; type: gearbox; gearing: cylindrical. Scale: about 256 x 190 x 240 mm, about shoebox size. Three-quarter view from slightly above, whole item centred, filling about 70% of the frame. Plain seamless light neutral background #F4F6F9, no texture, no horizon line. Soft large-softbox studio lighting, soft contact shadow underneath, sharp focus across the whole item, photorealistic e-commerce catalog product photo, high detail, 85mm lens look, square 1:1, 1200x1200.";text, letters, numbers, logo, brand name, manufacturer marking, watermark, printed label, people, hands, faces, multiple products, cluttered background, props, distorted geometry, extra parts, cartoon, illustration, CGI look, blur, low resolution;текст, буквы, цифры, логотип, бренд, заводская маркировка, водяной знак, этикетка с надписями, люди, руки, лица, несколько предметов, захламленный фон, реквизит, искаженная геометрия, лишние детали, мультяшный стиль, иллюстрация, вид 3D-рендера, размытие, низкое разрешение;генерация;"Генерация по промпту; за основу — готовый снимок кадра F00036 (тот же ракурс, свет, фон), меняется только отличие подкадра.";photos/F00036-g.webp
F00036-h;F00036;1;1223;Редукторы;Редуктор цилиндрический;редуктор цилиндрический;"оси — параллельный; габариты высота 300–500 мм; у позиций разные: выходной вал";параллельный;высота 300–500 мм;;;свой снимок;116;"Фотореалистичная предметная фотография для каталога. Подкадр F00036-h (116 из 3450 позиций кадра F00036). Отличие от соседних подкадров: оси — параллельный; габариты высота 300–500 мм; у позиций разные: выходной вал. Что в кадре: редуктор цилиндрический, параллельный, габариты высота 300–500 мм. Как выглядит: редуктор: литой чугунный или алюминиевый корпус (окраска по данным, типично серая или синяя), входной и выходной валы, лапы или фланец, пробки маслозаливного отверстия. По данным позиций кадра: материал корпуса — чугун (84 %); тип — редуктор; передача — цилиндрический. Масштаб: габариты около 630×246×372 мм (медиана по позициям) — крупное изделие, до метра. Ракурс и композиция: 3/4 немного сверху, изделие целиком по центру, занимает около 70 % кадра. Фон: светлый нейтральный бесшовный #F4F6F9 без текстуры и горизонта. Свет: мягкий студийный из большого софтбокса, мягкая тень под предметом, резкость по всему предмету. Не должно быть: чужих логотипов, названий заводов и брендов, водяных знаков, надписей и любого текста, людей и рук, лишних предметов. Итог: квадрат 1200×1200 px, WebP.";"Photorealistic catalog product photo. Distinctive for this variant: 300-500 mm tall. Cylindrical gearbox. Gearbox, cast iron or aluminium housing, input and output shafts, feet or flange, oil plugs. Housing material: cast iron; type: gearbox; gearing: cylindrical. Scale: about 630 x 246 x 372 mm, large item, up to one metre. Three-quarter view from slightly above, whole item centred, filling about 70% of the frame. Plain seamless light neutral background #F4F6F9, no texture, no horizon line. Soft large-softbox studio lighting, soft contact shadow underneath, sharp focus across the whole item, photorealistic e-commerce catalog product photo, high detail, 85mm lens look, square 1:1, 1200x1200.";text, letters, numbers, logo, brand name, manufacturer marking, watermark, printed label, people, hands, faces, multiple products, cluttered background, props, distorted geometry, extra parts, cartoon, illustration, CGI look, blur, low resolution;текст, буквы, цифры, логотип, бренд, заводская маркировка, водяной знак, этикетка с надписями, люди, руки, лица, несколько предметов, захламленный фон, реквизит, искаженная геометрия, лишние детали, мультяшный стиль, иллюстрация, вид 3D-рендера, размытие, низкое разрешение;генерация;"Генерация по промпту; за основу — готовый снимок кадра F00036 (тот же ракурс, свет, фон), меняется только отличие подкадра.";photos/F00036-h.webp
F00036-i;F00036;2;1294;Редукторы;Редуктор цилиндрический;редуктор цилиндрический;"оси — параллельный; габариты высота 500–800 мм; у позиций разные: выходной вал";параллельный;высота 500–800 мм;;;свой снимок;110;"Фотореалистичная предметная фотография для каталога. Подкадр F00036-i (110 из 3450 позиций кадра F00036). Отличие от соседних подкадров: оси — параллельный; габариты высота 500–800 мм; у позиций разные: выходной вал. Что в кадре: редуктор цилиндрический, параллельный, габариты высота 500–800 мм. Как выглядит: редуктор: литой чугунный или алюминиевый корпус (окраска по данным, типично серая или синяя), входной и выходной валы, лапы или фланец, пробки маслозаливного отверстия. По данным позиций кадра: материал корпуса — чугун; тип — редуктор; передача — цилиндрический. Масштаб: габариты около 1040×366×640 мм (медиана по позициям) — крупное изделие, до метра. Ракурс и композиция: 3/4 немного сверху, изделие целиком по центру, занимает около 70 % кадра. Фон: светлый нейтральный бесшовный #F4F6F9 без текстуры и горизонта. Свет: мягкий студийный из большого софтбокса, мягкая тень под предметом, резкость по всему предмету. Не должно быть: чужих логотипов, названий заводов и брендов, водяных знаков, надписей и любого текста, людей и рук, лишних предметов. Итог: квадрат 1200×1200 px, WebP.";"Photorealistic catalog product photo. Distinctive for this variant: 500-800 mm tall, large. Cylindrical gearbox. Gearbox, cast iron or aluminium housing, input and output shafts, feet or flange, oil plugs. Housing material: cast iron; type: gearbox; gearing: cylindrical. Scale: about 1040 x 366 x 640 mm, large item, up to one metre. Three-quarter view from slightly above, whole item centred, filling about 70% of the frame. Plain seamless light neutral background #F4F6F9, no texture, no horizon line. Soft large-softbox studio lighting, soft contact shadow underneath, sharp focus across the whole item, photorealistic e-commerce catalog product photo, high detail, 85mm lens look, square 1:1, 1200x1200.";text, letters, numbers, logo, brand name, manufacturer marking, watermark, printed label, people, hands, faces, multiple products, cluttered background, props, distorted geometry, extra parts, cartoon, illustration, CGI look, blur, low resolution;текст, буквы, цифры, логотип, бренд, заводская маркировка, водяной знак, этикетка с надписями, люди, руки, лица, несколько предметов, захламленный фон, реквизит, искаженная геометрия, лишние детали, мультяшный стиль, иллюстрация, вид 3D-рендера, размытие, низкое разрешение;генерация;"Генерация по промпту; за основу — готовый снимок кадра F00036 (тот же ракурс, свет, фон), меняется только отличие подкадра.";photos/F00036-i.webp
F00036-j;F00036;2;1332;Редукторы;Редуктор цилиндрический;редуктор цилиндрический;"оси — соосный; габариты высота 300–500 мм; выходной вал — цилиндрический";соосный;высота 300–500 мм;цилиндрический;;свой снимок;107;"Фотореалистичная предметная фотография для каталога. Подкадр F00036-j (107 из 3450 позиций кадра F00036). Отличие от соседних подкадров: оси — соосный; габариты высота 300–500 мм; выходной вал — цилиндрический. Что в кадре: редуктор цилиндрический, соосный, габариты высота 300–500 мм. Как выглядит: редуктор: литой чугунный или алюминиевый корпус (окраска по данным, типично серая или синяя), входной и выходной валы, лапы или фланец, пробки маслозаливного отверстия. По данным позиций кадра: материал корпуса — чугун; тип — редуктор; передача — цилиндрический. Масштаб: габариты около 708×348×368 мм (медиана по позициям) — крупное изделие, до метра. Ракурс и композиция: 3/4 немного сверху, изделие целиком по центру, занимает около 70 % кадра. Фон: светлый нейтральный бесшовный #F4F6F9 без текстуры и горизонта. Свет: мягкий студийный из большого софтбокса, мягкая тень под предметом, резкость по всему предмету. Не должно быть: чужих логотипов, названий заводов и брендов, водяных знаков, надписей и любого текста, людей и рук, лишних предметов. Итог: квадрат 1200×1200 px, WebP.";"Photorealistic catalog product photo. Distinctive for this variant: 300-500 mm tall; output shaft cylindrical. Cylindrical gearbox. Gearbox, cast iron or aluminium housing, input and output shafts, feet or flange, oil plugs. Housing material: cast iron; type: gearbox; gearing: cylindrical. Scale: about 708 x 348 x 368 mm, large item, up to one metre. Three-quarter view from slightly above, whole item centred, filling about 70% of the frame. Plain seamless light neutral background #F4F6F9, no texture, no horizon line. Soft large-softbox studio lighting, soft contact shadow underneath, sharp focus across the whole item, photorealistic e-commerce catalog product photo, high detail, 85mm lens look, square 1:1, 1200x1200.";text, letters, numbers, logo, brand name, manufacturer marking, watermark, printed label, people, hands, faces, multiple products, cluttered background, props, distorted geometry, extra parts, cartoon, illustration, CGI look, blur, low resolution;текст, буквы, цифры, логотип, бренд, заводская маркировка, водяной знак, этикетка с надписями, люди, руки, лица, несколько предметов, захламленный фон, реквизит, искаженная геометрия, лишние детали, мультяшный стиль, иллюстрация, вид 3D-рендера, размытие, низкое разрешение;генерация;"Генерация по промпту; за основу — готовый снимок кадра F00036 (тот же ракурс, свет, фон), меняется только отличие подкадра.";photos/F00036-j.webp
F00036-k;F00036;2;1540;Редукторы;Редуктор цилиндрический;редуктор цилиндрический;"оси — параллельный; габариты высота больше 800 мм; выходной вал — цилиндрический";параллельный;высота больше 800 мм;цилиндрический;;свой снимок;94;"Фотореалистичная предметная фотография для каталога. Подкадр F00036-k (94 из 3450 позиций кадра F00036). Отличие от соседних подкадров: оси — параллельный; габариты высота больше 800 мм; выходной вал — цилиндрический. Что в кадре: редуктор цилиндрический, параллельный, габариты высота больше 800 мм. Как выглядит: редуктор: литой чугунный или алюминиевый корпус (окраска по данным, типично серая или синяя), входной и выходной валы, лапы или фланец, пробки маслозаливного отверстия. По данным позиций кадра: материал корпуса — чугун; тип — мотор-редуктор (60 %); передача — цилиндрический. Масштаб: габариты около 662×650×1021 мм (медиана по позициям) — крупное изделие, до метра. Ракурс и композиция: 3/4 немного сверху, изделие целиком по центру, занимает около 70 % кадра. Фон: светлый нейтральный бесшовный #F4F6F9 без текстуры и горизонта. Свет: мягкий студийный из большого софтбокса, мягкая тень под предметом, резкость по всему предмету. Не должно быть: чужих логотипов, названий заводов и брендов, водяных знаков, надписей и любого текста, людей и рук, лишних предметов. Итог: квадрат 1200×1200 px, WebP.";"Photorealistic catalog product photo. Distinctive for this variant: over 800 mm tall, very large; output shaft cylindrical. Cylindrical gearbox. Gearbox, cast iron or aluminium housing, input and output shafts, feet or flange, oil plugs. Housing material: cast iron; type: geared motor; gearing: cylindrical. Scale: about 662 x 650 x 1021 mm, large item, up to one metre. Three-quarter view from slightly above, whole item centred, filling about 70% of the frame. Plain seamless light neutral background #F4F6F9, no texture, no horizon line. Soft large-softbox studio lighting, soft contact shadow underneath, sharp focus across the whole item, photorealistic e-commerce catalog product photo, high detail, 85mm lens look, square 1:1, 1200x1200.";text, letters, numbers, logo, brand name, manufacturer marking, watermark, printed label, people, hands, faces, multiple products, cluttered background, props, distorted geometry, extra parts, cartoon, illustration, CGI look, blur, low resolution;текст, буквы, цифры, логотип, бренд, заводская маркировка, водяной знак, этикетка с надписями, люди, руки, лица, несколько предметов, захламленный фон, реквизит, искаженная геометрия, лишние детали, мультяшный стиль, иллюстрация, вид 3D-рендера, размытие, низкое разрешение;генерация;"Генерация по промпту; за основу — готовый снимок кадра F00036 (тот же ракурс, свет, фон), меняется только отличие подкадра.";photos/F00036-k.webp
F00036-l;F00036;2;1696;Редукторы;Редуктор цилиндрический;редуктор цилиндрический;"оси — соосный; габариты высота 300–500 мм";соосный;высота 300–500 мм;;;свой снимок;86;"Фотореалистичная предметная фотография для каталога. Подкадр F00036-l (86 из 3450 позиций кадра F00036). Отличие от соседних подкадров: оси — соосный; габариты высота 300–500 мм. Что в кадре: редуктор цилиндрический, соосный, габариты высота 300–500 мм. Как выглядит: редуктор: литой чугунный или алюминиевый корпус (окраска по данным, типично серая или синяя), входной и выходной валы, лапы или фланец, пробки маслозаливного отверстия. По данным позиций кадра: материал корпуса — чугун; тип — редуктор; передача — цилиндрический. Масштаб: габариты около 345×297×392 мм (медиана по позициям) — размером примерно с обувную коробку. Ракурс и композиция: 3/4 немного сверху, изделие целиком по центру, занимает около 70 % кадра. Фон: светлый нейтральный бесшовный #F4F6F9 без текстуры и горизонта. Свет: мягкий студийный из большого софтбокса, мягкая тень под предметом, резкость по всему предмету. Не должно быть: чужих логотипов, названий заводов и брендов, водяных знаков, надписей и любого текста, людей и рук, лишних предметов. Итог: квадрат 1200×1200 px, WebP.";"Photorealistic catalog product photo. Distinctive for this variant: 300-500 mm tall. Cylindrical gearbox. Gearbox, cast iron or aluminium housing, input and output shafts, feet or flange, oil plugs. Housing material: cast iron; type: gearbox; gearing: cylindrical. Scale: about 345 x 297 x 392 mm, about shoebox size. Three-quarter view from slightly above, whole item centred, filling about 70% of the frame. Plain seamless light neutral background #F4F6F9, no texture, no horizon line. Soft large-softbox studio lighting, soft contact shadow underneath, sharp focus across the whole item, photorealistic e-commerce catalog product photo, high detail, 85mm lens look, square 1:1, 1200x1200.";text, letters, numbers, logo, brand name, manufacturer marking, watermark, printed label, people, hands, faces, multiple products, cluttered background, props, distorted geometry, extra parts, cartoon, illustration, CGI look, blur, low resolution;текст, буквы, цифры, логотип, бренд, заводская маркировка, водяной знак, этикетка с надписями, люди, руки, лица, несколько предметов, захламленный фон, реквизит, искаженная геометрия, лишние детали, мультяшный стиль, иллюстрация, вид 3D-рендера, размытие, низкое разрешение;генерация;"Генерация по промпту; за основу — готовый снимок кадра F00036 (тот же ракурс, свет, фон), меняется только отличие подкадра.";photos/F00036-l.webp
F00036-m;F00036;2;1770;Редукторы;Редуктор цилиндрический;редуктор цилиндрический;"тип — мотор-редуктор; оси — соосный; габариты высота 150–300 мм; выходной вал — цилиндрический";соосный;высота 150–300 мм;цилиндрический;мотор-редуктор;свой снимок;82;"Фотореалистичная предметная фотография для каталога. Подкадр F00036-m (82 из 3450 позиций кадра F00036). Отличие от соседних подкадров: тип — мотор-редуктор; оси — соосный; габариты высота 150–300 мм; выходной вал — цилиндрический. Что в кадре: редуктор цилиндрический, мотор-редуктор, соосный, габариты высота 150–300 мм. Как выглядит: редуктор: литой чугунный или алюминиевый корпус (окраска по данным, типично серая или синяя), входной и выходной валы, лапы или фланец, пробки маслозаливного отверстия. По данным позиций кадра: материал корпуса — сплав алюминиевый; тип — мотор-редуктор; передача — цилиндрический. Масштаб: габариты около 297×190×224 мм (медиана по позициям) — размером примерно с обувную коробку. Ракурс и композиция: 3/4 немного сверху, изделие целиком по центру, занимает около 70 % кадра. Фон: светлый нейтральный бесшовный #F4F6F9 без текстуры и горизонта. Свет: мягкий студийный из большого софтбокса, мягкая тень под предметом, резкость по всему предмету. Не должно быть: чужих логотипов, названий заводов и брендов, водяных знаков, надписей и любого текста, людей и рук, лишних предметов. Итог: квадрат 1200×1200 px, WebP.";"Photorealistic catalog product photo. Distinctive for this variant: type geared motor; 150-300 mm tall; output shaft cylindrical. Cylindrical gearbox. Gearbox, cast iron or aluminium housing, input and output shafts, feet or flange, oil plugs. Housing material: aluminium; type: geared motor; gearing: cylindrical. Scale: about 297 x 190 x 224 mm, about shoebox size. Three-quarter view from slightly above, whole item centred, filling about 70% of the frame. Plain seamless light neutral background #F4F6F9, no texture, no horizon line. Soft large-softbox studio lighting, soft contact shadow underneath, sharp focus across the whole item, photorealistic e-commerce catalog product photo, high detail, 85mm lens look, square 1:1, 1200x1200.";text, letters, numbers, logo, brand name, manufacturer marking, watermark, printed label, people, hands, faces, multiple products, cluttered background, props, distorted geometry, extra parts, cartoon, illustration, CGI look, blur, low resolution;текст, буквы, цифры, логотип, бренд, заводская маркировка, водяной знак, этикетка с надписями, люди, руки, лица, несколько предметов, захламленный фон, реквизит, искаженная геометрия, лишние детали, мультяшный стиль, иллюстрация, вид 3D-рендера, размытие, низкое разрешение;генерация;"Генерация по промпту; за основу — готовый снимок кадра F00036 (тот же ракурс, свет, фон), меняется только отличие подкадра.";photos/F00036-m.webp
F00036-n;F00036;2;1864;Редукторы;Редуктор цилиндрический;редуктор цилиндрический;"тип — мотор-редуктор; оси — параллельный; габариты высота 150–300 мм; выходной вал — полый";параллельный;высота 150–300 мм;полый;мотор-редуктор;свой снимок;79;"Фотореалистичная предметная фотография для каталога. Подкадр F00036-n (79 из 3450 позиций кадра F00036). Отличие от соседних подкадров: тип — мотор-редуктор; оси — параллельный; габариты высота 150–300 мм; выходной вал — полый. Что в кадре: редуктор цилиндрический, мотор-редуктор, параллельный, габариты высота 150–300 мм, полый. Как выглядит: редуктор: литой чугунный или алюминиевый корпус (окраска по данным, типично серая или синяя), входной и выходной валы, лапы или фланец, пробки маслозаливного отверстия. По данным позиций кадра: материал корпуса — чугун; тип — мотор-редуктор; передача — цилиндрический. Масштаб: габариты около 110×180×252 мм (медиана по позициям) — размером примерно с обувную коробку. Ракурс и композиция: 3/4 немного сверху, изделие целиком по центру, занимает около 70 % кадра. Фон: светлый нейтральный бесшовный #F4F6F9 без текстуры и горизонта. Свет: мягкий студийный из большого софтбокса, мягкая тень под предметом, резкость по всему предмету. Не должно быть: чужих логотипов, названий заводов и брендов, водяных знаков, надписей и любого текста, людей и рук, лишних предметов. Итог: квадрат 1200×1200 px, WebP.";"Photorealistic catalog product photo. Distinctive for this variant: type geared motor; 150-300 mm tall. Cylindrical gearbox. Gearbox, cast iron or aluminium housing, input and output shafts, feet or flange, oil plugs. Housing material: cast iron; type: geared motor; gearing: cylindrical. Scale: about 110 x 180 x 252 mm, about shoebox size. Three-quarter view from slightly above, whole item centred, filling about 70% of the frame. Plain seamless light neutral background #F4F6F9, no texture, no horizon line. Soft large-softbox studio lighting, soft contact shadow underneath, sharp focus across the whole item, photorealistic e-commerce catalog product photo, high detail, 85mm lens look, square 1:1, 1200x1200.";text, letters, numbers, logo, brand name, manufacturer marking, watermark, printed label, people, hands, faces, multiple products, cluttered background, props, distorted geometry, extra parts, cartoon, illustration, CGI look, blur, low resolution;текст, буквы, цифры, логотип, бренд, заводская маркировка, водяной знак, этикетка с надписями, люди, руки, лица, несколько предметов, захламленный фон, реквизит, искаженная геометрия, лишние детали, мультяшный стиль, иллюстрация, вид 3D-рендера, размытие, низкое разрешение;генерация;"Генерация по промпту; за основу — готовый снимок кадра F00036 (тот же ракурс, свет, фон), меняется только отличие подкадра.";photos/F00036-n.webp
F00036-o;F00036;2;1920;Редукторы;Редуктор цилиндрический;редуктор цилиндрический;"оси — параллельный; габариты высота 500–800 мм; выходной вал — цилиндрический";параллельный;высота 500–800 мм;цилиндрический;;свой снимок;77;"Фотореалистичная предметная фотография для каталога. Подкадр F00036-o (77 из 3450 позиций кадра F00036). Отличие от соседних подкадров: оси — параллельный; габариты высота 500–800 мм; выходной вал — цилиндрический. Что в кадре: редуктор цилиндрический, параллельный, габариты высота 500–800 мм. Как выглядит: редуктор: литой чугунный или алюминиевый корпус (окраска по данным, типично серая или синяя), входной и выходной валы, лапы или фланец, пробки маслозаливного отверстия. По данным позиций кадра: материал корпуса — чугун; тип — редуктор (68 %); передача — цилиндрический. Масштаб: габариты около 790×396×600 мм (медиана по позициям) — крупное изделие, до метра. Ракурс и композиция: 3/4 немного сверху, изделие целиком по центру, занимает около 70 % кадра. Фон: светлый нейтральный бесшовный #F4F6F9 без текстуры и горизонта. Свет: мягкий студийный из большого софтбокса, мягкая тень под предметом, резкость по всему предмету. Не должно быть: чужих логотипов, названий заводов и брендов, водяных знаков, надписей и любого текста, людей и рук, лишних предметов. Итог: квадрат 1200×1200 px, WebP.";"Photorealistic catalog product photo. Distinctive for this variant: 500-800 mm tall, large; output shaft cylindrical. Cylindrical gearbox. Gearbox, cast iron or aluminium housing, input and output shafts, feet or flange, oil plugs. Housing material: cast iron; type: gearbox; gearing: cylindrical. Scale: about 790 x 396 x 600 mm, large item, up to one metre. Three-quarter view from slightly above, whole item centred, filling about 70% of the frame. Plain seamless light neutral background #F4F6F9, no texture, no horizon line. Soft large-softbox studio lighting, soft contact shadow underneath, sharp focus across the whole item, photorealistic e-commerce catalog product photo, high detail, 85mm lens look, square 1:1, 1200x1200.";text, letters, numbers, logo, brand name, manufacturer marking, watermark, printed label, people, hands, faces, multiple products, cluttered background, props, distorted geometry, extra parts, cartoon, illustration, CGI look, blur, low resolution;текст, буквы, цифры, логотип, бренд, заводская маркировка, водяной знак, этикетка с надписями, люди, руки, лица, несколько предметов, захламленный фон, реквизит, искаженная геометрия, лишние детали, мультяшный стиль, иллюстрация, вид 3D-рендера, размытие, низкое разрешение;генерация;"Генерация по промпту; за основу — готовый снимок кадра F00036 (тот же ракурс, свет, фон), меняется только отличие подкадра.";photos/F00036-o.webp
F00036-p;F00036;2;2036;Редукторы;Редуктор цилиндрический;редуктор цилиндрический;"оси — параллельный; габариты высота 300–500 мм; выходной вал — цилиндрический";параллельный;высота 300–500 мм;цилиндрический;;свой снимок;73;"Фотореалистичная предметная фотография для каталога. Подкадр F00036-p (73 из 3450 позиций кадра F00036). Отличие от соседних подкадров: оси — параллельный; габариты высота 300–500 мм; выходной вал — цилиндрический. Что в кадре: редуктор цилиндрический, параллельный, габариты высота 300–500 мм. Как выглядит: редуктор: литой чугунный или алюминиевый корпус (окраска по данным, типично серая или синяя), входной и выходной валы, лапы или фланец, пробки маслозаливного отверстия. По данным позиций кадра: материал корпуса — чугун; тип — редуктор (51 %); передача — цилиндрический. Масштаб: габариты около 475×264×342 мм (медиана по позициям) — крупное изделие, до метра. Ракурс и композиция: 3/4 немного сверху, изделие целиком по центру, занимает около 70 % кадра. Фон: светлый нейтральный бесшовный #F4F6F9 без текстуры и горизонта. Свет: мягкий студийный из большого софтбокса, мягкая тень под предметом, резкость по всему предмету. Не должно быть: чужих логотипов, названий заводов и брендов, водяных знаков, надписей и любого текста, людей и рук, лишних предметов. Итог: квадрат 1200×1200 px, WebP.";"Photorealistic catalog product photo. Distinctive for this variant: 300-500 mm tall; output shaft cylindrical. Cylindrical gearbox. Gearbox, cast iron or aluminium housing, input and output shafts, feet or flange, oil plugs. Housing material: cast iron; type: gearbox; gearing: cylindrical. Scale: about 475 x 264 x 342 mm, large item, up to one metre. Three-quarter view from slightly above, whole item centred, filling about 70% of the frame. Plain seamless light neutral background #F4F6F9, no texture, no horizon line. Soft large-softbox studio lighting, soft contact shadow underneath, sharp focus across the whole item, photorealistic e-commerce catalog product photo, high detail, 85mm lens look, square 1:1, 1200x1200.";text, letters, numbers, logo, brand name, manufacturer marking, watermark, printed label, people, hands, faces, multiple products, cluttered background, props, distorted geometry, extra parts, cartoon, illustration, CGI look, blur, low resolution;текст, буквы, цифры, логотип, бренд, заводская маркировка, водяной знак, этикетка с надписями, люди, руки, лица, несколько предметов, захламленный фон, реквизит, искаженная геометрия, лишние детали, мультяшный стиль, иллюстрация, вид 3D-рендера, размытие, низкое разрешение;генерация;"Генерация по промпту; за основу — готовый снимок кадра F00036 (тот же ракурс, свет, фон), меняется только отличие подкадра.";photos/F00036-p.webp
F00036-q;F00036;2;2436;Редукторы;Редуктор цилиндрический;редуктор цилиндрический;"тип — мотор-редуктор; оси — параллельный; габариты высота 150–300 мм";параллельный;высота 150–300 мм;;мотор-редуктор;свой снимок;62;"Фотореалистичная предметная фотография для каталога. Подкадр F00036-q (62 из 3450 позиций кадра F00036). Отличие от соседних подкадров: тип — мотор-редуктор; оси — параллельный; габариты высота 150–300 мм. Что в кадре: редуктор цилиндрический, мотор-редуктор, параллельный, габариты высота 150–300 мм. Как выглядит: редуктор: литой чугунный или алюминиевый корпус (окраска по данным, типично серая или синяя), входной и выходной валы, лапы или фланец, пробки маслозаливного отверстия. По данным позиций кадра: материал корпуса — чугун; тип — мотор-редуктор; передача — цилиндрический. Масштаб: габариты около 317×200×221 мм (медиана по позициям) — размером примерно с обувную коробку. Ракурс и композиция: 3/4 немного сверху, изделие целиком по центру, занимает около 70 % кадра. Фон: светлый нейтральный бесшовный #F4F6F9 без текстуры и горизонта. Свет: мягкий студийный из большого софтбокса, мягкая тень под предметом, резкость по всему предмету. Не должно быть: чужих логотипов, названий заводов и брендов, водяных знаков, надписей и любого текста, людей и рук, лишних предметов. Итог: квадрат 1200×1200 px, WebP.";"Photorealistic catalog product photo. Distinctive for this variant: type geared motor; 150-300 mm tall. Cylindrical gearbox. Gearbox, cast iron or aluminium housing, input and output shafts, feet or flange, oil plugs. Housing material: cast iron; type: geared motor; gearing: cylindrical. Scale: about 317 x 200 x 221 mm, about shoebox size. Three-quarter view from slightly above, whole item centred, filling about 70% of the frame. Plain seamless light neutral background #F4F6F9, no texture, no horizon line. Soft large-softbox studio lighting, soft contact shadow underneath, sharp focus across the whole item, photorealistic e-commerce catalog product photo, high detail, 85mm lens look, square 1:1, 1200x1200.";text, letters, numbers, logo, brand name, manufacturer marking, watermark, printed label, people, hands, faces, multiple products, cluttered background, props, distorted geometry, extra parts, cartoon, illustration, CGI look, blur, low resolution;текст, буквы, цифры, логотип, бренд, заводская маркировка, водяной знак, этикетка с надписями, люди, руки, лица, несколько предметов, захламленный фон, реквизит, искаженная геометрия, лишние детали, мультяшный стиль, иллюстрация, вид 3D-рендера, размытие, низкое разрешение;генерация;"Генерация по промпту; за основу — готовый снимок кадра F00036 (тот же ракурс, свет, фон), меняется только отличие подкадра.";photos/F00036-q.webp
F00036-r;F00036;2;2479;Редукторы;Редуктор цилиндрический;редуктор цилиндрический;"тип — мотор-редуктор; оси — параллельный; габариты высота больше 800 мм; выходной вал — полый";параллельный;высота больше 800 мм;полый;мотор-редуктор;свой снимок;61;"Фотореалистичная предметная фотография для каталога. Подкадр F00036-r (61 из 3450 позиций кадра F00036). Отличие от соседних подкадров: тип — мотор-редуктор; оси — параллельный; габариты высота больше 800 мм; выходной вал — полый. Что в кадре: редуктор цилиндрический, мотор-редуктор, параллельный, габариты высота больше 800 мм, полый. Как выглядит: редуктор: литой чугунный или алюминиевый корпус (окраска по данным, типично серая или синяя), входной и выходной валы, лапы или фланец, пробки маслозаливного отверстия. По данным позиций кадра: материал корпуса — чугун; тип — мотор-редуктор; передача — цилиндрический. Масштаб: габариты около 455×530×1021 мм (медиана по позициям) — крупное изделие, до метра. Ракурс и композиция: 3/4 немного сверху, изделие целиком по центру, занимает около 70 % кадра. Фон: светлый нейтральный бесшовный #F4F6F9 без текстуры и горизонта. Свет: мягкий студийный из большого софтбокса, мягкая тень под предметом, резкость по всему предмету. Не должно быть: чужих логотипов, названий заводов и брендов, водяных знаков, надписей и любого текста, людей и рук, лишних предметов. Итог: квадрат 1200×1200 px, WebP.";"Photorealistic catalog product photo. Distinctive for this variant: type geared motor; over 800 mm tall, very large. Cylindrical gearbox. Gearbox, cast iron or aluminium housing, input and output shafts, feet or flange, oil plugs. Housing material: cast iron; type: geared motor; gearing: cylindrical. Scale: about 455 x 530 x 1021 mm, large item, up to one metre. Three-quarter view from slightly above, whole item centred, filling about 70% of the frame. Plain seamless light neutral background #F4F6F9, no texture, no horizon line. Soft large-softbox studio lighting, soft contact shadow underneath, sharp focus across the whole item, photorealistic e-commerce catalog product photo, high detail, 85mm lens look, square 1:1, 1200x1200.";text, letters, numbers, logo, brand name, manufacturer marking, watermark, printed label, people, hands, faces, multiple products, cluttered background, props, distorted geometry, extra parts, cartoon, illustration, CGI look, blur, low resolution;текст, буквы, цифры, логотип, бренд, заводская маркировка, водяной знак, этикетка с надписями, люди, руки, лица, несколько предметов, захламленный фон, реквизит, искаженная геометрия, лишние детали, мультяшный стиль, иллюстрация, вид 3D-рендера, размытие, низкое разрешение;генерация;"Генерация по промпту; за основу — готовый снимок кадра F00036 (тот же ракурс, свет, фон), меняется только отличие подкадра.";photos/F00036-r.webp
F00036-s;F00036;2;2790;Редукторы;Редуктор цилиндрический;редуктор цилиндрический;"тип — мотор-редуктор; оси — параллельный; габариты высота 500–800 мм; выходной вал — цилиндрический";параллельный;высота 500–800 мм;цилиндрический;мотор-редуктор;свой снимок;55;"Фотореалистичная предметная фотография для каталога. Подкадр F00036-s (55 из 3450 позиций кадра F00036). Отличие от соседних подкадров: тип — мотор-редуктор; оси — параллельный; габариты высота 500–800 мм; выходной вал — цилиндрический. Что в кадре: редуктор цилиндрический, мотор-редуктор, параллельный, габариты высота 500–800 мм. Как выглядит: редуктор: литой чугунный или алюминиевый корпус (окраска по данным, типично серая или синяя), входной и выходной валы, лапы или фланец, пробки маслозаливного отверстия. По данным позиций кадра: материал корпуса — чугун; тип — мотор-редуктор; передача — цилиндрический. Масштаб: габариты около 344×531 мм (медиана по позициям) — крупное изделие, до метра. Ракурс и композиция: 3/4 немного сверху, изделие целиком по центру, занимает около 70 % кадра. Фон: светлый нейтральный бесшовный #F4F6F9 без текстуры и горизонта. Свет: мягкий студийный из большого софтбокса, мягкая тень под предметом, резкость по всему предмету. Не должно быть: чужих логотипов, названий заводов и брендов, водяных знаков, надписей и любого текста, людей и рук, лишних предметов. Итог: квадрат 1200×1200 px, WebP.";"Photorealistic catalog product photo. Distinctive for this variant: type geared motor; 500-800 mm tall, large; output shaft cylindrical. Cylindrical gearbox. Gearbox, cast iron or aluminium housing, input and output shafts, feet or flange, oil plugs. Housing material: cast iron; type: geared motor; gearing: cylindrical. Scale: about 344 x 531 mm, large item, up to one metre. Three-quarter view from slightly above, whole item centred, filling about 70% of the frame. Plain seamless light neutral background #F4F6F9, no texture, no horizon line. Soft large-softbox studio lighting, soft contact shadow underneath, sharp focus across the whole item, photorealistic e-commerce catalog product photo, high detail, 85mm lens look, square 1:1, 1200x1200.";text, letters, numbers, logo, brand name, manufacturer marking, watermark, printed label, people, hands, faces, multiple products, cluttered background, props, distorted geometry, extra parts, cartoon, illustration, CGI look, blur, low resolution;текст, буквы, цифры, логотип, бренд, заводская маркировка, водяной знак, этикетка с надписями, люди, руки, лица, несколько предметов, захламленный фон, реквизит, искаженная геометрия, лишние детали, мультяшный стиль, иллюстрация, вид 3D-рендера, размытие, низкое разрешение;генерация;"Генерация по промпту; за основу — готовый снимок кадра F00036 (тот же ракурс, свет, фон), меняется только отличие подкадра.";photos/F00036-s.webp
F00036-t;F00036;2;4125;Редукторы;Редуктор цилиндрический;редуктор цилиндрический;"оси — параллельный; габариты высота больше 800 мм; у позиций разные: выходной вал";параллельный;высота больше 800 мм;;;свой снимок;38;"Фотореалистичная предметная фотография для каталога. Подкадр F00036-t (38 из 3450 позиций кадра F00036). Отличие от соседних подкадров: оси — параллельный; габариты высота больше 800 мм; у позиций разные: выходной вал. Что в кадре: редуктор цилиндрический, параллельный, габариты высота больше 800 мм. Как выглядит: редуктор: литой чугунный или алюминиевый корпус (окраска по данным, типично серая или синяя), входной и выходной валы, лапы или фланец, пробки маслозаливного отверстия. По данным позиций кадра: материал корпуса — чугун; тип — редуктор; передача — цилиндрический. Масштаб: габариты около 1632×490×875 мм (медиана по позициям) — крупное оборудование ростом примерно с человека. Ракурс и композиция: 3/4 немного сверху, изделие целиком по центру, занимает около 70 % кадра. Фон: светлый нейтральный бесшовный #F4F6F9 без текстуры и горизонта. Свет: мягкий студийный из большого софтбокса, мягкая тень под предметом, резкость по всему предмету. Не должно быть: чужих логотипов, названий заводов и брендов, водяных знаков, надписей и любого текста, людей и рук, лишних предметов. Итог: квадрат 1200×1200 px, WebP.";"Photorealistic catalog product photo. Distinctive for this variant: over 800 mm tall, very large. Cylindrical gearbox. Gearbox, cast iron or aluminium housing, input and output shafts, feet or flange, oil plugs. Housing material: cast iron; type: gearbox; gearing: cylindrical. Scale: about 1632 x 490 x 875 mm, large equipment, about human height. Three-quarter view from slightly above, whole item centred, filling about 70% of the frame. Plain seamless light neutral background #F4F6F9, no texture, no horizon line. Soft large-softbox studio lighting, soft contact shadow underneath, sharp focus across the whole item, photorealistic e-commerce catalog product photo, high detail, 85mm lens look, square 1:1, 1200x1200.";text, letters, numbers, logo, brand name, manufacturer marking, watermark, printed label, people, hands, faces, multiple products, cluttered background, props, distorted geometry, extra parts, cartoon, illustration, CGI look, blur, low resolution;текст, буквы, цифры, логотип, бренд, заводская маркировка, водяной знак, этикетка с надписями, люди, руки, лица, несколько предметов, захламленный фон, реквизит, искаженная геометрия, лишние детали, мультяшный стиль, иллюстрация, вид 3D-рендера, размытие, низкое разрешение;генерация;"Генерация по промпту; за основу — готовый снимок кадра F00036 (тот же ракурс, свет, фон), меняется только отличие подкадра.";photos/F00036-t.webp
F00036-u;F00036;2;4126;Редукторы;Редуктор цилиндрический;редуктор цилиндрический;"оси — параллельный; габариты высота больше 800 мм; выходной вал — полый";параллельный;высота больше 800 мм;полый;;свой снимок;38;"Фотореалистичная предметная фотография для каталога. Подкадр F00036-u (38 из 3450 позиций кадра F00036). Отличие от соседних подкадров: оси — параллельный; габариты высота больше 800 мм; выходной вал — полый. Что в кадре: редуктор цилиндрический, параллельный, габариты высота больше 800 мм, полый. Как выглядит: редуктор: литой чугунный или алюминиевый корпус (окраска по данным, типично серая или синяя), входной и выходной валы, лапы или фланец, пробки маслозаливного отверстия. По данным позиций кадра: материал корпуса — чугун; тип — редуктор; передача — цилиндрический. Масштаб: габариты около 170×450×840 мм (медиана по позициям) — крупное изделие, до метра. Ракурс и композиция: 3/4 немного сверху, изделие целиком по центру, занимает около 70 % кадра. Фон: светлый нейтральный бесшовный #F4F6F9 без текстуры и горизонта. Свет: мягкий студийный из большого софтбокса, мягкая тень под предметом, резкость по всему предмету. Не должно быть: чужих логотипов, названий заводов и брендов, водяных знаков, надписей и любого текста, людей и рук, лишних предметов. Итог: квадрат 1200×1200 px, WebP.";"Photorealistic catalog product photo. Distinctive for this variant: over 800 mm tall, very large. Cylindrical gearbox. Gearbox, cast iron or aluminium housing, input and output shafts, feet or flange, oil plugs. Housing material: cast iron; type: gearbox; gearing: cylindrical. Scale: about 170 x 450 x 840 mm, large item, up to one metre. Three-quarter view from slightly above, whole item centred, filling about 70% of the frame. Plain seamless light neutral background #F4F6F9, no texture, no horizon line. Soft large-softbox studio lighting, soft contact shadow underneath, sharp focus across the whole item, photorealistic e-commerce catalog product photo, high detail, 85mm lens look, square 1:1, 1200x1200.";text, letters, numbers, logo, brand name, manufacturer marking, watermark, printed label, people, hands, faces, multiple products, cluttered background, props, distorted geometry, extra parts, cartoon, illustration, CGI look, blur, low resolution;текст, буквы, цифры, логотип, бренд, заводская маркировка, водяной знак, этикетка с надписями, люди, руки, лица, несколько предметов, захламленный фон, реквизит, искаженная геометрия, лишние детали, мультяшный стиль, иллюстрация, вид 3D-рендера, размытие, низкое разрешение;генерация;"Генерация по промпту; за основу — готовый снимок кадра F00036 (тот же ракурс, свет, фон), меняется только отличие подкадра.";photos/F00036-u.webp
F00036-v;F00036;2;4127;Редукторы;Редуктор цилиндрический;редуктор цилиндрический;"тип — мотор-редуктор; оси — параллельный; габариты высота 300–500 мм";параллельный;высота 300–500 мм;;мотор-редуктор;свой снимок;38;"Фотореалистичная предметная фотография для каталога. Подкадр F00036-v (38 из 3450 позиций кадра F00036). Отличие от соседних подкадров: тип — мотор-редуктор; оси — параллельный; габариты высота 300–500 мм. Что в кадре: редуктор цилиндрический, мотор-редуктор, параллельный, габариты высота 300–500 мм. Как выглядит: редуктор: литой чугунный или алюминиевый корпус (окраска по данным, типично серая или синяя), входной и выходной валы, лапы или фланец, пробки маслозаливного отверстия. По данным позиций кадра: материал корпуса — чугун; тип — мотор-редуктор; передача — цилиндрический. Масштаб: габариты около 623×400×416 мм (медиана по позициям) — крупное изделие, до метра. Ракурс и композиция: 3/4 немного сверху, изделие целиком по центру, занимает около 70 % кадра. Фон: светлый нейтральный бесшовный #F4F6F9 без текстуры и горизонта. Свет: мягкий студийный из большого софтбокса, мягкая тень под предметом, резкость по всему предмету. Не должно быть: чужих логотипов, названий заводов и брендов, водяных знаков, надписей и любого текста, людей и рук, лишних предметов. Итог: квадрат 1200×1200 px, WebP.";"Photorealistic catalog product photo. Distinctive for this variant: type geared motor; 300-500 mm tall. Cylindrical gearbox. Gearbox, cast iron or aluminium housing, input and output shafts, feet or flange, oil plugs. Housing material: cast iron; type: geared motor; gearing: cylindrical. Scale: about 623 x 400 x 416 mm, large item, up to one metre. Three-quarter view from slightly above, whole item centred, filling about 70% of the frame. Plain seamless light neutral background #F4F6F9, no texture, no horizon line. Soft large-softbox studio lighting, soft contact shadow underneath, sharp focus across the whole item, photorealistic e-commerce catalog product photo, high detail, 85mm lens look, square 1:1, 1200x1200.";text, letters, numbers, logo, brand name, manufacturer marking, watermark, printed label, people, hands, faces, multiple products, cluttered background, props, distorted geometry, extra parts, cartoon, illustration, CGI look, blur, low resolution;текст, буквы, цифры, логотип, бренд, заводская маркировка, водяной знак, этикетка с надписями, люди, руки, лица, несколько предметов, захламленный фон, реквизит, искаженная геометрия, лишние детали, мультяшный стиль, иллюстрация, вид 3D-рендера, размытие, низкое разрешение;генерация;"Генерация по промпту; за основу — готовый снимок кадра F00036 (тот же ракурс, свет, фон), меняется только отличие подкадра.";photos/F00036-v.webp
F00036-w;F00036;2;4561;Редукторы;Редуктор цилиндрический;редуктор цилиндрический;"оси — соосный; габариты высота 500–800 мм; выходной вал — цилиндрический";соосный;высота 500–800 мм;цилиндрический;;свой снимок;35;"Фотореалистичная предметная фотография для каталога. Подкадр F00036-w (35 из 3450 позиций кадра F00036). Отличие от соседних подкадров: оси — соосный; габариты высота 500–800 мм; выходной вал — цилиндрический. Что в кадре: редуктор цилиндрический, соосный, габариты высота 500–800 мм. Как выглядит: редуктор: литой чугунный или алюминиевый корпус (окраска по данным, типично серая или синяя), входной и выходной валы, лапы или фланец, пробки маслозаливного отверстия. По данным позиций кадра: материал корпуса — чугун; тип — редуктор; передача — цилиндрический. Масштаб: габариты около 562×458×589 мм (медиана по позициям) — крупное изделие, до метра. Ракурс и композиция: 3/4 немного сверху, изделие целиком по центру, занимает около 70 % кадра. Фон: светлый нейтральный бесшовный #F4F6F9 без текстуры и горизонта. Свет: мягкий студийный из большого софтбокса, мягкая тень под предметом, резкость по всему предмету. Не должно быть: чужих логотипов, названий заводов и брендов, водяных знаков, надписей и любого текста, людей и рук, лишних предметов. Итог: квадрат 1200×1200 px, WebP.";"Photorealistic catalog product photo. Distinctive for this variant: 500-800 mm tall, large; output shaft cylindrical. Cylindrical gearbox. Gearbox, cast iron or aluminium housing, input and output shafts, feet or flange, oil plugs. Housing material: cast iron; type: gearbox; gearing: cylindrical. Scale: about 562 x 458 x 589 mm, large item, up to one metre. Three-quarter view from slightly above, whole item centred, filling about 70% of the frame. Plain seamless light neutral background #F4F6F9, no texture, no horizon line. Soft large-softbox studio lighting, soft contact shadow underneath, sharp focus across the whole item, photorealistic e-commerce catalog product photo, high detail, 85mm lens look, square 1:1, 1200x1200.";text, letters, numbers, logo, brand name, manufacturer marking, watermark, printed label, people, hands, faces, multiple products, cluttered background, props, distorted geometry, extra parts, cartoon, illustration, CGI look, blur, low resolution;текст, буквы, цифры, логотип, бренд, заводская маркировка, водяной знак, этикетка с надписями, люди, руки, лица, несколько предметов, захламленный фон, реквизит, искаженная геометрия, лишние детали, мультяшный стиль, иллюстрация, вид 3D-рендера, размытие, низкое разрешение;генерация;"Генерация по промпту; за основу — готовый снимок кадра F00036 (тот же ракурс, свет, фон), меняется только отличие подкадра.";photos/F00036-w.webp
F00036-x;F00036;2;4984;Редукторы;Редуктор цилиндрический;редуктор цилиндрический;"оси — параллельный; габариты высота 500–800 мм; выходной вал — полый";параллельный;высота 500–800 мм;полый;;свой снимок;32;"Фотореалистичная предметная фотография для каталога. Подкадр F00036-x (32 из 3450 позиций кадра F00036). Отличие от соседних подкадров: оси — параллельный; габариты высота 500–800 мм; выходной вал — полый. Что в кадре: редуктор цилиндрический, параллельный, габариты высота 500–800 мм, полый. Как выглядит: редуктор: литой чугунный или алюминиевый корпус (окраска по данным, типично серая или синяя), входной и выходной валы, лапы или фланец, пробки маслозаливного отверстия. По данным позиций кадра: материал корпуса — чугун; тип — редуктор; передача — цилиндрический. Масштаб: габариты около 353×618 мм (медиана по позициям) — крупное изделие, до метра. Ракурс и композиция: 3/4 немного сверху, изделие целиком по центру, занимает около 70 % кадра. Фон: светлый нейтральный бесшовный #F4F6F9 без текстуры и горизонта. Свет: мягкий студийный из большого софтбокса, мягкая тень под предметом, резкость по всему предмету. Не должно быть: чужих логотипов, названий заводов и брендов, водяных знаков, надписей и любого текста, людей и рук, лишних предметов. Итог: квадрат 1200×1200 px, WebP.";"Photorealistic catalog product photo. Distinctive for this variant: 500-800 mm tall, large. Cylindrical gearbox. Gearbox, cast iron or aluminium housing, input and output shafts, feet or flange, oil plugs. Housing material: cast iron; type: gearbox; gearing: cylindrical. Scale: about 353 x 618 mm, large item, up to one metre. Three-quarter view from slightly above, whole item centred, filling about 70% of the frame. Plain seamless light neutral background #F4F6F9, no texture, no horizon line. Soft large-softbox studio lighting, soft contact shadow underneath, sharp focus across the whole item, photorealistic e-commerce catalog product photo, high detail, 85mm lens look, square 1:1, 1200x1200.";text, letters, numbers, logo, brand name, manufacturer marking, watermark, printed label, people, hands, faces, multiple products, cluttered background, props, distorted geometry, extra parts, cartoon, illustration, CGI look, blur, low resolution;текст, буквы, цифры, логотип, бренд, заводская маркировка, водяной знак, этикетка с надписями, люди, руки, лица, несколько предметов, захламленный фон, реквизит, искаженная геометрия, лишние детали, мультяшный стиль, иллюстрация, вид 3D-рендера, размытие, низкое разрешение;генерация;"Генерация по промпту; за основу — готовый снимок кадра F00036 (тот же ракурс, свет, фон), меняется только отличие подкадра.";photos/F00036-x.webp
F00036-y;F00036;2;5726;Редукторы;Редуктор цилиндрический;редуктор цилиндрический;"оси — параллельный; габариты высота 150–300 мм; у позиций разные: выходной вал";параллельный;высота 150–300 мм;;;свой снимок;28;"Фотореалистичная предметная фотография для каталога. Подкадр F00036-y (28 из 3450 позиций кадра F00036). Отличие от соседних подкадров: оси — параллельный; габариты высота 150–300 мм; у позиций разные: выходной вал. Что в кадре: редуктор цилиндрический, параллельный, габариты высота 150–300 мм. Как выглядит: редуктор: литой чугунный или алюминиевый корпус (окраска по данным, типично серая или синяя), входной и выходной валы, лапы или фланец, пробки маслозаливного отверстия. По данным позиций кадра: материал корпуса — сплав алюминиевый, чугун (57 %); тип — редуктор; передача — цилиндрический. Масштаб: габариты около 390×158×230 мм (медиана по позициям) — размером примерно с обувную коробку. Ракурс и композиция: 3/4 немного сверху, изделие целиком по центру, занимает около 70 % кадра. Фон: светлый нейтральный бесшовный #F4F6F9 без текстуры и горизонта. Свет: мягкий студийный из большого софтбокса, мягкая тень под предметом, резкость по всему предмету. Не должно быть: чужих логотипов, названий заводов и брендов, водяных знаков, надписей и любого текста, людей и рук, лишних предметов. Итог: квадрат 1200×1200 px, WebP.";"Photorealistic catalog product photo. Distinctive for this variant: 150-300 mm tall. Cylindrical gearbox. Gearbox, cast iron or aluminium housing, input and output shafts, feet or flange, oil plugs. Housing material: cast iron, aluminium; type: gearbox; gearing: cylindrical. Scale: about 390 x 158 x 230 mm, about shoebox size. Three-quarter view from slightly above, whole item centred, filling about 70% of the frame. Plain seamless light neutral background #F4F6F9, no texture, no horizon line. Soft large-softbox studio lighting, soft contact shadow underneath, sharp focus across the whole item, photorealistic e-commerce catalog product photo, high detail, 85mm lens look, square 1:1, 1200x1200.";text, letters, numbers, logo, brand name, manufacturer marking, watermark, printed label, people, hands, faces, multiple products, cluttered background, props, distorted geometry, extra parts, cartoon, illustration, CGI look, blur, low resolution;текст, буквы, цифры, логотип, бренд, заводская маркировка, водяной знак, этикетка с надписями, люди, руки, лица, несколько предметов, захламленный фон, реквизит, искаженная геометрия, лишние детали, мультяшный стиль, иллюстрация, вид 3D-рендера, размытие, низкое разрешение;генерация;"Генерация по промпту; за основу — готовый снимок кадра F00036 (тот же ракурс, свет, фон), меняется только отличие подкадра.";photos/F00036-y.webp
F00036-z;F00036;2;5727;Редукторы;Редуктор цилиндрический;редуктор цилиндрический;"оси — параллельный; габариты высота 150–300 мм; выходной вал — цилиндрический";параллельный;высота 150–300 мм;цилиндрический;;свой снимок;28;"Фотореалистичная предметная фотография для каталога. Подкадр F00036-z (28 из 3450 позиций кадра F00036). Отличие от соседних подкадров: оси — параллельный; габариты высота 150–300 мм; выходной вал — цилиндрический. Что в кадре: редуктор цилиндрический, параллельный, габариты высота 150–300 мм. Как выглядит: редуктор: литой чугунный или алюминиевый корпус (окраска по данным, типично серая или синяя), входной и выходной валы, лапы или фланец, пробки маслозаливного отверстия. По данным позиций кадра: материал корпуса — чугун; тип — мотор-редуктор (54 %); передача — цилиндрический. Масштаб: габариты около 193×200×269 мм (медиана по позициям) — размером примерно с обувную коробку. Ракурс и композиция: 3/4 немного сверху, изделие целиком по центру, занимает около 70 % кадра. Фон: светлый нейтральный бесшовный #F4F6F9 без текстуры и горизонта. Свет: мягкий студийный из большого софтбокса, мягкая тень под предметом, резкость по всему предмету. Не должно быть: чужих логотипов, названий заводов и брендов, водяных знаков, надписей и любого текста, людей и рук, лишних предметов. Итог: квадрат 1200×1200 px, WebP.";"Photorealistic catalog product photo. Distinctive for this variant: 150-300 mm tall; output shaft cylindrical. Cylindrical gearbox. Gearbox, cast iron or aluminium housing, input and output shafts, feet or flange, oil plugs. Housing material: cast iron; type: geared motor; gearing: cylindrical. Scale: about 193 x 200 x 269 mm, about shoebox size. Three-quarter view from slightly above, whole item centred, filling about 70% of the frame. Plain seamless light neutral background #F4F6F9, no texture, no horizon line. Soft large-softbox studio lighting, soft contact shadow underneath, sharp focus across the whole item, photorealistic e-commerce catalog product photo, high detail, 85mm lens look, square 1:1, 1200x1200.";text, letters, numbers, logo, brand name, manufacturer marking, watermark, printed label, people, hands, faces, multiple products, cluttered background, props, distorted geometry, extra parts, cartoon, illustration, CGI look, blur, low resolution;текст, буквы, цифры, логотип, бренд, заводская маркировка, водяной знак, этикетка с надписями, люди, руки, лица, несколько предметов, захламленный фон, реквизит, искаженная геометрия, лишние детали, мультяшный стиль, иллюстрация, вид 3D-рендера, размытие, низкое разрешение;генерация;"Генерация по промпту; за основу — готовый снимок кадра F00036 (тот же ракурс, свет, фон), меняется только отличие подкадра.";photos/F00036-z.webp
F00036-aa;F00036;2;6137;Редукторы;Редуктор цилиндрический;редуктор цилиндрический;"тип — мотор-редуктор; оси — параллельный; габариты высота 300–500 мм; выходной вал — цилиндрический";параллельный;высота 300–500 мм;цилиндрический;мотор-редуктор;свой снимок;26;"Фотореалистичная предметная фотография для каталога. Подкадр F00036-aa (26 из 3450 позиций кадра F00036). Отличие от соседних подкадров: тип — мотор-редуктор; оси — параллельный; габариты высота 300–500 мм; выходной вал — цилиндрический. Что в кадре: редуктор цилиндрический, мотор-редуктор, параллельный, габариты высота 300–500 мм. Как выглядит: редуктор: литой чугунный или алюминиевый корпус (окраска по данным, типично серая или синяя), входной и выходной валы, лапы или фланец, пробки маслозаливного отверстия. По данным позиций кадра: материал корпуса — чугун; тип — мотор-редуктор; передача — цилиндрический. Масштаб: габариты около 221×317 мм (медиана по позициям) — размером примерно с обувную коробку. Ракурс и композиция: 3/4 немного сверху, изделие целиком по центру, занимает около 70 % кадра. Фон: светлый нейтральный бесшовный #F4F6F9 без текстуры и горизонта. Свет: мягкий студийный из большого софтбокса, мягкая тень под предметом, резкость по всему предмету. Не должно быть: чужих логотипов, названий заводов и брендов, водяных знаков, надписей и любого текста, людей и рук, лишних предметов. Итог: квадрат 1200×1200 px, WebP.";"Photorealistic catalog product photo. Distinctive for this variant: type geared motor; 300-500 mm tall; output shaft cylindrical. Cylindrical gearbox. Gearbox, cast iron or aluminium housing, input and output shafts, feet or flange, oil plugs. Housing material: cast iron; type: geared motor; gearing: cylindrical. Scale: about 221 x 317 mm, about shoebox size. Three-quarter view from slightly above, whole item centred, filling about 70% of the frame. Plain seamless light neutral background #F4F6F9, no texture, no horizon line. Soft large-softbox studio lighting, soft contact shadow underneath, sharp focus across the whole item, photorealistic e-commerce catalog product photo, high detail, 85mm lens look, square 1:1, 1200x1200.";text, letters, numbers, logo, brand name, manufacturer marking, watermark, printed label, people, hands, faces, multiple products, cluttered background, props, distorted geometry, extra parts, cartoon, illustration, CGI look, blur, low resolution;текст, буквы, цифры, логотип, бренд, заводская маркировка, водяной знак, этикетка с надписями, люди, руки, лица, несколько предметов, захламленный фон, реквизит, искаженная геометрия, лишние детали, мультяшный стиль, иллюстрация, вид 3D-рендера, размытие, низкое разрешение;генерация;"Генерация по промпту; за основу — готовый снимок кадра F00036 (тот же ракурс, свет, фон), меняется только отличие подкадра.";photos/F00036-aa.webp
F00036-ab;F00036;2;6947;Редукторы;Редуктор цилиндрический;редуктор цилиндрический;"тип — мотор-редуктор; оси — параллельный; выходной вал — полый";параллельный;;полый;мотор-редуктор;свой снимок;23;"Фотореалистичная предметная фотография для каталога. Подкадр F00036-ab (23 из 3450 позиций кадра F00036). Отличие от соседних подкадров: тип — мотор-редуктор; оси — параллельный; выходной вал — полый. Что в кадре: редуктор цилиндрический, мотор-редуктор, параллельный, полый. Как выглядит: редуктор: литой чугунный или алюминиевый корпус (окраска по данным, типично серая или синяя), входной и выходной валы, лапы или фланец, пробки маслозаливного отверстия. По данным позиций кадра: материал корпуса — чугун; тип — мотор-редуктор; передача — цилиндрический. Масштаб: габариты около 312×212 мм (медиана по позициям) — размером примерно с обувную коробку. Ракурс и композиция: 3/4 немного сверху, изделие целиком по центру, занимает около 70 % кадра. Фон: светлый нейтральный бесшовный #F4F6F9 без текстуры и горизонта. Свет: мягкий студийный из большого софтбокса, мягкая тень под предметом, резкость по всему предмету. Не должно быть: чужих логотипов, названий заводов и брендов, водяных знаков, надписей и любого текста, людей и рук, лишних предметов. Итог: квадрат 1200×1200 px, WebP.";"Photorealistic catalog product photo. Distinctive for this variant: type geared motor. Cylindrical gearbox. Gearbox, cast iron or aluminium housing, input and output shafts, feet or flange, oil plugs. Housing material: cast iron; type: geared motor; gearing: cylindrical. Scale: about 312 x 212 mm, about shoebox size. Three-quarter view from slightly above, whole item centred, filling about 70% of the frame. Plain seamless light neutral background #F4F6F9, no texture, no horizon line. Soft large-softbox studio lighting, soft contact shadow underneath, sharp focus across the whole item, photorealistic e-commerce catalog product photo, high detail, 85mm lens look, square 1:1, 1200x1200.";text, letters, numbers, logo, brand name, manufacturer marking, watermark, printed label, people, hands, faces, multiple products, cluttered background, props, distorted geometry, extra parts, cartoon, illustration, CGI look, blur, low resolution;текст, буквы, цифры, логотип, бренд, заводская маркировка, водяной знак, этикетка с надписями, люди, руки, лица, несколько предметов, захламленный фон, реквизит, искаженная геометрия, лишние детали, мультяшный стиль, иллюстрация, вид 3D-рендера, размытие, низкое разрешение;генерация;"Генерация по промпту; за основу — готовый снимок кадра F00036 (тот же ракурс, свет, фон), меняется только отличие подкадра.";photos/F00036-ab.webp
F00036-ac;F00036;2;6948;Редукторы;Редуктор цилиндрический;редуктор цилиндрический;"тип — мотор-редуктор; оси — параллельный; габариты высота 150–300 мм; выходной вал — цилиндрический";параллельный;высота 150–300 мм;цилиндрический;мотор-редуктор;свой снимок;23;"Фотореалистичная предметная фотография для каталога. Подкадр F00036-ac (23 из 3450 позиций кадра F00036). Отличие от соседних подкадров: тип — мотор-редуктор; оси — параллельный; габариты высота 150–300 мм; выходной вал — цилиндрический. Что в кадре: редуктор цилиндрический, мотор-редуктор, параллельный, габариты высота 150–300 мм. Как выглядит: редуктор: литой чугунный или алюминиевый корпус (окраска по данным, типично серая или синяя), входной и выходной валы, лапы или фланец, пробки маслозаливного отверстия. По данным позиций кадра: материал корпуса — чугун; тип — мотор-редуктор; передача — цилиндрический. Масштаб: габариты около 160×252 мм (медиана по позициям) — размером примерно с обувную коробку. Ракурс и композиция: 3/4 немного сверху, изделие целиком по центру, занимает около 70 % кадра. Фон: светлый нейтральный бесшовный #F4F6F9 без текстуры и горизонта. Свет: мягкий студийный из большого софтбокса, мягкая тень под предметом, резкость по всему предмету. Не должно быть: чужих логотипов, названий заводов и брендов, водяных знаков, надписей и любого текста, людей и рук, лишних предметов. Итог: квадрат 1200×1200 px, WebP.";"Photorealistic catalog product photo. Distinctive for this variant: type geared motor; 150-300 mm tall; output shaft cylindrical. Cylindrical gearbox. Gearbox, cast iron or aluminium housing, input and output shafts, feet or flange, oil plugs. Housing material: cast iron; type: geared motor; gearing: cylindrical. Scale: about 160 x 252 mm, about shoebox size. Three-quarter view from slightly above, whole item centred, filling about 70% of the frame. Plain seamless light neutral background #F4F6F9, no texture, no horizon line. Soft large-softbox studio lighting, soft contact shadow underneath, sharp focus across the whole item, photorealistic e-commerce catalog product photo, high detail, 85mm lens look, square 1:1, 1200x1200.";text, letters, numbers, logo, brand name, manufacturer marking, watermark, printed label, people, hands, faces, multiple products, cluttered background, props, distorted geometry, extra parts, cartoon, illustration, CGI look, blur, low resolution;текст, буквы, цифры, логотип, бренд, заводская маркировка, водяной знак, этикетка с надписями, люди, руки, лица, несколько предметов, захламленный фон, реквизит, искаженная геометрия, лишние детали, мультяшный стиль, иллюстрация, вид 3D-рендера, размытие, низкое разрешение;генерация;"Генерация по промпту; за основу — готовый снимок кадра F00036 (тот же ракурс, свет, фон), меняется только отличие подкадра.";photos/F00036-ac.webp
F00036-ad;F00036;2;7562;Редукторы;Редуктор цилиндрический;редуктор цилиндрический;"оси — соосный; габариты высота 500–800 мм";соосный;высота 500–800 мм;;;свой снимок;21;"Фотореалистичная предметная фотография для каталога. Подкадр F00036-ad (21 из 3450 позиций кадра F00036). Отличие от соседних подкадров: оси — соосный; габариты высота 500–800 мм. Что в кадре: редуктор цилиндрический, соосный, габариты высота 500–800 мм. Как выглядит: редуктор: литой чугунный или алюминиевый корпус (окраска по данным, типично серая или синяя), входной и выходной валы, лапы или фланец, пробки маслозаливного отверстия. По данным позиций кадра: материал корпуса — чугун; тип — редуктор; передача — цилиндрический. Масштаб: габариты около 562×458×589 мм (медиана по позициям) — крупное изделие, до метра. Ракурс и композиция: 3/4 немного сверху, изделие целиком по центру, занимает около 70 % кадра. Фон: светлый нейтральный бесшовный #F4F6F9 без текстуры и горизонта. Свет: мягкий студийный из большого софтбокса, мягкая тень под предметом, резкость по всему предмету. Не должно быть: чужих логотипов, названий заводов и брендов, водяных знаков, надписей и любого текста, людей и рук, лишних предметов. Итог: квадрат 1200×1200 px, WebP.";"Photorealistic catalog product photo. Distinctive for this variant: 500-800 mm tall, large. Cylindrical gearbox. Gearbox, cast iron or aluminium housing, input and output shafts, feet or flange, oil plugs. Housing material: cast iron; type: gearbox; gearing: cylindrical. Scale: about 562 x 458 x 589 mm, large item, up to one metre. Three-quarter view from slightly above, whole item centred, filling about 70% of the frame. Plain seamless light neutral background #F4F6F9, no texture, no horizon line. Soft large-softbox studio lighting, soft contact shadow underneath, sharp focus across the whole item, photorealistic e-commerce catalog product photo, high detail, 85mm lens look, square 1:1, 1200x1200.";text, letters, numbers, logo, brand name, manufacturer marking, watermark, printed label, people, hands, faces, multiple products, cluttered background, props, distorted geometry, extra parts, cartoon, illustration, CGI look, blur, low resolution;текст, буквы, цифры, логотип, бренд, заводская маркировка, водяной знак, этикетка с надписями, люди, руки, лица, несколько предметов, захламленный фон, реквизит, искаженная геометрия, лишние детали, мультяшный стиль, иллюстрация, вид 3D-рендера, размытие, низкое разрешение;генерация;"Генерация по промпту; за основу — готовый снимок кадра F00036 (тот же ракурс, свет, фон), меняется только отличие подкадра.";photos/F00036-ad.webp
F00036-ae;F00036;3;9230;Редукторы;Редуктор цилиндрический;редуктор цилиндрический;"оси — параллельный; габариты высота 300–500 мм; выходной вал — полый";параллельный;высота 300–500 мм;полый;;свой снимок;17;"Фотореалистичная предметная фотография для каталога. Подкадр F00036-ae (17 из 3450 позиций кадра F00036). Отличие от соседних подкадров: оси — параллельный; габариты высота 300–500 мм; выходной вал — полый. Что в кадре: редуктор цилиндрический, параллельный, габариты высота 300–500 мм, полый. Как выглядит: редуктор: литой чугунный или алюминиевый корпус (окраска по данным, типично серая или синяя), входной и выходной валы, лапы или фланец, пробки маслозаливного отверстия. По данным позиций кадра: материал корпуса — чугун; тип — редуктор; передача — цилиндрический. Масштаб: габариты около 405×254×470 мм (медиана по позициям) — крупное изделие, до метра. Ракурс и композиция: 3/4 немного сверху, изделие целиком по центру, занимает около 70 % кадра. Фон: светлый нейтральный бесшовный #F4F6F9 без текстуры и горизонта. Свет: мягкий студийный из большого софтбокса, мягкая тень под предметом, резкость по всему предмету. Не должно быть: чужих логотипов, названий заводов и брендов, водяных знаков, надписей и любого текста, людей и рук, лишних предметов. Итог: квадрат 1200×1200 px, WebP.";"Photorealistic catalog product photo. Distinctive for this variant: 300-500 mm tall. Cylindrical gearbox. Gearbox, cast iron or aluminium housing, input and output shafts, feet or flange, oil plugs. Housing material: cast iron; type: gearbox; gearing: cylindrical. Scale: about 405 x 254 x 470 mm, large item, up to one metre. Three-quarter view from slightly above, whole item centred, filling about 70% of the frame. Plain seamless light neutral background #F4F6F9, no texture, no horizon line. Soft large-softbox studio lighting, soft contact shadow underneath, sharp focus across the whole item, photorealistic e-commerce catalog product photo, high detail, 85mm lens look, square 1:1, 1200x1200.";text, letters, numbers, logo, brand name, manufacturer marking, watermark, printed label, people, hands, faces, multiple products, cluttered background, props, distorted geometry, extra parts, cartoon, illustration, CGI look, blur, low resolution;текст, буквы, цифры, логотип, бренд, заводская маркировка, водяной знак, этикетка с надписями, люди, руки, лица, несколько предметов, захламленный фон, реквизит, искаженная геометрия, лишние детали, мультяшный стиль, иллюстрация, вид 3D-рендера, размытие, низкое разрешение;генерация;"Генерация по промпту; за основу — готовый снимок кадра F00036 (тот же ракурс, свет, фон), меняется только отличие подкадра.";photos/F00036-ae.webp
F00036-af;F00036;3;10848;Редукторы;Редуктор цилиндрический;редуктор цилиндрический;"оси — угловой; габариты высота 300–500 мм; выходной вал — полый";угловой;высота 300–500 мм;полый;;свой снимок;14;"Фотореалистичная предметная фотография для каталога. Подкадр F00036-af (14 из 3450 позиций кадра F00036). Отличие от соседних подкадров: оси — угловой; габариты высота 300–500 мм; выходной вал — полый. Что в кадре: редуктор цилиндрический, угловой, габариты высота 300–500 мм, полый. Как выглядит: редуктор: литой чугунный или алюминиевый корпус (окраска по данным, типично серая или синяя), входной и выходной валы, лапы или фланец, пробки маслозаливного отверстия. По данным позиций кадра: материал корпуса — чугун; тип — редуктор; передача — цилиндрический. Масштаб: габариты около 324×290×380 мм (медиана по позициям) — размером примерно с обувную коробку. Ракурс и композиция: 3/4 немного сверху, изделие целиком по центру, занимает около 70 % кадра. Фон: светлый нейтральный бесшовный #F4F6F9 без текстуры и горизонта. Свет: мягкий студийный из большого софтбокса, мягкая тень под предметом, резкость по всему предмету. Не должно быть: чужих логотипов, названий заводов и брендов, водяных знаков, надписей и любого текста, людей и рук, лишних предметов. Итог: квадрат 1200×1200 px, WebP.";"Photorealistic catalog product photo. Distinctive for this variant: shaft arrangement angle; 300-500 mm tall. Cylindrical gearbox. Gearbox, cast iron or aluminium housing, input and output shafts, feet or flange, oil plugs. Housing material: cast iron; type: gearbox; gearing: cylindrical. Scale: about 324 x 290 x 380 mm, about shoebox size. Three-quarter view from slightly above, whole item centred, filling about 70% of the frame. Plain seamless light neutral background #F4F6F9, no texture, no horizon line. Soft large-softbox studio lighting, soft contact shadow underneath, sharp focus across the whole item, photorealistic e-commerce catalog product photo, high detail, 85mm lens look, square 1:1, 1200x1200.";text, letters, numbers, logo, brand name, manufacturer marking, watermark, printed label, people, hands, faces, multiple products, cluttered background, props, distorted geometry, extra parts, cartoon, illustration, CGI look, blur, low resolution;текст, буквы, цифры, логотип, бренд, заводская маркировка, водяной знак, этикетка с надписями, люди, руки, лица, несколько предметов, захламленный фон, реквизит, искаженная геометрия, лишние детали, мультяшный стиль, иллюстрация, вид 3D-рендера, размытие, низкое разрешение;генерация;"Генерация по промпту; за основу — готовый снимок кадра F00036 (тот же ракурс, свет, фон), меняется только отличие подкадра.";photos/F00036-af.webp
F00036-ag;F00036;3;17261;Редукторы;Редуктор цилиндрический;редуктор цилиндрический;"оси — соосный; у позиций разные: размер, выходной вал";соосный;;;;свой снимок;8;"Фотореалистичная предметная фотография для каталога. Подкадр F00036-ag (8 из 3450 позиций кадра F00036). Отличие от соседних подкадров: оси — соосный; у позиций разные: размер, выходной вал. Что в кадре: редуктор цилиндрический, соосный. Как выглядит: редуктор: литой чугунный или алюминиевый корпус (окраска по данным, типично серая или синяя), входной и выходной валы, лапы или фланец, пробки маслозаливного отверстия. По данным позиций кадра: материал корпуса — чугун (88 %); тип — редуктор (88 %); передача — цилиндрический. Масштаб: габариты около 244×151×140 мм (медиана по позициям) — размером примерно с обувную коробку. Ракурс и композиция: 3/4 немного сверху, изделие целиком по центру, занимает около 70 % кадра. Фон: светлый нейтральный бесшовный #F4F6F9 без текстуры и горизонта. Свет: мягкий студийный из большого софтбокса, мягкая тень под предметом, резкость по всему предмету. Не должно быть: чужих логотипов, названий заводов и брендов, водяных знаков, надписей и любого текста, людей и рук, лишних предметов. Итог: квадрат 1200×1200 px, WebP.";"Photorealistic catalog product photo. Cylindrical gearbox. Gearbox, cast iron or aluminium housing, input and output shafts, feet or flange, oil plugs. Housing material: cast iron; type: gearbox; gearing: cylindrical. Scale: about 244 x 151 x 140 mm, about shoebox size. Three-quarter view from slightly above, whole item centred, filling about 70% of the frame. Plain seamless light neutral background #F4F6F9, no texture, no horizon line. Soft large-softbox studio lighting, soft contact shadow underneath, sharp focus across the whole item, photorealistic e-commerce catalog product photo, high detail, 85mm lens look, square 1:1, 1200x1200.";text, letters, numbers, logo, brand name, manufacturer marking, watermark, printed label, people, hands, faces, multiple products, cluttered background, props, distorted geometry, extra parts, cartoon, illustration, CGI look, blur, low resolution;текст, буквы, цифры, логотип, бренд, заводская маркировка, водяной знак, этикетка с надписями, люди, руки, лица, несколько предметов, захламленный фон, реквизит, искаженная геометрия, лишние детали, мультяшный стиль, иллюстрация, вид 3D-рендера, размытие, низкое разрешение;генерация;"Генерация по промпту; за основу — готовый снимок кадра F00036 (тот же ракурс, свет, фон), меняется только отличие подкадра.";photos/F00036-ag.webp
F00036-ah;F00036;3;19619;Редукторы;Редуктор цилиндрический;редуктор цилиндрический;"тип — мотор-редуктор; оси — параллельный; габариты высота 500–800 мм";параллельный;высота 500–800 мм;;мотор-редуктор;свой снимок;7;"Фотореалистичная предметная фотография для каталога. Подкадр F00036-ah (7 из 3450 позиций кадра F00036). Отличие от соседних подкадров: тип — мотор-редуктор; оси — параллельный; габариты высота 500–800 мм. Что в кадре: редуктор цилиндрический, мотор-редуктор, параллельный, габариты высота 500–800 мм. Как выглядит: редуктор: литой чугунный или алюминиевый корпус (окраска по данным, типично серая или синяя), входной и выходной валы, лапы или фланец, пробки маслозаливного отверстия. По данным позиций кадра: материал корпуса — чугун; тип — мотор-редуктор; передача — цилиндрический. Масштаб: габариты около 856×530×585 мм (медиана по позициям) — крупное изделие, до метра. Ракурс и композиция: 3/4 немного сверху, изделие целиком по центру, занимает около 70 % кадра. Фон: светлый нейтральный бесшовный #F4F6F9 без текстуры и горизонта. Свет: мягкий студийный из большого софтбокса, мягкая тень под предметом, резкость по всему предмету. Не должно быть: чужих логотипов, названий заводов и брендов, водяных знаков, надписей и любого текста, людей и рук, лишних предметов. Итог: квадрат 1200×1200 px, WebP.";"Photorealistic catalog product photo. Distinctive for this variant: type geared motor; 500-800 mm tall, large. Cylindrical gearbox. Gearbox, cast iron or aluminium housing, input and output shafts, feet or flange, oil plugs. Housing material: cast iron; type: geared motor; gearing: cylindrical. Scale: about 856 x 530 x 585 mm, large item, up to one metre. Three-quarter view from slightly above, whole item centred, filling about 70% of the frame. Plain seamless light neutral background #F4F6F9, no texture, no horizon line. Soft large-softbox studio lighting, soft contact shadow underneath, sharp focus across the whole item, photorealistic e-commerce catalog product photo, high detail, 85mm lens look, square 1:1, 1200x1200.";text, letters, numbers, logo, brand name, manufacturer marking, watermark, printed label, people, hands, faces, multiple products, cluttered background, props, distorted geometry, extra parts, cartoon, illustration, CGI look, blur, low resolution;текст, буквы, цифры, логотип, бренд, заводская маркировка, водяной знак, этикетка с надписями, люди, руки, лица, несколько предметов, захламленный фон, реквизит, искаженная геометрия, лишние детали, мультяшный стиль, иллюстрация, вид 3D-рендера, размытие, низкое разрешение;генерация;"Генерация по промпту; за основу — готовый снимок кадра F00036 (тот же ракурс, свет, фон), меняется только отличие подкадра.";photos/F00036-ah.webp
F00036-ai;F00036;3;19620;Редукторы;Редуктор цилиндрический;редуктор цилиндрический;"тип — мотор-редуктор; оси — соосный; габариты высота 150–300 мм";соосный;высота 150–300 мм;;мотор-редуктор;свой снимок;7;"Фотореалистичная предметная фотография для каталога. Подкадр F00036-ai (7 из 3450 позиций кадра F00036). Отличие от соседних подкадров: тип — мотор-редуктор; оси — соосный; габариты высота 150–300 мм. Что в кадре: редуктор цилиндрический, мотор-редуктор, соосный, габариты высота 150–300 мм. Как выглядит: редуктор: литой чугунный или алюминиевый корпус (окраска по данным, типично серая или синяя), входной и выходной валы, лапы или фланец, пробки маслозаливного отверстия. По данным позиций кадра: материал корпуса — чугун (86 %); тип — мотор-редуктор; передача — цилиндрический. Масштаб: габариты около 230×190×237 мм (медиана по позициям) — размером примерно с обувную коробку. Ракурс и композиция: 3/4 немного сверху, изделие целиком по центру, занимает около 70 % кадра. Фон: светлый нейтральный бесшовный #F4F6F9 без текстуры и горизонта. Свет: мягкий студийный из большого софтбокса, мягкая тень под предметом, резкость по всему предмету. Не должно быть: чужих логотипов, названий заводов и брендов, водяных знаков, надписей и любого текста, людей и рук, лишних предметов. Итог: квадрат 1200×1200 px, WebP.";"Photorealistic catalog product photo. Distinctive for this variant: type geared motor; 150-300 mm tall. Cylindrical gearbox. Gearbox, cast iron or aluminium housing, input and output shafts, feet or flange, oil plugs. Housing material: cast iron; type: geared motor; gearing: cylindrical. Scale: about 230 x 190 x 237 mm, about shoebox size. Three-quarter view from slightly above, whole item centred, filling about 70% of the frame. Plain seamless light neutral background #F4F6F9, no texture, no horizon line. Soft large-softbox studio lighting, soft contact shadow underneath, sharp focus across the whole item, photorealistic e-commerce catalog product photo, high detail, 85mm lens look, square 1:1, 1200x1200.";text, letters, numbers, logo, brand name, manufacturer marking, watermark, printed label, people, hands, faces, multiple products, cluttered background, props, distorted geometry, extra parts, cartoon, illustration, CGI look, blur, low resolution;текст, буквы, цифры, логотип, бренд, заводская маркировка, водяной знак, этикетка с надписями, люди, руки, лица, несколько предметов, захламленный фон, реквизит, искаженная геометрия, лишние детали, мультяшный стиль, иллюстрация, вид 3D-рендера, размытие, низкое разрешение;генерация;"Генерация по промпту; за основу — готовый снимок кадра F00036 (тот же ракурс, свет, фон), меняется только отличие подкадра.";photos/F00036-ai.webp
F00036-aj;F00036;4;25005;Редукторы;Редуктор цилиндрический;редуктор цилиндрический;"тип — мотор-редуктор; у позиций разные: оси, размер, выходной вал";;;;мотор-редуктор;свой снимок;5;"Фотореалистичная предметная фотография для каталога. Подкадр F00036-aj (5 из 3450 позиций кадра F00036). Отличие от соседних подкадров: тип — мотор-редуктор; у позиций разные: оси, размер, выходной вал. Что в кадре: редуктор цилиндрический, мотор-редуктор. Как выглядит: редуктор: литой чугунный или алюминиевый корпус (окраска по данным, типично серая или синяя), входной и выходной валы, лапы или фланец, пробки маслозаливного отверстия. По данным позиций кадра: материал корпуса — сплав алюминиевый (60 %); тип — мотор-редуктор; передача — цилиндрический. Масштаб: габариты около 261×215×320 мм (медиана по позициям) — размером примерно с обувную коробку. Ракурс и композиция: 3/4 немного сверху, изделие целиком по центру, занимает около 70 % кадра. Фон: светлый нейтральный бесшовный #F4F6F9 без текстуры и горизонта. Свет: мягкий студийный из большого софтбокса, мягкая тень под предметом, резкость по всему предмету. Не должно быть: чужих логотипов, названий заводов и брендов, водяных знаков, надписей и любого текста, людей и рук, лишних предметов. Итог: квадрат 1200×1200 px, WebP.";"Photorealistic catalog product photo. Distinctive for this variant: type geared motor. Cylindrical gearbox. Gearbox, cast iron or aluminium housing, input and output shafts, feet or flange, oil plugs. Housing material: aluminium; type: geared motor; gearing: cylindrical. Scale: about 261 x 215 x 320 mm, about shoebox size. Three-quarter view from slightly above, whole item centred, filling about 70% of the frame. Plain seamless light neutral background #F4F6F9, no texture, no horizon line. Soft large-softbox studio lighting, soft contact shadow underneath, sharp focus across the whole item, photorealistic e-commerce catalog product photo, high detail, 85mm lens look, square 1:1, 1200x1200.";text, letters, numbers, logo, brand name, manufacturer marking, watermark, printed label, people, hands, faces, multiple products, cluttered background, props, distorted geometry, extra parts, cartoon, illustration, CGI look, blur, low resolution;текст, буквы, цифры, логотип, бренд, заводская маркировка, водяной знак, этикетка с надписями, люди, руки, лица, несколько предметов, захламленный фон, реквизит, искаженная геометрия, лишние детали, мультяшный стиль, иллюстрация, вид 3D-рендера, размытие, низкое разрешение;генерация;"Генерация по промпту; за основу — готовый снимок кадра F00036 (тот же ракурс, свет, фон), меняется только отличие подкадра.";photos/F00036-aj.webp
F00036-ak;F00036;5;28337;Редукторы;Редуктор цилиндрический;редуктор цилиндрический;прочие позиции кадра;;;;;прочие позиции кадра — снимок кадра;2;"Фотореалистичная предметная фотография для каталога. Подкадр F00036-ak — прочие позиции кадра F00036 (2 из 3450), у которых нет общего заметного отличия от остальных 36 подкадров кадра; снимок как у кадра F00036. Что в кадре: редуктор цилиндрический. Как выглядит: редуктор: литой чугунный или алюминиевый корпус (окраска по данным, типично серая или синяя), входной и выходной валы, лапы или фланец, пробки маслозаливного отверстия. По данным позиций кадра: материал корпуса — сплав алюминиевый; тип — редуктор; передача — цилиндрический. Масштаб: габариты около 141×135×170 мм (медиана по позициям) — размером примерно с обувную коробку. Ракурс и композиция: 3/4 немного сверху, изделие целиком по центру, занимает около 70 % кадра. Фон: светлый нейтральный бесшовный #F4F6F9 без текстуры и горизонта. Свет: мягкий студийный из большого софтбокса, мягкая тень под предметом, резкость по всему предмету. Не должно быть: чужих логотипов, названий заводов и брендов, водяных знаков, надписей и любого текста, людей и рук, лишних предметов. Итог: квадрат 1200×1200 px, WebP.";"Photorealistic catalog product photo. Cylindrical gearbox. Gearbox, cast iron or aluminium housing, input and output shafts, feet or flange, oil plugs. Housing material: aluminium; type: gearbox; gearing: cylindrical. Scale: about 141 x 135 x 170 mm, about shoebox size. Three-quarter view from slightly above, whole item centred, filling about 70% of the frame. Plain seamless light neutral background #F4F6F9, no texture, no horizon line. Soft large-softbox studio lighting, soft contact shadow underneath, sharp focus across the whole item, photorealistic e-commerce catalog product photo, high detail, 85mm lens look, square 1:1, 1200x1200.";text, letters, numbers, logo, brand name, manufacturer marking, watermark, printed label, people, hands, faces, multiple products, cluttered background, props, distorted geometry, extra parts, cartoon, illustration, CGI look, blur, low resolution;текст, буквы, цифры, логотип, бренд, заводская маркировка, водяной знак, этикетка с надписями, люди, руки, лица, несколько предметов, захламленный фон, реквизит, искаженная геометрия, лишние детали, мультяшный стиль, иллюстрация, вид 3D-рендера, размытие, низкое разрешение;снимок кадра;Отдельный снимок не нужен: на эти позиции встает снимок кадра F00036 (файл photos/F00036.webp).;— (используется photos/F00036.webp)
F00045-a;F00045;1;124;Редукторы;Редуктор червячный;редуктор червячный;"оси — угловой; габариты высота 150–300 мм; выходной вал — полый";угловой;высота 150–300 мм;полый;;свой снимок;954;"Фотореалистичная предметная фотография для каталога. Подкадр F00045-a (954 из 3043 позиций кадра F00045). Отличие от соседних подкадров: оси — угловой; габариты высота 150–300 мм; выходной вал — полый. Что в кадре: редуктор червячный, угловой, габариты высота 150–300 мм, полый. Как выглядит: редуктор: литой чугунный или алюминиевый корпус (окраска по данным, типично серая или синяя), входной и выходной валы, лапы или фланец, пробки маслозаливного отверстия. По данным позиций кадра: материал корпуса — сплав алюминиевый (86 %); тип — редуктор; передача — червячный. Масштаб: габариты около 172×112×205 мм (медиана по позициям) — размером примерно с обувную коробку. Ракурс и композиция: 3/4 немного сверху, изделие целиком по центру, занимает около 70 % кадра. Фон: светлый нейтральный бесшовный #F4F6F9 без текстуры и горизонта. Свет: мягкий студийный из большого софтбокса, мягкая тень под предметом, резкость по всему предмету. Не должно быть: чужих логотипов, названий заводов и брендов, водяных знаков, надписей и любого текста, людей и рук, лишних предметов. Итог: квадрат 1200×1200 px, WebP.";"Photorealistic catalog product photo. Distinctive for this variant: shaft arrangement angle; 150-300 mm tall. Worm gearbox. Gearbox, cast iron or aluminium housing, input and output shafts, feet or flange, oil plugs. Housing material: aluminium; type: gearbox; gearing: worm. Scale: about 172 x 112 x 205 mm, about shoebox size. Three-quarter view from slightly above, whole item centred, filling about 70% of the frame. Plain seamless light neutral background #F4F6F9, no texture, no horizon line. Soft large-softbox studio lighting, soft contact shadow underneath, sharp focus across the whole item, photorealistic e-commerce catalog product photo, high detail, 85mm lens look, square 1:1, 1200x1200.";text, letters, numbers, logo, brand name, manufacturer marking, watermark, printed label, people, hands, faces, multiple products, cluttered background, props, distorted geometry, extra parts, cartoon, illustration, CGI look, blur, low resolution;текст, буквы, цифры, логотип, бренд, заводская маркировка, водяной знак, этикетка с надписями, люди, руки, лица, несколько предметов, захламленный фон, реквизит, искаженная геометрия, лишние детали, мультяшный стиль, иллюстрация, вид 3D-рендера, размытие, низкое разрешение;генерация;"Генерация по промпту; за основу — готовый снимок кадра F00045 (тот же ракурс, свет, фон), меняется только отличие подкадра.";photos/F00045-a.webp
F00045-b;F00045;1;185;Редукторы;Редуктор червячный;редуктор червячный;"оси — угловой; габариты высота до 150 мм (малый); выходной вал — полый";угловой;высота до 150 мм (малый);полый;;свой снимок;624;"Фотореалистичная предметная фотография для каталога. Подкадр F00045-b (624 из 3043 позиций кадра F00045). Отличие от соседних подкадров: оси — угловой; габариты высота до 150 мм (малый); выходной вал — полый. Что в кадре: редуктор червячный, угловой, габариты высота до 150 мм (малый), полый. Как выглядит: редуктор: литой чугунный или алюминиевый корпус (окраска по данным, типично серая или синяя), входной и выходной валы, лапы или фланец, пробки маслозаливного отверстия. По данным позиций кадра: материал корпуса — сплав алюминиевый; тип — редуктор; передача — червячный. Масштаб: габариты около 120×78×122 мм (медиана по позициям) — помещается в ладони. Ракурс и композиция: 3/4 немного сверху, изделие целиком по центру, занимает около 70 % кадра. Фон: светлый нейтральный бесшовный #F4F6F9 без текстуры и горизонта. Свет: мягкий студийный из большого софтбокса, мягкая тень под предметом, резкость по всему предмету. Не должно быть: чужих логотипов, названий заводов и брендов, водяных знаков, надписей и любого текста, людей и рук, лишних предметов. Итог: квадрат 1200×1200 px, WebP.";"Photorealistic catalog product photo. Distinctive for this variant: shaft arrangement angle; under 150 mm tall, small. Worm gearbox. Gearbox, cast iron or aluminium housing, input and output shafts, feet or flange, oil plugs. Housing material: aluminium; type: gearbox; gearing: worm. Scale: about 120 x 78 x 122 mm, fits in a palm. Three-quarter view from slightly above, whole item centred, filling about 70% of the frame. Plain seamless light neutral background #F4F6F9, no texture, no horizon line. Soft large-softbox studio lighting, soft contact shadow underneath, sharp focus across the whole item, photorealistic e-commerce catalog product photo, high detail, 85mm lens look, square 1:1, 1200x1200.";text, letters, numbers, logo, brand name, manufacturer marking, watermark, printed label, people, hands, faces, multiple products, cluttered background, props, distorted geometry, extra parts, cartoon, illustration, CGI look, blur, low resolution;текст, буквы, цифры, логотип, бренд, заводская маркировка, водяной знак, этикетка с надписями, люди, руки, лица, несколько предметов, захламленный фон, реквизит, искаженная геометрия, лишние детали, мультяшный стиль, иллюстрация, вид 3D-рендера, размытие, низкое разрешение;генерация;"Генерация по промпту; за основу — готовый снимок кадра F00045 (тот же ракурс, свет, фон), меняется только отличие подкадра.";photos/F00045-b.webp
F00045-c;F00045;1;279;Редукторы;Редуктор червячный;редуктор червячный;"оси — угловой; габариты высота 150–300 мм; у позиций разные: выходной вал";угловой;высота 150–300 мм;;;свой снимок;430;"Фотореалистичная предметная фотография для каталога. Подкадр F00045-c (430 из 3043 позиций кадра F00045). Отличие от соседних подкадров: оси — угловой; габариты высота 150–300 мм; у позиций разные: выходной вал. Что в кадре: редуктор червячный, угловой, габариты высота 150–300 мм. Как выглядит: редуктор: литой чугунный или алюминиевый корпус (окраска по данным, типично серая или синяя), входной и выходной валы, лапы или фланец, пробки маслозаливного отверстия. По данным позиций кадра: материал корпуса — сплав алюминиевый (86 %); тип — редуктор; передача — червячный. Масштаб: габариты около 200×125×220 мм (медиана по позициям) — размером примерно с обувную коробку. Ракурс и композиция: 3/4 немного сверху, изделие целиком по центру, занимает около 70 % кадра. Фон: светлый нейтральный бесшовный #F4F6F9 без текстуры и горизонта. Свет: мягкий студийный из большого софтбокса, мягкая тень под предметом, резкость по всему предмету. Не должно быть: чужих логотипов, названий заводов и брендов, водяных знаков, надписей и любого текста, людей и рук, лишних предметов. Итог: квадрат 1200×1200 px, WebP.";"Photorealistic catalog product photo. Distinctive for this variant: shaft arrangement angle; 150-300 mm tall. Worm gearbox. Gearbox, cast iron or aluminium housing, input and output shafts, feet or flange, oil plugs. Housing material: aluminium; type: gearbox; gearing: worm. Scale: about 200 x 125 x 220 mm, about shoebox size. Three-quarter view from slightly above, whole item centred, filling about 70% of the frame. Plain seamless light neutral background #F4F6F9, no texture, no horizon line. Soft large-softbox studio lighting, soft contact shadow underneath, sharp focus across the whole item, photorealistic e-commerce catalog product photo, high detail, 85mm lens look, square 1:1, 1200x1200.";text, letters, numbers, logo, brand name, manufacturer marking, watermark, printed label, people, hands, faces, multiple products, cluttered background, props, distorted geometry, extra parts, cartoon, illustration, CGI look, blur, low resolution;текст, буквы, цифры, логотип, бренд, заводская маркировка, водяной знак, этикетка с надписями, люди, руки, лица, несколько предметов, захламленный фон, реквизит, искаженная геометрия, лишние детали, мультяшный стиль, иллюстрация, вид 3D-рендера, размытие, низкое разрешение;генерация;"Генерация по промпту; за основу — готовый снимок кадра F00045 (тот же ракурс, свет, фон), меняется только отличие подкадра.";photos/F00045-c.webp
F00045-d;F00045;1;367;Редукторы;Редуктор червячный;редуктор червячный;"оси — угловой; габариты высота 300–500 мм; выходной вал — полый";угловой;высота 300–500 мм;полый;;свой снимок;335;"Фотореалистичная предметная фотография для каталога. Подкадр F00045-d (335 из 3043 позиций кадра F00045). Отличие от соседних подкадров: оси — угловой; габариты высота 300–500 мм; выходной вал — полый. Что в кадре: редуктор червячный, угловой, габариты высота 300–500 мм, полый. Как выглядит: редуктор: литой чугунный или алюминиевый корпус (окраска по данным, типично серая или синяя), входной и выходной валы, лапы или фланец, пробки маслозаливного отверстия. По данным позиций кадра: материал корпуса — чугун (57 %); тип — редуктор; передача — червячный. Масштаб: габариты около 340×170×335 мм (медиана по позициям) — размером примерно с обувную коробку. Ракурс и композиция: 3/4 немного сверху, изделие целиком по центру, занимает около 70 % кадра. Фон: светлый нейтральный бесшовный #F4F6F9 без текстуры и горизонта. Свет: мягкий студийный из большого софтбокса, мягкая тень под предметом, резкость по всему предмету. Не должно быть: чужих логотипов, названий заводов и брендов, водяных знаков, надписей и любого текста, людей и рук, лишних предметов. Итог: квадрат 1200×1200 px, WebP.";"Photorealistic catalog product photo. Distinctive for this variant: shaft arrangement angle; 300-500 mm tall. Worm gearbox. Gearbox, cast iron or aluminium housing, input and output shafts, feet or flange, oil plugs. Housing material: cast iron; type: gearbox; gearing: worm. Scale: about 340 x 170 x 335 mm, about shoebox size. Three-quarter view from slightly above, whole item centred, filling about 70% of the frame. Plain seamless light neutral background #F4F6F9, no texture, no horizon line. Soft large-softbox studio lighting, soft contact shadow underneath, sharp focus across the whole item, photorealistic e-commerce catalog product photo, high detail, 85mm lens look, square 1:1, 1200x1200.";text, letters, numbers, logo, brand name, manufacturer marking, watermark, printed label, people, hands, faces, multiple products, cluttered background, props, distorted geometry, extra parts, cartoon, illustration, CGI look, blur, low resolution;текст, буквы, цифры, логотип, бренд, заводская маркировка, водяной знак, этикетка с надписями, люди, руки, лица, несколько предметов, захламленный фон, реквизит, искаженная геометрия, лишние детали, мультяшный стиль, иллюстрация, вид 3D-рендера, размытие, низкое разрешение;генерация;"Генерация по промпту; за основу — готовый снимок кадра F00045 (тот же ракурс, свет, фон), меняется только отличие подкадра.";photos/F00045-d.webp
F00045-e;F00045;1;868;Редукторы;Редуктор червячный;редуктор червячный;"оси — угловой; выходной вал — полый";угловой;;полый;;свой снимок;157;"Фотореалистичная предметная фотография для каталога. Подкадр F00045-e (157 из 3043 позиций кадра F00045). Отличие от соседних подкадров: оси — угловой; выходной вал — полый. Что в кадре: редуктор червячный, угловой, полый. Как выглядит: редуктор: литой чугунный или алюминиевый корпус (окраска по данным, типично серая или синяя), входной и выходной валы, лапы или фланец, пробки маслозаливного отверстия. По данным позиций кадра: материал корпуса — сплав алюминиевый (50 %); тип — редуктор; передача — червячный. Масштаб: масса около 15,3 кг (медиана по позициям). Ракурс и композиция: 3/4 немного сверху, изделие целиком по центру, занимает около 70 % кадра. Фон: светлый нейтральный бесшовный #F4F6F9 без текстуры и горизонта. Свет: мягкий студийный из большого софтбокса, мягкая тень под предметом, резкость по всему предмету. Не должно быть: чужих логотипов, названий заводов и брендов, водяных знаков, надписей и любого текста, людей и рук, лишних предметов. Итог: квадрат 1200×1200 px, WebP.";"Photorealistic catalog product photo. Distinctive for this variant: shaft arrangement angle. Worm gearbox. Gearbox, cast iron or aluminium housing, input and output shafts, feet or flange, oil plugs. Housing material: aluminium; type: gearbox; gearing: worm. Scale: weight about 15.3 kg. Three-quarter view from slightly above, whole item centred, filling about 70% of the frame. Plain seamless light neutral background #F4F6F9, no texture, no horizon line. Soft large-softbox studio lighting, soft contact shadow underneath, sharp focus across the whole item, photorealistic e-commerce catalog product photo, high detail, 85mm lens look, square 1:1, 1200x1200.";text, letters, numbers, logo, brand name, manufacturer marking, watermark, printed label, people, hands, faces, multiple products, cluttered background, props, distorted geometry, extra parts, cartoon, illustration, CGI look, blur, low resolution;текст, буквы, цифры, логотип, бренд, заводская маркировка, водяной знак, этикетка с надписями, люди, руки, лица, несколько предметов, захламленный фон, реквизит, искаженная геометрия, лишние детали, мультяшный стиль, иллюстрация, вид 3D-рендера, размытие, низкое разрешение;генерация;"Генерация по промпту; за основу — готовый снимок кадра F00045 (тот же ракурс, свет, фон), меняется только отличие подкадра.";photos/F00045-e.webp
F00045-f;F00045;1;879;Редукторы;Редуктор червячный;редуктор червячный;"оси — угловой; габариты высота до 150 мм (малый)";угловой;высота до 150 мм (малый);;;свой снимок;155;"Фотореалистичная предметная фотография для каталога. Подкадр F00045-f (155 из 3043 позиций кадра F00045). Отличие от соседних подкадров: оси — угловой; габариты высота до 150 мм (малый). Что в кадре: редуктор червячный, угловой, габариты высота до 150 мм (малый). Как выглядит: редуктор: литой чугунный или алюминиевый корпус (окраска по данным, типично серая или синяя), входной и выходной валы, лапы или фланец, пробки маслозаливного отверстия. По данным позиций кадра: материал корпуса — сплав алюминиевый; тип — редуктор; передача — червячный. Масштаб: габариты около 113×85×130 мм (медиана по позициям) — размером примерно с обувную коробку. Ракурс и композиция: 3/4 немного сверху, изделие целиком по центру, занимает около 70 % кадра. Фон: светлый нейтральный бесшовный #F4F6F9 без текстуры и горизонта. Свет: мягкий студийный из большого софтбокса, мягкая тень под предметом, резкость по всему предмету. Не должно быть: чужих логотипов, названий заводов и брендов, водяных знаков, надписей и любого текста, людей и рук, лишних предметов. Итог: квадрат 1200×1200 px, WebP.";"Photorealistic catalog product photo. Distinctive for this variant: shaft arrangement angle; under 150 mm tall, small. Worm gearbox. Gearbox, cast iron or aluminium housing, input and output shafts, feet or flange, oil plugs. Housing material: aluminium; type: gearbox; gearing: worm. Scale: about 113 x 85 x 130 mm, about shoebox size. Three-quarter view from slightly above, whole item centred, filling about 70% of the frame. Plain seamless light neutral background #F4F6F9, no texture, no horizon line. Soft large-softbox studio lighting, soft contact shadow underneath, sharp focus across the whole item, photorealistic e-commerce catalog product photo, high detail, 85mm lens look, square 1:1, 1200x1200.";text, letters, numbers, logo, brand name, manufacturer marking, watermark, printed label, people, hands, faces, multiple products, cluttered background, props, distorted geometry, extra parts, cartoon, illustration, CGI look, blur, low resolution;текст, буквы, цифры, логотип, бренд, заводская маркировка, водяной знак, этикетка с надписями, люди, руки, лица, несколько предметов, захламленный фон, реквизит, искаженная геометрия, лишние детали, мультяшный стиль, иллюстрация, вид 3D-рендера, размытие, низкое разрешение;генерация;"Генерация по промпту; за основу — готовый снимок кадра F00045 (тот же ракурс, свет, фон), меняется только отличие подкадра.";photos/F00045-f.webp
F00045-g;F00045;2;1408;Редукторы;Редуктор червячный;редуктор червячный;оси — параллельный;параллельный;;;;свой снимок;102;"Фотореалистичная предметная фотография для каталога. Подкадр F00045-g (102 из 3043 позиций кадра F00045). Отличие от соседних подкадров: оси — параллельный. Что в кадре: редуктор червячный, параллельный. Как выглядит: редуктор: литой чугунный или алюминиевый корпус (окраска по данным, типично серая или синяя), входной и выходной валы, лапы или фланец, пробки маслозаливного отверстия. По данным позиций кадра: материал корпуса — сплав алюминиевый, чугун (84 %); тип — редуктор; передача — червячный. Масштаб: масса около 127 кг (медиана по позициям). Ракурс и композиция: 3/4 немного сверху, изделие целиком по центру, занимает около 70 % кадра. Фон: светлый нейтральный бесшовный #F4F6F9 без текстуры и горизонта. Свет: мягкий студийный из большого софтбокса, мягкая тень под предметом, резкость по всему предмету. Не должно быть: чужих логотипов, названий заводов и брендов, водяных знаков, надписей и любого текста, людей и рук, лишних предметов. Итог: квадрат 1200×1200 px, WebP.";"Photorealistic catalog product photo. Worm gearbox. Gearbox, cast iron or aluminium housing, input and output shafts, feet or flange, oil plugs. Housing material: cast iron, aluminium; type: gearbox; gearing: worm. Scale: weight about 127 kg. Three-quarter view from slightly above, whole item centred, filling about 70% of the frame. Plain seamless light neutral background #F4F6F9, no texture, no horizon line. Soft large-softbox studio lighting, soft contact shadow underneath, sharp focus across the whole item, photorealistic e-commerce catalog product photo, high detail, 85mm lens look, square 1:1, 1200x1200.";text, letters, numbers, logo, brand name, manufacturer marking, watermark, printed label, people, hands, faces, multiple products, cluttered background, props, distorted geometry, extra parts, cartoon, illustration, CGI look, blur, low resolution;текст, буквы, цифры, логотип, бренд, заводская маркировка, водяной знак, этикетка с надписями, люди, руки, лица, несколько предметов, захламленный фон, реквизит, искаженная геометрия, лишние детали, мультяшный стиль, иллюстрация, вид 3D-рендера, размытие, низкое разрешение;генерация;"Генерация по промпту; за основу — готовый снимок кадра F00045 (тот же ракурс, свет, фон), меняется только отличие подкадра.";photos/F00045-g.webp
F00045-h;F00045;2;1577;Редукторы;Редуктор червячный;редуктор червячный;"оси — угловой; габариты высота 300–500 мм; у позиций разные: выходной вал";угловой;высота 300–500 мм;;;свой снимок;92;"Фотореалистичная предметная фотография для каталога. Подкадр F00045-h (92 из 3043 позиций кадра F00045). Отличие от соседних подкадров: оси — угловой; габариты высота 300–500 мм; у позиций разные: выходной вал. Что в кадре: редуктор червячный, угловой, габариты высота 300–500 мм. Как выглядит: редуктор: литой чугунный или алюминиевый корпус (окраска по данным, типично серая или синяя), входной и выходной валы, лапы или фланец, пробки маслозаливного отверстия. По данным позиций кадра: материал корпуса — чугун (88 %); тип — редуктор; передача — червячный (71 %). Масштаб: габариты около 373×175×385 мм (медиана по позициям) — размером примерно с обувную коробку. Ракурс и композиция: 3/4 немного сверху, изделие целиком по центру, занимает около 70 % кадра. Фон: светлый нейтральный бесшовный #F4F6F9 без текстуры и горизонта. Свет: мягкий студийный из большого софтбокса, мягкая тень под предметом, резкость по всему предмету. Не должно быть: чужих логотипов, названий заводов и брендов, водяных знаков, надписей и любого текста, людей и рук, лишних предметов. Итог: квадрат 1200×1200 px, WebP.";"Photorealistic catalog product photo. Distinctive for this variant: shaft arrangement angle; 300-500 mm tall. Worm gearbox. Gearbox, cast iron or aluminium housing, input and output shafts, feet or flange, oil plugs. Housing material: cast iron; type: gearbox; gearing: worm. Scale: about 373 x 175 x 385 mm, about shoebox size. Three-quarter view from slightly above, whole item centred, filling about 70% of the frame. Plain seamless light neutral background #F4F6F9, no texture, no horizon line. Soft large-softbox studio lighting, soft contact shadow underneath, sharp focus across the whole item, photorealistic e-commerce catalog product photo, high detail, 85mm lens look, square 1:1, 1200x1200.";text, letters, numbers, logo, brand name, manufacturer marking, watermark, printed label, people, hands, faces, multiple products, cluttered background, props, distorted geometry, extra parts, cartoon, illustration, CGI look, blur, low resolution;текст, буквы, цифры, логотип, бренд, заводская маркировка, водяной знак, этикетка с надписями, люди, руки, лица, несколько предметов, захламленный фон, реквизит, искаженная геометрия, лишние детали, мультяшный стиль, иллюстрация, вид 3D-рендера, размытие, низкое разрешение;генерация;"Генерация по промпту; за основу — готовый снимок кадра F00045 (тот же ракурс, свет, фон), меняется только отличие подкадра.";photos/F00045-h.webp
F00045-i;F00045;2;3006;Редукторы;Редуктор червячный;редуктор червячный;оси — параллельный, угловой;параллельный, угловой;;;;свой снимок;51;"Фотореалистичная предметная фотография для каталога. Подкадр F00045-i (51 из 3043 позиций кадра F00045). Отличие от соседних подкадров: оси — параллельный, угловой. Что в кадре: редуктор червячный, параллельный, угловой. Как выглядит: редуктор: литой чугунный или алюминиевый корпус (окраска по данным, типично серая или синяя), входной и выходной валы, лапы или фланец, пробки маслозаливного отверстия. По данным позиций кадра: материал корпуса — сплав алюминиевый, чугун; тип — редуктор; передача — червячный. Масштаб: масса около 93 кг (медиана по позициям). Ракурс и композиция: 3/4 немного сверху, изделие целиком по центру, занимает около 70 % кадра. Фон: светлый нейтральный бесшовный #F4F6F9 без текстуры и горизонта. Свет: мягкий студийный из большого софтбокса, мягкая тень под предметом, резкость по всему предмету. Не должно быть: чужих логотипов, названий заводов и брендов, водяных знаков, надписей и любого текста, людей и рук, лишних предметов. Итог: квадрат 1200×1200 px, WebP.";"Photorealistic catalog product photo. Worm gearbox. Gearbox, cast iron or aluminium housing, input and output shafts, feet or flange, oil plugs. Housing material: cast iron, aluminium; type: gearbox; gearing: worm. Scale: weight about 93 kg. Three-quarter view from slightly above, whole item centred, filling about 70% of the frame. Plain seamless light neutral background #F4F6F9, no texture, no horizon line. Soft large-softbox studio lighting, soft contact shadow underneath, sharp focus across the whole item, photorealistic e-commerce catalog product photo, high detail, 85mm lens look, square 1:1, 1200x1200.";text, letters, numbers, logo, brand name, manufacturer marking, watermark, printed label, people, hands, faces, multiple products, cluttered background, props, distorted geometry, extra parts, cartoon, illustration, CGI look, blur, low resolution;текст, буквы, цифры, логотип, бренд, заводская маркировка, водяной знак, этикетка с надписями, люди, руки, лица, несколько предметов, захламленный фон, реквизит, искаженная геометрия, лишние детали, мультяшный стиль, иллюстрация, вид 3D-рендера, размытие, низкое разрешение;генерация;"Генерация по промпту; за основу — готовый снимок кадра F00045 (тот же ракурс, свет, фон), меняется только отличие подкадра.";photos/F00045-i.webp
F00045-j;F00045;2;3007;Редукторы;Редуктор червячный;редуктор червячный;"оси — параллельный; выходной вал — цилиндрический";параллельный;;цилиндрический;;свой снимок;51;"Фотореалистичная предметная фотография для каталога. Подкадр F00045-j (51 из 3043 позиций кадра F00045). Отличие от соседних подкадров: оси — параллельный; выходной вал — цилиндрический. Что в кадре: редуктор червячный, параллельный, цилиндрический. Как выглядит: редуктор: литой чугунный или алюминиевый корпус (окраска по данным, типично серая или синяя), входной и выходной валы, лапы или фланец, пробки маслозаливного отверстия. По данным позиций кадра: материал корпуса — сплав алюминиевый; тип — редуктор; передача — червячный. Масштаб: масса около 25 кг (медиана по позициям). Ракурс и композиция: 3/4 немного сверху, изделие целиком по центру, занимает около 70 % кадра. Фон: светлый нейтральный бесшовный #F4F6F9 без текстуры и горизонта. Свет: мягкий студийный из большого софтбокса, мягкая тень под предметом, резкость по всему предмету. Не должно быть: чужих логотипов, названий заводов и брендов, водяных знаков, надписей и любого текста, людей и рук, лишних предметов. Итог: квадрат 1200×1200 px, WebP.";"Photorealistic catalog product photo. Distinctive for this variant: output shaft cylindrical. Worm gearbox. Gearbox, cast iron or aluminium housing, input and output shafts, feet or flange, oil plugs. Housing material: aluminium; type: gearbox; gearing: worm. Scale: weight about 25 kg. Three-quarter view from slightly above, whole item centred, filling about 70% of the frame. Plain seamless light neutral background #F4F6F9, no texture, no horizon line. Soft large-softbox studio lighting, soft contact shadow underneath, sharp focus across the whole item, photorealistic e-commerce catalog product photo, high detail, 85mm lens look, square 1:1, 1200x1200.";text, letters, numbers, logo, brand name, manufacturer marking, watermark, printed label, people, hands, faces, multiple products, cluttered background, props, distorted geometry, extra parts, cartoon, illustration, CGI look, blur, low resolution;текст, буквы, цифры, логотип, бренд, заводская маркировка, водяной знак, этикетка с надписями, люди, руки, лица, несколько предметов, захламленный фон, реквизит, искаженная геометрия, лишние детали, мультяшный стиль, иллюстрация, вид 3D-рендера, размытие, низкое разрешение;генерация;"Генерация по промпту; за основу — готовый снимок кадра F00045 (тот же ракурс, свет, фон), меняется только отличие подкадра.";photos/F00045-j.webp
F00045-k;F00045;2;4392;Редукторы;Редуктор червячный;редуктор червячный;оси — угловой;угловой;;;;свой снимок;36;"Фотореалистичная предметная фотография для каталога. Подкадр F00045-k (36 из 3043 позиций кадра F00045). Отличие от соседних подкадров: оси — угловой. Что в кадре: редуктор червячный, угловой. Как выглядит: редуктор: литой чугунный или алюминиевый корпус (окраска по данным, типично серая или синяя), входной и выходной валы, лапы или фланец, пробки маслозаливного отверстия. По данным позиций кадра: материал корпуса — чугун; тип — червячный; передача — червячный. Масштаб: масса около 20 кг (медиана по позициям). Ракурс и композиция: 3/4 немного сверху, изделие целиком по центру, занимает около 70 % кадра. Фон: светлый нейтральный бесшовный #F4F6F9 без текстуры и горизонта. Свет: мягкий студийный из большого софтбокса, мягкая тень под предметом, резкость по всему предмету. Не должно быть: чужих логотипов, названий заводов и брендов, водяных знаков, надписей и любого текста, людей и рук, лишних предметов. Итог: квадрат 1200×1200 px, WebP.";"Photorealistic catalog product photo. Distinctive for this variant: shaft arrangement angle. Worm gearbox. Gearbox, cast iron or aluminium housing, input and output shafts, feet or flange, oil plugs. Housing material: cast iron; type: worm; gearing: worm. Scale: weight about 20 kg. Three-quarter view from slightly above, whole item centred, filling about 70% of the frame. Plain seamless light neutral background #F4F6F9, no texture, no horizon line. Soft large-softbox studio lighting, soft contact shadow underneath, sharp focus across the whole item, photorealistic e-commerce catalog product photo, high detail, 85mm lens look, square 1:1, 1200x1200.";text, letters, numbers, logo, brand name, manufacturer marking, watermark, printed label, people, hands, faces, multiple products, cluttered background, props, distorted geometry, extra parts, cartoon, illustration, CGI look, blur, low resolution;текст, буквы, цифры, логотип, бренд, заводская маркировка, водяной знак, этикетка с надписями, люди, руки, лица, несколько предметов, захламленный фон, реквизит, искаженная геометрия, лишние детали, мультяшный стиль, иллюстрация, вид 3D-рендера, размытие, низкое разрешение;генерация;"Генерация по промпту; за основу — готовый снимок кадра F00045 (тот же ракурс, свет, фон), меняется только отличие подкадра.";photos/F00045-k.webp
F00045-l;F00045;3;9241;Редукторы;Редуктор червячный;редуктор червячный;"оси — параллельный, угловой; выходной вал — цилиндрический";параллельный, угловой;;цилиндрический;;свой снимок;17;"Фотореалистичная предметная фотография для каталога. Подкадр F00045-l (17 из 3043 позиций кадра F00045). Отличие от соседних подкадров: оси — параллельный, угловой; выходной вал — цилиндрический. Что в кадре: редуктор червячный, параллельный, угловой, цилиндрический. Как выглядит: редуктор: литой чугунный или алюминиевый корпус (окраска по данным, типично серая или синяя), входной и выходной валы, лапы или фланец, пробки маслозаливного отверстия. По данным позиций кадра: материал корпуса — сплав алюминиевый, чугун; тип — редуктор; передача — червячный. Масштаб: масса около 38 кг (медиана по позициям). Ракурс и композиция: 3/4 немного сверху, изделие целиком по центру, занимает около 70 % кадра. Фон: светлый нейтральный бесшовный #F4F6F9 без текстуры и горизонта. Свет: мягкий студийный из большого софтбокса, мягкая тень под предметом, резкость по всему предмету. Не должно быть: чужих логотипов, названий заводов и брендов, водяных знаков, надписей и любого текста, людей и рук, лишних предметов. Итог: квадрат 1200×1200 px, WebP.";"Photorealistic catalog product photo. Distinctive for this variant: output shaft cylindrical. Worm gearbox. Gearbox, cast iron or aluminium housing, input and output shafts, feet or flange, oil plugs. Housing material: cast iron, aluminium; type: gearbox; gearing: worm. Scale: weight about 38 kg. Three-quarter view from slightly above, whole item centred, filling about 70% of the frame. Plain seamless light neutral background #F4F6F9, no texture, no horizon line. Soft large-softbox studio lighting, soft contact shadow underneath, sharp focus across the whole item, photorealistic e-commerce catalog product photo, high detail, 85mm lens look, square 1:1, 1200x1200.";text, letters, numbers, logo, brand name, manufacturer marking, watermark, printed label, people, hands, faces, multiple products, cluttered background, props, distorted geometry, extra parts, cartoon, illustration, CGI look, blur, low resolution;текст, буквы, цифры, логотип, бренд, заводская маркировка, водяной знак, этикетка с надписями, люди, руки, лица, несколько предметов, захламленный фон, реквизит, искаженная геометрия, лишние детали, мультяшный стиль, иллюстрация, вид 3D-рендера, размытие, низкое разрешение;генерация;"Генерация по промпту; за основу — готовый снимок кадра F00045 (тот же ракурс, свет, фон), меняется только отличие подкадра.";photos/F00045-l.webp
F00045-m;F00045;3;11655;Редукторы;Редуктор червячный;редуктор червячный;"оси — угловой; габариты высота 500–800 мм; выходной вал — конический";угловой;высота 500–800 мм;конический;;свой снимок;13;"Фотореалистичная предметная фотография для каталога. Подкадр F00045-m (13 из 3043 позиций кадра F00045). Отличие от соседних подкадров: оси — угловой; габариты высота 500–800 мм; выходной вал — конический. Что в кадре: редуктор червячный, угловой, габариты высота 500–800 мм, конический. Как выглядит: редуктор: литой чугунный или алюминиевый корпус (окраска по данным, типично серая или синяя), входной и выходной валы, лапы или фланец, пробки маслозаливного отверстия. По данным позиций кадра: материал корпуса — чугун; тип — редуктор; передача — глобоидный, червячный. Масштаб: габариты около 780×540 мм (медиана по позициям) — крупное изделие, до метра. Ракурс и композиция: 3/4 немного сверху, изделие целиком по центру, занимает около 70 % кадра. Фон: светлый нейтральный бесшовный #F4F6F9 без текстуры и горизонта. Свет: мягкий студийный из большого софтбокса, мягкая тень под предметом, резкость по всему предмету. Не должно быть: чужих логотипов, названий заводов и брендов, водяных знаков, надписей и любого текста, людей и рук, лишних предметов. Итог: квадрат 1200×1200 px, WebP.";"Photorealistic catalog product photo. Distinctive for this variant: shaft arrangement angle; 500-800 mm tall, large; output shaft tapered. Worm gearbox. Gearbox, cast iron or aluminium housing, input and output shafts, feet or flange, oil plugs. Housing material: cast iron; type: gearbox. Scale: about 780 x 540 mm, large item, up to one metre. Three-quarter view from slightly above, whole item centred, filling about 70% of the frame. Plain seamless light neutral background #F4F6F9, no texture, no horizon line. Soft large-softbox studio lighting, soft contact shadow underneath, sharp focus across the whole item, photorealistic e-commerce catalog product photo, high detail, 85mm lens look, square 1:1, 1200x1200.";text, letters, numbers, logo, brand name, manufacturer marking, watermark, printed label, people, hands, faces, multiple products, cluttered background, props, distorted geometry, extra parts, cartoon, illustration, CGI look, blur, low resolution;текст, буквы, цифры, логотип, бренд, заводская маркировка, водяной знак, этикетка с надписями, люди, руки, лица, несколько предметов, захламленный фон, реквизит, искаженная геометрия, лишние детали, мультяшный стиль, иллюстрация, вид 3D-рендера, размытие, низкое разрешение;генерация;"Генерация по промпту; за основу — готовый снимок кадра F00045 (тот же ракурс, свет, фон), меняется только отличие подкадра.";photos/F00045-m.webp
F00045-n;F00045;3;13543;Редукторы;Редуктор червячный;редуктор червячный;"оси — угловой; габариты высота 300–500 мм; выходной вал — цилиндрический";угловой;высота 300–500 мм;цилиндрический;;свой снимок;11;"Фотореалистичная предметная фотография для каталога. Подкадр F00045-n (11 из 3043 позиций кадра F00045). Отличие от соседних подкадров: оси — угловой; габариты высота 300–500 мм; выходной вал — цилиндрический. Что в кадре: редуктор червячный, угловой, габариты высота 300–500 мм, цилиндрический. Как выглядит: редуктор: литой чугунный или алюминиевый корпус (окраска по данным, типично серая или синяя), входной и выходной валы, лапы или фланец, пробки маслозаливного отверстия. По данным позиций кадра: материал корпуса — чугун; тип — редуктор; передача — червячный. Масштаб: габариты около 362×450×418 мм (медиана по позициям) — крупное изделие, до метра. Ракурс и композиция: 3/4 немного сверху, изделие целиком по центру, занимает около 70 % кадра. Фон: светлый нейтральный бесшовный #F4F6F9 без текстуры и горизонта. Свет: мягкий студийный из большого софтбокса, мягкая тень под предметом, резкость по всему предмету. Не должно быть: чужих логотипов, названий заводов и брендов, водяных знаков, надписей и любого текста, людей и рук, лишних предметов. Итог: квадрат 1200×1200 px, WebP.";"Photorealistic catalog product photo. Distinctive for this variant: shaft arrangement angle; 300-500 mm tall; output shaft cylindrical. Worm gearbox. Gearbox, cast iron or aluminium housing, input and output shafts, feet or flange, oil plugs. Housing material: cast iron; type: gearbox; gearing: worm. Scale: about 362 x 450 x 418 mm, large item, up to one metre. Three-quarter view from slightly above, whole item centred, filling about 70% of the frame. Plain seamless light neutral background #F4F6F9, no texture, no horizon line. Soft large-softbox studio lighting, soft contact shadow underneath, sharp focus across the whole item, photorealistic e-commerce catalog product photo, high detail, 85mm lens look, square 1:1, 1200x1200.";text, letters, numbers, logo, brand name, manufacturer marking, watermark, printed label, people, hands, faces, multiple products, cluttered background, props, distorted geometry, extra parts, cartoon, illustration, CGI look, blur, low resolution;текст, буквы, цифры, логотип, бренд, заводская маркировка, водяной знак, этикетка с надписями, люди, руки, лица, несколько предметов, захламленный фон, реквизит, искаженная геометрия, лишние детали, мультяшный стиль, иллюстрация, вид 3D-рендера, размытие, низкое разрешение;генерация;"Генерация по промпту; за основу — готовый снимок кадра F00045 (тот же ракурс, свет, фон), меняется только отличие подкадра.";photos/F00045-n.webp
F00045-o;F00045;3;17295;Редукторы;Редуктор червячный;редуктор червячный;"оси — угловой; габариты высота 500–800 мм; выходной вал — цилиндрический";угловой;высота 500–800 мм;цилиндрический;;свой снимок;8;"Фотореалистичная предметная фотография для каталога. Подкадр F00045-o (8 из 3043 позиций кадра F00045). Отличие от соседних подкадров: оси — угловой; габариты высота 500–800 мм; выходной вал — цилиндрический. Что в кадре: редуктор червячный, угловой, габариты высота 500–800 мм, цилиндрический. Как выглядит: редуктор: литой чугунный или алюминиевый корпус (окраска по данным, типично серая или синяя), входной и выходной валы, лапы или фланец, пробки маслозаливного отверстия. По данным позиций кадра: материал корпуса — чугун; тип — редуктор; передача — червячный. Масштаб: габариты около 493×568 мм (медиана по позициям) — крупное изделие, до метра. Ракурс и композиция: 3/4 немного сверху, изделие целиком по центру, занимает около 70 % кадра. Фон: светлый нейтральный бесшовный #F4F6F9 без текстуры и горизонта. Свет: мягкий студийный из большого софтбокса, мягкая тень под предметом, резкость по всему предмету. Не должно быть: чужих логотипов, названий заводов и брендов, водяных знаков, надписей и любого текста, людей и рук, лишних предметов. Итог: квадрат 1200×1200 px, WebP.";"Photorealistic catalog product photo. Distinctive for this variant: shaft arrangement angle; 500-800 mm tall, large; output shaft cylindrical. Worm gearbox. Gearbox, cast iron or aluminium housing, input and output shafts, feet or flange, oil plugs. Housing material: cast iron; type: gearbox; gearing: worm. Scale: about 493 x 568 mm, large item, up to one metre. Three-quarter view from slightly above, whole item centred, filling about 70% of the frame. Plain seamless light neutral background #F4F6F9, no texture, no horizon line. Soft large-softbox studio lighting, soft contact shadow underneath, sharp focus across the whole item, photorealistic e-commerce catalog product photo, high detail, 85mm lens look, square 1:1, 1200x1200.";text, letters, numbers, logo, brand name, manufacturer marking, watermark, printed label, people, hands, faces, multiple products, cluttered background, props, distorted geometry, extra parts, cartoon, illustration, CGI look, blur, low resolution;текст, буквы, цифры, логотип, бренд, заводская маркировка, водяной знак, этикетка с надписями, люди, руки, лица, несколько предметов, захламленный фон, реквизит, искаженная геометрия, лишние детали, мультяшный стиль, иллюстрация, вид 3D-рендера, размытие, низкое разрешение;генерация;"Генерация по промпту; за основу — готовый снимок кадра F00045 (тот же ракурс, свет, фон), меняется только отличие подкадра.";photos/F00045-o.webp
F00045-p;F00045;3;19655;Редукторы;Редуктор червячный;редуктор червячный;"оси — угловой; габариты высота 150–300 мм; выходной вал — цилиндрический";угловой;высота 150–300 мм;цилиндрический;;свой снимок;7;"Фотореалистичная предметная фотография для каталога. Подкадр F00045-p (7 из 3043 позиций кадра F00045). Отличие от соседних подкадров: оси — угловой; габариты высота 150–300 мм; выходной вал — цилиндрический. Что в кадре: редуктор червячный, угловой, габариты высота 150–300 мм, цилиндрический. Как выглядит: редуктор: литой чугунный или алюминиевый корпус (окраска по данным, типично серая или синяя), входной и выходной валы, лапы или фланец, пробки маслозаливного отверстия. По данным позиций кадра: материал корпуса — чугун; тип — редуктор; передача — червячный. Масштаб: габариты около 260×267 мм (медиана по позициям) — размером примерно с обувную коробку. Ракурс и композиция: 3/4 немного сверху, изделие целиком по центру, занимает около 70 % кадра. Фон: светлый нейтральный бесшовный #F4F6F9 без текстуры и горизонта. Свет: мягкий студийный из большого софтбокса, мягкая тень под предметом, резкость по всему предмету. Не должно быть: чужих логотипов, названий заводов и брендов, водяных знаков, надписей и любого текста, людей и рук, лишних предметов. Итог: квадрат 1200×1200 px, WebP.";"Photorealistic catalog product photo. Distinctive for this variant: shaft arrangement angle; 150-300 mm tall; output shaft cylindrical. Worm gearbox. Gearbox, cast iron or aluminium housing, input and output shafts, feet or flange, oil plugs. Housing material: cast iron; type: gearbox; gearing: worm. Scale: about 260 x 267 mm, about shoebox size. Three-quarter view from slightly above, whole item centred, filling about 70% of the frame. Plain seamless light neutral background #F4F6F9, no texture, no horizon line. Soft large-softbox studio lighting, soft contact shadow underneath, sharp focus across the whole item, photorealistic e-commerce catalog product photo, high detail, 85mm lens look, square 1:1, 1200x1200.";text, letters, numbers, logo, brand name, manufacturer marking, watermark, printed label, people, hands, faces, multiple products, cluttered background, props, distorted geometry, extra parts, cartoon, illustration, CGI look, blur, low resolution;текст, буквы, цифры, логотип, бренд, заводская маркировка, водяной знак, этикетка с надписями, люди, руки, лица, несколько предметов, захламленный фон, реквизит, искаженная геометрия, лишние детали, мультяшный стиль, иллюстрация, вид 3D-рендера, размытие, низкое разрешение;генерация;"Генерация по промпту; за основу — готовый снимок кадра F00045 (тот же ракурс, свет, фон), меняется только отличие подкадра.";photos/F00045-p.webp
F00073-a;F00073;1;192;Редукторы;Редуктор коническо-цилиндрический;редуктор коническо-цилиндрический;"оси — угловой; габариты высота 150–300 мм; выходной вал — цилиндрический";угловой;высота 150–300 мм;цилиндрический;;свой снимок;608;"Фотореалистичная предметная фотография для каталога. Подкадр F00073-a (608 из 1894 позиций кадра F00073). Отличие от соседних подкадров: оси — угловой; габариты высота 150–300 мм; выходной вал — цилиндрический. Что в кадре: редуктор коническо-цилиндрический, угловой, габариты высота 150–300 мм. Как выглядит: редуктор: литой чугунный или алюминиевый корпус (окраска по данным, типично серая или синяя), входной и выходной валы, лапы или фланец, пробки маслозаливного отверстия. По данным позиций кадра: материал корпуса — чугун; тип — редуктор; передача — коническо-цилиндрический. Масштаб: габариты около 379×240×220 мм (медиана по позициям) — размером примерно с обувную коробку. Ракурс и композиция: 3/4 немного сверху, изделие целиком по центру, занимает около 70 % кадра. Фон: светлый нейтральный бесшовный #F4F6F9 без текстуры и горизонта. Свет: мягкий студийный из большого софтбокса, мягкая тень под предметом, резкость по всему предмету. Не должно быть: чужих логотипов, названий заводов и брендов, водяных знаков, надписей и любого текста, людей и рук, лишних предметов. Итог: квадрат 1200×1200 px, WebP.";"Photorealistic catalog product photo. Distinctive for this variant: shaft arrangement angle; 150-300 mm tall; output shaft cylindrical. Bevel-helical gearbox. Gearbox, cast iron or aluminium housing, input and output shafts, feet or flange, oil plugs. Housing material: cast iron; type: gearbox; gearing: bevel-helical. Scale: about 379 x 240 x 220 mm, about shoebox size. Three-quarter view from slightly above, whole item centred, filling about 70% of the frame. Plain seamless light neutral background #F4F6F9, no texture, no horizon line. Soft large-softbox studio lighting, soft contact shadow underneath, sharp focus across the whole item, photorealistic e-commerce catalog product photo, high detail, 85mm lens look, square 1:1, 1200x1200.";text, letters, numbers, logo, brand name, manufacturer marking, watermark, printed label, people, hands, faces, multiple products, cluttered background, props, distorted geometry, extra parts, cartoon, illustration, CGI look, blur, low resolution;текст, буквы, цифры, логотип, бренд, заводская маркировка, водяной знак, этикетка с надписями, люди, руки, лица, несколько предметов, захламленный фон, реквизит, искаженная геометрия, лишние детали, мультяшный стиль, иллюстрация, вид 3D-рендера, размытие, низкое разрешение;генерация;"Генерация по промпту; за основу — готовый снимок кадра F00073 (тот же ракурс, свет, фон), меняется только отличие подкадра.";photos/F00073-a.webp
F00073-b;F00073;1;265;Редукторы;Редуктор коническо-цилиндрический;редуктор коническо-цилиндрический;"оси — угловой; габариты высота 150–300 мм; выходной вал — полый";угловой;высота 150–300 мм;полый;;свой снимок;452;"Фотореалистичная предметная фотография для каталога. Подкадр F00073-b (452 из 1894 позиций кадра F00073). Отличие от соседних подкадров: оси — угловой; габариты высота 150–300 мм; выходной вал — полый. Что в кадре: редуктор коническо-цилиндрический, угловой, габариты высота 150–300 мм, полый. Как выглядит: редуктор: литой чугунный или алюминиевый корпус (окраска по данным, типично серая или синяя), входной и выходной валы, лапы или фланец, пробки маслозаливного отверстия. По данным позиций кадра: материал корпуса — чугун (62 %); тип — редуктор; передача — коническо-цилиндрический (57 %). Масштаб: габариты около 389×155×217 мм (медиана по позициям) — размером примерно с обувную коробку. Ракурс и композиция: 3/4 немного сверху, изделие целиком по центру, занимает около 70 % кадра. Фон: светлый нейтральный бесшовный #F4F6F9 без текстуры и горизонта. Свет: мягкий студийный из большого софтбокса, мягкая тень под предметом, резкость по всему предмету. Не должно быть: чужих логотипов, названий заводов и брендов, водяных знаков, надписей и любого текста, людей и рук, лишних предметов. Итог: квадрат 1200×1200 px, WebP.";"Photorealistic catalog product photo. Distinctive for this variant: shaft arrangement angle; 150-300 mm tall. Bevel-helical gearbox. Gearbox, cast iron or aluminium housing, input and output shafts, feet or flange, oil plugs. Housing material: cast iron; type: gearbox; gearing: bevel-helical. Scale: about 389 x 155 x 217 mm, about shoebox size. Three-quarter view from slightly above, whole item centred, filling about 70% of the frame. Plain seamless light neutral background #F4F6F9, no texture, no horizon line. Soft large-softbox studio lighting, soft contact shadow underneath, sharp focus across the whole item, photorealistic e-commerce catalog product photo, high detail, 85mm lens look, square 1:1, 1200x1200.";text, letters, numbers, logo, brand name, manufacturer marking, watermark, printed label, people, hands, faces, multiple products, cluttered background, props, distorted geometry, extra parts, cartoon, illustration, CGI look, blur, low resolution;текст, буквы, цифры, логотип, бренд, заводская маркировка, водяной знак, этикетка с надписями, люди, руки, лица, несколько предметов, захламленный фон, реквизит, искаженная геометрия, лишние детали, мультяшный стиль, иллюстрация, вид 3D-рендера, размытие, низкое разрешение;генерация;"Генерация по промпту; за основу — готовый снимок кадра F00073 (тот же ракурс, свет, фон), меняется только отличие подкадра.";photos/F00073-b.webp
F00073-c;F00073;1;412;Редукторы;Редуктор коническо-цилиндрический;редуктор коническо-цилиндрический;"оси — угловой; габариты высота до 150 мм (малый); выходной вал — цилиндрический";угловой;высота до 150 мм (малый);цилиндрический;;свой снимок;307;"Фотореалистичная предметная фотография для каталога. Подкадр F00073-c (307 из 1894 позиций кадра F00073). Отличие от соседних подкадров: оси — угловой; габариты высота до 150 мм (малый); выходной вал — цилиндрический. Что в кадре: редуктор коническо-цилиндрический, угловой, габариты высота до 150 мм (малый). Как выглядит: редуктор: литой чугунный или алюминиевый корпус (окраска по данным, типично серая или синяя), входной и выходной валы, лапы или фланец, пробки маслозаливного отверстия. По данным позиций кадра: материал корпуса — чугун; тип — редуктор; передача — коническо-цилиндрический. Масштаб: габариты около 283×180×130 мм (медиана по позициям) — размером примерно с обувную коробку. Ракурс и композиция: 3/4 немного сверху, изделие целиком по центру, занимает около 70 % кадра. Фон: светлый нейтральный бесшовный #F4F6F9 без текстуры и горизонта. Свет: мягкий студийный из большого софтбокса, мягкая тень под предметом, резкость по всему предмету. Не должно быть: чужих логотипов, названий заводов и брендов, водяных знаков, надписей и любого текста, людей и рук, лишних предметов. Итог: квадрат 1200×1200 px, WebP.";"Photorealistic catalog product photo. Distinctive for this variant: shaft arrangement angle; under 150 mm tall, small; output shaft cylindrical. Bevel-helical gearbox. Gearbox, cast iron or aluminium housing, input and output shafts, feet or flange, oil plugs. Housing material: cast iron; type: gearbox; gearing: bevel-helical. Scale: about 283 x 180 x 130 mm, about shoebox size. Three-quarter view from slightly above, whole item centred, filling about 70% of the frame. Plain seamless light neutral background #F4F6F9, no texture, no horizon line. Soft large-softbox studio lighting, soft contact shadow underneath, sharp focus across the whole item, photorealistic e-commerce catalog product photo, high detail, 85mm lens look, square 1:1, 1200x1200.";text, letters, numbers, logo, brand name, manufacturer marking, watermark, printed label, people, hands, faces, multiple products, cluttered background, props, distorted geometry, extra parts, cartoon, illustration, CGI look, blur, low resolution;текст, буквы, цифры, логотип, бренд, заводская маркировка, водяной знак, этикетка с надписями, люди, руки, лица, несколько предметов, захламленный фон, реквизит, искаженная геометрия, лишние детали, мультяшный стиль, иллюстрация, вид 3D-рендера, размытие, низкое разрешение;генерация;"Генерация по промпту; за основу — готовый снимок кадра F00073 (тот же ракурс, свет, фон), меняется только отличие подкадра.";photos/F00073-c.webp
F00073-d;F00073;1;786;Редукторы;Редуктор коническо-цилиндрический;редуктор коническо-цилиндрический;"оси — угловой; габариты высота 300–500 мм; выходной вал — полый";угловой;высота 300–500 мм;полый;;свой снимок;172;"Фотореалистичная предметная фотография для каталога. Подкадр F00073-d (172 из 1894 позиций кадра F00073). Отличие от соседних подкадров: оси — угловой; габариты высота 300–500 мм; выходной вал — полый. Что в кадре: редуктор коническо-цилиндрический, угловой, габариты высота 300–500 мм, полый. Как выглядит: редуктор: литой чугунный или алюминиевый корпус (окраска по данным, типично серая или синяя), входной и выходной валы, лапы или фланец, пробки маслозаливного отверстия. По данным позиций кадра: материал корпуса — чугун (79 %); тип — редуктор; передача — коническо-цилиндрический (54 %). Масштаб: габариты около 640×243×340 мм (медиана по позициям) — крупное изделие, до метра. Ракурс и композиция: 3/4 немного сверху, изделие целиком по центру, занимает около 70 % кадра. Фон: светлый нейтральный бесшовный #F4F6F9 без текстуры и горизонта. Свет: мягкий студийный из большого софтбокса, мягкая тень под предметом, резкость по всему предмету. Не должно быть: чужих логотипов, названий заводов и брендов, водяных знаков, надписей и любого текста, людей и рук, лишних предметов. Итог: квадрат 1200×1200 px, WebP.";"Photorealistic catalog product photo. Distinctive for this variant: shaft arrangement angle; 300-500 mm tall. Bevel-helical gearbox. Gearbox, cast iron or aluminium housing, input and output shafts, feet or flange, oil plugs. Housing material: cast iron; type: gearbox; gearing: bevel-helical. Scale: about 640 x 243 x 340 mm, large item, up to one metre. Three-quarter view from slightly above, whole item centred, filling about 70% of the frame. Plain seamless light neutral background #F4F6F9, no texture, no horizon line. Soft large-softbox studio lighting, soft contact shadow underneath, sharp focus across the whole item, photorealistic e-commerce catalog product photo, high detail, 85mm lens look, square 1:1, 1200x1200.";text, letters, numbers, logo, brand name, manufacturer marking, watermark, printed label, people, hands, faces, multiple products, cluttered background, props, distorted geometry, extra parts, cartoon, illustration, CGI look, blur, low resolution;текст, буквы, цифры, логотип, бренд, заводская маркировка, водяной знак, этикетка с надписями, люди, руки, лица, несколько предметов, захламленный фон, реквизит, искаженная геометрия, лишние детали, мультяшный стиль, иллюстрация, вид 3D-рендера, размытие, низкое разрешение;генерация;"Генерация по промпту; за основу — готовый снимок кадра F00073 (тот же ракурс, свет, фон), меняется только отличие подкадра.";photos/F00073-d.webp
F00073-e;F00073;2;1451;Редукторы;Редуктор коническо-цилиндрический;редуктор коническо-цилиндрический;"оси — угловой; габариты высота 500–800 мм; выходной вал — полый";угловой;высота 500–800 мм;полый;;свой снимок;99;"Фотореалистичная предметная фотография для каталога. Подкадр F00073-e (99 из 1894 позиций кадра F00073). Отличие от соседних подкадров: оси — угловой; габариты высота 500–800 мм; выходной вал — полый. Что в кадре: редуктор коническо-цилиндрический, угловой, габариты высота 500–800 мм, полый. Как выглядит: редуктор: литой чугунный или алюминиевый корпус (окраска по данным, типично серая или синяя), входной и выходной валы, лапы или фланец, пробки маслозаливного отверстия. По данным позиций кадра: материал корпуса — чугун; тип — редуктор; передача — конический, цилиндрический (77 %). Масштаб: габариты около 814×353×503 мм (медиана по позициям) — крупное изделие, до метра. Ракурс и композиция: 3/4 немного сверху, изделие целиком по центру, занимает около 70 % кадра. Фон: светлый нейтральный бесшовный #F4F6F9 без текстуры и горизонта. Свет: мягкий студийный из большого софтбокса, мягкая тень под предметом, резкость по всему предмету. Не должно быть: чужих логотипов, названий заводов и брендов, водяных знаков, надписей и любого текста, людей и рук, лишних предметов. Итог: квадрат 1200×1200 px, WebP.";"Photorealistic catalog product photo. Distinctive for this variant: shaft arrangement angle; 500-800 mm tall, large. Bevel-helical gearbox. Gearbox, cast iron or aluminium housing, input and output shafts, feet or flange, oil plugs. Housing material: cast iron; type: gearbox; gearing: cylindrical tapered. Scale: about 814 x 353 x 503 mm, large item, up to one metre. Three-quarter view from slightly above, whole item centred, filling about 70% of the frame. Plain seamless light neutral background #F4F6F9, no texture, no horizon line. Soft large-softbox studio lighting, soft contact shadow underneath, sharp focus across the whole item, photorealistic e-commerce catalog product photo, high detail, 85mm lens look, square 1:1, 1200x1200.";text, letters, numbers, logo, brand name, manufacturer marking, watermark, printed label, people, hands, faces, multiple products, cluttered background, props, distorted geometry, extra parts, cartoon, illustration, CGI look, blur, low resolution;текст, буквы, цифры, логотип, бренд, заводская маркировка, водяной знак, этикетка с надписями, люди, руки, лица, несколько предметов, захламленный фон, реквизит, искаженная геометрия, лишние детали, мультяшный стиль, иллюстрация, вид 3D-рендера, размытие, низкое разрешение;генерация;"Генерация по промпту; за основу — готовый снимок кадра F00073 (тот же ракурс, свет, фон), меняется только отличие подкадра.";photos/F00073-e.webp
F00073-f;F00073;2;1698;Редукторы;Редуктор коническо-цилиндрический;редуктор коническо-цилиндрический;"оси — угловой; габариты высота до 150 мм (малый); выходной вал — полый";угловой;высота до 150 мм (малый);полый;;свой снимок;86;"Фотореалистичная предметная фотография для каталога. Подкадр F00073-f (86 из 1894 позиций кадра F00073). Отличие от соседних подкадров: оси — угловой; габариты высота до 150 мм (малый); выходной вал — полый. Что в кадре: редуктор коническо-цилиндрический, угловой, габариты высота до 150 мм (малый), полый. Как выглядит: редуктор: литой чугунный или алюминиевый корпус (окраска по данным, типично серая или синяя), входной и выходной валы, лапы или фланец, пробки маслозаливного отверстия. По данным позиций кадра: материал корпуса — сплав алюминиевый; тип — редуктор; передача — коническо-цилиндрический. Масштаб: габариты около 247×110×147 мм (медиана по позициям) — размером примерно с обувную коробку. Ракурс и композиция: 3/4 немного сверху, изделие целиком по центру, занимает около 70 % кадра. Фон: светлый нейтральный бесшовный #F4F6F9 без текстуры и горизонта. Свет: мягкий студийный из большого софтбокса, мягкая тень под предметом, резкость по всему предмету. Не должно быть: чужих логотипов, названий заводов и брендов, водяных знаков, надписей и любого текста, людей и рук, лишних предметов. Итог: квадрат 1200×1200 px, WebP.";"Photorealistic catalog product photo. Distinctive for this variant: shaft arrangement angle; under 150 mm tall, small. Bevel-helical gearbox. Gearbox, cast iron or aluminium housing, input and output shafts, feet or flange, oil plugs. Housing material: aluminium; type: gearbox; gearing: bevel-helical. Scale: about 247 x 110 x 147 mm, about shoebox size. Three-quarter view from slightly above, whole item centred, filling about 70% of the frame. Plain seamless light neutral background #F4F6F9, no texture, no horizon line. Soft large-softbox studio lighting, soft contact shadow underneath, sharp focus across the whole item, photorealistic e-commerce catalog product photo, high detail, 85mm lens look, square 1:1, 1200x1200.";text, letters, numbers, logo, brand name, manufacturer marking, watermark, printed label, people, hands, faces, multiple products, cluttered background, props, distorted geometry, extra parts, cartoon, illustration, CGI look, blur, low resolution;текст, буквы, цифры, логотип, бренд, заводская маркировка, водяной знак, этикетка с надписями, люди, руки, лица, несколько предметов, захламленный фон, реквизит, искаженная геометрия, лишние детали, мультяшный стиль, иллюстрация, вид 3D-рендера, размытие, низкое разрешение;генерация;"Генерация по промпту; за основу — готовый снимок кадра F00073 (тот же ракурс, свет, фон), меняется только отличие подкадра.";photos/F00073-f.webp
F00073-g;F00073;2;1892;Редукторы;Редуктор коническо-цилиндрический;редуктор коническо-цилиндрический;"оси — угловой; габариты высота 300–500 мм; выходной вал — цилиндрический";угловой;высота 300–500 мм;цилиндрический;;свой снимок;78;"Фотореалистичная предметная фотография для каталога. Подкадр F00073-g (78 из 1894 позиций кадра F00073). Отличие от соседних подкадров: оси — угловой; габариты высота 300–500 мм; выходной вал — цилиндрический. Что в кадре: редуктор коническо-цилиндрический, угловой, габариты высота 300–500 мм. Как выглядит: редуктор: литой чугунный или алюминиевый корпус (окраска по данным, типично серая или синяя), входной и выходной валы, лапы или фланец, пробки маслозаливного отверстия. По данным позиций кадра: материал корпуса — чугун; тип — редуктор; передача — коническо-цилиндрический. Масштаб: габариты около 555×350×330 мм (медиана по позициям) — крупное изделие, до метра. Ракурс и композиция: 3/4 немного сверху, изделие целиком по центру, занимает около 70 % кадра. Фон: светлый нейтральный бесшовный #F4F6F9 без текстуры и горизонта. Свет: мягкий студийный из большого софтбокса, мягкая тень под предметом, резкость по всему предмету. Не должно быть: чужих логотипов, названий заводов и брендов, водяных знаков, надписей и любого текста, людей и рук, лишних предметов. Итог: квадрат 1200×1200 px, WebP.";"Photorealistic catalog product photo. Distinctive for this variant: shaft arrangement angle; 300-500 mm tall; output shaft cylindrical. Bevel-helical gearbox. Gearbox, cast iron or aluminium housing, input and output shafts, feet or flange, oil plugs. Housing material: cast iron; type: gearbox; gearing: bevel-helical. Scale: about 555 x 350 x 330 mm, large item, up to one metre. Three-quarter view from slightly above, whole item centred, filling about 70% of the frame. Plain seamless light neutral background #F4F6F9, no texture, no horizon line. Soft large-softbox studio lighting, soft contact shadow underneath, sharp focus across the whole item, photorealistic e-commerce catalog product photo, high detail, 85mm lens look, square 1:1, 1200x1200.";text, letters, numbers, logo, brand name, manufacturer marking, watermark, printed label, people, hands, faces, multiple products, cluttered background, props, distorted geometry, extra parts, cartoon, illustration, CGI look, blur, low resolution;текст, буквы, цифры, логотип, бренд, заводская маркировка, водяной знак, этикетка с надписями, люди, руки, лица, несколько предметов, захламленный фон, реквизит, искаженная геометрия, лишние детали, мультяшный стиль, иллюстрация, вид 3D-рендера, размытие, низкое разрешение;генерация;"Генерация по промпту; за основу — готовый снимок кадра F00073 (тот же ракурс, свет, фон), меняется только отличие подкадра.";photos/F00073-g.webp
F00073-h;F00073;2;3447;Редукторы;Редуктор коническо-цилиндрический;редуктор коническо-цилиндрический;"оси — угловой; габариты высота 150–300 мм";угловой;высота 150–300 мм;;;свой снимок;45;"Фотореалистичная предметная фотография для каталога. Подкадр F00073-h (45 из 1894 позиций кадра F00073). Отличие от соседних подкадров: оси — угловой; габариты высота 150–300 мм. Что в кадре: редуктор коническо-цилиндрический, угловой, габариты высота 150–300 мм. Как выглядит: редуктор: литой чугунный или алюминиевый корпус (окраска по данным, типично серая или синяя), входной и выходной валы, лапы или фланец, пробки маслозаливного отверстия. По данным позиций кадра: материал корпуса — сплав алюминиевый; тип — редуктор; передача — коническо-цилиндрический. Масштаб: габариты около 190×125×200 мм (медиана по позициям) — размером примерно с обувную коробку. Ракурс и композиция: 3/4 немного сверху, изделие целиком по центру, занимает около 70 % кадра. Фон: светлый нейтральный бесшовный #F4F6F9 без текстуры и горизонта. Свет: мягкий студийный из большого софтбокса, мягкая тень под предметом, резкость по всему предмету. Не должно быть: чужих логотипов, названий заводов и брендов, водяных знаков, надписей и любого текста, людей и рук, лишних предметов. Итог: квадрат 1200×1200 px, WebP.";"Photorealistic catalog product photo. Distinctive for this variant: shaft arrangement angle; 150-300 mm tall. Bevel-helical gearbox. Gearbox, cast iron or aluminium housing, input and output shafts, feet or flange, oil plugs. Housing material: aluminium; type: gearbox; gearing: bevel-helical. Scale: about 190 x 125 x 200 mm, about shoebox size. Three-quarter view from slightly above, whole item centred, filling about 70% of the frame. Plain seamless light neutral background #F4F6F9, no texture, no horizon line. Soft large-softbox studio lighting, soft contact shadow underneath, sharp focus across the whole item, photorealistic e-commerce catalog product photo, high detail, 85mm lens look, square 1:1, 1200x1200.";text, letters, numbers, logo, brand name, manufacturer marking, watermark, printed label, people, hands, faces, multiple products, cluttered background, props, distorted geometry, extra parts, cartoon, illustration, CGI look, blur, low resolution;текст, буквы, цифры, логотип, бренд, заводская маркировка, водяной знак, этикетка с надписями, люди, руки, лица, несколько предметов, захламленный фон, реквизит, искаженная геометрия, лишние детали, мультяшный стиль, иллюстрация, вид 3D-рендера, размытие, низкое разрешение;генерация;"Генерация по промпту; за основу — готовый снимок кадра F00073 (тот же ракурс, свет, фон), меняется только отличие подкадра.";photos/F00073-h.webp
F00073-i;F00073;2;6152;Редукторы;Редуктор коническо-цилиндрический;редуктор коническо-цилиндрический;"оси — угловой; габариты высота 500–800 мм; у позиций разные: выходной вал";угловой;высота 500–800 мм;;;свой снимок;26;"Фотореалистичная предметная фотография для каталога. Подкадр F00073-i (26 из 1894 позиций кадра F00073). Отличие от соседних подкадров: оси — угловой; габариты высота 500–800 мм; у позиций разные: выходной вал. Что в кадре: редуктор коническо-цилиндрический, угловой, габариты высота 500–800 мм. Как выглядит: редуктор: литой чугунный или алюминиевый корпус (окраска по данным, типично серая или синяя), входной и выходной валы, лапы или фланец, пробки маслозаливного отверстия. По данным позиций кадра: материал корпуса — чугун; тип — редуктор; передача — конический, цилиндрический. Масштаб: габариты около 1300×450×607 мм (медиана по позициям) — крупное оборудование ростом примерно с человека. Ракурс и композиция: 3/4 немного сверху, изделие целиком по центру, занимает около 70 % кадра. Фон: светлый нейтральный бесшовный #F4F6F9 без текстуры и горизонта. Свет: мягкий студийный из большого софтбокса, мягкая тень под предметом, резкость по всему предмету. Не должно быть: чужих логотипов, названий заводов и брендов, водяных знаков, надписей и любого текста, людей и рук, лишних предметов. Итог: квадрат 1200×1200 px, WebP.";"Photorealistic catalog product photo. Distinctive for this variant: shaft arrangement angle; 500-800 mm tall, large. Bevel-helical gearbox. Gearbox, cast iron or aluminium housing, input and output shafts, feet or flange, oil plugs. Housing material: cast iron; type: gearbox; gearing: cylindrical tapered. Scale: about 1300 x 450 x 607 mm, large equipment, about human height. Three-quarter view from slightly above, whole item centred, filling about 70% of the frame. Plain seamless light neutral background #F4F6F9, no texture, no horizon line. Soft large-softbox studio lighting, soft contact shadow underneath, sharp focus across the whole item, photorealistic e-commerce catalog product photo, high detail, 85mm lens look, square 1:1, 1200x1200.";text, letters, numbers, logo, brand name, manufacturer marking, watermark, printed label, people, hands, faces, multiple products, cluttered background, props, distorted geometry, extra parts, cartoon, illustration, CGI look, blur, low resolution;текст, буквы, цифры, логотип, бренд, заводская маркировка, водяной знак, этикетка с надписями, люди, руки, лица, несколько предметов, захламленный фон, реквизит, искаженная геометрия, лишние детали, мультяшный стиль, иллюстрация, вид 3D-рендера, размытие, низкое разрешение;генерация;"Генерация по промпту; за основу — готовый снимок кадра F00073 (тот же ракурс, свет, фон), меняется только отличие подкадра.";photos/F00073-i.webp
F00073-j;F00073;3;10326;Редукторы;Редуктор коническо-цилиндрический;редуктор коническо-цилиндрический;"оси — угловой; габариты высота больше 800 мм";угловой;высота больше 800 мм;;;свой снимок;15;"Фотореалистичная предметная фотография для каталога. Подкадр F00073-j (15 из 1894 позиций кадра F00073). Отличие от соседних подкадров: оси — угловой; габариты высота больше 800 мм. Что в кадре: редуктор коническо-цилиндрический, угловой, габариты высота больше 800 мм. Как выглядит: редуктор: литой чугунный или алюминиевый корпус (окраска по данным, типично серая или синяя), входной и выходной валы, лапы или фланец, пробки маслозаливного отверстия. По данным позиций кадра: материал корпуса — чугун; тип — редуктор; передача — конический, цилиндрический. Масштаб: габариты около 2482×690×956 мм (медиана по позициям) — крупное оборудование ростом примерно с человека. Ракурс и композиция: 3/4 немного сверху, изделие целиком по центру, занимает около 70 % кадра. Фон: светлый нейтральный бесшовный #F4F6F9 без текстуры и горизонта. Свет: мягкий студийный из большого софтбокса, мягкая тень под предметом, резкость по всему предмету. Не должно быть: чужих логотипов, названий заводов и брендов, водяных знаков, надписей и любого текста, людей и рук, лишних предметов. Итог: квадрат 1200×1200 px, WebP.";"Photorealistic catalog product photo. Distinctive for this variant: shaft arrangement angle; over 800 mm tall, very large. Bevel-helical gearbox. Gearbox, cast iron or aluminium housing, input and output shafts, feet or flange, oil plugs. Housing material: cast iron; type: gearbox; gearing: cylindrical tapered. Scale: about 2482 x 690 x 956 mm, large equipment, about human height. Three-quarter view from slightly above, whole item centred, filling about 70% of the frame. Plain seamless light neutral background #F4F6F9, no texture, no horizon line. Soft large-softbox studio lighting, soft contact shadow underneath, sharp focus across the whole item, photorealistic e-commerce catalog product photo, high detail, 85mm lens look, square 1:1, 1200x1200.";text, letters, numbers, logo, brand name, manufacturer marking, watermark, printed label, people, hands, faces, multiple products, cluttered background, props, distorted geometry, extra parts, cartoon, illustration, CGI look, blur, low resolution;текст, буквы, цифры, логотип, бренд, заводская маркировка, водяной знак, этикетка с надписями, люди, руки, лица, несколько предметов, захламленный фон, реквизит, искаженная геометрия, лишние детали, мультяшный стиль, иллюстрация, вид 3D-рендера, размытие, низкое разрешение;генерация;"Генерация по промпту; за основу — готовый снимок кадра F00073 (тот же ракурс, свет, фон), меняется только отличие подкадра.";photos/F00073-j.webp
F00073-k;F00073;4;25137;Редукторы;Редуктор коническо-цилиндрический;редуктор коническо-цилиндрический;"оси — угловой; габариты высота 300–500 мм";угловой;высота 300–500 мм;;;свой снимок;5;"Фотореалистичная предметная фотография для каталога. Подкадр F00073-k (5 из 1894 позиций кадра F00073). Отличие от соседних подкадров: оси — угловой; габариты высота 300–500 мм. Что в кадре: редуктор коническо-цилиндрический, угловой, габариты высота 300–500 мм. Как выглядит: редуктор: литой чугунный или алюминиевый корпус (окраска по данным, типично серая или синяя), входной и выходной валы, лапы или фланец, пробки маслозаливного отверстия. По данным позиций кадра: материал корпуса — чугун; тип — редуктор; передача — конический, цилиндрический. Масштаб: габариты около 900×300×435 мм (медиана по позициям) — крупное изделие, до метра. Ракурс и композиция: 3/4 немного сверху, изделие целиком по центру, занимает около 70 % кадра. Фон: светлый нейтральный бесшовный #F4F6F9 без текстуры и горизонта. Свет: мягкий студийный из большого софтбокса, мягкая тень под предметом, резкость по всему предмету. Не должно быть: чужих логотипов, названий заводов и брендов, водяных знаков, надписей и любого текста, людей и рук, лишних предметов. Итог: квадрат 1200×1200 px, WebP.";"Photorealistic catalog product photo. Distinctive for this variant: shaft arrangement angle; 300-500 mm tall. Bevel-helical gearbox. Gearbox, cast iron or aluminium housing, input and output shafts, feet or flange, oil plugs. Housing material: cast iron; type: gearbox; gearing: cylindrical tapered. Scale: about 900 x 300 x 435 mm, large item, up to one metre. Three-quarter view from slightly above, whole item centred, filling about 70% of the frame. Plain seamless light neutral background #F4F6F9, no texture, no horizon line. Soft large-softbox studio lighting, soft contact shadow underneath, sharp focus across the whole item, photorealistic e-commerce catalog product photo, high detail, 85mm lens look, square 1:1, 1200x1200.";text, letters, numbers, logo, brand name, manufacturer marking, watermark, printed label, people, hands, faces, multiple products, cluttered background, props, distorted geometry, extra parts, cartoon, illustration, CGI look, blur, low resolution;текст, буквы, цифры, логотип, бренд, заводская маркировка, водяной знак, этикетка с надписями, люди, руки, лица, несколько предметов, захламленный фон, реквизит, искаженная геометрия, лишние детали, мультяшный стиль, иллюстрация, вид 3D-рендера, размытие, низкое разрешение;генерация;"Генерация по промпту; за основу — готовый снимок кадра F00073 (тот же ракурс, свет, фон), меняется только отличие подкадра.";photos/F00073-k.webp
F00073-l;F00073;5;28716;Редукторы;Редуктор коническо-цилиндрический;редуктор коническо-цилиндрический;прочие позиции кадра;;;;;прочие позиции кадра — снимок кадра;1;"Фотореалистичная предметная фотография для каталога. Подкадр F00073-l — прочие позиции кадра F00073 (1 из 1894), у которых нет общего заметного отличия от остальных 11 подкадров кадра; снимок как у кадра F00073. Что в кадре: редуктор коническо-цилиндрический, соосный, угловой, габариты высота 150–300 мм, полый. Как выглядит: редуктор: литой чугунный или алюминиевый корпус (окраска по данным, типично серая или синяя), входной и выходной валы, лапы или фланец, пробки маслозаливного отверстия. По данным позиций кадра: материал корпуса — чугун; тип — редуктор; передача — коническо-цилиндрический. Масштаб: габариты около 183×228 мм (медиана по позициям) — размером примерно с обувную коробку. Ракурс и композиция: 3/4 немного сверху, изделие целиком по центру, занимает около 70 % кадра. Фон: светлый нейтральный бесшовный #F4F6F9 без текстуры и горизонта. Свет: мягкий студийный из большого софтбокса, мягкая тень под предметом, резкость по всему предмету. Не должно быть: чужих логотипов, названий заводов и брендов, водяных знаков, надписей и любого текста, людей и рук, лишних предметов. Итог: квадрат 1200×1200 px, WebP.";"Photorealistic catalog product photo. Bevel-helical gearbox. Gearbox, cast iron or aluminium housing, input and output shafts, feet or flange, oil plugs. Housing material: cast iron; type: gearbox; gearing: bevel-helical. Scale: about 183 x 228 mm, about shoebox size. Three-quarter view from slightly above, whole item centred, filling about 70% of the frame. Plain seamless light neutral background #F4F6F9, no texture, no horizon line. Soft large-softbox studio lighting, soft contact shadow underneath, sharp focus across the whole item, photorealistic e-commerce catalog product photo, high detail, 85mm lens look, square 1:1, 1200x1200.";text, letters, numbers, logo, brand name, manufacturer marking, watermark, printed label, people, hands, faces, multiple products, cluttered background, props, distorted geometry, extra parts, cartoon, illustration, CGI look, blur, low resolution;текст, буквы, цифры, логотип, бренд, заводская маркировка, водяной знак, этикетка с надписями, люди, руки, лица, несколько предметов, захламленный фон, реквизит, искаженная геометрия, лишние детали, мультяшный стиль, иллюстрация, вид 3D-рендера, размытие, низкое разрешение;снимок кадра;Отдельный снимок не нужен: на эти позиции встает снимок кадра F00073 (файл photos/F00073.webp).;— (используется photos/F00073.webp)
F00116-a;F00116;1;191;Редукторы;Редуктор насадной;редуктор насадной;"оси — соосный; габариты высота 300–500 мм";соосный;высота 300–500 мм;полый;;свой снимок;611;"Фотореалистичная предметная фотография для каталога. Подкадр F00116-a (611 из 1229 позиций кадра F00116). Отличие от соседних подкадров: оси — соосный; габариты высота 300–500 мм. Что в кадре: редуктор насадной, соосный, габариты высота 300–500 мм. Как выглядит: редуктор: литой чугунный или алюминиевый корпус (окраска по данным, типично серая или синяя), входной и выходной валы, лапы или фланец, пробки маслозаливного отверстия. По данным позиций кадра: материал корпуса — чугун; тип — редуктор; передача — цилиндрический. Масштаб: габариты около 219×260×436 мм (медиана по позициям) — размером примерно с обувную коробку. Ракурс и композиция: 3/4 немного сверху, изделие целиком по центру, занимает около 70 % кадра. Фон: светлый нейтральный бесшовный #F4F6F9 без текстуры и горизонта. Свет: мягкий студийный из большого софтбокса, мягкая тень под предметом, резкость по всему предмету. Не должно быть: чужих логотипов, названий заводов и брендов, водяных знаков, надписей и любого текста, людей и рук, лишних предметов. Итог: квадрат 1200×1200 px, WebP.";"Photorealistic catalog product photo. Distinctive for this variant: 300-500 mm tall. Shaft-mounted gearbox. Gearbox, cast iron or aluminium housing, input and output shafts, feet or flange, oil plugs. Housing material: cast iron; type: gearbox; gearing: cylindrical. Scale: about 219 x 260 x 436 mm, about shoebox size. Three-quarter view from slightly above, whole item centred, filling about 70% of the frame. Plain seamless light neutral background #F4F6F9, no texture, no horizon line. Soft large-softbox studio lighting, soft contact shadow underneath, sharp focus across the whole item, photorealistic e-commerce catalog product photo, high detail, 85mm lens look, square 1:1, 1200x1200.";text, letters, numbers, logo, brand name, manufacturer marking, watermark, printed label, people, hands, faces, multiple products, cluttered background, props, distorted geometry, extra parts, cartoon, illustration, CGI look, blur, low resolution;текст, буквы, цифры, логотип, бренд, заводская маркировка, водяной знак, этикетка с надписями, люди, руки, лица, несколько предметов, захламленный фон, реквизит, искаженная геометрия, лишние детали, мультяшный стиль, иллюстрация, вид 3D-рендера, размытие, низкое разрешение;генерация;"Генерация по промпту; за основу — готовый снимок кадра F00116 (тот же ракурс, свет, фон), меняется только отличие подкадра.";photos/F00116-a.webp
F00116-b;F00116;1;426;Редукторы;Редуктор насадной;редуктор насадной;"оси — параллельный; габариты высота 300–500 мм";параллельный;высота 300–500 мм;полый;;свой снимок;294;"Фотореалистичная предметная фотография для каталога. Подкадр F00116-b (294 из 1229 позиций кадра F00116). Отличие от соседних подкадров: оси — параллельный; габариты высота 300–500 мм. Что в кадре: редуктор насадной, параллельный, габариты высота 300–500 мм. Как выглядит: редуктор: литой чугунный или алюминиевый корпус (окраска по данным, типично серая или синяя), входной и выходной валы, лапы или фланец, пробки маслозаливного отверстия. По данным позиций кадра: материал корпуса — сплав алюминиевый; тип — редуктор; передача — цилиндрический. Масштаб: габариты около 256×200×316 мм (медиана по позициям) — размером примерно с обувную коробку. Ракурс и композиция: 3/4 немного сверху, изделие целиком по центру, занимает около 70 % кадра. Фон: светлый нейтральный бесшовный #F4F6F9 без текстуры и горизонта. Свет: мягкий студийный из большого софтбокса, мягкая тень под предметом, резкость по всему предмету. Не должно быть: чужих логотипов, названий заводов и брендов, водяных знаков, надписей и любого текста, людей и рук, лишних предметов. Итог: квадрат 1200×1200 px, WebP.";"Photorealistic catalog product photo. Distinctive for this variant: 300-500 mm tall. Shaft-mounted gearbox. Gearbox, cast iron or aluminium housing, input and output shafts, feet or flange, oil plugs. Housing material: aluminium; type: gearbox; gearing: cylindrical. Scale: about 256 x 200 x 316 mm, about shoebox size. Three-quarter view from slightly above, whole item centred, filling about 70% of the frame. Plain seamless light neutral background #F4F6F9, no texture, no horizon line. Soft large-softbox studio lighting, soft contact shadow underneath, sharp focus across the whole item, photorealistic e-commerce catalog product photo, high detail, 85mm lens look, square 1:1, 1200x1200.";text, letters, numbers, logo, brand name, manufacturer marking, watermark, printed label, people, hands, faces, multiple products, cluttered background, props, distorted geometry, extra parts, cartoon, illustration, CGI look, blur, low resolution;текст, буквы, цифры, логотип, бренд, заводская маркировка, водяной знак, этикетка с надписями, люди, руки, лица, несколько предметов, захламленный фон, реквизит, искаженная геометрия, лишние детали, мультяшный стиль, иллюстрация, вид 3D-рендера, размытие, низкое разрешение;генерация;"Генерация по промпту; за основу — готовый снимок кадра F00116 (тот же ракурс, свет, фон), меняется только отличие подкадра.";photos/F00116-b.webp
F00116-c;F00116;1;755;Редукторы;Редуктор насадной;редуктор насадной;"оси — соосный; габариты высота 500–800 мм";соосный;высота 500–800 мм;полый;;свой снимок;180;"Фотореалистичная предметная фотография для каталога. Подкадр F00116-c (180 из 1229 позиций кадра F00116). Отличие от соседних подкадров: оси — соосный; габариты высота 500–800 мм. Что в кадре: редуктор насадной, соосный, габариты высота 500–800 мм. Как выглядит: редуктор: литой чугунный или алюминиевый корпус (окраска по данным, типично серая или синяя), входной и выходной валы, лапы или фланец, пробки маслозаливного отверстия. По данным позиций кадра: материал корпуса — чугун; тип — редуктор; передача — цилиндрический. Масштаб: габариты около 259×330×559 мм (медиана по позициям) — крупное изделие, до метра. Ракурс и композиция: 3/4 немного сверху, изделие целиком по центру, занимает около 70 % кадра. Фон: светлый нейтральный бесшовный #F4F6F9 без текстуры и горизонта. Свет: мягкий студийный из большого софтбокса, мягкая тень под предметом, резкость по всему предмету. Не должно быть: чужих логотипов, названий заводов и брендов, водяных знаков, надписей и любого текста, людей и рук, лишних предметов. Итог: квадрат 1200×1200 px, WebP.";"Photorealistic catalog product photo. Distinctive for this variant: 500-800 mm tall, large. Shaft-mounted gearbox. Gearbox, cast iron or aluminium housing, input and output shafts, feet or flange, oil plugs. Housing material: cast iron; type: gearbox; gearing: cylindrical. Scale: about 259 x 330 x 559 mm, large item, up to one metre. Three-quarter view from slightly above, whole item centred, filling about 70% of the frame. Plain seamless light neutral background #F4F6F9, no texture, no horizon line. Soft large-softbox studio lighting, soft contact shadow underneath, sharp focus across the whole item, photorealistic e-commerce catalog product photo, high detail, 85mm lens look, square 1:1, 1200x1200.";text, letters, numbers, logo, brand name, manufacturer marking, watermark, printed label, people, hands, faces, multiple products, cluttered background, props, distorted geometry, extra parts, cartoon, illustration, CGI look, blur, low resolution;текст, буквы, цифры, логотип, бренд, заводская маркировка, водяной знак, этикетка с надписями, люди, руки, лица, несколько предметов, захламленный фон, реквизит, искаженная геометрия, лишние детали, мультяшный стиль, иллюстрация, вид 3D-рендера, размытие, низкое разрешение;генерация;"Генерация по промпту; за основу — готовый снимок кадра F00116 (тот же ракурс, свет, фон), меняется только отличие подкадра.";photos/F00116-c.webp
F00116-d;F00116;1;956;Редукторы;Редуктор насадной;редуктор насадной;"оси — параллельный; габариты высота 150–300 мм";параллельный;высота 150–300 мм;полый;;свой снимок;144;"Фотореалистичная предметная фотография для каталога. Подкадр F00116-d (144 из 1229 позиций кадра F00116). Отличие от соседних подкадров: оси — параллельный; габариты высота 150–300 мм. Что в кадре: редуктор насадной, параллельный, габариты высота 150–300 мм. Как выглядит: редуктор: литой чугунный или алюминиевый корпус (окраска по данным, типично серая или синяя), входной и выходной валы, лапы или фланец, пробки маслозаливного отверстия. По данным позиций кадра: материал корпуса — сплав алюминиевый; тип — редуктор; передача — цилиндрический. Масштаб: габариты около 185×178×269 мм (медиана по позициям) — размером примерно с обувную коробку. Ракурс и композиция: 3/4 немного сверху, изделие целиком по центру, занимает около 70 % кадра. Фон: светлый нейтральный бесшовный #F4F6F9 без текстуры и горизонта. Свет: мягкий студийный из большого софтбокса, мягкая тень под предметом, резкость по всему предмету. Не должно быть: чужих логотипов, названий заводов и брендов, водяных знаков, надписей и любого текста, людей и рук, лишних предметов. Итог: квадрат 1200×1200 px, WebP.";"Photorealistic catalog product photo. Distinctive for this variant: 150-300 mm tall. Shaft-mounted gearbox. Gearbox, cast iron or aluminium housing, input and output shafts, feet or flange, oil plugs. Housing material: aluminium; type: gearbox; gearing: cylindrical. Scale: about 185 x 178 x 269 mm, about shoebox size. Three-quarter view from slightly above, whole item centred, filling about 70% of the frame. Plain seamless light neutral background #F4F6F9, no texture, no horizon line. Soft large-softbox studio lighting, soft contact shadow underneath, sharp focus across the whole item, photorealistic e-commerce catalog product photo, high detail, 85mm lens look, square 1:1, 1200x1200.";text, letters, numbers, logo, brand name, manufacturer marking, watermark, printed label, people, hands, faces, multiple products, cluttered background, props, distorted geometry, extra parts, cartoon, illustration, CGI look, blur, low resolution;текст, буквы, цифры, логотип, бренд, заводская маркировка, водяной знак, этикетка с надписями, люди, руки, лица, несколько предметов, захламленный фон, реквизит, искаженная геометрия, лишние детали, мультяшный стиль, иллюстрация, вид 3D-рендера, размытие, низкое разрешение;генерация;"Генерация по промпту; за основу — готовый снимок кадра F00116 (тот же ракурс, свет, фон), меняется только отличие подкадра.";photos/F00116-d.webp
F00184-a;F00184;1;331;Редукторы;Мотор-редуктор цилиндрический;мотор-редуктор цилиндрический;"оси — соосный; габариты высота 300–500 мм; у позиций разные: выходной вал";соосный;высота 300–500 мм;;;свой снимок;367;"Фотореалистичная предметная фотография для каталога. Подкадр F00184-a (367 из 793 позиций кадра F00184). Отличие от соседних подкадров: оси — соосный; габариты высота 300–500 мм; у позиций разные: выходной вал. Что в кадре: мотор-редуктор цилиндрический, соосный, габариты высота 300–500 мм. Как выглядит: мотор-редуктор: электродвигатель с ребристым корпусом, соединенный с корпусом редуктора; выходной вал или полый вал, лапы или фланец. По данным позиций кадра: материал корпуса — чугун; тип — цилиндрический; передача — цилиндрический. Масштаб: габариты около 695×280×400 мм (медиана по позициям) — крупное изделие, до метра. Ракурс и композиция: 3/4 немного сверху, изделие целиком по центру, занимает около 70 % кадра. Фон: светлый нейтральный бесшовный #F4F6F9 без текстуры и горизонта. Свет: мягкий студийный из большого софтбокса, мягкая тень под предметом, резкость по всему предмету. Не должно быть: чужих логотипов, названий заводов и брендов, водяных знаков, надписей и любого текста, людей и рук, лишних предметов. Итог: квадрат 1200×1200 px, WebP.";"Photorealistic catalog product photo. Distinctive for this variant: 300-500 mm tall. Cylindrical geared motor. Gear motor, ribbed electric motor joined to a gearbox housing, output shaft, feet or flange. Housing material: cast iron; type: cylindrical; gearing: cylindrical. Scale: about 695 x 280 x 400 mm, large item, up to one metre. Three-quarter view from slightly above, whole item centred, filling about 70% of the frame. Plain seamless light neutral background #F4F6F9, no texture, no horizon line. Soft large-softbox studio lighting, soft contact shadow underneath, sharp focus across the whole item, photorealistic e-commerce catalog product photo, high detail, 85mm lens look, square 1:1, 1200x1200.";text, letters, numbers, logo, brand name, manufacturer marking, watermark, printed label, people, hands, faces, multiple products, cluttered background, props, distorted geometry, extra parts, cartoon, illustration, CGI look, blur, low resolution;текст, буквы, цифры, логотип, бренд, заводская маркировка, водяной знак, этикетка с надписями, люди, руки, лица, несколько предметов, захламленный фон, реквизит, искаженная геометрия, лишние детали, мультяшный стиль, иллюстрация, вид 3D-рендера, размытие, низкое разрешение;генерация;"Генерация по промпту; за основу — готовый снимок кадра F00184 (тот же ракурс, свет, фон), меняется только отличие подкадра.";photos/F00184-a.webp
F00184-b;F00184;1;454;Редукторы;Мотор-редуктор цилиндрический;мотор-редуктор цилиндрический;"оси — соосный; габариты высота 150–300 мм";соосный;высота 150–300 мм;;;свой снимок;279;"Фотореалистичная предметная фотография для каталога. Подкадр F00184-b (279 из 793 позиций кадра F00184). Отличие от соседних подкадров: оси — соосный; габариты высота 150–300 мм. Что в кадре: мотор-редуктор цилиндрический, соосный, габариты высота 150–300 мм. Как выглядит: мотор-редуктор: электродвигатель с ребристым корпусом, соединенный с корпусом редуктора; выходной вал или полый вал, лапы или фланец. По данным позиций кадра: материал корпуса — чугун; тип — цилиндрический; передача — цилиндрический. Масштаб: габариты около 487×185×255 мм (медиана по позициям) — крупное изделие, до метра. Ракурс и композиция: 3/4 немного сверху, изделие целиком по центру, занимает около 70 % кадра. Фон: светлый нейтральный бесшовный #F4F6F9 без текстуры и горизонта. Свет: мягкий студийный из большого софтбокса, мягкая тень под предметом, резкость по всему предмету. Не должно быть: чужих логотипов, названий заводов и брендов, водяных знаков, надписей и любого текста, людей и рук, лишних предметов. Итог: квадрат 1200×1200 px, WebP.";"Photorealistic catalog product photo. Distinctive for this variant: 150-300 mm tall. Cylindrical geared motor. Gear motor, ribbed electric motor joined to a gearbox housing, output shaft, feet or flange. Housing material: cast iron; type: cylindrical; gearing: cylindrical. Scale: about 487 x 185 x 255 mm, large item, up to one metre. Three-quarter view from slightly above, whole item centred, filling about 70% of the frame. Plain seamless light neutral background #F4F6F9, no texture, no horizon line. Soft large-softbox studio lighting, soft contact shadow underneath, sharp focus across the whole item, photorealistic e-commerce catalog product photo, high detail, 85mm lens look, square 1:1, 1200x1200.";text, letters, numbers, logo, brand name, manufacturer marking, watermark, printed label, people, hands, faces, multiple products, cluttered background, props, distorted geometry, extra parts, cartoon, illustration, CGI look, blur, low resolution;текст, буквы, цифры, логотип, бренд, заводская маркировка, водяной знак, этикетка с надписями, люди, руки, лица, несколько предметов, захламленный фон, реквизит, искаженная геометрия, лишние детали, мультяшный стиль, иллюстрация, вид 3D-рендера, размытие, низкое разрешение;генерация;"Генерация по промпту; за основу — готовый снимок кадра F00184 (тот же ракурс, свет, фон), меняется только отличие подкадра.";photos/F00184-b.webp
F00184-c;F00184;2;2238;Редукторы;Мотор-редуктор цилиндрический;мотор-редуктор цилиндрический;"оси — соосный; габариты высота 500–800 мм; у позиций разные: выходной вал";соосный;высота 500–800 мм;;;свой снимок;67;"Фотореалистичная предметная фотография для каталога. Подкадр F00184-c (67 из 793 позиций кадра F00184). Отличие от соседних подкадров: оси — соосный; габариты высота 500–800 мм; у позиций разные: выходной вал. Что в кадре: мотор-редуктор цилиндрический, соосный, габариты высота 500–800 мм. Как выглядит: мотор-редуктор: электродвигатель с ребристым корпусом, соединенный с корпусом редуктора; выходной вал или полый вал, лапы или фланец. По данным позиций кадра: материал корпуса — чугун; тип — цилиндрический; передача — цилиндрический. Масштаб: габариты около 870×360×520 мм (медиана по позициям) — крупное изделие, до метра. Ракурс и композиция: 3/4 немного сверху, изделие целиком по центру, занимает около 70 % кадра. Фон: светлый нейтральный бесшовный #F4F6F9 без текстуры и горизонта. Свет: мягкий студийный из большого софтбокса, мягкая тень под предметом, резкость по всему предмету. Не должно быть: чужих логотипов, названий заводов и брендов, водяных знаков, надписей и любого текста, людей и рук, лишних предметов. Итог: квадрат 1200×1200 px, WebP.";"Photorealistic catalog product photo. Distinctive for this variant: 500-800 mm tall, large. Cylindrical geared motor. Gear motor, ribbed electric motor joined to a gearbox housing, output shaft, feet or flange. Housing material: cast iron; type: cylindrical; gearing: cylindrical. Scale: about 870 x 360 x 520 mm, large item, up to one metre. Three-quarter view from slightly above, whole item centred, filling about 70% of the frame. Plain seamless light neutral background #F4F6F9, no texture, no horizon line. Soft large-softbox studio lighting, soft contact shadow underneath, sharp focus across the whole item, photorealistic e-commerce catalog product photo, high detail, 85mm lens look, square 1:1, 1200x1200.";text, letters, numbers, logo, brand name, manufacturer marking, watermark, printed label, people, hands, faces, multiple products, cluttered background, props, distorted geometry, extra parts, cartoon, illustration, CGI look, blur, low resolution;текст, буквы, цифры, логотип, бренд, заводская маркировка, водяной знак, этикетка с надписями, люди, руки, лица, несколько предметов, захламленный фон, реквизит, искаженная геометрия, лишние детали, мультяшный стиль, иллюстрация, вид 3D-рендера, размытие, низкое разрешение;генерация;"Генерация по промпту; за основу — готовый снимок кадра F00184 (тот же ракурс, свет, фон), меняется только отличие подкадра.";photos/F00184-c.webp
F00184-d;F00184;2;5761;Редукторы;Мотор-редуктор цилиндрический;мотор-редуктор цилиндрический;"оси — соосный; габариты высота до 150 мм (малый); выходной вал — полый";соосный;высота до 150 мм (малый);полый;;свой снимок;28;"Фотореалистичная предметная фотография для каталога. Подкадр F00184-d (28 из 793 позиций кадра F00184). Отличие от соседних подкадров: оси — соосный; габариты высота до 150 мм (малый); выходной вал — полый. Что в кадре: мотор-редуктор цилиндрический, соосный, габариты высота до 150 мм (малый), полый. Как выглядит: мотор-редуктор: электродвигатель с ребристым корпусом, соединенный с корпусом редуктора; выходной вал или полый вал, лапы или фланец. По данным позиций кадра: материал корпуса — сплав алюминиевый; тип — цилиндрический; передача — цилиндрический. Масштаб: габариты около 207×90×90 мм (медиана по позициям) — размером примерно с обувную коробку. Ракурс и композиция: 3/4 немного сверху, изделие целиком по центру, занимает около 70 % кадра. Фон: светлый нейтральный бесшовный #F4F6F9 без текстуры и горизонта. Свет: мягкий студийный из большого софтбокса, мягкая тень под предметом, резкость по всему предмету. Не должно быть: чужих логотипов, названий заводов и брендов, водяных знаков, надписей и любого текста, людей и рук, лишних предметов. Итог: квадрат 1200×1200 px, WebP.";"Photorealistic catalog product photo. Distinctive for this variant: under 150 mm tall, small. Cylindrical geared motor. Gear motor, ribbed electric motor joined to a gearbox housing, output shaft, feet or flange. Housing material: aluminium; type: cylindrical; gearing: cylindrical. Scale: about 207 x 90 x 90 mm, about shoebox size. Three-quarter view from slightly above, whole item centred, filling about 70% of the frame. Plain seamless light neutral background #F4F6F9, no texture, no horizon line. Soft large-softbox studio lighting, soft contact shadow underneath, sharp focus across the whole item, photorealistic e-commerce catalog product photo, high detail, 85mm lens look, square 1:1, 1200x1200.";text, letters, numbers, logo, brand name, manufacturer marking, watermark, printed label, people, hands, faces, multiple products, cluttered background, props, distorted geometry, extra parts, cartoon, illustration, CGI look, blur, low resolution;текст, буквы, цифры, логотип, бренд, заводская маркировка, водяной знак, этикетка с надписями, люди, руки, лица, несколько предметов, захламленный фон, реквизит, искаженная геометрия, лишние детали, мультяшный стиль, иллюстрация, вид 3D-рендера, размытие, низкое разрешение;генерация;"Генерация по промпту; за основу — готовый снимок кадра F00184 (тот же ракурс, свет, фон), меняется только отличие подкадра.";photos/F00184-d.webp
F00184-e;F00184;2;7604;Редукторы;Мотор-редуктор цилиндрический;мотор-редуктор цилиндрический;оси — соосный;соосный;;;;свой снимок;21;"Фотореалистичная предметная фотография для каталога. Подкадр F00184-e (21 из 793 позиций кадра F00184). Отличие от соседних подкадров: оси — соосный. Что в кадре: мотор-редуктор цилиндрический, соосный. Как выглядит: мотор-редуктор: электродвигатель с ребристым корпусом, соединенный с корпусом редуктора; выходной вал или полый вал, лапы или фланец. По данным позиций кадра: материал корпуса — чугун; тип — цилиндрический; передача — цилиндрический. Масштаб: масса около 35 кг (медиана по позициям). Ракурс и композиция: 3/4 немного сверху, изделие целиком по центру, занимает около 70 % кадра. Фон: светлый нейтральный бесшовный #F4F6F9 без текстуры и горизонта. Свет: мягкий студийный из большого софтбокса, мягкая тень под предметом, резкость по всему предмету. Не должно быть: чужих логотипов, названий заводов и брендов, водяных знаков, надписей и любого текста, людей и рук, лишних предметов. Итог: квадрат 1200×1200 px, WebP.";"Photorealistic catalog product photo. Cylindrical geared motor. Gear motor, ribbed electric motor joined to a gearbox housing, output shaft, feet or flange. Housing material: cast iron; type: cylindrical; gearing: cylindrical. Scale: weight about 35 kg. Three-quarter view from slightly above, whole item centred, filling about 70% of the frame. Plain seamless light neutral background #F4F6F9, no texture, no horizon line. Soft large-softbox studio lighting, soft contact shadow underneath, sharp focus across the whole item, photorealistic e-commerce catalog product photo, high detail, 85mm lens look, square 1:1, 1200x1200.";text, letters, numbers, logo, brand name, manufacturer marking, watermark, printed label, people, hands, faces, multiple products, cluttered background, props, distorted geometry, extra parts, cartoon, illustration, CGI look, blur, low resolution;текст, буквы, цифры, логотип, бренд, заводская маркировка, водяной знак, этикетка с надписями, люди, руки, лица, несколько предметов, захламленный фон, реквизит, искаженная геометрия, лишние детали, мультяшный стиль, иллюстрация, вид 3D-рендера, размытие, низкое разрешение;генерация;"Генерация по промпту; за основу — готовый снимок кадра F00184 (тот же ракурс, свет, фон), меняется только отличие подкадра.";photos/F00184-e.webp
F00184-f;F00184;2;7605;Редукторы;Мотор-редуктор цилиндрический;мотор-редуктор цилиндрический;"оси — угловой; у позиций разные: размер";угловой;;;;свой снимок;21;"Фотореалистичная предметная фотография для каталога. Подкадр F00184-f (21 из 793 позиций кадра F00184). Отличие от соседних подкадров: оси — угловой; у позиций разные: размер. Что в кадре: мотор-редуктор цилиндрический, угловой. Как выглядит: мотор-редуктор: электродвигатель с ребристым корпусом, соединенный с корпусом редуктора; выходной вал или полый вал, лапы или фланец. По данным позиций кадра: материал корпуса — сплав алюминиевый; тип — мотор-редуктор; передача — цилиндрический. Масштаб: габариты около 200×243×432 мм (медиана по позициям) — размером примерно с обувную коробку. Ракурс и композиция: 3/4 немного сверху, изделие целиком по центру, занимает около 70 % кадра. Фон: светлый нейтральный бесшовный #F4F6F9 без текстуры и горизонта. Свет: мягкий студийный из большого софтбокса, мягкая тень под предметом, резкость по всему предмету. Не должно быть: чужих логотипов, названий заводов и брендов, водяных знаков, надписей и любого текста, людей и рук, лишних предметов. Итог: квадрат 1200×1200 px, WebP.";"Photorealistic catalog product photo. Distinctive for this variant: shaft arrangement angle. Cylindrical geared motor. Gear motor, ribbed electric motor joined to a gearbox housing, output shaft, feet or flange. Housing material: aluminium; type: geared motor; gearing: cylindrical. Scale: about 200 x 243 x 432 mm, about shoebox size. Three-quarter view from slightly above, whole item centred, filling about 70% of the frame. Plain seamless light neutral background #F4F6F9, no texture, no horizon line. Soft large-softbox studio lighting, soft contact shadow underneath, sharp focus across the whole item, photorealistic e-commerce catalog product photo, high detail, 85mm lens look, square 1:1, 1200x1200.";text, letters, numbers, logo, brand name, manufacturer marking, watermark, printed label, people, hands, faces, multiple products, cluttered background, props, distorted geometry, extra parts, cartoon, illustration, CGI look, blur, low resolution;текст, буквы, цифры, логотип, бренд, заводская маркировка, водяной знак, этикетка с надписями, люди, руки, лица, несколько предметов, захламленный фон, реквизит, искаженная геометрия, лишние детали, мультяшный стиль, иллюстрация, вид 3D-рендера, размытие, низкое разрешение;генерация;"Генерация по промпту; за основу — готовый снимок кадра F00184 (тот же ракурс, свет, фон), меняется только отличие подкадра.";photos/F00184-f.webp
F00184-g;F00184;3;14644;Редукторы;Мотор-редуктор цилиндрический;мотор-редуктор цилиндрический;"оси — соосный; выходной вал — цилиндрический";соосный;;цилиндрический;;свой снимок;10;"Фотореалистичная предметная фотография для каталога. Подкадр F00184-g (10 из 793 позиций кадра F00184). Отличие от соседних подкадров: оси — соосный; выходной вал — цилиндрический. Что в кадре: мотор-редуктор цилиндрический, соосный. Как выглядит: мотор-редуктор: электродвигатель с ребристым корпусом, соединенный с корпусом редуктора; выходной вал или полый вал, лапы или фланец. По данным позиций кадра: материал корпуса — чугун; тип — мотор-редуктор; передача — цилиндрический. Масштаб: длина/ширина около 202 мм (медиана по позициям) — размером примерно с обувную коробку. Ракурс и композиция: 3/4 немного сверху, изделие целиком по центру, занимает около 70 % кадра. Фон: светлый нейтральный бесшовный #F4F6F9 без текстуры и горизонта. Свет: мягкий студийный из большого софтбокса, мягкая тень под предметом, резкость по всему предмету. Не должно быть: чужих логотипов, названий заводов и брендов, водяных знаков, надписей и любого текста, людей и рук, лишних предметов. Итог: квадрат 1200×1200 px, WebP.";"Photorealistic catalog product photo. Distinctive for this variant: output shaft cylindrical. Cylindrical geared motor. Gear motor, ribbed electric motor joined to a gearbox housing, output shaft, feet or flange. Housing material: cast iron; type: geared motor; gearing: cylindrical. Scale: about 202 mm, about shoebox size. Three-quarter view from slightly above, whole item centred, filling about 70% of the frame. Plain seamless light neutral background #F4F6F9, no texture, no horizon line. Soft large-softbox studio lighting, soft contact shadow underneath, sharp focus across the whole item, photorealistic e-commerce catalog product photo, high detail, 85mm lens look, square 1:1, 1200x1200.";text, letters, numbers, logo, brand name, manufacturer marking, watermark, printed label, people, hands, faces, multiple products, cluttered background, props, distorted geometry, extra parts, cartoon, illustration, CGI look, blur, low resolution;текст, буквы, цифры, логотип, бренд, заводская маркировка, водяной знак, этикетка с надписями, люди, руки, лица, несколько предметов, захламленный фон, реквизит, искаженная геометрия, лишние детали, мультяшный стиль, иллюстрация, вид 3D-рендера, размытие, низкое разрешение;генерация;"Генерация по промпту; за основу — готовый снимок кадра F00184 (тот же ракурс, свет, фон), меняется только отличие подкадра.";photos/F00184-g.webp
F00276-a;F00276;1;1085;Редукторы;Мотор-редуктор планетарный;мотор-редуктор планетарный;габариты высота 300–500 мм;соосный;высота 300–500 мм;;;свой снимок;131;"Фотореалистичная предметная фотография для каталога. Подкадр F00276-a (131 из 496 позиций кадра F00276). Отличие от соседних подкадров: габариты высота 300–500 мм. Что в кадре: мотор-редуктор планетарный, габариты высота 300–500 мм. Как выглядит: мотор-редуктор: электродвигатель с ребристым корпусом, соединенный с корпусом редуктора; выходной вал или полый вал, лапы или фланец. По данным позиций кадра: материал корпуса — чугун; тип — планетарный; передача — планетарный. Масштаб: габариты около 810×400×400 мм (медиана по позициям) — крупное изделие, до метра. Ракурс и композиция: 3/4 немного сверху, изделие целиком по центру, занимает около 70 % кадра. Фон: светлый нейтральный бесшовный #F4F6F9 без текстуры и горизонта. Свет: мягкий студийный из большого софтбокса, мягкая тень под предметом, резкость по всему предмету. Не должно быть: чужих логотипов, названий заводов и брендов, водяных знаков, надписей и любого текста, людей и рук, лишних предметов. Итог: квадрат 1200×1200 px, WebP.";"Photorealistic catalog product photo. Distinctive for this variant: 300-500 mm tall. Planetary geared motor. Gear motor, ribbed electric motor joined to a gearbox housing, output shaft, feet or flange. Housing material: cast iron; type: planetary; gearing: planetary. Scale: about 810 x 400 x 400 mm, large item, up to one metre. Three-quarter view from slightly above, whole item centred, filling about 70% of the frame. Plain seamless light neutral background #F4F6F9, no texture, no horizon line. Soft large-softbox studio lighting, soft contact shadow underneath, sharp focus across the whole item, photorealistic e-commerce catalog product photo, high detail, 85mm lens look, square 1:1, 1200x1200.";text, letters, numbers, logo, brand name, manufacturer marking, watermark, printed label, people, hands, faces, multiple products, cluttered background, props, distorted geometry, extra parts, cartoon, illustration, CGI look, blur, low resolution;текст, буквы, цифры, логотип, бренд, заводская маркировка, водяной знак, этикетка с надписями, люди, руки, лица, несколько предметов, захламленный фон, реквизит, искаженная геометрия, лишние детали, мультяшный стиль, иллюстрация, вид 3D-рендера, размытие, низкое разрешение;генерация;"Генерация по промпту; за основу — готовый снимок кадра F00276 (тот же ракурс, свет, фон), меняется только отличие подкадра.";photos/F00276-a.webp
F00276-b;F00276;2;1397;Редукторы;Мотор-редуктор планетарный;мотор-редуктор планетарный;габариты высота 150–300 мм;соосный;высота 150–300 мм;;;свой снимок;103;"Фотореалистичная предметная фотография для каталога. Подкадр F00276-b (103 из 496 позиций кадра F00276). Отличие от соседних подкадров: габариты высота 150–300 мм. Что в кадре: мотор-редуктор планетарный, габариты высота 150–300 мм. Как выглядит: мотор-редуктор: электродвигатель с ребристым корпусом, соединенный с корпусом редуктора; выходной вал или полый вал, лапы или фланец. По данным позиций кадра: материал корпуса — чугун; тип — планетарный; передача — планетарный. Масштаб: габариты около 590×250×247 мм (медиана по позициям) — крупное изделие, до метра. Ракурс и композиция: 3/4 немного сверху, изделие целиком по центру, занимает около 70 % кадра. Фон: светлый нейтральный бесшовный #F4F6F9 без текстуры и горизонта. Свет: мягкий студийный из большого софтбокса, мягкая тень под предметом, резкость по всему предмету. Не должно быть: чужих логотипов, названий заводов и брендов, водяных знаков, надписей и любого текста, людей и рук, лишних предметов. Итог: квадрат 1200×1200 px, WebP.";"Photorealistic catalog product photo. Distinctive for this variant: 150-300 mm tall. Planetary geared motor. Gear motor, ribbed electric motor joined to a gearbox housing, output shaft, feet or flange. Housing material: cast iron; type: planetary; gearing: planetary. Scale: about 590 x 250 x 247 mm, large item, up to one metre. Three-quarter view from slightly above, whole item centred, filling about 70% of the frame. Plain seamless light neutral background #F4F6F9, no texture, no horizon line. Soft large-softbox studio lighting, soft contact shadow underneath, sharp focus across the whole item, photorealistic e-commerce catalog product photo, high detail, 85mm lens look, square 1:1, 1200x1200.";text, letters, numbers, logo, brand name, manufacturer marking, watermark, printed label, people, hands, faces, multiple products, cluttered background, props, distorted geometry, extra parts, cartoon, illustration, CGI look, blur, low resolution;текст, буквы, цифры, логотип, бренд, заводская маркировка, водяной знак, этикетка с надписями, люди, руки, лица, несколько предметов, захламленный фон, реквизит, искаженная геометрия, лишние детали, мультяшный стиль, иллюстрация, вид 3D-рендера, размытие, низкое разрешение;генерация;"Генерация по промпту; за основу — готовый снимок кадра F00276 (тот же ракурс, свет, фон), меняется только отличие подкадра.";photos/F00276-b.webp
F00276-c;F00276;2;2368;Редукторы;Мотор-редуктор планетарный;мотор-редуктор планетарный;выходной вал — зубчатая полумуфта;соосный;;зубчатая полумуфта;;свой снимок;64;"Фотореалистичная предметная фотография для каталога. Подкадр F00276-c (64 из 496 позиций кадра F00276). Отличие от соседних подкадров: выходной вал — зубчатая полумуфта. Что в кадре: мотор-редуктор планетарный, зубчатая полумуфта. Как выглядит: мотор-редуктор: электродвигатель с ребристым корпусом, соединенный с корпусом редуктора; выходной вал или полый вал, лапы или фланец. По данным позиций кадра: материал корпуса — чугун; тип — мотор-редуктор; передача — планетарный. Масштаб: длина/ширина около 2100 мм (медиана по позициям) — крупное оборудование ростом примерно с человека. Ракурс и композиция: 3/4 немного сверху, изделие целиком по центру, занимает около 70 % кадра. Фон: светлый нейтральный бесшовный #F4F6F9 без текстуры и горизонта. Свет: мягкий студийный из большого софтбокса, мягкая тень под предметом, резкость по всему предмету. Не должно быть: чужих логотипов, названий заводов и брендов, водяных знаков, надписей и любого текста, людей и рук, лишних предметов. Итог: квадрат 1200×1200 px, WebP.";"Photorealistic catalog product photo. Planetary geared motor. Gear motor, ribbed electric motor joined to a gearbox housing, output shaft, feet or flange. Housing material: cast iron; type: geared motor; gearing: planetary. Scale: about 2100 mm, large equipment, about human height. Three-quarter view from slightly above, whole item centred, filling about 70% of the frame. Plain seamless light neutral background #F4F6F9, no texture, no horizon line. Soft large-softbox studio lighting, soft contact shadow underneath, sharp focus across the whole item, photorealistic e-commerce catalog product photo, high detail, 85mm lens look, square 1:1, 1200x1200.";text, letters, numbers, logo, brand name, manufacturer marking, watermark, printed label, people, hands, faces, multiple products, cluttered background, props, distorted geometry, extra parts, cartoon, illustration, CGI look, blur, low resolution;текст, буквы, цифры, логотип, бренд, заводская маркировка, водяной знак, этикетка с надписями, люди, руки, лица, несколько предметов, захламленный фон, реквизит, искаженная геометрия, лишние детали, мультяшный стиль, иллюстрация, вид 3D-рендера, размытие, низкое разрешение;генерация;"Генерация по промпту; за основу — готовый снимок кадра F00276 (тот же ракурс, свет, фон), меняется только отличие подкадра.";photos/F00276-c.webp
F00276-d;F00276;2;2604;Редукторы;Мотор-редуктор планетарный;мотор-редуктор планетарный;выходной вал — цилиндрический;соосный;;цилиндрический;;свой снимок;59;"Фотореалистичная предметная фотография для каталога. Подкадр F00276-d (59 из 496 позиций кадра F00276). Отличие от соседних подкадров: выходной вал — цилиндрический. Что в кадре: мотор-редуктор планетарный, цилиндрический. Как выглядит: мотор-редуктор: электродвигатель с ребристым корпусом, соединенный с корпусом редуктора; выходной вал или полый вал, лапы или фланец. По данным позиций кадра: материал корпуса — чугун; тип — мотор-редуктор; передача — планетарный. Масштаб: длина/ширина около 2115 мм (медиана по позициям) — крупное оборудование ростом примерно с человека. Ракурс и композиция: 3/4 немного сверху, изделие целиком по центру, занимает около 70 % кадра. Фон: светлый нейтральный бесшовный #F4F6F9 без текстуры и горизонта. Свет: мягкий студийный из большого софтбокса, мягкая тень под предметом, резкость по всему предмету. Не должно быть: чужих логотипов, названий заводов и брендов, водяных знаков, надписей и любого текста, людей и рук, лишних предметов. Итог: квадрат 1200×1200 px, WebP.";"Photorealistic catalog product photo. Distinctive for this variant: output shaft cylindrical. Planetary geared motor. Gear motor, ribbed electric motor joined to a gearbox housing, output shaft, feet or flange. Housing material: cast iron; type: geared motor; gearing: planetary. Scale: about 2115 mm, large equipment, about human height. Three-quarter view from slightly above, whole item centred, filling about 70% of the frame. Plain seamless light neutral background #F4F6F9, no texture, no horizon line. Soft large-softbox studio lighting, soft contact shadow underneath, sharp focus across the whole item, photorealistic e-commerce catalog product photo, high detail, 85mm lens look, square 1:1, 1200x1200.";text, letters, numbers, logo, brand name, manufacturer marking, watermark, printed label, people, hands, faces, multiple products, cluttered background, props, distorted geometry, extra parts, cartoon, illustration, CGI look, blur, low resolution;текст, буквы, цифры, логотип, бренд, заводская маркировка, водяной знак, этикетка с надписями, люди, руки, лица, несколько предметов, захламленный фон, реквизит, искаженная геометрия, лишние детали, мультяшный стиль, иллюстрация, вид 3D-рендера, размытие, низкое разрешение;генерация;"Генерация по промпту; за основу — готовый снимок кадра F00276 (тот же ракурс, свет, фон), меняется только отличие подкадра.";photos/F00276-d.webp
F00276-e;F00276;2;2712;Редукторы;Мотор-редуктор планетарный;мотор-редуктор планетарный;габариты высота 500–800 мм;соосный;высота 500–800 мм;;;свой снимок;57;"Фотореалистичная предметная фотография для каталога. Подкадр F00276-e (57 из 496 позиций кадра F00276). Отличие от соседних подкадров: габариты высота 500–800 мм. Что в кадре: мотор-редуктор планетарный, габариты высота 500–800 мм. Как выглядит: мотор-редуктор: электродвигатель с ребристым корпусом, соединенный с корпусом редуктора; выходной вал или полый вал, лапы или фланец. По данным позиций кадра: материал корпуса — чугун; тип — планетарный; передача — планетарный. Масштаб: габариты около 1305×600×570 мм (медиана по позициям) — крупное оборудование ростом примерно с человека. Ракурс и композиция: 3/4 немного сверху, изделие целиком по центру, занимает около 70 % кадра. Фон: светлый нейтральный бесшовный #F4F6F9 без текстуры и горизонта. Свет: мягкий студийный из большого софтбокса, мягкая тень под предметом, резкость по всему предмету. Не должно быть: чужих логотипов, названий заводов и брендов, водяных знаков, надписей и любого текста, людей и рук, лишних предметов. Итог: квадрат 1200×1200 px, WebP.";"Photorealistic catalog product photo. Distinctive for this variant: 500-800 mm tall, large. Planetary geared motor. Gear motor, ribbed electric motor joined to a gearbox housing, output shaft, feet or flange. Housing material: cast iron; type: planetary; gearing: planetary. Scale: about 1305 x 600 x 570 mm, large equipment, about human height. Three-quarter view from slightly above, whole item centred, filling about 70% of the frame. Plain seamless light neutral background #F4F6F9, no texture, no horizon line. Soft large-softbox studio lighting, soft contact shadow underneath, sharp focus across the whole item, photorealistic e-commerce catalog product photo, high detail, 85mm lens look, square 1:1, 1200x1200.";text, letters, numbers, logo, brand name, manufacturer marking, watermark, printed label, people, hands, faces, multiple products, cluttered background, props, distorted geometry, extra parts, cartoon, illustration, CGI look, blur, low resolution;текст, буквы, цифры, логотип, бренд, заводская маркировка, водяной знак, этикетка с надписями, люди, руки, лица, несколько предметов, захламленный фон, реквизит, искаженная геометрия, лишние детали, мультяшный стиль, иллюстрация, вид 3D-рендера, размытие, низкое разрешение;генерация;"Генерация по промпту; за основу — готовый снимок кадра F00276 (тот же ракурс, свет, фон), меняется только отличие подкадра.";photos/F00276-e.webp
F00276-f;F00276;2;5773;Редукторы;Мотор-редуктор планетарный;мотор-редуктор планетарный;"размер — не указан; выходной вал — не указан";соосный;;;;свой снимок;28;"Фотореалистичная предметная фотография для каталога. Подкадр F00276-f (28 из 496 позиций кадра F00276). Отличие от соседних подкадров: размер — не указан; выходной вал — не указан. Что в кадре: мотор-редуктор планетарный. Как выглядит: мотор-редуктор: электродвигатель с ребристым корпусом, соединенный с корпусом редуктора; выходной вал или полый вал, лапы или фланец. По данным позиций кадра: материал корпуса — чугун; тип — мотор-редуктор; передача — планетарный. Масштаб: длина/ширина около 1495 мм (медиана по позициям) — крупное оборудование ростом примерно с человека. Ракурс и композиция: 3/4 немного сверху, изделие целиком по центру, занимает около 70 % кадра. Фон: светлый нейтральный бесшовный #F4F6F9 без текстуры и горизонта. Свет: мягкий студийный из большого софтбокса, мягкая тень под предметом, резкость по всему предмету. Не должно быть: чужих логотипов, названий заводов и брендов, водяных знаков, надписей и любого текста, людей и рук, лишних предметов. Итог: квадрат 1200×1200 px, WebP.";"Photorealistic catalog product photo. Planetary geared motor. Gear motor, ribbed electric motor joined to a gearbox housing, output shaft, feet or flange. Housing material: cast iron; type: geared motor; gearing: planetary. Scale: about 1495 mm, large equipment, about human height. Three-quarter view from slightly above, whole item centred, filling about 70% of the frame. Plain seamless light neutral background #F4F6F9, no texture, no horizon line. Soft large-softbox studio lighting, soft contact shadow underneath, sharp focus across the whole item, photorealistic e-commerce catalog product photo, high detail, 85mm lens look, square 1:1, 1200x1200.";text, letters, numbers, logo, brand name, manufacturer marking, watermark, printed label, people, hands, faces, multiple products, cluttered background, props, distorted geometry, extra parts, cartoon, illustration, CGI look, blur, low resolution;текст, буквы, цифры, логотип, бренд, заводская маркировка, водяной знак, этикетка с надписями, люди, руки, лица, несколько предметов, захламленный фон, реквизит, искаженная геометрия, лишние детали, мультяшный стиль, иллюстрация, вид 3D-рендера, размытие, низкое разрешение;генерация;"Генерация по промпту; за основу — готовый снимок кадра F00276 (тот же ракурс, свет, фон), меняется только отличие подкадра.";photos/F00276-f.webp
F00276-g;F00276;2;7278;Редукторы;Мотор-редуктор планетарный;мотор-редуктор планетарный;"габариты высота 300–500 мм; выходной вал — цилиндрический";соосный;высота 300–500 мм;цилиндрический;;свой снимок;22;"Фотореалистичная предметная фотография для каталога. Подкадр F00276-g (22 из 496 позиций кадра F00276). Отличие от соседних подкадров: габариты высота 300–500 мм; выходной вал — цилиндрический. Что в кадре: мотор-редуктор планетарный, габариты высота 300–500 мм, цилиндрический. Как выглядит: мотор-редуктор: электродвигатель с ребристым корпусом, соединенный с корпусом редуктора; выходной вал или полый вал, лапы или фланец. По данным позиций кадра: материал корпуса — чугун; тип — мотор-редуктор; передача — планетарный. Масштаб: габариты около 620×495 мм (медиана по позициям) — крупное изделие, до метра. Ракурс и композиция: 3/4 немного сверху, изделие целиком по центру, занимает около 70 % кадра. Фон: светлый нейтральный бесшовный #F4F6F9 без текстуры и горизонта. Свет: мягкий студийный из большого софтбокса, мягкая тень под предметом, резкость по всему предмету. Не должно быть: чужих логотипов, названий заводов и брендов, водяных знаков, надписей и любого текста, людей и рук, лишних предметов. Итог: квадрат 1200×1200 px, WebP.";"Photorealistic catalog product photo. Distinctive for this variant: 300-500 mm tall; output shaft cylindrical. Planetary geared motor. Gear motor, ribbed electric motor joined to a gearbox housing, output shaft, feet or flange. Housing material: cast iron; type: geared motor; gearing: planetary. Scale: about 620 x 495 mm, large item, up to one metre. Three-quarter view from slightly above, whole item centred, filling about 70% of the frame. Plain seamless light neutral background #F4F6F9, no texture, no horizon line. Soft large-softbox studio lighting, soft contact shadow underneath, sharp focus across the whole item, photorealistic e-commerce catalog product photo, high detail, 85mm lens look, square 1:1, 1200x1200.";text, letters, numbers, logo, brand name, manufacturer marking, watermark, printed label, people, hands, faces, multiple products, cluttered background, props, distorted geometry, extra parts, cartoon, illustration, CGI look, blur, low resolution;текст, буквы, цифры, логотип, бренд, заводская маркировка, водяной знак, этикетка с надписями, люди, руки, лица, несколько предметов, захламленный фон, реквизит, искаженная геометрия, лишние детали, мультяшный стиль, иллюстрация, вид 3D-рендера, размытие, низкое разрешение;генерация;"Генерация по промпту; за основу — готовый снимок кадра F00276 (тот же ракурс, свет, фон), меняется только отличие подкадра.";photos/F00276-g.webp
F00276-h;F00276;2;7618;Редукторы;Мотор-редуктор планетарный;мотор-редуктор планетарный;"габариты высота больше 800 мм; выходной вал — цилиндрический";соосный;высота больше 800 мм;цилиндрический;;свой снимок;21;"Фотореалистичная предметная фотография для каталога. Подкадр F00276-h (21 из 496 позиций кадра F00276). Отличие от соседних подкадров: габариты высота больше 800 мм; выходной вал — цилиндрический. Что в кадре: мотор-редуктор планетарный, габариты высота больше 800 мм, цилиндрический. Как выглядит: мотор-редуктор: электродвигатель с ребристым корпусом, соединенный с корпусом редуктора; выходной вал или полый вал, лапы или фланец. По данным позиций кадра: материал корпуса — чугун; тип — мотор-редуктор; передача — планетарный. Масштаб: габариты около 1780×870 мм (медиана по позициям) — крупное оборудование ростом примерно с человека. Ракурс и композиция: 3/4 немного сверху, изделие целиком по центру, занимает около 70 % кадра. Фон: светлый нейтральный бесшовный #F4F6F9 без текстуры и горизонта. Свет: мягкий студийный из большого софтбокса, мягкая тень под предметом, резкость по всему предмету. Не должно быть: чужих логотипов, названий заводов и брендов, водяных знаков, надписей и любого текста, людей и рук, лишних предметов. Итог: квадрат 1200×1200 px, WebP.";"Photorealistic catalog product photo. Distinctive for this variant: over 800 mm tall, very large; output shaft cylindrical. Planetary geared motor. Gear motor, ribbed electric motor joined to a gearbox housing, output shaft, feet or flange. Housing material: cast iron; type: geared motor; gearing: planetary. Scale: about 1780 x 870 mm, large equipment, about human height. Three-quarter view from slightly above, whole item centred, filling about 70% of the frame. Plain seamless light neutral background #F4F6F9, no texture, no horizon line. Soft large-softbox studio lighting, soft contact shadow underneath, sharp focus across the whole item, photorealistic e-commerce catalog product photo, high detail, 85mm lens look, square 1:1, 1200x1200.";text, letters, numbers, logo, brand name, manufacturer marking, watermark, printed label, people, hands, faces, multiple products, cluttered background, props, distorted geometry, extra parts, cartoon, illustration, CGI look, blur, low resolution;текст, буквы, цифры, логотип, бренд, заводская маркировка, водяной знак, этикетка с надписями, люди, руки, лица, несколько предметов, захламленный фон, реквизит, искаженная геометрия, лишние детали, мультяшный стиль, иллюстрация, вид 3D-рендера, размытие, низкое разрешение;генерация;"Генерация по промпту; за основу — готовый снимок кадра F00276 (тот же ракурс, свет, фон), меняется только отличие подкадра.";photos/F00276-h.webp
F00276-i;F00276;3;13720;Редукторы;Мотор-редуктор планетарный;мотор-редуктор планетарный;"габариты высота 500–800 мм; выходной вал — цилиндрический";соосный;высота 500–800 мм;цилиндрический;;свой снимок;11;"Фотореалистичная предметная фотография для каталога. Подкадр F00276-i (11 из 496 позиций кадра F00276). Отличие от соседних подкадров: габариты высота 500–800 мм; выходной вал — цилиндрический. Что в кадре: мотор-редуктор планетарный, габариты высота 500–800 мм, цилиндрический. Как выглядит: мотор-редуктор: электродвигатель с ребристым корпусом, соединенный с корпусом редуктора; выходной вал или полый вал, лапы или фланец. По данным позиций кадра: материал корпуса — чугун; тип — мотор-редуктор; передача — планетарный. Масштаб: габариты около 790×570 мм (медиана по позициям) — крупное изделие, до метра. Ракурс и композиция: 3/4 немного сверху, изделие целиком по центру, занимает около 70 % кадра. Фон: светлый нейтральный бесшовный #F4F6F9 без текстуры и горизонта. Свет: мягкий студийный из большого софтбокса, мягкая тень под предметом, резкость по всему предмету. Не должно быть: чужих логотипов, названий заводов и брендов, водяных знаков, надписей и любого текста, людей и рук, лишних предметов. Итог: квадрат 1200×1200 px, WebP.";"Photorealistic catalog product photo. Distinctive for this variant: 500-800 mm tall, large; output shaft cylindrical. Planetary geared motor. Gear motor, ribbed electric motor joined to a gearbox housing, output shaft, feet or flange. Housing material: cast iron; type: geared motor; gearing: planetary. Scale: about 790 x 570 mm, large item, up to one metre. Three-quarter view from slightly above, whole item centred, filling about 70% of the frame. Plain seamless light neutral background #F4F6F9, no texture, no horizon line. Soft large-softbox studio lighting, soft contact shadow underneath, sharp focus across the whole item, photorealistic e-commerce catalog product photo, high detail, 85mm lens look, square 1:1, 1200x1200.";text, letters, numbers, logo, brand name, manufacturer marking, watermark, printed label, people, hands, faces, multiple products, cluttered background, props, distorted geometry, extra parts, cartoon, illustration, CGI look, blur, low resolution;текст, буквы, цифры, логотип, бренд, заводская маркировка, водяной знак, этикетка с надписями, люди, руки, лица, несколько предметов, захламленный фон, реквизит, искаженная геометрия, лишние детали, мультяшный стиль, иллюстрация, вид 3D-рендера, размытие, низкое разрешение;генерация;"Генерация по промпту; за основу — готовый снимок кадра F00276 (тот же ракурс, свет, фон), меняется только отличие подкадра.";photos/F00276-i.webp
F00385-a;F00385;1;938;Редукторы;Мотор-редуктор червячный;мотор-редуктор червячный;"оси — угловой; габариты высота 150–300 мм; выходной вал — полый";угловой;высота 150–300 мм;полый;;свой снимок;146;"Фотореалистичная предметная фотография для каталога. Подкадр F00385-a (146 из 348 позиций кадра F00385). Отличие от соседних подкадров: оси — угловой; габариты высота 150–300 мм; выходной вал — полый. Что в кадре: мотор-редуктор червячный, угловой, габариты высота 150–300 мм, полый. Как выглядит: мотор-редуктор: электродвигатель с ребристым корпусом, соединенный с корпусом редуктора; выходной вал или полый вал, лапы или фланец. По данным позиций кадра: материал корпуса — сплав алюминиевый (78 %); тип — мотор-редуктор; передача — червячный. Масштаб: габариты около 232×140×238 мм (медиана по позициям) — размером примерно с обувную коробку. Ракурс и композиция: 3/4 немного сверху, изделие целиком по центру, занимает около 70 % кадра. Фон: светлый нейтральный бесшовный #F4F6F9 без текстуры и горизонта. Свет: мягкий студийный из большого софтбокса, мягкая тень под предметом, резкость по всему предмету. Не должно быть: чужих логотипов, названий заводов и брендов, водяных знаков, надписей и любого текста, людей и рук, лишних предметов. Итог: квадрат 1200×1200 px, WebP.";"Photorealistic catalog product photo. Distinctive for this variant: shaft arrangement angle; 150-300 mm tall. Worm geared motor. Gear motor, ribbed electric motor joined to a gearbox housing, output shaft, feet or flange. Housing material: aluminium; type: geared motor; gearing: worm. Scale: about 232 x 140 x 238 mm, about shoebox size. Three-quarter view from slightly above, whole item centred, filling about 70% of the frame. Plain seamless light neutral background #F4F6F9, no texture, no horizon line. Soft large-softbox studio lighting, soft contact shadow underneath, sharp focus across the whole item, photorealistic e-commerce catalog product photo, high detail, 85mm lens look, square 1:1, 1200x1200.";text, letters, numbers, logo, brand name, manufacturer marking, watermark, printed label, people, hands, faces, multiple products, cluttered background, props, distorted geometry, extra parts, cartoon, illustration, CGI look, blur, low resolution;текст, буквы, цифры, логотип, бренд, заводская маркировка, водяной знак, этикетка с надписями, люди, руки, лица, несколько предметов, захламленный фон, реквизит, искаженная геометрия, лишние детали, мультяшный стиль, иллюстрация, вид 3D-рендера, размытие, низкое разрешение;генерация;"Генерация по промпту; за основу — готовый снимок кадра F00385 (тот же ракурс, свет, фон), меняется только отличие подкадра.";photos/F00385-a.webp
F00385-b;F00385;2;3142;Редукторы;Мотор-редуктор червячный;мотор-редуктор червячный;"оси — угловой; габариты высота до 150 мм (малый); выходной вал — полый";угловой;высота до 150 мм (малый);полый;;свой снимок;49;"Фотореалистичная предметная фотография для каталога. Подкадр F00385-b (49 из 348 позиций кадра F00385). Отличие от соседних подкадров: оси — угловой; габариты высота до 150 мм (малый); выходной вал — полый. Что в кадре: мотор-редуктор червячный, угловой, габариты высота до 150 мм (малый), полый. Как выглядит: мотор-редуктор: электродвигатель с ребристым корпусом, соединенный с корпусом редуктора; выходной вал или полый вал, лапы или фланец. По данным позиций кадра: материал корпуса — сплав алюминиевый; тип — мотор-редуктор; передача — червячный. Масштаб: габариты около 140×92×144 мм (медиана по позициям) — размером примерно с обувную коробку. Ракурс и композиция: 3/4 немного сверху, изделие целиком по центру, занимает около 70 % кадра. Фон: светлый нейтральный бесшовный #F4F6F9 без текстуры и горизонта. Свет: мягкий студийный из большого софтбокса, мягкая тень под предметом, резкость по всему предмету. Не должно быть: чужих логотипов, названий заводов и брендов, водяных знаков, надписей и любого текста, людей и рук, лишних предметов. Итог: квадрат 1200×1200 px, WebP.";"Photorealistic catalog product photo. Distinctive for this variant: shaft arrangement angle; under 150 mm tall, small. Worm geared motor. Gear motor, ribbed electric motor joined to a gearbox housing, output shaft, feet or flange. Housing material: aluminium; type: geared motor; gearing: worm. Scale: about 140 x 92 x 144 mm, about shoebox size. Three-quarter view from slightly above, whole item centred, filling about 70% of the frame. Plain seamless light neutral background #F4F6F9, no texture, no horizon line. Soft large-softbox studio lighting, soft contact shadow underneath, sharp focus across the whole item, photorealistic e-commerce catalog product photo, high detail, 85mm lens look, square 1:1, 1200x1200.";text, letters, numbers, logo, brand name, manufacturer marking, watermark, printed label, people, hands, faces, multiple products, cluttered background, props, distorted geometry, extra parts, cartoon, illustration, CGI look, blur, low resolution;текст, буквы, цифры, логотип, бренд, заводская маркировка, водяной знак, этикетка с надписями, люди, руки, лица, несколько предметов, захламленный фон, реквизит, искаженная геометрия, лишние детали, мультяшный стиль, иллюстрация, вид 3D-рендера, размытие, низкое разрешение;генерация;"Генерация по промпту; за основу — готовый снимок кадра F00385 (тот же ракурс, свет, фон), меняется только отличие подкадра.";photos/F00385-b.webp
F00385-c;F00385;2;3647;Редукторы;Мотор-редуктор червячный;мотор-редуктор червячный;"оси — угловой; габариты высота 150–300 мм; у позиций разные: выходной вал";угловой;высота 150–300 мм;;;свой снимок;43;"Фотореалистичная предметная фотография для каталога. Подкадр F00385-c (43 из 348 позиций кадра F00385). Отличие от соседних подкадров: оси — угловой; габариты высота 150–300 мм; у позиций разные: выходной вал. Что в кадре: мотор-редуктор червячный, угловой, габариты высота 150–300 мм. Как выглядит: мотор-редуктор: электродвигатель с ребристым корпусом, соединенный с корпусом редуктора; выходной вал или полый вал, лапы или фланец. По данным позиций кадра: материал корпуса — сплав алюминиевый; тип — мотор-редуктор; передача — червячный. Масштаб: габариты около 487×155×232 мм (медиана по позициям) — крупное изделие, до метра. Ракурс и композиция: 3/4 немного сверху, изделие целиком по центру, занимает около 70 % кадра. Фон: светлый нейтральный бесшовный #F4F6F9 без текстуры и горизонта. Свет: мягкий студийный из большого софтбокса, мягкая тень под предметом, резкость по всему предмету. Не должно быть: чужих логотипов, названий заводов и брендов, водяных знаков, надписей и любого текста, людей и рук, лишних предметов. Итог: квадрат 1200×1200 px, WebP.";"Photorealistic catalog product photo. Distinctive for this variant: shaft arrangement angle; 150-300 mm tall. Worm geared motor. Gear motor, ribbed electric motor joined to a gearbox housing, output shaft, feet or flange. Housing material: aluminium; type: geared motor; gearing: worm. Scale: about 487 x 155 x 232 mm, large item, up to one metre. Three-quarter view from slightly above, whole item centred, filling about 70% of the frame. Plain seamless light neutral background #F4F6F9, no texture, no horizon line. Soft large-softbox studio lighting, soft contact shadow underneath, sharp focus across the whole item, photorealistic e-commerce catalog product photo, high detail, 85mm lens look, square 1:1, 1200x1200.";text, letters, numbers, logo, brand name, manufacturer marking, watermark, printed label, people, hands, faces, multiple products, cluttered background, props, distorted geometry, extra parts, cartoon, illustration, CGI look, blur, low resolution;текст, буквы, цифры, логотип, бренд, заводская маркировка, водяной знак, этикетка с надписями, люди, руки, лица, несколько предметов, захламленный фон, реквизит, искаженная геометрия, лишние детали, мультяшный стиль, иллюстрация, вид 3D-рендера, размытие, низкое разрешение;генерация;"Генерация по промпту; за основу — готовый снимок кадра F00385 (тот же ракурс, свет, фон), меняется только отличие подкадра.";photos/F00385-c.webp
F00385-d;F00385;2;3852;Редукторы;Мотор-редуктор червячный;мотор-редуктор червячный;"оси — угловой; габариты высота 300–500 мм";угловой;высота 300–500 мм;;;свой снимок;41;"Фотореалистичная предметная фотография для каталога. Подкадр F00385-d (41 из 348 позиций кадра F00385). Отличие от соседних подкадров: оси — угловой; габариты высота 300–500 мм. Что в кадре: мотор-редуктор червячный, угловой, габариты высота 300–500 мм. Как выглядит: мотор-редуктор: электродвигатель с ребристым корпусом, соединенный с корпусом редуктора; выходной вал или полый вал, лапы или фланец. По данным позиций кадра: материал корпуса — чугун; тип — мотор-редуктор; передача — червячный. Масштаб: габариты около 768×396 мм (медиана по позициям) — крупное изделие, до метра. Ракурс и композиция: 3/4 немного сверху, изделие целиком по центру, занимает около 70 % кадра. Фон: светлый нейтральный бесшовный #F4F6F9 без текстуры и горизонта. Свет: мягкий студийный из большого софтбокса, мягкая тень под предметом, резкость по всему предмету. Не должно быть: чужих логотипов, названий заводов и брендов, водяных знаков, надписей и любого текста, людей и рук, лишних предметов. Итог: квадрат 1200×1200 px, WebP.";"Photorealistic catalog product photo. Distinctive for this variant: shaft arrangement angle; 300-500 mm tall. Worm geared motor. Gear motor, ribbed electric motor joined to a gearbox housing, output shaft, feet or flange. Housing material: cast iron; type: geared motor; gearing: worm. Scale: about 768 x 396 mm, large item, up to one metre. Three-quarter view from slightly above, whole item centred, filling about 70% of the frame. Plain seamless light neutral background #F4F6F9, no texture, no horizon line. Soft large-softbox studio lighting, soft contact shadow underneath, sharp focus across the whole item, photorealistic e-commerce catalog product photo, high detail, 85mm lens look, square 1:1, 1200x1200.";text, letters, numbers, logo, brand name, manufacturer marking, watermark, printed label, people, hands, faces, multiple products, cluttered background, props, distorted geometry, extra parts, cartoon, illustration, CGI look, blur, low resolution;текст, буквы, цифры, логотип, бренд, заводская маркировка, водяной знак, этикетка с надписями, люди, руки, лица, несколько предметов, захламленный фон, реквизит, искаженная геометрия, лишние детали, мультяшный стиль, иллюстрация, вид 3D-рендера, размытие, низкое разрешение;генерация;"Генерация по промпту; за основу — готовый снимок кадра F00385 (тот же ракурс, свет, фон), меняется только отличие подкадра.";photos/F00385-d.webp
F00385-e;F00385;2;4446;Редукторы;Мотор-редуктор червячный;мотор-редуктор червячный;"оси — угловой; габариты высота 300–500 мм; выходной вал — полый";угловой;высота 300–500 мм;полый;;свой снимок;36;"Фотореалистичная предметная фотография для каталога. Подкадр F00385-e (36 из 348 позиций кадра F00385). Отличие от соседних подкадров: оси — угловой; габариты высота 300–500 мм; выходной вал — полый. Что в кадре: мотор-редуктор червячный, угловой, габариты высота 300–500 мм, полый. Как выглядит: мотор-редуктор: электродвигатель с ребристым корпусом, соединенный с корпусом редуктора; выходной вал или полый вал, лапы или фланец. По данным позиций кадра: материал корпуса — чугун; тип — мотор-редуктор; передача — червячный. Масштаб: габариты около 326×170×335 мм (медиана по позициям) — размером примерно с обувную коробку. Ракурс и композиция: 3/4 немного сверху, изделие целиком по центру, занимает около 70 % кадра. Фон: светлый нейтральный бесшовный #F4F6F9 без текстуры и горизонта. Свет: мягкий студийный из большого софтбокса, мягкая тень под предметом, резкость по всему предмету. Не должно быть: чужих логотипов, названий заводов и брендов, водяных знаков, надписей и любого текста, людей и рук, лишних предметов. Итог: квадрат 1200×1200 px, WebP.";"Photorealistic catalog product photo. Distinctive for this variant: shaft arrangement angle; 300-500 mm tall. Worm geared motor. Gear motor, ribbed electric motor joined to a gearbox housing, output shaft, feet or flange. Housing material: cast iron; type: geared motor; gearing: worm. Scale: about 326 x 170 x 335 mm, about shoebox size. Three-quarter view from slightly above, whole item centred, filling about 70% of the frame. Plain seamless light neutral background #F4F6F9, no texture, no horizon line. Soft large-softbox studio lighting, soft contact shadow underneath, sharp focus across the whole item, photorealistic e-commerce catalog product photo, high detail, 85mm lens look, square 1:1, 1200x1200.";text, letters, numbers, logo, brand name, manufacturer marking, watermark, printed label, people, hands, faces, multiple products, cluttered background, props, distorted geometry, extra parts, cartoon, illustration, CGI look, blur, low resolution;текст, буквы, цифры, логотип, бренд, заводская маркировка, водяной знак, этикетка с надписями, люди, руки, лица, несколько предметов, захламленный фон, реквизит, искаженная геометрия, лишние детали, мультяшный стиль, иллюстрация, вид 3D-рендера, размытие, низкое разрешение;генерация;"Генерация по промпту; за основу — готовый снимок кадра F00385 (тот же ракурс, свет, фон), меняется только отличие подкадра.";photos/F00385-e.webp
F00385-f;F00385;2;7300;Редукторы;Мотор-редуктор червячный;мотор-редуктор червячный;"оси — угловой; выходной вал — полый";угловой;;полый;;свой снимок;22;"Фотореалистичная предметная фотография для каталога. Подкадр F00385-f (22 из 348 позиций кадра F00385). Отличие от соседних подкадров: оси — угловой; выходной вал — полый. Что в кадре: мотор-редуктор червячный, угловой, полый. Как выглядит: мотор-редуктор: электродвигатель с ребристым корпусом, соединенный с корпусом редуктора; выходной вал или полый вал, лапы или фланец. По данным позиций кадра: материал корпуса — сплав алюминиевый; тип — мотор-редуктор; передача — червячный. Масштаб: габариты около 120×78 мм (медиана по позициям) — помещается в ладони. Ракурс и композиция: 3/4 немного сверху, изделие целиком по центру, занимает около 70 % кадра. Фон: светлый нейтральный бесшовный #F4F6F9 без текстуры и горизонта. Свет: мягкий студийный из большого софтбокса, мягкая тень под предметом, резкость по всему предмету. Не должно быть: чужих логотипов, названий заводов и брендов, водяных знаков, надписей и любого текста, людей и рук, лишних предметов. Итог: квадрат 1200×1200 px, WebP.";"Photorealistic catalog product photo. Distinctive for this variant: shaft arrangement angle. Worm geared motor. Gear motor, ribbed electric motor joined to a gearbox housing, output shaft, feet or flange. Housing material: aluminium; type: geared motor; gearing: worm. Scale: about 120 x 78 mm, fits in a palm. Three-quarter view from slightly above, whole item centred, filling about 70% of the frame. Plain seamless light neutral background #F4F6F9, no texture, no horizon line. Soft large-softbox studio lighting, soft contact shadow underneath, sharp focus across the whole item, photorealistic e-commerce catalog product photo, high detail, 85mm lens look, square 1:1, 1200x1200.";text, letters, numbers, logo, brand name, manufacturer marking, watermark, printed label, people, hands, faces, multiple products, cluttered background, props, distorted geometry, extra parts, cartoon, illustration, CGI look, blur, low resolution;текст, буквы, цифры, логотип, бренд, заводская маркировка, водяной знак, этикетка с надписями, люди, руки, лица, несколько предметов, захламленный фон, реквизит, искаженная геометрия, лишние детали, мультяшный стиль, иллюстрация, вид 3D-рендера, размытие, низкое разрешение;генерация;"Генерация по промпту; за основу — готовый снимок кадра F00385 (тот же ракурс, свет, фон), меняется только отличие подкадра.";photos/F00385-f.webp
F00385-g;F00385;3;17771;Редукторы;Мотор-редуктор червячный;мотор-редуктор червячный;"оси — параллельный; выходной вал — полый";параллельный;;полый;;свой снимок;8;"Фотореалистичная предметная фотография для каталога. Подкадр F00385-g (8 из 348 позиций кадра F00385). Отличие от соседних подкадров: оси — параллельный; выходной вал — полый. Что в кадре: мотор-редуктор червячный, параллельный, полый. Как выглядит: мотор-редуктор: электродвигатель с ребристым корпусом, соединенный с корпусом редуктора; выходной вал или полый вал, лапы или фланец. По данным позиций кадра: материал корпуса — сплав алюминиевый (62 %); тип — мотор-редуктор; передача — червячный. Ракурс и композиция: 3/4 немного сверху, изделие целиком по центру, занимает около 70 % кадра. Фон: светлый нейтральный бесшовный #F4F6F9 без текстуры и горизонта. Свет: мягкий студийный из большого софтбокса, мягкая тень под предметом, резкость по всему предмету. Не должно быть: чужих логотипов, названий заводов и брендов, водяных знаков, надписей и любого текста, людей и рук, лишних предметов. Итог: квадрат 1200×1200 px, WebP.";"Photorealistic catalog product photo. Worm geared motor. Gear motor, ribbed electric motor joined to a gearbox housing, output shaft, feet or flange. Housing material: aluminium; type: geared motor; gearing: worm. Three-quarter view from slightly above, whole item centred, filling about 70% of the frame. Plain seamless light neutral background #F4F6F9, no texture, no horizon line. Soft large-softbox studio lighting, soft contact shadow underneath, sharp focus across the whole item, photorealistic e-commerce catalog product photo, high detail, 85mm lens look, square 1:1, 1200x1200.";text, letters, numbers, logo, brand name, manufacturer marking, watermark, printed label, people, hands, faces, multiple products, cluttered background, props, distorted geometry, extra parts, cartoon, illustration, CGI look, blur, low resolution;текст, буквы, цифры, логотип, бренд, заводская маркировка, водяной знак, этикетка с надписями, люди, руки, лица, несколько предметов, захламленный фон, реквизит, искаженная геометрия, лишние детали, мультяшный стиль, иллюстрация, вид 3D-рендера, размытие, низкое разрешение;генерация;"Генерация по промпту; за основу — готовый снимок кадра F00385 (тот же ракурс, свет, фон), меняется только отличие подкадра.";photos/F00385-g.webp
F00385-h;F00385;5;28068;Редукторы;Мотор-редуктор червячный;мотор-редуктор червячный;прочие позиции кадра;;;;;прочие позиции кадра — снимок кадра;3;"Фотореалистичная предметная фотография для каталога. Подкадр F00385-h — прочие позиции кадра F00385 (3 из 348), у которых нет общего заметного отличия от остальных 7 подкадров кадра; снимок как у кадра F00385. Что в кадре: мотор-редуктор червячный. Как выглядит: мотор-редуктор: электродвигатель с ребристым корпусом, соединенный с корпусом редуктора; выходной вал или полый вал, лапы или фланец. По данным позиций кадра: материал корпуса — сплав алюминиевый (67 %); тип — мотор-редуктор; передача — червячный. Масштаб: габариты около 140×92×144 мм (медиана по позициям) — размером примерно с обувную коробку. Ракурс и композиция: 3/4 немного сверху, изделие целиком по центру, занимает около 70 % кадра. Фон: светлый нейтральный бесшовный #F4F6F9 без текстуры и горизонта. Свет: мягкий студийный из большого софтбокса, мягкая тень под предметом, резкость по всему предмету. Не должно быть: чужих логотипов, названий заводов и брендов, водяных знаков, надписей и любого текста, людей и рук, лишних предметов. Итог: квадрат 1200×1200 px, WebP.";"Photorealistic catalog product photo. Worm geared motor. Gear motor, ribbed electric motor joined to a gearbox housing, output shaft, feet or flange. Housing material: aluminium; type: geared motor; gearing: worm. Scale: about 140 x 92 x 144 mm, about shoebox size. Three-quarter view from slightly above, whole item centred, filling about 70% of the frame. Plain seamless light neutral background #F4F6F9, no texture, no horizon line. Soft large-softbox studio lighting, soft contact shadow underneath, sharp focus across the whole item, photorealistic e-commerce catalog product photo, high detail, 85mm lens look, square 1:1, 1200x1200.";text, letters, numbers, logo, brand name, manufacturer marking, watermark, printed label, people, hands, faces, multiple products, cluttered background, props, distorted geometry, extra parts, cartoon, illustration, CGI look, blur, low resolution;текст, буквы, цифры, логотип, бренд, заводская маркировка, водяной знак, этикетка с надписями, люди, руки, лица, несколько предметов, захламленный фон, реквизит, искаженная геометрия, лишние детали, мультяшный стиль, иллюстрация, вид 3D-рендера, размытие, низкое разрешение;снимок кадра;Отдельный снимок не нужен: на эти позиции встает снимок кадра F00385 (файл photos/F00385.webp).;— (используется photos/F00385.webp)
F01150-a;F01150;2;1330;Редукторы;Фланец;фланец;весь кадр;;;;;весь кадр — снимок кадра;108;Фотореалистичная предметная фотография для каталога. Подкадр F01150-a — весь кадр F01150 (108 поз.): позиций мало или на фото они одинаковы. Что в кадре: фланец. Как выглядит: фланец: стальной диск с центральным отверстием и кругом отверстий под болты. Масштаб: масса около 0,3 кг (медиана по позициям). Ракурс и композиция: 3/4 немного сверху, изделие целиком по центру, занимает около 70 % кадра. Фон: светлый нейтральный бесшовный #F4F6F9 без текстуры и горизонта. Свет: мягкий студийный из большого софтбокса, мягкая тень под предметом, резкость по всему предмету. Не должно быть: чужих логотипов, названий заводов и брендов, водяных знаков, надписей и любого текста, людей и рук, лишних предметов. Итог: квадрат 1200×1200 px, WebP.;Photorealistic catalog product photo. Flange. Steel flange with centre bore and bolt holes. Scale: weight about 0.3 kg. Three-quarter view from slightly above, whole item centred, filling about 70% of the frame. Plain seamless light neutral background #F4F6F9, no texture, no horizon line. Soft large-softbox studio lighting, soft contact shadow underneath, sharp focus across the whole item, photorealistic e-commerce catalog product photo, high detail, 85mm lens look, square 1:1, 1200x1200.;text, letters, numbers, logo, brand name, manufacturer marking, watermark, printed label, people, hands, faces, multiple products, cluttered background, props, distorted geometry, extra parts, cartoon, illustration, CGI look, blur, low resolution;текст, буквы, цифры, логотип, бренд, заводская маркировка, водяной знак, этикетка с надписями, люди, руки, лица, несколько предметов, захламленный фон, реквизит, искаженная геометрия, лишние детали, мультяшный стиль, иллюстрация, вид 3D-рендера, размытие, низкое разрешение;снимок кадра;Отдельный снимок не нужен: на эти позиции встает снимок кадра F01150 (файл photos/F01150.webp).;— (используется photos/F01150.webp)
F01275-a;F01275;2;6503;Редукторы;Редуктор крановый;редуктор крановый;"габариты высота 500–800 мм; выходной вал — цилиндрический";параллельный;высота 500–800 мм;цилиндрический;;свой снимок;25;"Фотореалистичная предметная фотография для каталога. Подкадр F01275-a (25 из 93 позиций кадра F01275). Отличие от соседних подкадров: габариты высота 500–800 мм; выходной вал — цилиндрический. Что в кадре: редуктор крановый, габариты высота 500–800 мм, цилиндрический. Как выглядит: редуктор: литой чугунный или алюминиевый корпус (окраска по данным, типично серая или синяя), входной и выходной валы, лапы или фланец, пробки маслозаливного отверстия. По данным позиций кадра: материал корпуса — чугун; тип — редуктор; передача — цилиндрический. Масштаб: габариты около 1220×675 мм (медиана по позициям) — крупное оборудование ростом примерно с человека. Ракурс и композиция: 3/4 немного сверху, изделие целиком по центру, занимает около 70 % кадра. Фон: светлый нейтральный бесшовный #F4F6F9 без текстуры и горизонта. Свет: мягкий студийный из большого софтбокса, мягкая тень под предметом, резкость по всему предмету. Не должно быть: чужих логотипов, названий заводов и брендов, водяных знаков, надписей и любого текста, людей и рук, лишних предметов. Итог: квадрат 1200×1200 px, WebP.";"Photorealistic catalog product photo. Distinctive for this variant: 500-800 mm tall, large; output shaft cylindrical. Crane duty gearbox. Gearbox, cast iron or aluminium housing, input and output shafts, feet or flange, oil plugs. Housing material: cast iron; type: gearbox; gearing: cylindrical. Scale: about 1220 x 675 mm, large equipment, about human height. Three-quarter view from slightly above, whole item centred, filling about 70% of the frame. Plain seamless light neutral background #F4F6F9, no texture, no horizon line. Soft large-softbox studio lighting, soft contact shadow underneath, sharp focus across the whole item, photorealistic e-commerce catalog product photo, high detail, 85mm lens look, square 1:1, 1200x1200.";text, letters, numbers, logo, brand name, manufacturer marking, watermark, printed label, people, hands, faces, multiple products, cluttered background, props, distorted geometry, extra parts, cartoon, illustration, CGI look, blur, low resolution;текст, буквы, цифры, логотип, бренд, заводская маркировка, водяной знак, этикетка с надписями, люди, руки, лица, несколько предметов, захламленный фон, реквизит, искаженная геометрия, лишние детали, мультяшный стиль, иллюстрация, вид 3D-рендера, размытие, низкое разрешение;генерация;"Генерация по промпту; за основу — готовый снимок кадра F01275 (тот же ракурс, свет, фон), меняется только отличие подкадра.";photos/F01275-a.webp
F01275-b;F01275;3;8100;Редукторы;Редуктор крановый;редуктор крановый;"габариты высота больше 800 мм; выходной вал — цилиндрический";параллельный;высота больше 800 мм;цилиндрический;;свой снимок;20;"Фотореалистичная предметная фотография для каталога. Подкадр F01275-b (20 из 93 позиций кадра F01275). Отличие от соседних подкадров: габариты высота больше 800 мм; выходной вал — цилиндрический. Что в кадре: редуктор крановый, габариты высота больше 800 мм, цилиндрический. Как выглядит: редуктор: литой чугунный или алюминиевый корпус (окраска по данным, типично серая или синяя), входной и выходной валы, лапы или фланец, пробки маслозаливного отверстия. По данным позиций кадра: материал корпуса — чугун; тип — редуктор; передача — цилиндрический. Масштаб: габариты около 1565×930 мм (медиана по позициям) — крупное оборудование ростом примерно с человека. Ракурс и композиция: 3/4 немного сверху, изделие целиком по центру, занимает около 70 % кадра. Фон: светлый нейтральный бесшовный #F4F6F9 без текстуры и горизонта. Свет: мягкий студийный из большого софтбокса, мягкая тень под предметом, резкость по всему предмету. Не должно быть: чужих логотипов, названий заводов и брендов, водяных знаков, надписей и любого текста, людей и рук, лишних предметов. Итог: квадрат 1200×1200 px, WebP.";"Photorealistic catalog product photo. Distinctive for this variant: over 800 mm tall, very large; output shaft cylindrical. Crane duty gearbox. Gearbox, cast iron or aluminium housing, input and output shafts, feet or flange, oil plugs. Housing material: cast iron; type: gearbox; gearing: cylindrical. Scale: about 1565 x 930 mm, large equipment, about human height. Three-quarter view from slightly above, whole item centred, filling about 70% of the frame. Plain seamless light neutral background #F4F6F9, no texture, no horizon line. Soft large-softbox studio lighting, soft contact shadow underneath, sharp focus across the whole item, photorealistic e-commerce catalog product photo, high detail, 85mm lens look, square 1:1, 1200x1200.";text, letters, numbers, logo, brand name, manufacturer marking, watermark, printed label, people, hands, faces, multiple products, cluttered background, props, distorted geometry, extra parts, cartoon, illustration, CGI look, blur, low resolution;текст, буквы, цифры, логотип, бренд, заводская маркировка, водяной знак, этикетка с надписями, люди, руки, лица, несколько предметов, захламленный фон, реквизит, искаженная геометрия, лишние детали, мультяшный стиль, иллюстрация, вид 3D-рендера, размытие, низкое разрешение;генерация;"Генерация по промпту; за основу — готовый снимок кадра F01275 (тот же ракурс, свет, фон), меняется только отличие подкадра.";photos/F01275-b.webp
F01275-c;F01275;3;8977;Редукторы;Редуктор крановый;редуктор крановый;габариты высота больше 800 мм;параллельный;высота больше 800 мм;;;свой снимок;18;"Фотореалистичная предметная фотография для каталога. Подкадр F01275-c (18 из 93 позиций кадра F01275). Отличие от соседних подкадров: габариты высота больше 800 мм. Что в кадре: редуктор крановый, габариты высота больше 800 мм. Как выглядит: редуктор: литой чугунный или алюминиевый корпус (окраска по данным, типично серая или синяя), входной и выходной валы, лапы или фланец, пробки маслозаливного отверстия. По данным позиций кадра: материал корпуса — чугун; тип — редуктор; передача — цилиндрический. Масштаб: габариты около 1770×620×920 мм (медиана по позициям) — крупное оборудование ростом примерно с человека. Ракурс и композиция: 3/4 немного сверху, изделие целиком по центру, занимает около 70 % кадра. Фон: светлый нейтральный бесшовный #F4F6F9 без текстуры и горизонта. Свет: мягкий студийный из большого софтбокса, мягкая тень под предметом, резкость по всему предмету. Не должно быть: чужих логотипов, названий заводов и брендов, водяных знаков, надписей и любого текста, людей и рук, лишних предметов. Итог: квадрат 1200×1200 px, WebP.";"Photorealistic catalog product photo. Distinctive for this variant: over 800 mm tall, very large. Crane duty gearbox. Gearbox, cast iron or aluminium housing, input and output shafts, feet or flange, oil plugs. Housing material: cast iron; type: gearbox; gearing: cylindrical. Scale: about 1770 x 620 x 920 mm, large equipment, about human height. Three-quarter view from slightly above, whole item centred, filling about 70% of the frame. Plain seamless light neutral background #F4F6F9, no texture, no horizon line. Soft large-softbox studio lighting, soft contact shadow underneath, sharp focus across the whole item, photorealistic e-commerce catalog product photo, high detail, 85mm lens look, square 1:1, 1200x1200.";text, letters, numbers, logo, brand name, manufacturer marking, watermark, printed label, people, hands, faces, multiple products, cluttered background, props, distorted geometry, extra parts, cartoon, illustration, CGI look, blur, low resolution;текст, буквы, цифры, логотип, бренд, заводская маркировка, водяной знак, этикетка с надписями, люди, руки, лица, несколько предметов, захламленный фон, реквизит, искаженная геометрия, лишние детали, мультяшный стиль, иллюстрация, вид 3D-рендера, размытие, низкое разрешение;генерация;"Генерация по промпту; за основу — готовый снимок кадра F01275 (тот же ракурс, свет, фон), меняется только отличие подкадра.";photos/F01275-c.webp
F01275-d;F01275;3;16604;Редукторы;Редуктор крановый;редуктор крановый;"габариты высота 300–500 мм; выходной вал — полый";параллельный;высота 300–500 мм;полый;;свой снимок;9;"Фотореалистичная предметная фотография для каталога. Подкадр F01275-d (9 из 93 позиций кадра F01275). Отличие от соседних подкадров: габариты высота 300–500 мм; выходной вал — полый. Что в кадре: редуктор крановый, габариты высота 300–500 мм, полый. Как выглядит: редуктор: литой чугунный или алюминиевый корпус (окраска по данным, типично серая или синяя), входной и выходной валы, лапы или фланец, пробки маслозаливного отверстия. По данным позиций кадра: материал корпуса — чугун; тип — цилиндрический; передача — цилиндрический. Масштаб: габариты около 826×310×480 мм (медиана по позициям) — крупное изделие, до метра. Ракурс и композиция: 3/4 немного сверху, изделие целиком по центру, занимает около 70 % кадра. Фон: светлый нейтральный бесшовный #F4F6F9 без текстуры и горизонта. Свет: мягкий студийный из большого софтбокса, мягкая тень под предметом, резкость по всему предмету. Не должно быть: чужих логотипов, названий заводов и брендов, водяных знаков, надписей и любого текста, людей и рук, лишних предметов. Итог: квадрат 1200×1200 px, WebP.";"Photorealistic catalog product photo. Distinctive for this variant: 300-500 mm tall. Crane duty gearbox. Gearbox, cast iron or aluminium housing, input and output shafts, feet or flange, oil plugs. Housing material: cast iron; type: cylindrical; gearing: cylindrical. Scale: about 826 x 310 x 480 mm, large item, up to one metre. Three-quarter view from slightly above, whole item centred, filling about 70% of the frame. Plain seamless light neutral background #F4F6F9, no texture, no horizon line. Soft large-softbox studio lighting, soft contact shadow underneath, sharp focus across the whole item, photorealistic e-commerce catalog product photo, high detail, 85mm lens look, square 1:1, 1200x1200.";text, letters, numbers, logo, brand name, manufacturer marking, watermark, printed label, people, hands, faces, multiple products, cluttered background, props, distorted geometry, extra parts, cartoon, illustration, CGI look, blur, low resolution;текст, буквы, цифры, логотип, бренд, заводская маркировка, водяной знак, этикетка с надписями, люди, руки, лица, несколько предметов, захламленный фон, реквизит, искаженная геометрия, лишние детали, мультяшный стиль, иллюстрация, вид 3D-рендера, размытие, низкое разрешение;генерация;"Генерация по промпту; за основу — готовый снимок кадра F01275 (тот же ракурс, свет, фон), меняется только отличие подкадра.";photos/F01275-d.webp
F01275-e;F01275;3;16605;Редукторы;Редуктор крановый;редуктор крановый;габариты высота 500–800 мм;параллельный;высота 500–800 мм;;;свой снимок;9;"Фотореалистичная предметная фотография для каталога. Подкадр F01275-e (9 из 93 позиций кадра F01275). Отличие от соседних подкадров: габариты высота 500–800 мм. Что в кадре: редуктор крановый, габариты высота 500–800 мм. Как выглядит: редуктор: литой чугунный или алюминиевый корпус (окраска по данным, типично серая или синяя), входной и выходной валы, лапы или фланец, пробки маслозаливного отверстия. По данным позиций кадра: материал корпуса — чугун; тип — редуктор; передача — цилиндрический. Масштаб: габариты около 1500×510×743 мм (медиана по позициям) — крупное оборудование ростом примерно с человека. Ракурс и композиция: 3/4 немного сверху, изделие целиком по центру, занимает около 70 % кадра. Фон: светлый нейтральный бесшовный #F4F6F9 без текстуры и горизонта. Свет: мягкий студийный из большого софтбокса, мягкая тень под предметом, резкость по всему предмету. Не должно быть: чужих логотипов, названий заводов и брендов, водяных знаков, надписей и любого текста, людей и рук, лишних предметов. Итог: квадрат 1200×1200 px, WebP.";"Photorealistic catalog product photo. Distinctive for this variant: 500-800 mm tall, large. Crane duty gearbox. Gearbox, cast iron or aluminium housing, input and output shafts, feet or flange, oil plugs. Housing material: cast iron; type: gearbox; gearing: cylindrical. Scale: about 1500 x 510 x 743 mm, large equipment, about human height. Three-quarter view from slightly above, whole item centred, filling about 70% of the frame. Plain seamless light neutral background #F4F6F9, no texture, no horizon line. Soft large-softbox studio lighting, soft contact shadow underneath, sharp focus across the whole item, photorealistic e-commerce catalog product photo, high detail, 85mm lens look, square 1:1, 1200x1200.";text, letters, numbers, logo, brand name, manufacturer marking, watermark, printed label, people, hands, faces, multiple products, cluttered background, props, distorted geometry, extra parts, cartoon, illustration, CGI look, blur, low resolution;текст, буквы, цифры, логотип, бренд, заводская маркировка, водяной знак, этикетка с надписями, люди, руки, лица, несколько предметов, захламленный фон, реквизит, искаженная геометрия, лишние детали, мультяшный стиль, иллюстрация, вид 3D-рендера, размытие, низкое разрешение;генерация;"Генерация по промпту; за основу — готовый снимок кадра F01275 (тот же ракурс, свет, фон), меняется только отличие подкадра.";photos/F01275-e.webp
F01275-f;F01275;3;16606;Редукторы;Редуктор крановый;редуктор крановый;"габариты высота 500–800 мм; выходной вал — полый";параллельный;высота 500–800 мм;полый;;свой снимок;9;"Фотореалистичная предметная фотография для каталога. Подкадр F01275-f (9 из 93 позиций кадра F01275). Отличие от соседних подкадров: габариты высота 500–800 мм; выходной вал — полый. Что в кадре: редуктор крановый, габариты высота 500–800 мм, полый. Как выглядит: редуктор: литой чугунный или алюминиевый корпус (окраска по данным, типично серая или синяя), входной и выходной валы, лапы или фланец, пробки маслозаливного отверстия. По данным позиций кадра: материал корпуса — чугун; тип — цилиндрический; передача — цилиндрический. Масштаб: габариты около 986×350×557 мм (медиана по позициям) — крупное изделие, до метра. Ракурс и композиция: 3/4 немного сверху, изделие целиком по центру, занимает около 70 % кадра. Фон: светлый нейтральный бесшовный #F4F6F9 без текстуры и горизонта. Свет: мягкий студийный из большого софтбокса, мягкая тень под предметом, резкость по всему предмету. Не должно быть: чужих логотипов, названий заводов и брендов, водяных знаков, надписей и любого текста, людей и рук, лишних предметов. Итог: квадрат 1200×1200 px, WebP.";"Photorealistic catalog product photo. Distinctive for this variant: 500-800 mm tall, large. Crane duty gearbox. Gearbox, cast iron or aluminium housing, input and output shafts, feet or flange, oil plugs. Housing material: cast iron; type: cylindrical; gearing: cylindrical. Scale: about 986 x 350 x 557 mm, large item, up to one metre. Three-quarter view from slightly above, whole item centred, filling about 70% of the frame. Plain seamless light neutral background #F4F6F9, no texture, no horizon line. Soft large-softbox studio lighting, soft contact shadow underneath, sharp focus across the whole item, photorealistic e-commerce catalog product photo, high detail, 85mm lens look, square 1:1, 1200x1200.";text, letters, numbers, logo, brand name, manufacturer marking, watermark, printed label, people, hands, faces, multiple products, cluttered background, props, distorted geometry, extra parts, cartoon, illustration, CGI look, blur, low resolution;текст, буквы, цифры, логотип, бренд, заводская маркировка, водяной знак, этикетка с надписями, люди, руки, лица, несколько предметов, захламленный фон, реквизит, искаженная геометрия, лишние детали, мультяшный стиль, иллюстрация, вид 3D-рендера, размытие, низкое разрешение;генерация;"Генерация по промпту; за основу — готовый снимок кадра F01275 (тот же ракурс, свет, фон), меняется только отличие подкадра.";photos/F01275-f.webp
F01275-g;F01275;5;28122;Редукторы;Редуктор крановый;редуктор крановый;прочие позиции кадра;;;;;прочие позиции кадра — снимок кадра;3;"Фотореалистичная предметная фотография для каталога. Подкадр F01275-g — прочие позиции кадра F01275 (3 из 93), у которых нет общего заметного отличия от остальных 6 подкадров кадра; снимок как у кадра F01275. Что в кадре: редуктор крановый, габариты высота 300–500 мм, цилиндрический. Как выглядит: редуктор: литой чугунный или алюминиевый корпус (окраска по данным, типично серая или синяя), входной и выходной валы, лапы или фланец, пробки маслозаливного отверстия. По данным позиций кадра: материал корпуса — чугун; тип — редуктор; передача — цилиндрический. Масштаб: габариты около 840×475 мм (медиана по позициям) — крупное изделие, до метра. Ракурс и композиция: 3/4 немного сверху, изделие целиком по центру, занимает около 70 % кадра. Фон: светлый нейтральный бесшовный #F4F6F9 без текстуры и горизонта. Свет: мягкий студийный из большого софтбокса, мягкая тень под предметом, резкость по всему предмету. Не должно быть: чужих логотипов, названий заводов и брендов, водяных знаков, надписей и любого текста, людей и рук, лишних предметов. Итог: квадрат 1200×1200 px, WebP.";"Photorealistic catalog product photo. Crane duty gearbox. Gearbox, cast iron or aluminium housing, input and output shafts, feet or flange, oil plugs. Housing material: cast iron; type: gearbox; gearing: cylindrical. Scale: about 840 x 475 mm, large item, up to one metre. Three-quarter view from slightly above, whole item centred, filling about 70% of the frame. Plain seamless light neutral background #F4F6F9, no texture, no horizon line. Soft large-softbox studio lighting, soft contact shadow underneath, sharp focus across the whole item, photorealistic e-commerce catalog product photo, high detail, 85mm lens look, square 1:1, 1200x1200.";text, letters, numbers, logo, brand name, manufacturer marking, watermark, printed label, people, hands, faces, multiple products, cluttered background, props, distorted geometry, extra parts, cartoon, illustration, CGI look, blur, low resolution;текст, буквы, цифры, логотип, бренд, заводская маркировка, водяной знак, этикетка с надписями, люди, руки, лица, несколько предметов, захламленный фон, реквизит, искаженная геометрия, лишние детали, мультяшный стиль, иллюстрация, вид 3D-рендера, размытие, низкое разрешение;снимок кадра;Отдельный снимок не нужен: на эти позиции встает снимок кадра F01275 (файл photos/F01275.webp).;— (используется photos/F01275.webp)
F02372-a;F02372;2;3356;Редукторы;Вал выходной;вал выходной;весь кадр;;;;;весь кадр — снимок кадра;47;Фотореалистичная предметная фотография для каталога. Подкадр F02372-a — весь кадр F02372 (47 поз.): позиций мало или на фото они одинаковы. Что в кадре: вал выходной. Как выглядит: вал: стальной цилиндрический вал со шпоночными пазами или шлицами, шлифованные шейки. По данным позиций кадра: материал корпуса — сталь (61 %). Масштаб: масса около 0,8 кг (медиана по позициям). Ракурс и композиция: 3/4 немного сверху, изделие целиком по центру, занимает около 70 % кадра. Фон: светлый нейтральный бесшовный #F4F6F9 без текстуры и горизонта. Свет: мягкий студийный из большого софтбокса, мягкая тень под предметом, резкость по всему предмету. Не должно быть: чужих логотипов, названий заводов и брендов, водяных знаков, надписей и любого текста, людей и рук, лишних предметов. Итог: квадрат 1200×1200 px, WebP.;Photorealistic catalog product photo. Output shaft. Steel shaft with keyways or splines, ground journals. Housing material: steel. Scale: weight about 0.8 kg. Three-quarter view from slightly above, whole item centred, filling about 70% of the frame. Plain seamless light neutral background #F4F6F9, no texture, no horizon line. Soft large-softbox studio lighting, soft contact shadow underneath, sharp focus across the whole item, photorealistic e-commerce catalog product photo, high detail, 85mm lens look, square 1:1, 1200x1200.;text, letters, numbers, logo, brand name, manufacturer marking, watermark, printed label, people, hands, faces, multiple products, cluttered background, props, distorted geometry, extra parts, cartoon, illustration, CGI look, blur, low resolution;текст, буквы, цифры, логотип, бренд, заводская маркировка, водяной знак, этикетка с надписями, люди, руки, лица, несколько предметов, захламленный фон, реквизит, искаженная геометрия, лишние детали, мультяшный стиль, иллюстрация, вид 3D-рендера, размытие, низкое разрешение;снимок кадра;Отдельный снимок не нужен: на эти позиции встает снимок кадра F02372 (файл photos/F02372.webp).;— (используется photos/F02372.webp)
F02447-a;F02447;2;3503;Редукторы;Штанга реактивная;штанга реактивная;весь кадр;;;;;весь кадр — снимок кадра;45;"Фотореалистичная предметная фотография для каталога. Подкадр F02447-a — весь кадр F02447 (45 поз.): позиций мало или на фото они одинаковы. Что в кадре: штанга реактивная. Как выглядит: штанга реактивная в типичном для этого вида исполнении (группа «Штанга реактивная»); форму, пропорции и детали — как у типичного изделия этого вида. Масштаб: масса около 1 кг (медиана по позициям). Ракурс и композиция: 3/4 немного сверху, изделие целиком по центру, занимает около 70 % кадра. Фон: светлый нейтральный бесшовный #F4F6F9 без текстуры и горизонта. Свет: мягкий студийный из большого софтбокса, мягкая тень под предметом, резкость по всему предмету. Не должно быть: чужих логотипов, названий заводов и брендов, водяных знаков, надписей и любого текста, людей и рук, лишних предметов. Итог: квадрат 1200×1200 px, WebP.";Photorealistic catalog product photo. Reactive rod. Reactive rod in its typical standard design. Scale: weight about 1 kg. Three-quarter view from slightly above, whole item centred, filling about 70% of the frame. Plain seamless light neutral background #F4F6F9, no texture, no horizon line. Soft large-softbox studio lighting, soft contact shadow underneath, sharp focus across the whole item, photorealistic e-commerce catalog product photo, high detail, 85mm lens look, square 1:1, 1200x1200.;text, letters, numbers, logo, brand name, manufacturer marking, watermark, printed label, people, hands, faces, multiple products, cluttered background, props, distorted geometry, extra parts, cartoon, illustration, CGI look, blur, low resolution;текст, буквы, цифры, логотип, бренд, заводская маркировка, водяной знак, этикетка с надписями, люди, руки, лица, несколько предметов, захламленный фон, реквизит, искаженная геометрия, лишние детали, мультяшный стиль, иллюстрация, вид 3D-рендера, размытие, низкое разрешение;снимок кадра;Отдельный снимок не нужен: на эти позиции встает снимок кадра F02447 (файл photos/F02447.webp).;— (используется photos/F02447.webp)
F02647-a;F02647;2;3892;Редукторы;Фланец выходной;фланец выходной;весь кадр;;;;;весь кадр — снимок кадра;41;Фотореалистичная предметная фотография для каталога. Подкадр F02647-a — весь кадр F02647 (41 поз.): позиций мало или на фото они одинаковы. Что в кадре: фланец выходной. Как выглядит: фланец: стальной диск с центральным отверстием и кругом отверстий под болты. Масштаб: масса около 0,4 кг (медиана по позициям). Ракурс и композиция: 3/4 немного сверху, изделие целиком по центру, занимает около 70 % кадра. Фон: светлый нейтральный бесшовный #F4F6F9 без текстуры и горизонта. Свет: мягкий студийный из большого софтбокса, мягкая тень под предметом, резкость по всему предмету. Не должно быть: чужих логотипов, названий заводов и брендов, водяных знаков, надписей и любого текста, людей и рук, лишних предметов. Итог: квадрат 1200×1200 px, WebP.;Photorealistic catalog product photo. Output flange. Steel flange with centre bore and bolt holes. Scale: weight about 0.4 kg. Three-quarter view from slightly above, whole item centred, filling about 70% of the frame. Plain seamless light neutral background #F4F6F9, no texture, no horizon line. Soft large-softbox studio lighting, soft contact shadow underneath, sharp focus across the whole item, photorealistic e-commerce catalog product photo, high detail, 85mm lens look, square 1:1, 1200x1200.;text, letters, numbers, logo, brand name, manufacturer marking, watermark, printed label, people, hands, faces, multiple products, cluttered background, props, distorted geometry, extra parts, cartoon, illustration, CGI look, blur, low resolution;текст, буквы, цифры, логотип, бренд, заводская маркировка, водяной знак, этикетка с надписями, люди, руки, лица, несколько предметов, захламленный фон, реквизит, искаженная геометрия, лишние детали, мультяшный стиль, иллюстрация, вид 3D-рендера, размытие, низкое разрешение;снимок кадра;Отдельный снимок не нужен: на эти позиции встает снимок кадра F02647 (файл photos/F02647.webp).;— (используется photos/F02647.webp)
F02759-a;F02759;2;5535;Редукторы;Редуктор;редуктор;"оси — угловой; у позиций разные: размер";угловой;;;;свой снимок;30;"Фотореалистичная предметная фотография для каталога. Подкадр F02759-a (30 из 38 позиций кадра F02759). Отличие от соседних подкадров: оси — угловой; у позиций разные: размер. Что в кадре: редуктор, угловой. Как выглядит: редуктор: литой чугунный или алюминиевый корпус (окраска по данным, типично серая или синяя), входной и выходной валы, лапы или фланец, пробки маслозаливного отверстия. По данным позиций кадра: материал корпуса — чугун; тип — червячный (80 %); передача — червячный (80 %). Масштаб: габариты около 408×174×408 мм (медиана по позициям) — размером примерно с обувную коробку. Ракурс и композиция: 3/4 немного сверху, изделие целиком по центру, занимает около 70 % кадра. Фон: светлый нейтральный бесшовный #F4F6F9 без текстуры и горизонта. Свет: мягкий студийный из большого софтбокса, мягкая тень под предметом, резкость по всему предмету. Не должно быть: чужих логотипов, названий заводов и брендов, водяных знаков, надписей и любого текста, людей и рук, лишних предметов. Итог: квадрат 1200×1200 px, WebP.";"Photorealistic catalog product photo. Distinctive for this variant: shaft arrangement angle. Gearbox. Gearbox, cast iron or aluminium housing, input and output shafts, feet or flange, oil plugs. Housing material: cast iron; type: worm; gearing: worm. Scale: about 408 x 174 x 408 mm, about shoebox size. Three-quarter view from slightly above, whole item centred, filling about 70% of the frame. Plain seamless light neutral background #F4F6F9, no texture, no horizon line. Soft large-softbox studio lighting, soft contact shadow underneath, sharp focus across the whole item, photorealistic e-commerce catalog product photo, high detail, 85mm lens look, square 1:1, 1200x1200.";text, letters, numbers, logo, brand name, manufacturer marking, watermark, printed label, people, hands, faces, multiple products, cluttered background, props, distorted geometry, extra parts, cartoon, illustration, CGI look, blur, low resolution;текст, буквы, цифры, логотип, бренд, заводская маркировка, водяной знак, этикетка с надписями, люди, руки, лица, несколько предметов, захламленный фон, реквизит, искаженная геометрия, лишние детали, мультяшный стиль, иллюстрация, вид 3D-рендера, размытие, низкое разрешение;генерация;"Генерация по промпту; за основу — готовый снимок кадра F02759 (тот же ракурс, свет, фон), меняется только отличие подкадра.";photos/F02759-a.webp
F02759-b;F02759;4;24399;Редукторы;Редуктор;редуктор;"оси — соосный; у позиций разные: размер";соосный;;;;свой снимок;6;"Фотореалистичная предметная фотография для каталога. Подкадр F02759-b (6 из 38 позиций кадра F02759). Отличие от соседних подкадров: оси — соосный; у позиций разные: размер. Что в кадре: редуктор, соосный. Как выглядит: редуктор: литой чугунный или алюминиевый корпус (окраска по данным, типично серая или синяя), входной и выходной валы, лапы или фланец, пробки маслозаливного отверстия. По данным позиций кадра: материал корпуса — сплав алюминиевый (50 %); тип — червячный; передача — червячный. Масштаб: габариты около 300×350×340 мм (медиана по позициям) — размером примерно с обувную коробку. Ракурс и композиция: 3/4 немного сверху, изделие целиком по центру, занимает около 70 % кадра. Фон: светлый нейтральный бесшовный #F4F6F9 без текстуры и горизонта. Свет: мягкий студийный из большого софтбокса, мягкая тень под предметом, резкость по всему предмету. Не должно быть: чужих логотипов, названий заводов и брендов, водяных знаков, надписей и любого текста, людей и рук, лишних предметов. Итог: квадрат 1200×1200 px, WebP.";"Photorealistic catalog product photo. Gearbox. Gearbox, cast iron or aluminium housing, input and output shafts, feet or flange, oil plugs. Housing material: aluminium; type: worm; gearing: worm. Scale: about 300 x 350 x 340 mm, about shoebox size. Three-quarter view from slightly above, whole item centred, filling about 70% of the frame. Plain seamless light neutral background #F4F6F9, no texture, no horizon line. Soft large-softbox studio lighting, soft contact shadow underneath, sharp focus across the whole item, photorealistic e-commerce catalog product photo, high detail, 85mm lens look, square 1:1, 1200x1200.";text, letters, numbers, logo, brand name, manufacturer marking, watermark, printed label, people, hands, faces, multiple products, cluttered background, props, distorted geometry, extra parts, cartoon, illustration, CGI look, blur, low resolution;текст, буквы, цифры, логотип, бренд, заводская маркировка, водяной знак, этикетка с надписями, люди, руки, лица, несколько предметов, захламленный фон, реквизит, искаженная геометрия, лишние детали, мультяшный стиль, иллюстрация, вид 3D-рендера, размытие, низкое разрешение;генерация;"Генерация по промпту; за основу — готовый снимок кадра F02759 (тот же ракурс, свет, фон), меняется только отличие подкадра.";photos/F02759-b.webp
F02759-c;F02759;5;28505;Редукторы;Редуктор;редуктор;прочие позиции кадра;;;;;прочие позиции кадра — снимок кадра;2;"Фотореалистичная предметная фотография для каталога. Подкадр F02759-c — прочие позиции кадра F02759 (2 из 38), у которых нет общего заметного отличия от остальных 2 подкадров кадра; снимок как у кадра F02759. Что в кадре: редуктор, параллельный, цилиндрический. Как выглядит: редуктор: литой чугунный или алюминиевый корпус (окраска по данным, типично серая или синяя), входной и выходной валы, лапы или фланец, пробки маслозаливного отверстия. По данным позиций кадра: материал корпуса — чугун; тип — редуктор; передача — цилиндрический. Масштаб: масса около 112 кг (медиана по позициям). Ракурс и композиция: 3/4 немного сверху, изделие целиком по центру, занимает около 70 % кадра. Фон: светлый нейтральный бесшовный #F4F6F9 без текстуры и горизонта. Свет: мягкий студийный из большого софтбокса, мягкая тень под предметом, резкость по всему предмету. Не должно быть: чужих логотипов, названий заводов и брендов, водяных знаков, надписей и любого текста, людей и рук, лишних предметов. Итог: квадрат 1200×1200 px, WebP.";"Photorealistic catalog product photo. Gearbox. Gearbox, cast iron or aluminium housing, input and output shafts, feet or flange, oil plugs. Housing material: cast iron; type: gearbox; gearing: cylindrical. Scale: weight about 112 kg. Three-quarter view from slightly above, whole item centred, filling about 70% of the frame. Plain seamless light neutral background #F4F6F9, no texture, no horizon line. Soft large-softbox studio lighting, soft contact shadow underneath, sharp focus across the whole item, photorealistic e-commerce catalog product photo, high detail, 85mm lens look, square 1:1, 1200x1200.";text, letters, numbers, logo, brand name, manufacturer marking, watermark, printed label, people, hands, faces, multiple products, cluttered background, props, distorted geometry, extra parts, cartoon, illustration, CGI look, blur, low resolution;текст, буквы, цифры, логотип, бренд, заводская маркировка, водяной знак, этикетка с надписями, люди, руки, лица, несколько предметов, захламленный фон, реквизит, искаженная геометрия, лишние детали, мультяшный стиль, иллюстрация, вид 3D-рендера, размытие, низкое разрешение;снимок кадра;Отдельный снимок не нужен: на эти позиции встает снимок кадра F02759 (файл photos/F02759.webp).;— (используется photos/F02759.webp)
F02804-a;F02804;2;4668;Редукторы;Лапы;лапы;весь кадр;;;;;весь кадр — снимок кадра;35;Фотореалистичная предметная фотография для каталога. Подкадр F02804-a — весь кадр F02804 (35 поз.): позиций мало или на фото они одинаковы. Что в кадре: лапы. Как выглядит: лапы: опорные лапы-кронштейны из стали. По данным позиций кадра: материал корпуса — сплав алюминиевый (63 %). Масштаб: масса около 1 кг (медиана по позициям). Ракурс и композиция: 3/4 немного сверху, изделие целиком по центру, занимает около 70 % кадра. Фон: светлый нейтральный бесшовный #F4F6F9 без текстуры и горизонта. Свет: мягкий студийный из большого софтбокса, мягкая тень под предметом, резкость по всему предмету. Не должно быть: чужих логотипов, названий заводов и брендов, водяных знаков, надписей и любого текста, людей и рук, лишних предметов. Итог: квадрат 1200×1200 px, WebP.;Photorealistic catalog product photo. Feet. Steel mounting feet brackets. Housing material: aluminium. Scale: weight about 1 kg. Three-quarter view from slightly above, whole item centred, filling about 70% of the frame. Plain seamless light neutral background #F4F6F9, no texture, no horizon line. Soft large-softbox studio lighting, soft contact shadow underneath, sharp focus across the whole item, photorealistic e-commerce catalog product photo, high detail, 85mm lens look, square 1:1, 1200x1200.;text, letters, numbers, logo, brand name, manufacturer marking, watermark, printed label, people, hands, faces, multiple products, cluttered background, props, distorted geometry, extra parts, cartoon, illustration, CGI look, blur, low resolution;текст, буквы, цифры, логотип, бренд, заводская маркировка, водяной знак, этикетка с надписями, люди, руки, лица, несколько предметов, захламленный фон, реквизит, искаженная геометрия, лишние детали, мультяшный стиль, иллюстрация, вид 3D-рендера, размытие, низкое разрешение;снимок кадра;Отдельный снимок не нужен: на эти позиции встает снимок кадра F02804 (файл photos/F02804.webp).;— (используется photos/F02804.webp)
F02983-a;F02983;2;6099;Редукторы;Набор переходной;набор переходной;весь кадр;;;;;весь кадр — снимок кадра;27;"Фотореалистичная предметная фотография для каталога. Подкадр F02983-a — весь кадр F02983 (27 поз.): позиций мало или на фото они одинаковы. Что в кадре: набор переходной. Как выглядит: набор: несколько предметов набора аккуратно разложены рядом или в кейсе с открытой крышкой. Масштаб: масса около 0,5 кг (медиана по позициям). Ракурс и композиция: 3/4 немного сверху, изделие целиком по центру, занимает около 70 % кадра; предметы набора разложены ровной группой. Фон: светлый нейтральный бесшовный #F4F6F9 без текстуры и горизонта. Свет: мягкий студийный из большого софтбокса, мягкая тень под предметом, резкость по всему предмету. Не должно быть: чужих логотипов, названий заводов и брендов, водяных знаков, надписей и любого текста, людей и рук, лишних предметов. Итог: квадрат 1200×1200 px, WebP.";"Photorealistic catalog product photo. Adapter set. Set of items neatly arranged or in an open case. Scale: weight about 0.5 kg. Three-quarter view from slightly above, whole item centred, filling about 70% of the frame; set items arranged neatly. Plain seamless light neutral background #F4F6F9, no texture, no horizon line. Soft large-softbox studio lighting, soft contact shadow underneath, sharp focus across the whole item, photorealistic e-commerce catalog product photo, high detail, 85mm lens look, square 1:1, 1200x1200.";text, letters, numbers, logo, brand name, manufacturer marking, watermark, printed label, people, hands, faces, multiple products, cluttered background, props, distorted geometry, extra parts, cartoon, illustration, CGI look, blur, low resolution;текст, буквы, цифры, логотип, бренд, заводская маркировка, водяной знак, этикетка с надписями, люди, руки, лица, несколько предметов, захламленный фон, реквизит, искаженная геометрия, лишние детали, мультяшный стиль, иллюстрация, вид 3D-рендера, размытие, низкое разрешение;снимок кадра;Отдельный снимок не нужен: на эти позиции встает снимок кадра F02983 (файл photos/F02983.webp).;— (используется photos/F02983.webp)
F03232-a;F03232;3;8251;Редукторы;Вал;вал;весь кадр;;;;;весь кадр — снимок кадра;20;Фотореалистичная предметная фотография для каталога. Подкадр F03232-a — весь кадр F03232 (20 поз.): позиций мало или на фото они одинаковы. Что в кадре: вал. Как выглядит: вал: стальной цилиндрический вал со шпоночными пазами или шлицами, шлифованные шейки. Масштаб: масса около 1 кг (медиана по позициям). Ракурс и композиция: 3/4 немного сверху, изделие целиком по центру, занимает около 70 % кадра. Фон: светлый нейтральный бесшовный #F4F6F9 без текстуры и горизонта. Свет: мягкий студийный из большого софтбокса, мягкая тень под предметом, резкость по всему предмету. Не должно быть: чужих логотипов, названий заводов и брендов, водяных знаков, надписей и любого текста, людей и рук, лишних предметов. Итог: квадрат 1200×1200 px, WebP.;Photorealistic catalog product photo. Shaft. Steel shaft with keyways or splines, ground journals. Scale: weight about 1 kg. Three-quarter view from slightly above, whole item centred, filling about 70% of the frame. Plain seamless light neutral background #F4F6F9, no texture, no horizon line. Soft large-softbox studio lighting, soft contact shadow underneath, sharp focus across the whole item, photorealistic e-commerce catalog product photo, high detail, 85mm lens look, square 1:1, 1200x1200.;text, letters, numbers, logo, brand name, manufacturer marking, watermark, printed label, people, hands, faces, multiple products, cluttered background, props, distorted geometry, extra parts, cartoon, illustration, CGI look, blur, low resolution;текст, буквы, цифры, логотип, бренд, заводская маркировка, водяной знак, этикетка с надписями, люди, руки, лица, несколько предметов, захламленный фон, реквизит, искаженная геометрия, лишние детали, мультяшный стиль, иллюстрация, вид 3D-рендера, размытие, низкое разрешение;снимок кадра;Отдельный снимок не нужен: на эти позиции встает снимок кадра F03232 (файл photos/F03232.webp).;— (используется photos/F03232.webp)
F03283-a;F03283;3;8569;Редукторы;Мотор-редуктор волновой;мотор-редуктор волновой;весь кадр;;;;;весь кадр — снимок кадра;19;"Фотореалистичная предметная фотография для каталога. Подкадр F03283-a — весь кадр F03283 (19 поз.): позиций мало или на фото они одинаковы. Что в кадре: мотор-редуктор волновой. Как выглядит: мотор-редуктор: электродвигатель с ребристым корпусом, соединенный с корпусом редуктора; выходной вал или полый вал, лапы или фланец. По данным позиций кадра: материал корпуса — чугун; тип — волновой; передача — волновой. Масштаб: габариты около 416×171 мм (медиана по позициям) — размером примерно с обувную коробку. Ракурс и композиция: 3/4 немного сверху, изделие целиком по центру, занимает около 70 % кадра. Фон: светлый нейтральный бесшовный #F4F6F9 без текстуры и горизонта. Свет: мягкий студийный из большого софтбокса, мягкая тень под предметом, резкость по всему предмету. Не должно быть: чужих логотипов, названий заводов и брендов, водяных знаков, надписей и любого текста, людей и рук, лишних предметов. Итог: квадрат 1200×1200 px, WebP.";"Photorealistic catalog product photo. Wave geared motor. Gear motor, ribbed electric motor joined to a gearbox housing, output shaft, feet or flange. Housing material: cast iron; type: wave; gearing: wave. Scale: about 416 x 171 mm, about shoebox size. Three-quarter view from slightly above, whole item centred, filling about 70% of the frame. Plain seamless light neutral background #F4F6F9, no texture, no horizon line. Soft large-softbox studio lighting, soft contact shadow underneath, sharp focus across the whole item, photorealistic e-commerce catalog product photo, high detail, 85mm lens look, square 1:1, 1200x1200.";text, letters, numbers, logo, brand name, manufacturer marking, watermark, printed label, people, hands, faces, multiple products, cluttered background, props, distorted geometry, extra parts, cartoon, illustration, CGI look, blur, low resolution;текст, буквы, цифры, логотип, бренд, заводская маркировка, водяной знак, этикетка с надписями, люди, руки, лица, несколько предметов, захламленный фон, реквизит, искаженная геометрия, лишние детали, мультяшный стиль, иллюстрация, вид 3D-рендера, размытие, низкое разрешение;снимок кадра;Отдельный снимок не нужен: на эти позиции встает снимок кадра F03283 (файл photos/F03283.webp).;— (используется photos/F03283.webp)
F03386-a;F03386;3;9587;Редукторы;Вал входной;вал входной;весь кадр;;;;;весь кадр — снимок кадра;17;Фотореалистичная предметная фотография для каталога. Подкадр F03386-a — весь кадр F03386 (17 поз.): позиций мало или на фото они одинаковы. Что в кадре: вал входной. Как выглядит: вал: стальной цилиндрический вал со шпоночными пазами или шлицами, шлифованные шейки. Масштаб: масса около 0,3 кг (медиана по позициям). Ракурс и композиция: 3/4 немного сверху, изделие целиком по центру, занимает около 70 % кадра. Фон: светлый нейтральный бесшовный #F4F6F9 без текстуры и горизонта. Свет: мягкий студийный из большого софтбокса, мягкая тень под предметом, резкость по всему предмету. Не должно быть: чужих логотипов, названий заводов и брендов, водяных знаков, надписей и любого текста, людей и рук, лишних предметов. Итог: квадрат 1200×1200 px, WebP.;Photorealistic catalog product photo. Inlet shaft. Steel shaft with keyways or splines, ground journals. Scale: weight about 0.3 kg. Three-quarter view from slightly above, whole item centred, filling about 70% of the frame. Plain seamless light neutral background #F4F6F9, no texture, no horizon line. Soft large-softbox studio lighting, soft contact shadow underneath, sharp focus across the whole item, photorealistic e-commerce catalog product photo, high detail, 85mm lens look, square 1:1, 1200x1200.;text, letters, numbers, logo, brand name, manufacturer marking, watermark, printed label, people, hands, faces, multiple products, cluttered background, props, distorted geometry, extra parts, cartoon, illustration, CGI look, blur, low resolution;текст, буквы, цифры, логотип, бренд, заводская маркировка, водяной знак, этикетка с надписями, люди, руки, лица, несколько предметов, захламленный фон, реквизит, искаженная геометрия, лишние детали, мультяшный стиль, иллюстрация, вид 3D-рендера, размытие, низкое разрешение;снимок кадра;Отдельный снимок не нужен: на эти позиции встает снимок кадра F03386 (файл photos/F03386.webp).;— (используется photos/F03386.webp)
F03651-a;F03651;3;15695;Редукторы;Мотор-редуктор;мотор-редуктор;"оси — соосный; габариты высота до 150 мм (малый); выходной вал — полый";соосный;высота до 150 мм (малый);полый;;свой снимок;10;"Фотореалистичная предметная фотография для каталога. Подкадр F03651-a (10 из 13 позиций кадра F03651). Отличие от соседних подкадров: оси — соосный; габариты высота до 150 мм (малый); выходной вал — полый. Что в кадре: мотор-редуктор, соосный, габариты высота до 150 мм (малый), полый. Как выглядит: мотор-редуктор: электродвигатель с ребристым корпусом, соединенный с корпусом редуктора; выходной вал или полый вал, лапы или фланец. По данным позиций кадра: материал корпуса — сплав алюминиевый; тип — коническо-цилиндрический; передача — коническо-цилиндрический. Масштаб: габариты около 198×90×90 мм (медиана по позициям) — размером примерно с обувную коробку. Ракурс и композиция: 3/4 немного сверху, изделие целиком по центру, занимает около 70 % кадра. Фон: светлый нейтральный бесшовный #F4F6F9 без текстуры и горизонта. Свет: мягкий студийный из большого софтбокса, мягкая тень под предметом, резкость по всему предмету. Не должно быть: чужих логотипов, названий заводов и брендов, водяных знаков, надписей и любого текста, людей и рук, лишних предметов. Итог: квадрат 1200×1200 px, WebP.";"Photorealistic catalog product photo. Distinctive for this variant: under 150 mm tall, small. Geared motor. Gear motor, ribbed electric motor joined to a gearbox housing, output shaft, feet or flange. Housing material: aluminium; type: bevel-helical; gearing: bevel-helical. Scale: about 198 x 90 x 90 mm, about shoebox size. Three-quarter view from slightly above, whole item centred, filling about 70% of the frame. Plain seamless light neutral background #F4F6F9, no texture, no horizon line. Soft large-softbox studio lighting, soft contact shadow underneath, sharp focus across the whole item, photorealistic e-commerce catalog product photo, high detail, 85mm lens look, square 1:1, 1200x1200.";text, letters, numbers, logo, brand name, manufacturer marking, watermark, printed label, people, hands, faces, multiple products, cluttered background, props, distorted geometry, extra parts, cartoon, illustration, CGI look, blur, low resolution;текст, буквы, цифры, логотип, бренд, заводская маркировка, водяной знак, этикетка с надписями, люди, руки, лица, несколько предметов, захламленный фон, реквизит, искаженная геометрия, лишние детали, мультяшный стиль, иллюстрация, вид 3D-рендера, размытие, низкое разрешение;генерация;"Генерация по промпту; за основу — готовый снимок кадра F03651 (тот же ракурс, свет, фон), меняется только отличие подкадра.";photos/F03651-a.webp
F03651-b;F03651;5;28264;Редукторы;Мотор-редуктор;мотор-редуктор;прочие позиции кадра;;;;;прочие позиции кадра — снимок кадра;3;"Фотореалистичная предметная фотография для каталога. Подкадр F03651-b — прочие позиции кадра F03651 (3 из 13), у которых нет общего заметного отличия от остальных 1 подкадров кадра; снимок как у кадра F03651. Что в кадре: мотор-редуктор, угловой. Как выглядит: мотор-редуктор: электродвигатель с ребристым корпусом, соединенный с корпусом редуктора; выходной вал или полый вал, лапы или фланец. По данным позиций кадра: материал корпуса — чугун; тип — червячный; передача — червячный. Масштаб: масса около 14 кг (медиана по позициям). Ракурс и композиция: 3/4 немного сверху, изделие целиком по центру, занимает около 70 % кадра. Фон: светлый нейтральный бесшовный #F4F6F9 без текстуры и горизонта. Свет: мягкий студийный из большого софтбокса, мягкая тень под предметом, резкость по всему предмету. Не должно быть: чужих логотипов, названий заводов и брендов, водяных знаков, надписей и любого текста, людей и рук, лишних предметов. Итог: квадрат 1200×1200 px, WebP.";"Photorealistic catalog product photo. Geared motor. Gear motor, ribbed electric motor joined to a gearbox housing, output shaft, feet or flange. Housing material: cast iron; type: worm; gearing: worm. Scale: weight about 14 kg. Three-quarter view from slightly above, whole item centred, filling about 70% of the frame. Plain seamless light neutral background #F4F6F9, no texture, no horizon line. Soft large-softbox studio lighting, soft contact shadow underneath, sharp focus across the whole item, photorealistic e-commerce catalog product photo, high detail, 85mm lens look, square 1:1, 1200x1200.";text, letters, numbers, logo, brand name, manufacturer marking, watermark, printed label, people, hands, faces, multiple products, cluttered background, props, distorted geometry, extra parts, cartoon, illustration, CGI look, blur, low resolution;текст, буквы, цифры, логотип, бренд, заводская маркировка, водяной знак, этикетка с надписями, люди, руки, лица, несколько предметов, захламленный фон, реквизит, искаженная геометрия, лишние детали, мультяшный стиль, иллюстрация, вид 3D-рендера, размытие, низкое разрешение;снимок кадра;Отдельный снимок не нужен: на эти позиции встает снимок кадра F03651 (файл photos/F03651.webp).;— (используется photos/F03651.webp)
F03824-a;F03824;4;21310;Редукторы;"Ограничитель обратного (самое частое в группе); группа «Ограничитель обратного»";изделия группы «Ограничитель обратного»;весь кадр;;;;;весь кадр — снимок кадра;7;Фотореалистичная предметная фотография для каталога. Подкадр F03824-a — весь кадр F03824 (7 поз.): позиций мало или на фото они одинаковы. Что в кадре: типичное изделие группы «Ограничитель обратного» — ограничитель обратного (самое частое в группе). Как выглядит: ограничитель: ограничитель перенапряжения — цилиндрический корпус с ребрами и выводами, либо модуль на DIN-рейку. Масштаб: масса около 3 кг (медиана по позициям). Ракурс и композиция: 3/4 немного сверху, изделие целиком по центру, занимает около 70 % кадра. Фон: светлый нейтральный бесшовный #F4F6F9 без текстуры и горизонта. Свет: мягкий студийный из большого софтбокса, мягкая тень под предметом, резкость по всему предмету. Не должно быть: чужих логотипов, названий заводов и брендов, водяных знаков, надписей и любого текста, людей и рук, лишних предметов. Итог: квадрат 1200×1200 px, WebP.;Photorealistic catalog product photo. Typical product: check limiter. Surge arrester, ribbed cylindrical body with terminals or DIN-rail module. Scale: weight about 3 kg. Three-quarter view from slightly above, whole item centred, filling about 70% of the frame. Plain seamless light neutral background #F4F6F9, no texture, no horizon line. Soft large-softbox studio lighting, soft contact shadow underneath, sharp focus across the whole item, photorealistic e-commerce catalog product photo, high detail, 85mm lens look, square 1:1, 1200x1200.;text, letters, numbers, logo, brand name, manufacturer marking, watermark, printed label, people, hands, faces, multiple products, cluttered background, props, distorted geometry, extra parts, cartoon, illustration, CGI look, blur, low resolution;текст, буквы, цифры, логотип, бренд, заводская маркировка, водяной знак, этикетка с надписями, люди, руки, лица, несколько предметов, захламленный фон, реквизит, искаженная геометрия, лишние детали, мультяшный стиль, иллюстрация, вид 3D-рендера, размытие, низкое разрешение;снимок кадра;Отдельный снимок не нужен: на эти позиции встает снимок кадра F03824 (файл photos/F03824.webp).;— (используется photos/F03824.webp)
F03877-a;F03877;5;27650;Редукторы;"Удлинитель (самое частое в группе); группа «Удлинитель фланца»";изделия группы «Удлинитель фланца»;весь кадр;;;;;весь кадр — снимок кадра;5;"Фотореалистичная предметная фотография для каталога. Подкадр F03877-a — весь кадр F03877 (5 поз.): позиций мало или на фото они одинаковы. Что в кадре: типичное изделие группы «Удлинитель фланца» — удлинитель (самое частое в группе). Как выглядит: удлинитель: колодка с розетками (типично белый или черный пластик) и шнур с вилкой, свернутый кольцом; либо катушка-барабан. Масштаб: масса около 0,2 кг (медиана по позициям). Ракурс и композиция: 3/4 немного сверху, изделие целиком по центру, занимает около 70 % кадра. Фон: светлый нейтральный бесшовный #F4F6F9 без текстуры и горизонта. Свет: мягкий студийный из большого софтбокса, мягкая тень под предметом, резкость по всему предмету. Не должно быть: чужих логотипов, названий заводов и брендов, водяных знаков, надписей и любого текста, людей и рук, лишних предметов. Итог: квадрат 1200×1200 px, WebP.";Photorealistic catalog product photo. Typical product: extension cord. Extension lead, socket strip in white or black plastic with a coiled cord and plug, or a cable reel. Scale: weight about 0.2 kg. Three-quarter view from slightly above, whole item centred, filling about 70% of the frame. Plain seamless light neutral background #F4F6F9, no texture, no horizon line. Soft large-softbox studio lighting, soft contact shadow underneath, sharp focus across the whole item, photorealistic e-commerce catalog product photo, high detail, 85mm lens look, square 1:1, 1200x1200.;text, letters, numbers, logo, brand name, manufacturer marking, watermark, printed label, people, hands, faces, multiple products, cluttered background, props, distorted geometry, extra parts, cartoon, illustration, CGI look, blur, low resolution;текст, буквы, цифры, логотип, бренд, заводская маркировка, водяной знак, этикетка с надписями, люди, руки, лица, несколько предметов, захламленный фон, реквизит, искаженная геометрия, лишние детали, мультяшный стиль, иллюстрация, вид 3D-рендера, размытие, низкое разрешение;снимок кадра;Отдельный снимок не нужен: на эти позиции встает снимок кадра F03877 (файл photos/F03877.webp).;— (используется photos/F03877.webp)
F03918-a;F03918;5;28005;Редукторы;"Вариатор механический (самое частое в группе); группа «Параллельные»";изделия группы «Параллельные»;весь кадр;;;;;весь кадр — снимок кадра;4;"Фотореалистичная предметная фотография для каталога. Подкадр F03918-a — весь кадр F03918 (4 поз.): позиций мало или на фото они одинаковы. Что в кадре: типичное изделие группы «Параллельные» — вариатор механический (самое частое в группе). Как выглядит: вариатор: корпус с регулировочным маховиком и валами. По данным позиций кадра: материал корпуса — сплав алюминиевый (75 %); тип — вариатор; передача — вариатор. Масштаб: габариты около 126×180×180 мм (медиана по позициям) — размером примерно с обувную коробку. Ракурс и композиция: 3/4 немного сверху, изделие целиком по центру, занимает около 70 % кадра. Фон: светлый нейтральный бесшовный #F4F6F9 без текстуры и горизонта. Свет: мягкий студийный из большого софтбокса, мягкая тень под предметом, резкость по всему предмету. Не должно быть: чужих логотипов, названий заводов и брендов, водяных знаков, надписей и любого текста, людей и рук, лишних предметов. Итог: квадрат 1200×1200 px, WebP.";Photorealistic catalog product photo. Typical industrial product. Variable speed drive housing with adjustment handwheel and shafts. Housing material: aluminium. Scale: about 126 x 180 x 180 mm, about shoebox size. Three-quarter view from slightly above, whole item centred, filling about 70% of the frame. Plain seamless light neutral background #F4F6F9, no texture, no horizon line. Soft large-softbox studio lighting, soft contact shadow underneath, sharp focus across the whole item, photorealistic e-commerce catalog product photo, high detail, 85mm lens look, square 1:1, 1200x1200.;text, letters, numbers, logo, brand name, manufacturer marking, watermark, printed label, people, hands, faces, multiple products, cluttered background, props, distorted geometry, extra parts, cartoon, illustration, CGI look, blur, low resolution;текст, буквы, цифры, логотип, бренд, заводская маркировка, водяной знак, этикетка с надписями, люди, руки, лица, несколько предметов, захламленный фон, реквизит, искаженная геометрия, лишние детали, мультяшный стиль, иллюстрация, вид 3D-рендера, размытие, низкое разрешение;снимок кадра;Отдельный снимок не нужен: на эти позиции встает снимок кадра F03918 (файл photos/F03918.webp).;— (используется photos/F03918.webp)
F03919-a;F03919;5;28006;Редукторы;"Ступень (самое частое в группе); группа «Ступень»";изделия группы «Ступень»;весь кадр;;;;;весь кадр — снимок кадра;4;"Фотореалистичная предметная фотография для каталога. Подкадр F03919-a — весь кадр F03919 (4 поз.): позиций мало или на фото они одинаковы. Что в кадре: типичное изделие группы «Ступень» — ступень (самое частое в группе). Как выглядит: ступень в типичном для этого вида исполнении; форму, пропорции и детали — как у типичного изделия этого вида. Масштаб: масса около 2,3 кг (медиана по позициям). Ракурс и композиция: 3/4 немного сверху, изделие целиком по центру, занимает около 70 % кадра. Фон: светлый нейтральный бесшовный #F4F6F9 без текстуры и горизонта. Свет: мягкий студийный из большого софтбокса, мягкая тень под предметом, резкость по всему предмету. Не должно быть: чужих логотипов, названий заводов и брендов, водяных знаков, надписей и любого текста, людей и рук, лишних предметов. Итог: квадрат 1200×1200 px, WebP.";Photorealistic catalog product photo. Typical product: stage. Stage in its typical standard design. Scale: weight about 2.3 kg. Three-quarter view from slightly above, whole item centred, filling about 70% of the frame. Plain seamless light neutral background #F4F6F9, no texture, no horizon line. Soft large-softbox studio lighting, soft contact shadow underneath, sharp focus across the whole item, photorealistic e-commerce catalog product photo, high detail, 85mm lens look, square 1:1, 1200x1200.;text, letters, numbers, logo, brand name, manufacturer marking, watermark, printed label, people, hands, faces, multiple products, cluttered background, props, distorted geometry, extra parts, cartoon, illustration, CGI look, blur, low resolution;текст, буквы, цифры, логотип, бренд, заводская маркировка, водяной знак, этикетка с надписями, люди, руки, лица, несколько предметов, захламленный фон, реквизит, искаженная геометрия, лишние детали, мультяшный стиль, иллюстрация, вид 3D-рендера, размытие, низкое разрешение;снимок кадра;Отдельный снимок не нужен: на эти позиции встает снимок кадра F03919 (файл photos/F03919.webp).;— (используется photos/F03919.webp)
F03979-a;F03979;5;28307;Редукторы;"Предступень цилиндрическая (самое частое в группе); группа «Предступень цилиндрическая»";изделия группы «Предступень цилиндрическая»;весь кадр;;;;;весь кадр — снимок кадра;3;"Фотореалистичная предметная фотография для каталога. Подкадр F03979-a — весь кадр F03979 (3 поз.): позиций мало или на фото они одинаковы. Что в кадре: типичное изделие группы «Предступень цилиндрическая» — предступень цилиндрическая (самое частое в группе). Как выглядит: предступень цилиндрическая в типичном для этого вида исполнении; форму, пропорции и детали — как у типичного изделия этого вида. Масштаб: масса около 1,5 кг (медиана по позициям). Ракурс и композиция: 3/4 немного сверху, изделие целиком по центру, занимает около 70 % кадра. Фон: светлый нейтральный бесшовный #F4F6F9 без текстуры и горизонта. Свет: мягкий студийный из большого софтбокса, мягкая тень под предметом, резкость по всему предмету. Не должно быть: чужих логотипов, названий заводов и брендов, водяных знаков, надписей и любого текста, людей и рук, лишних предметов. Итог: квадрат 1200×1200 px, WebP.";Photorealistic catalog product photo. Typical product: cylindrical pre-stage. Cylindrical pre-stage in its typical standard design. Scale: weight about 1.5 kg. Three-quarter view from slightly above, whole item centred, filling about 70% of the frame. Plain seamless light neutral background #F4F6F9, no texture, no horizon line. Soft large-softbox studio lighting, soft contact shadow underneath, sharp focus across the whole item, photorealistic e-commerce catalog product photo, high detail, 85mm lens look, square 1:1, 1200x1200.;text, letters, numbers, logo, brand name, manufacturer marking, watermark, printed label, people, hands, faces, multiple products, cluttered background, props, distorted geometry, extra parts, cartoon, illustration, CGI look, blur, low resolution;текст, буквы, цифры, логотип, бренд, заводская маркировка, водяной знак, этикетка с надписями, люди, руки, лица, несколько предметов, захламленный фон, реквизит, искаженная геометрия, лишние детали, мультяшный стиль, иллюстрация, вид 3D-рендера, размытие, низкое разрешение;снимок кадра;Отдельный снимок не нужен: на эти позиции встает снимок кадра F03979 (файл photos/F03979.webp).;— (используется photos/F03979.webp)
F03980-a;F03980;5;28308;Редукторы;"Вариатор механический (самое частое в группе); группа «Угловые»";изделия группы «Угловые»;весь кадр;;;;;весь кадр — снимок кадра;3;"Фотореалистичная предметная фотография для каталога. Подкадр F03980-a — весь кадр F03980 (3 поз.): позиций мало или на фото они одинаковы. Что в кадре: типичное изделие группы «Угловые» — вариатор механический (самое частое в группе). Как выглядит: вариатор: корпус с регулировочным маховиком и валами. По данным позиций кадра: материал корпуса — сплав алюминиевый; тип — вариатор; передача — вариатор. Масштаб: габариты около 350×149×203 мм (медиана по позициям) — размером примерно с обувную коробку. Ракурс и композиция: 3/4 немного сверху, изделие целиком по центру, занимает около 70 % кадра. Фон: светлый нейтральный бесшовный #F4F6F9 без текстуры и горизонта. Свет: мягкий студийный из большого софтбокса, мягкая тень под предметом, резкость по всему предмету. Не должно быть: чужих логотипов, названий заводов и брендов, водяных знаков, надписей и любого текста, людей и рук, лишних предметов. Итог: квадрат 1200×1200 px, WebP.";Photorealistic catalog product photo. Typical industrial product. Variable speed drive housing with adjustment handwheel and shafts. Housing material: aluminium. Scale: about 350 x 149 x 203 mm, about shoebox size. Three-quarter view from slightly above, whole item centred, filling about 70% of the frame. Plain seamless light neutral background #F4F6F9, no texture, no horizon line. Soft large-softbox studio lighting, soft contact shadow underneath, sharp focus across the whole item, photorealistic e-commerce catalog product photo, high detail, 85mm lens look, square 1:1, 1200x1200.;text, letters, numbers, logo, brand name, manufacturer marking, watermark, printed label, people, hands, faces, multiple products, cluttered background, props, distorted geometry, extra parts, cartoon, illustration, CGI look, blur, low resolution;текст, буквы, цифры, логотип, бренд, заводская маркировка, водяной знак, этикетка с надписями, люди, руки, лица, несколько предметов, захламленный фон, реквизит, искаженная геометрия, лишние детали, мультяшный стиль, иллюстрация, вид 3D-рендера, размытие, низкое разрешение;снимок кадра;Отдельный снимок не нужен: на эти позиции встает снимок кадра F03980 (файл photos/F03980.webp).;— (используется photos/F03980.webp)
F04334-a;F04334;5;29112;Редукторы;"Удлинитель (самое частое в группе); группа «Одноступенчатые»";изделия группы «Одноступенчатые»;весь кадр;;;;;весь кадр — снимок кадра;1;"Фотореалистичная предметная фотография для каталога. Подкадр F04334-a — весь кадр F04334 (1 поз.): позиций мало или на фото они одинаковы. Что в кадре: типичное изделие группы «Одноступенчатые» — удлинитель (самое частое в группе). Как выглядит: удлинитель: колодка с розетками (типично белый или черный пластик) и шнур с вилкой, свернутый кольцом; либо катушка-барабан. Масштаб: масса около 0,3 кг (медиана по позициям). Ракурс и композиция: 3/4 немного сверху, изделие целиком по центру, занимает около 70 % кадра. Фон: светлый нейтральный бесшовный #F4F6F9 без текстуры и горизонта. Свет: мягкий студийный из большого софтбокса, мягкая тень под предметом, резкость по всему предмету. Не должно быть: чужих логотипов, названий заводов и брендов, водяных знаков, надписей и любого текста, людей и рук, лишних предметов. Итог: квадрат 1200×1200 px, WebP.";Photorealistic catalog product photo. Typical product: extension cord. Extension lead, socket strip in white or black plastic with a coiled cord and plug, or a cable reel. Scale: weight about 0.3 kg. Three-quarter view from slightly above, whole item centred, filling about 70% of the frame. Plain seamless light neutral background #F4F6F9, no texture, no horizon line. Soft large-softbox studio lighting, soft contact shadow underneath, sharp focus across the whole item, photorealistic e-commerce catalog product photo, high detail, 85mm lens look, square 1:1, 1200x1200.;text, letters, numbers, logo, brand name, manufacturer marking, watermark, printed label, people, hands, faces, multiple products, cluttered background, props, distorted geometry, extra parts, cartoon, illustration, CGI look, blur, low resolution;текст, буквы, цифры, логотип, бренд, заводская маркировка, водяной знак, этикетка с надписями, люди, руки, лица, несколько предметов, захламленный фон, реквизит, искаженная геометрия, лишние детали, мультяшный стиль, иллюстрация, вид 3D-рендера, размытие, низкое разрешение;снимок кадра;Отдельный снимок не нужен: на эти позиции встает снимок кадра F04334 (файл photos/F04334.webp).;— (используется photos/F04334.webp)
