Код подкадра;Кадр (parent);Приоритет;Ранг;Раздел;Группа кадра (что на фото);Вид изделия;Отличие подкадра;вид изделия;размер;материал;тип;Тип подкадра;Позиций;Описание RU;Промпт EN;Негатив EN;Негатив RU;Метод;Как сделать;Имя файла
F00055-a;F00055;1;116;Конвейерные ленты;Конвейерная лента;конвейерная лента;"материал — резина; габариты 450–1100 мм (до метра)";конвейерная лента;450–1100 мм (до метра);резина;;свой снимок;1011;"Фотореалистичная предметная фотография для каталога. Подкадр F00055-a (1011 из 2329 позиций кадра F00055). Отличие от соседних подкадров: материал — резина; габариты 450–1100 мм (до метра). Что в кадре: конвейерная лента, резина, габариты 450–1100 мм (до метра). Как выглядит: конвейерная лента: рулон резинотканевой ленты черного цвета (типично), видны слои каркаса на срезе. По данным позиций кадра: материал — резинотканевая; тип — конвейерная, транспортерная (78 %). Масштаб: длина/ширина около 650 мм (медиана по позициям) — крупное изделие, до метра. Ракурс и композиция: 3/4 немного сверху, изделие целиком по центру, занимает около 70 % кадра. Фон: светлый нейтральный бесшовный #F4F6F9 без текстуры и горизонта. Свет: мягкий студийный из большого софтбокса, мягкая тень под предметом, резкость по всему предмету. Не должно быть: чужих логотипов, названий заводов и брендов, водяных знаков, надписей и любого текста, людей и рук, лишних предметов. Итог: квадрат 1200×1200 px, WebP.";"Photorealistic catalog product photo. Distinctive for this variant: material rubber; 450-1100 mm, up to one metre. Conveyor belt. Black rubber conveyor belt roll, fabric plies visible at the cut edge. Material: rubber, fabric; type: conveyor conveyor. Scale: about 650 mm, large item, up to one metre. Three-quarter view from slightly above, whole item centred, filling about 70% of the frame. Plain seamless light neutral background #F4F6F9, no texture, no horizon line. Soft large-softbox studio lighting, soft contact shadow underneath, sharp focus across the whole item, photorealistic e-commerce catalog product photo, high detail, 85mm lens look, square 1:1, 1200x1200.";text, letters, numbers, logo, brand name, manufacturer marking, watermark, printed label, people, hands, faces, multiple products, cluttered background, props, distorted geometry, extra parts, cartoon, illustration, CGI look, blur, low resolution;текст, буквы, цифры, логотип, бренд, заводская маркировка, водяной знак, этикетка с надписями, люди, руки, лица, несколько предметов, захламленный фон, реквизит, искаженная геометрия, лишние детали, мультяшный стиль, иллюстрация, вид 3D-рендера, размытие, низкое разрешение;генерация;"Генерация по промпту; за основу — готовый снимок кадра F00055 (тот же ракурс, свет, фон), меняется только отличие подкадра.";photos/F00055-a.webp
F00055-b;F00055;1;238;Конвейерные ленты;Конвейерная лента;конвейерная лента;"материал — резина; габариты 130–450 мм (с обувную коробку)";конвейерная лента;130–450 мм (с обувную коробку);резина;;свой снимок;498;"Фотореалистичная предметная фотография для каталога. Подкадр F00055-b (498 из 2329 позиций кадра F00055). Отличие от соседних подкадров: материал — резина; габариты 130–450 мм (с обувную коробку). Что в кадре: конвейерная лента, резина, габариты 130–450 мм (с обувную коробку). Как выглядит: конвейерная лента: рулон резинотканевой ленты черного цвета (типично), видны слои каркаса на срезе. По данным позиций кадра: материал — резинотканевая; тип — конвейерная, транспортерная (74 %). Масштаб: длина/ширина около 300 мм (медиана по позициям) — размером примерно с обувную коробку. Ракурс и композиция: 3/4 немного сверху, изделие целиком по центру, занимает около 70 % кадра. Фон: светлый нейтральный бесшовный #F4F6F9 без текстуры и горизонта. Свет: мягкий студийный из большого софтбокса, мягкая тень под предметом, резкость по всему предмету. Не должно быть: чужих логотипов, названий заводов и брендов, водяных знаков, надписей и любого текста, людей и рук, лишних предметов. Итог: квадрат 1200×1200 px, WebP.";"Photorealistic catalog product photo. Distinctive for this variant: material rubber; 130-450 mm, shoebox size. Conveyor belt. Black rubber conveyor belt roll, fabric plies visible at the cut edge. Material: rubber, fabric; type: conveyor conveyor. Scale: about 300 mm, about shoebox size. Three-quarter view from slightly above, whole item centred, filling about 70% of the frame. Plain seamless light neutral background #F4F6F9, no texture, no horizon line. Soft large-softbox studio lighting, soft contact shadow underneath, sharp focus across the whole item, photorealistic e-commerce catalog product photo, high detail, 85mm lens look, square 1:1, 1200x1200.";text, letters, numbers, logo, brand name, manufacturer marking, watermark, printed label, people, hands, faces, multiple products, cluttered background, props, distorted geometry, extra parts, cartoon, illustration, CGI look, blur, low resolution;текст, буквы, цифры, логотип, бренд, заводская маркировка, водяной знак, этикетка с надписями, люди, руки, лица, несколько предметов, захламленный фон, реквизит, искаженная геометрия, лишние детали, мультяшный стиль, иллюстрация, вид 3D-рендера, размытие, низкое разрешение;генерация;"Генерация по промпту; за основу — готовый снимок кадра F00055 (тот же ракурс, свет, фон), меняется только отличие подкадра.";photos/F00055-b.webp
F00055-c;F00055;1;343;Конвейерные ленты;Конвейерная лента;конвейерная лента;у позиций разные: материал, размер;конвейерная лента;;;;свой снимок;354;"Фотореалистичная предметная фотография для каталога. Подкадр F00055-c (354 из 2329 позиций кадра F00055). Отличие от соседних подкадров: у позиций разные: материал, размер. Что в кадре: конвейерная лента. Как выглядит: конвейерная лента: рулон резинотканевой ленты черного цвета (типично), видны слои каркаса на срезе. По данным позиций кадра: материал — полимерная; тип — конвейерная, транспортерная. Масштаб: длина/ширина около 3000 мм (медиана по позициям) — крупногабаритная конструкция. Ракурс и композиция: 3/4 немного сверху, изделие целиком по центру, занимает около 70 % кадра. Фон: светлый нейтральный бесшовный #F4F6F9 без текстуры и горизонта. Свет: мягкий студийный из большого софтбокса, мягкая тень под предметом, резкость по всему предмету. Не должно быть: чужих логотипов, названий заводов и брендов, водяных знаков, надписей и любого текста, людей и рук, лишних предметов. Итог: квадрат 1200×1200 px, WebP.";"Photorealistic catalog product photo. Conveyor belt. Black rubber conveyor belt roll, fabric plies visible at the cut edge. Material: polymer; type: conveyor conveyor. Scale: about 3000 mm, very large structure. Three-quarter view from slightly above, whole item centred, filling about 70% of the frame. Plain seamless light neutral background #F4F6F9, no texture, no horizon line. Soft large-softbox studio lighting, soft contact shadow underneath, sharp focus across the whole item, photorealistic e-commerce catalog product photo, high detail, 85mm lens look, square 1:1, 1200x1200.";text, letters, numbers, logo, brand name, manufacturer marking, watermark, printed label, people, hands, faces, multiple products, cluttered background, props, distorted geometry, extra parts, cartoon, illustration, CGI look, blur, low resolution;текст, буквы, цифры, логотип, бренд, заводская маркировка, водяной знак, этикетка с надписями, люди, руки, лица, несколько предметов, захламленный фон, реквизит, искаженная геометрия, лишние детали, мультяшный стиль, иллюстрация, вид 3D-рендера, размытие, низкое разрешение;генерация;"Генерация по промпту; за основу — готовый снимок кадра F00055 (тот же ракурс, свет, фон), меняется только отличие подкадра.";photos/F00055-c.webp
F00055-d;F00055;1;543;Конвейерные ленты;Конвейерная лента;конвейерная лента;"материал — резина; габариты 1,1–2,6 м (с человека)";конвейерная лента;1,1–2,6 м (с человека);резина;;свой снимок;239;"Фотореалистичная предметная фотография для каталога. Подкадр F00055-d (239 из 2329 позиций кадра F00055). Отличие от соседних подкадров: материал — резина; габариты 1,1–2,6 м (с человека). Что в кадре: конвейерная лента, резина, габариты 1,1–2,6 м (с человека). Как выглядит: конвейерная лента: рулон резинотканевой ленты черного цвета (типично), видны слои каркаса на срезе. По данным позиций кадра: материал — резинотканевая; тип — конвейерная, транспортерная (70 %). Масштаб: длина/ширина около 1200 мм (медиана по позициям) — крупное оборудование ростом примерно с человека. Ракурс и композиция: 3/4 немного сверху, изделие целиком по центру, занимает около 70 % кадра. Фон: светлый нейтральный бесшовный #F4F6F9 без текстуры и горизонта. Свет: мягкий студийный из большого софтбокса, мягкая тень под предметом, резкость по всему предмету. Не должно быть: чужих логотипов, названий заводов и брендов, водяных знаков, надписей и любого текста, людей и рук, лишних предметов. Итог: квадрат 1200×1200 px, WebP.";"Photorealistic catalog product photo. Distinctive for this variant: material rubber; 1.1-2.6 m, about human height. Conveyor belt. Black rubber conveyor belt roll, fabric plies visible at the cut edge. Material: rubber, fabric; type: conveyor conveyor. Scale: about 1200 mm, large equipment, about human height. Three-quarter view from slightly above, whole item centred, filling about 70% of the frame. Plain seamless light neutral background #F4F6F9, no texture, no horizon line. Soft large-softbox studio lighting, soft contact shadow underneath, sharp focus across the whole item, photorealistic e-commerce catalog product photo, high detail, 85mm lens look, square 1:1, 1200x1200.";text, letters, numbers, logo, brand name, manufacturer marking, watermark, printed label, people, hands, faces, multiple products, cluttered background, props, distorted geometry, extra parts, cartoon, illustration, CGI look, blur, low resolution;текст, буквы, цифры, логотип, бренд, заводская маркировка, водяной знак, этикетка с надписями, люди, руки, лица, несколько предметов, захламленный фон, реквизит, искаженная геометрия, лишние детали, мультяшный стиль, иллюстрация, вид 3D-рендера, размытие, низкое разрешение;генерация;"Генерация по промпту; за основу — готовый снимок кадра F00055 (тот же ракурс, свет, фон), меняется только отличие подкадра.";photos/F00055-d.webp
F00055-e;F00055;2;1734;Конвейерные ленты;Конвейерная лента;конвейерная лента;"материал — резина; габариты 70–130 мм (в ладони)";конвейерная лента;70–130 мм (в ладони);резина;;свой снимок;84;"Фотореалистичная предметная фотография для каталога. Подкадр F00055-e (84 из 2329 позиций кадра F00055). Отличие от соседних подкадров: материал — резина; габариты 70–130 мм (в ладони). Что в кадре: конвейерная лента, резина, габариты 70–130 мм (в ладони). Как выглядит: конвейерная лента: рулон резинотканевой ленты черного цвета (типично), видны слои каркаса на срезе. По данным позиций кадра: материал — резинотканевая; тип — конвейерная, транспортерная (57 %); борт — нб. Масштаб: длина/ширина около 100 мм (медиана по позициям) — помещается в ладони. Ракурс и композиция: 3/4 немного сверху, изделие целиком по центру, занимает около 70 % кадра. Фон: светлый нейтральный бесшовный #F4F6F9 без текстуры и горизонта. Свет: мягкий студийный из большого софтбокса, мягкая тень под предметом, резкость по всему предмету. Не должно быть: чужих логотипов, названий заводов и брендов, водяных знаков, надписей и любого текста, людей и рук, лишних предметов. Итог: квадрат 1200×1200 px, WebP.";"Photorealistic catalog product photo. Distinctive for this variant: material rubber; 70-130 mm, fits in a palm. Conveyor belt. Black rubber conveyor belt roll, fabric plies visible at the cut edge. Material: rubber, fabric; type: conveyor conveyor. Scale: about 100 mm, fits in a palm. Three-quarter view from slightly above, whole item centred, filling about 70% of the frame. Plain seamless light neutral background #F4F6F9, no texture, no horizon line. Soft large-softbox studio lighting, soft contact shadow underneath, sharp focus across the whole item, photorealistic e-commerce catalog product photo, high detail, 85mm lens look, square 1:1, 1200x1200.";text, letters, numbers, logo, brand name, manufacturer marking, watermark, printed label, people, hands, faces, multiple products, cluttered background, props, distorted geometry, extra parts, cartoon, illustration, CGI look, blur, low resolution;текст, буквы, цифры, логотип, бренд, заводская маркировка, водяной знак, этикетка с надписями, люди, руки, лица, несколько предметов, захламленный фон, реквизит, искаженная геометрия, лишние детали, мультяшный стиль, иллюстрация, вид 3D-рендера, размытие, низкое разрешение;генерация;"Генерация по промпту; за основу — готовый снимок кадра F00055 (тот же ракурс, свет, фон), меняется только отличие подкадра.";photos/F00055-e.webp
F00055-f;F00055;2;2117;Конвейерные ленты;Конвейерная лента;конвейерная лента;габариты 450–1100 мм (до метра);конвейерная лента;450–1100 мм (до метра);;;свой снимок;70;"Фотореалистичная предметная фотография для каталога. Подкадр F00055-f (70 из 2329 позиций кадра F00055). Отличие от соседних подкадров: габариты 450–1100 мм (до метра). Что в кадре: конвейерная лента, габариты 450–1100 мм (до метра). Как выглядит: конвейерная лента: рулон резинотканевой ленты черного цвета (типично), видны слои каркаса на срезе. По данным позиций кадра: тип — конвейерная, транспортерная (56 %); поверхность — шевронная. Масштаб: габариты около 1100×650 мм (медиана по позициям) — крупное оборудование ростом примерно с человека. Ракурс и композиция: 3/4 немного сверху, изделие целиком по центру, занимает около 70 % кадра. Фон: светлый нейтральный бесшовный #F4F6F9 без текстуры и горизонта. Свет: мягкий студийный из большого софтбокса, мягкая тень под предметом, резкость по всему предмету. Не должно быть: чужих логотипов, названий заводов и брендов, водяных знаков, надписей и любого текста, людей и рук, лишних предметов. Итог: квадрат 1200×1200 px, WebP.";Photorealistic catalog product photo. Distinctive for this variant: 450-1100 mm, up to one metre. Conveyor belt. Black rubber conveyor belt roll, fabric plies visible at the cut edge. Type: conveyor conveyor. Scale: about 1100 x 650 mm, large equipment, about human height. Three-quarter view from slightly above, whole item centred, filling about 70% of the frame. Plain seamless light neutral background #F4F6F9, no texture, no horizon line. Soft large-softbox studio lighting, soft contact shadow underneath, sharp focus across the whole item, photorealistic e-commerce catalog product photo, high detail, 85mm lens look, square 1:1, 1200x1200.;text, letters, numbers, logo, brand name, manufacturer marking, watermark, printed label, people, hands, faces, multiple products, cluttered background, props, distorted geometry, extra parts, cartoon, illustration, CGI look, blur, low resolution;текст, буквы, цифры, логотип, бренд, заводская маркировка, водяной знак, этикетка с надписями, люди, руки, лица, несколько предметов, захламленный фон, реквизит, искаженная геометрия, лишние детали, мультяшный стиль, иллюстрация, вид 3D-рендера, размытие, низкое разрешение;генерация;"Генерация по промпту; за основу — готовый снимок кадра F00055 (тот же ракурс, свет, фон), меняется только отличие подкадра.";photos/F00055-f.webp
F00055-g;F00055;2;5564;Конвейерные ленты;Конвейерная лента;конвейерная лента;габариты 1,1–2,6 м (с человека);конвейерная лента;1,1–2,6 м (с человека);;;свой снимок;29;"Фотореалистичная предметная фотография для каталога. Подкадр F00055-g (29 из 2329 позиций кадра F00055). Отличие от соседних подкадров: габариты 1,1–2,6 м (с человека). Что в кадре: конвейерная лента, габариты 1,1–2,6 м (с человека). Как выглядит: конвейерная лента: рулон резинотканевой ленты черного цвета (типично), видны слои каркаса на срезе. По данным позиций кадра: тип — конвейерная (55 %); поверхность — шевронная. Масштаб: габариты около 1655×1200 мм (медиана по позициям) — крупное оборудование ростом примерно с человека. Ракурс и композиция: 3/4 немного сверху, изделие целиком по центру, занимает около 70 % кадра. Фон: светлый нейтральный бесшовный #F4F6F9 без текстуры и горизонта. Свет: мягкий студийный из большого софтбокса, мягкая тень под предметом, резкость по всему предмету. Не должно быть: чужих логотипов, названий заводов и брендов, водяных знаков, надписей и любого текста, людей и рук, лишних предметов. Итог: квадрат 1200×1200 px, WebP.";Photorealistic catalog product photo. Distinctive for this variant: 1.1-2.6 m, about human height. Conveyor belt. Black rubber conveyor belt roll, fabric plies visible at the cut edge. Type: conveyor. Scale: about 1655 x 1200 mm, large equipment, about human height. Three-quarter view from slightly above, whole item centred, filling about 70% of the frame. Plain seamless light neutral background #F4F6F9, no texture, no horizon line. Soft large-softbox studio lighting, soft contact shadow underneath, sharp focus across the whole item, photorealistic e-commerce catalog product photo, high detail, 85mm lens look, square 1:1, 1200x1200.;text, letters, numbers, logo, brand name, manufacturer marking, watermark, printed label, people, hands, faces, multiple products, cluttered background, props, distorted geometry, extra parts, cartoon, illustration, CGI look, blur, low resolution;текст, буквы, цифры, логотип, бренд, заводская маркировка, водяной знак, этикетка с надписями, люди, руки, лица, несколько предметов, захламленный фон, реквизит, искаженная геометрия, лишние детали, мультяшный стиль, иллюстрация, вид 3D-рендера, размытие, низкое разрешение;генерация;"Генерация по промпту; за основу — готовый снимок кадра F00055 (тот же ракурс, свет, фон), меняется только отличие подкадра.";photos/F00055-g.webp
F00055-h;F00055;2;6393;Конвейерные ленты;Конвейерная лента;конвейерная лента;"материал — резина; габариты 25–70 мм (со спичечный коробок)";конвейерная лента;25–70 мм (со спичечный коробок);резина;;свой снимок;25;"Фотореалистичная предметная фотография для каталога. Подкадр F00055-h (25 из 2329 позиций кадра F00055). Отличие от соседних подкадров: материал — резина; габариты 25–70 мм (со спичечный коробок). Что в кадре: конвейерная лента, резина, габариты 25–70 мм (со спичечный коробок). Как выглядит: конвейерная лента: рулон резинотканевой ленты черного цвета (типично), видны слои каркаса на срезе. По данным позиций кадра: материал — резинотканевая; тип — конвейерная, транспортерная. Масштаб: длина/ширина около 50 мм (медиана по позициям) — небольшая деталь — размером со спичечный коробок. Ракурс и композиция: 3/4 немного сверху, изделие целиком по центру, занимает около 70 % кадра. Фон: светлый нейтральный бесшовный #F4F6F9 без текстуры и горизонта. Свет: мягкий студийный из большого софтбокса, мягкая тень под предметом, резкость по всему предмету. Не должно быть: чужих логотипов, названий заводов и брендов, водяных знаков, надписей и любого текста, людей и рук, лишних предметов. Итог: квадрат 1200×1200 px, WebP.";"Photorealistic catalog product photo. Distinctive for this variant: material rubber; 25-70 mm, matchbox size. Conveyor belt. Black rubber conveyor belt roll, fabric plies visible at the cut edge. Material: rubber, fabric; type: conveyor conveyor. Scale: about 50 mm, small part, about matchbox size. Three-quarter view from slightly above, whole item centred, filling about 70% of the frame. Plain seamless light neutral background #F4F6F9, no texture, no horizon line. Soft large-softbox studio lighting, soft contact shadow underneath, sharp focus across the whole item, photorealistic e-commerce catalog product photo, high detail, 85mm lens look, square 1:1, 1200x1200.";text, letters, numbers, logo, brand name, manufacturer marking, watermark, printed label, people, hands, faces, multiple products, cluttered background, props, distorted geometry, extra parts, cartoon, illustration, CGI look, blur, low resolution;текст, буквы, цифры, логотип, бренд, заводская маркировка, водяной знак, этикетка с надписями, люди, руки, лица, несколько предметов, захламленный фон, реквизит, искаженная геометрия, лишние детали, мультяшный стиль, иллюстрация, вид 3D-рендера, размытие, низкое разрешение;генерация;"Генерация по промпту; за основу — готовый снимок кадра F00055 (тот же ракурс, свет, фон), меняется только отличие подкадра.";photos/F00055-h.webp
F00055-i;F00055;3;12370;Конвейерные ленты;Конвейерная лента;конвейерная лента;габариты 130–450 мм (с обувную коробку);конвейерная лента;130–450 мм (с обувную коробку);;;свой снимок;12;Фотореалистичная предметная фотография для каталога. Подкадр F00055-i (12 из 2329 позиций кадра F00055). Отличие от соседних подкадров: габариты 130–450 мм (с обувную коробку). Что в кадре: конвейерная лента, габариты 130–450 мм (с обувную коробку). Как выглядит: конвейерная лента: рулон резинотканевой ленты черного цвета (типично), видны слои каркаса на срезе. По данным позиций кадра: тип — конвейерная, транспортерная. Масштаб: длина/ширина около 350 мм (медиана по позициям) — размером примерно с обувную коробку. Ракурс и композиция: 3/4 немного сверху, изделие целиком по центру, занимает около 70 % кадра. Фон: светлый нейтральный бесшовный #F4F6F9 без текстуры и горизонта. Свет: мягкий студийный из большого софтбокса, мягкая тень под предметом, резкость по всему предмету. Не должно быть: чужих логотипов, названий заводов и брендов, водяных знаков, надписей и любого текста, людей и рук, лишних предметов. Итог: квадрат 1200×1200 px, WebP.;Photorealistic catalog product photo. Distinctive for this variant: 130-450 mm, shoebox size. Conveyor belt. Black rubber conveyor belt roll, fabric plies visible at the cut edge. Type: conveyor conveyor. Scale: about 350 mm, about shoebox size. Three-quarter view from slightly above, whole item centred, filling about 70% of the frame. Plain seamless light neutral background #F4F6F9, no texture, no horizon line. Soft large-softbox studio lighting, soft contact shadow underneath, sharp focus across the whole item, photorealistic e-commerce catalog product photo, high detail, 85mm lens look, square 1:1, 1200x1200.;text, letters, numbers, logo, brand name, manufacturer marking, watermark, printed label, people, hands, faces, multiple products, cluttered background, props, distorted geometry, extra parts, cartoon, illustration, CGI look, blur, low resolution;текст, буквы, цифры, логотип, бренд, заводская маркировка, водяной знак, этикетка с надписями, люди, руки, лица, несколько предметов, захламленный фон, реквизит, искаженная геометрия, лишние детали, мультяшный стиль, иллюстрация, вид 3D-рендера, размытие, низкое разрешение;генерация;"Генерация по промпту; за основу — готовый снимок кадра F00055 (тот же ракурс, свет, фон), меняется только отличие подкадра.";photos/F00055-i.webp
F00055-j;F00055;3;19681;Конвейерные ленты;Конвейерная лента;конвейерная лента;габариты больше 2,6 м (крупная конструкция);конвейерная лента;больше 2,6 м (крупная конструкция);;;свой снимок;7;"Фотореалистичная предметная фотография для каталога. Подкадр F00055-j (7 из 2329 позиций кадра F00055). Отличие от соседних подкадров: габариты больше 2,6 м (крупная конструкция). Что в кадре: конвейерная лента, габариты больше 2,6 м (крупная конструкция). Как выглядит: конвейерная лента: рулон резинотканевой ленты черного цвета (типично), видны слои каркаса на срезе. По данным позиций кадра: материал — полимерная; тип — конвейерная, транспортерная. Масштаб: габариты около 4550×405 мм (медиана по позициям) — длинное узкое изделие — в кадре целиком по диагонали или короткий отрезок. Ракурс и композиция: 3/4 немного сверху, изделие целиком по центру, занимает около 70 % кадра. Фон: светлый нейтральный бесшовный #F4F6F9 без текстуры и горизонта. Свет: мягкий студийный из большого софтбокса, мягкая тень под предметом, резкость по всему предмету. Не должно быть: чужих логотипов, названий заводов и брендов, водяных знаков, надписей и любого текста, людей и рук, лишних предметов. Итог: квадрат 1200×1200 px, WebP.";"Photorealistic catalog product photo. Distinctive for this variant: over 2.6 m, very large structure. Conveyor belt. Black rubber conveyor belt roll, fabric plies visible at the cut edge. Material: polymer; type: conveyor conveyor. Scale: about 4550 x 405 mm, long narrow item, shown whole along the diagonal or as a short section. Three-quarter view from slightly above, whole item centred, filling about 70% of the frame. Plain seamless light neutral background #F4F6F9, no texture, no horizon line. Soft large-softbox studio lighting, soft contact shadow underneath, sharp focus across the whole item, photorealistic e-commerce catalog product photo, high detail, 85mm lens look, square 1:1, 1200x1200.";text, letters, numbers, logo, brand name, manufacturer marking, watermark, printed label, people, hands, faces, multiple products, cluttered background, props, distorted geometry, extra parts, cartoon, illustration, CGI look, blur, low resolution;текст, буквы, цифры, логотип, бренд, заводская маркировка, водяной знак, этикетка с надписями, люди, руки, лица, несколько предметов, захламленный фон, реквизит, искаженная геометрия, лишние детали, мультяшный стиль, иллюстрация, вид 3D-рендера, размытие, низкое разрешение;генерация;"Генерация по промпту; за основу — готовый снимок кадра F00055 (тот же ракурс, свет, фон), меняется только отличие подкадра.";photos/F00055-j.webp
F00243-a;F00243;1;575;Конвейерные ленты;Лента норийная;лента норийная;габариты 130–450 мм (с обувную коробку);лента норийная;130–450 мм (с обувную коробку);резина;;свой снимок;230;"Фотореалистичная предметная фотография для каталога. Подкадр F00243-a (230 из 555 позиций кадра F00243). Отличие от соседних подкадров: габариты 130–450 мм (с обувную коробку). Что в кадре: лента норийная, габариты 130–450 мм (с обувную коробку). Как выглядит: лента: рулон ленты (изоляционной, монтажной или светодиодной — по данным), торец рулона виден. По данным позиций кадра: материал — резинотканевая; тип — конвейерная, транспортерная; поверхность — гладкая. Масштаб: длина/ширина около 250 мм (медиана по позициям) — размером примерно с обувную коробку. Ракурс и композиция: 3/4 немного сверху, изделие целиком по центру, занимает около 70 % кадра. Фон: светлый нейтральный бесшовный #F4F6F9 без текстуры и горизонта. Свет: мягкий студийный из большого софтбокса, мягкая тень под предметом, резкость по всему предмету. Не должно быть: чужих логотипов, названий заводов и брендов, водяных знаков, надписей и любого текста, людей и рук, лишних предметов. Итог: квадрат 1200×1200 px, WebP.";"Photorealistic catalog product photo. Distinctive for this variant: 130-450 mm, shoebox size. Elevator belt. Roll of tape, end of the roll visible. Material: rubber, fabric; type: conveyor conveyor; surface: smooth. Scale: about 250 mm, about shoebox size. Three-quarter view from slightly above, whole item centred, filling about 70% of the frame. Plain seamless light neutral background #F4F6F9, no texture, no horizon line. Soft large-softbox studio lighting, soft contact shadow underneath, sharp focus across the whole item, photorealistic e-commerce catalog product photo, high detail, 85mm lens look, square 1:1, 1200x1200.";text, letters, numbers, logo, brand name, manufacturer marking, watermark, printed label, people, hands, faces, multiple products, cluttered background, props, distorted geometry, extra parts, cartoon, illustration, CGI look, blur, low resolution;текст, буквы, цифры, логотип, бренд, заводская маркировка, водяной знак, этикетка с надписями, люди, руки, лица, несколько предметов, захламленный фон, реквизит, искаженная геометрия, лишние детали, мультяшный стиль, иллюстрация, вид 3D-рендера, размытие, низкое разрешение;генерация;"Генерация по промпту; за основу — готовый снимок кадра F00243 (тот же ракурс, свет, фон), меняется только отличие подкадра.";photos/F00243-a.webp
F00243-b;F00243;1;898;Конвейерные ленты;Лента норийная;лента норийная;габариты 450–1100 мм (до метра);лента норийная;450–1100 мм (до метра);резина;;свой снимок;153;"Фотореалистичная предметная фотография для каталога. Подкадр F00243-b (153 из 555 позиций кадра F00243). Отличие от соседних подкадров: габариты 450–1100 мм (до метра). Что в кадре: лента норийная, габариты 450–1100 мм (до метра). Как выглядит: лента: рулон ленты (изоляционной, монтажной или светодиодной — по данным), торец рулона виден. По данным позиций кадра: материал — резинотканевая; тип — конвейерная, транспортерная; поверхность — гладкая. Масштаб: длина/ширина около 720 мм (медиана по позициям) — крупное изделие, до метра. Ракурс и композиция: 3/4 немного сверху, изделие целиком по центру, занимает около 70 % кадра. Фон: светлый нейтральный бесшовный #F4F6F9 без текстуры и горизонта. Свет: мягкий студийный из большого софтбокса, мягкая тень под предметом, резкость по всему предмету. Не должно быть: чужих логотипов, названий заводов и брендов, водяных знаков, надписей и любого текста, людей и рук, лишних предметов. Итог: квадрат 1200×1200 px, WebP.";"Photorealistic catalog product photo. Distinctive for this variant: 450-1100 mm, up to one metre. Elevator belt. Roll of tape, end of the roll visible. Material: rubber, fabric; type: conveyor conveyor; surface: smooth. Scale: about 720 mm, large item, up to one metre. Three-quarter view from slightly above, whole item centred, filling about 70% of the frame. Plain seamless light neutral background #F4F6F9, no texture, no horizon line. Soft large-softbox studio lighting, soft contact shadow underneath, sharp focus across the whole item, photorealistic e-commerce catalog product photo, high detail, 85mm lens look, square 1:1, 1200x1200.";text, letters, numbers, logo, brand name, manufacturer marking, watermark, printed label, people, hands, faces, multiple products, cluttered background, props, distorted geometry, extra parts, cartoon, illustration, CGI look, blur, low resolution;текст, буквы, цифры, логотип, бренд, заводская маркировка, водяной знак, этикетка с надписями, люди, руки, лица, несколько предметов, захламленный фон, реквизит, искаженная геометрия, лишние детали, мультяшный стиль, иллюстрация, вид 3D-рендера, размытие, низкое разрешение;генерация;"Генерация по промпту; за основу — готовый снимок кадра F00243 (тот же ракурс, свет, фон), меняется только отличие подкадра.";photos/F00243-b.webp
F00243-c;F00243;2;2127;Конвейерные ленты;Лента норийная;лента норийная;габариты 1,1–2,6 м (с человека);лента норийная;1,1–2,6 м (с человека);резина;;свой снимок;70;"Фотореалистичная предметная фотография для каталога. Подкадр F00243-c (70 из 555 позиций кадра F00243). Отличие от соседних подкадров: габариты 1,1–2,6 м (с человека). Что в кадре: лента норийная, габариты 1,1–2,6 м (с человека). Как выглядит: лента: рулон ленты (изоляционной, монтажной или светодиодной — по данным), торец рулона виден. По данным позиций кадра: материал — резинотканевая; тип — конвейерная, транспортерная; поверхность — гладкая. Масштаб: длина/ширина около 1325 мм (медиана по позициям) — крупное оборудование ростом примерно с человека. Ракурс и композиция: 3/4 немного сверху, изделие целиком по центру, занимает около 70 % кадра. Фон: светлый нейтральный бесшовный #F4F6F9 без текстуры и горизонта. Свет: мягкий студийный из большого софтбокса, мягкая тень под предметом, резкость по всему предмету. Не должно быть: чужих логотипов, названий заводов и брендов, водяных знаков, надписей и любого текста, людей и рук, лишних предметов. Итог: квадрат 1200×1200 px, WebP.";"Photorealistic catalog product photo. Distinctive for this variant: 1.1-2.6 m, about human height. Elevator belt. Roll of tape, end of the roll visible. Material: rubber, fabric; type: conveyor conveyor; surface: smooth. Scale: about 1325 mm, large equipment, about human height. Three-quarter view from slightly above, whole item centred, filling about 70% of the frame. Plain seamless light neutral background #F4F6F9, no texture, no horizon line. Soft large-softbox studio lighting, soft contact shadow underneath, sharp focus across the whole item, photorealistic e-commerce catalog product photo, high detail, 85mm lens look, square 1:1, 1200x1200.";text, letters, numbers, logo, brand name, manufacturer marking, watermark, printed label, people, hands, faces, multiple products, cluttered background, props, distorted geometry, extra parts, cartoon, illustration, CGI look, blur, low resolution;текст, буквы, цифры, логотип, бренд, заводская маркировка, водяной знак, этикетка с надписями, люди, руки, лица, несколько предметов, захламленный фон, реквизит, искаженная геометрия, лишние детали, мультяшный стиль, иллюстрация, вид 3D-рендера, размытие, низкое разрешение;генерация;"Генерация по промпту; за основу — готовый снимок кадра F00243 (тот же ракурс, свет, фон), меняется только отличие подкадра.";photos/F00243-c.webp
F00243-d;F00243;2;2321;Конвейерные ленты;Лента норийная;лента норийная;габариты 70–130 мм (в ладони);лента норийная;70–130 мм (в ладони);резина;;свой снимок;65;"Фотореалистичная предметная фотография для каталога. Подкадр F00243-d (65 из 555 позиций кадра F00243). Отличие от соседних подкадров: габариты 70–130 мм (в ладони). Что в кадре: лента норийная, габариты 70–130 мм (в ладони). Как выглядит: лента: рулон ленты (изоляционной, монтажной или светодиодной — по данным), торец рулона виден. По данным позиций кадра: материал — резинотканевая; тип — конвейерная, транспортерная; поверхность — гладкая. Масштаб: длина/ширина около 100 мм (медиана по позициям) — помещается в ладони. Ракурс и композиция: 3/4 немного сверху, изделие целиком по центру, занимает около 70 % кадра. Фон: светлый нейтральный бесшовный #F4F6F9 без текстуры и горизонта. Свет: мягкий студийный из большого софтбокса, мягкая тень под предметом, резкость по всему предмету. Не должно быть: чужих логотипов, названий заводов и брендов, водяных знаков, надписей и любого текста, людей и рук, лишних предметов. Итог: квадрат 1200×1200 px, WebP.";"Photorealistic catalog product photo. Distinctive for this variant: 70-130 mm, fits in a palm. Elevator belt. Roll of tape, end of the roll visible. Material: rubber, fabric; type: conveyor conveyor; surface: smooth. Scale: about 100 mm, fits in a palm. Three-quarter view from slightly above, whole item centred, filling about 70% of the frame. Plain seamless light neutral background #F4F6F9, no texture, no horizon line. Soft large-softbox studio lighting, soft contact shadow underneath, sharp focus across the whole item, photorealistic e-commerce catalog product photo, high detail, 85mm lens look, square 1:1, 1200x1200.";text, letters, numbers, logo, brand name, manufacturer marking, watermark, printed label, people, hands, faces, multiple products, cluttered background, props, distorted geometry, extra parts, cartoon, illustration, CGI look, blur, low resolution;текст, буквы, цифры, логотип, бренд, заводская маркировка, водяной знак, этикетка с надписями, люди, руки, лица, несколько предметов, захламленный фон, реквизит, искаженная геометрия, лишние детали, мультяшный стиль, иллюстрация, вид 3D-рендера, размытие, низкое разрешение;генерация;"Генерация по промпту; за основу — готовый снимок кадра F00243 (тот же ракурс, свет, фон), меняется только отличие подкадра.";photos/F00243-d.webp
F00243-e;F00243;2;4856;Конвейерные ленты;Лента норийная;лента норийная;габариты 25–70 мм (со спичечный коробок);лента норийная;25–70 мм (со спичечный коробок);резина;;свой снимок;33;"Фотореалистичная предметная фотография для каталога. Подкадр F00243-e (33 из 555 позиций кадра F00243). Отличие от соседних подкадров: габариты 25–70 мм (со спичечный коробок). Что в кадре: лента норийная, габариты 25–70 мм (со спичечный коробок). Как выглядит: лента: рулон ленты (изоляционной, монтажной или светодиодной — по данным), торец рулона виден. По данным позиций кадра: материал — резинотканевая; тип — конвейерная, транспортерная; поверхность — гладкая. Масштаб: длина/ширина около 50 мм (медиана по позициям) — небольшая деталь — размером со спичечный коробок. Ракурс и композиция: 3/4 немного сверху, изделие целиком по центру, занимает около 70 % кадра. Фон: светлый нейтральный бесшовный #F4F6F9 без текстуры и горизонта. Свет: мягкий студийный из большого софтбокса, мягкая тень под предметом, резкость по всему предмету. Не должно быть: чужих логотипов, названий заводов и брендов, водяных знаков, надписей и любого текста, людей и рук, лишних предметов. Итог: квадрат 1200×1200 px, WebP.";"Photorealistic catalog product photo. Distinctive for this variant: 25-70 mm, matchbox size. Elevator belt. Roll of tape, end of the roll visible. Material: rubber, fabric; type: conveyor conveyor; surface: smooth. Scale: about 50 mm, small part, about matchbox size. Three-quarter view from slightly above, whole item centred, filling about 70% of the frame. Plain seamless light neutral background #F4F6F9, no texture, no horizon line. Soft large-softbox studio lighting, soft contact shadow underneath, sharp focus across the whole item, photorealistic e-commerce catalog product photo, high detail, 85mm lens look, square 1:1, 1200x1200.";text, letters, numbers, logo, brand name, manufacturer marking, watermark, printed label, people, hands, faces, multiple products, cluttered background, props, distorted geometry, extra parts, cartoon, illustration, CGI look, blur, low resolution;текст, буквы, цифры, логотип, бренд, заводская маркировка, водяной знак, этикетка с надписями, люди, руки, лица, несколько предметов, захламленный фон, реквизит, искаженная геометрия, лишние детали, мультяшный стиль, иллюстрация, вид 3D-рендера, размытие, низкое разрешение;генерация;"Генерация по промпту; за основу — готовый снимок кадра F00243 (тот же ракурс, свет, фон), меняется только отличие подкадра.";photos/F00243-e.webp
F00243-f;F00243;5;27679;Конвейерные ленты;Лента норийная;лента норийная;прочие позиции кадра;;;;;прочие позиции кадра — снимок кадра;4;"Фотореалистичная предметная фотография для каталога. Подкадр F00243-f — прочие позиции кадра F00243 (4 из 555), у которых нет общего заметного отличия от остальных 5 подкадров кадра; снимок как у кадра F00243. Что в кадре: лента норийная, габариты до 25 мм (мельче монеты). Как выглядит: лента: рулон ленты (изоляционной, монтажной или светодиодной — по данным), торец рулона виден. По данным позиций кадра: материал — резинотканевая; тип — конвейерная, транспортерная; поверхность — гладкая. Масштаб: длина/ширина около 22,5 мм (медиана по позициям) — мелкая деталь — меньше монеты. Ракурс и композиция: 3/4 немного сверху, изделие целиком по центру, занимает около 70 % кадра. Фон: светлый нейтральный бесшовный #F4F6F9 без текстуры и горизонта. Свет: мягкий студийный из большого софтбокса, мягкая тень под предметом, резкость по всему предмету. Не должно быть: чужих логотипов, названий заводов и брендов, водяных знаков, надписей и любого текста, людей и рук, лишних предметов. Итог: квадрат 1200×1200 px, WebP.";"Photorealistic catalog product photo. Elevator belt. Roll of tape, end of the roll visible. Material: rubber, fabric; type: conveyor conveyor; surface: smooth. Scale: about 22.5 mm, small part, smaller than a coin. Three-quarter view from slightly above, whole item centred, filling about 70% of the frame. Plain seamless light neutral background #F4F6F9, no texture, no horizon line. Soft large-softbox studio lighting, soft contact shadow underneath, sharp focus across the whole item, photorealistic e-commerce catalog product photo, high detail, 85mm lens look, square 1:1, 1200x1200.";text, letters, numbers, logo, brand name, manufacturer marking, watermark, printed label, people, hands, faces, multiple products, cluttered background, props, distorted geometry, extra parts, cartoon, illustration, CGI look, blur, low resolution;текст, буквы, цифры, логотип, бренд, заводская маркировка, водяной знак, этикетка с надписями, люди, руки, лица, несколько предметов, захламленный фон, реквизит, искаженная геометрия, лишние детали, мультяшный стиль, иллюстрация, вид 3D-рендера, размытие, низкое разрешение;снимок кадра;Отдельный снимок не нужен: на эти позиции встает снимок кадра F00243 (файл photos/F00243.webp).;— (используется photos/F00243.webp)
F00976-a;F00976;2;1354;Конвейерные ленты;Фторопласт;фторопласт;габариты 450–1100 мм (до метра);фторопласт;450–1100 мм (до метра);;;свой снимок;106;"Фотореалистичная предметная фотография для каталога. Подкадр F00976-a (106 из 131 позиций кадра F00976). Отличие от соседних подкадров: габариты 450–1100 мм (до метра). Что в кадре: фторопласт, габариты 450–1100 мм (до метра). Как выглядит: фторопласт в типичном для этого вида исполнении (группа «Ленты тефлоновые (фторопласт)»); форму, пропорции и детали — как у типичного изделия этого вида. По данным позиций кадра: материал — ptfe; поверхность — гладкая. Масштаб: габариты около 1000×600 мм (медиана по позициям) — крупное изделие, до метра. Ракурс и композиция: 3/4 немного сверху, изделие целиком по центру, занимает около 70 % кадра. Фон: светлый нейтральный бесшовный #F4F6F9 без текстуры и горизонта. Свет: мягкий студийный из большого софтбокса, мягкая тень под предметом, резкость по всему предмету. Не должно быть: чужих логотипов, названий заводов и брендов, водяных знаков, надписей и любого текста, людей и рук, лишних предметов. Итог: квадрат 1200×1200 px, WebP.";Photorealistic catalog product photo. Distinctive for this variant: 450-1100 mm, up to one metre. PTFE. PTFE in its typical standard design. Surface: smooth. Scale: about 1000 x 600 mm, large item, up to one metre. Three-quarter view from slightly above, whole item centred, filling about 70% of the frame. Plain seamless light neutral background #F4F6F9, no texture, no horizon line. Soft large-softbox studio lighting, soft contact shadow underneath, sharp focus across the whole item, photorealistic e-commerce catalog product photo, high detail, 85mm lens look, square 1:1, 1200x1200.;text, letters, numbers, logo, brand name, manufacturer marking, watermark, printed label, people, hands, faces, multiple products, cluttered background, props, distorted geometry, extra parts, cartoon, illustration, CGI look, blur, low resolution;текст, буквы, цифры, логотип, бренд, заводская маркировка, водяной знак, этикетка с надписями, люди, руки, лица, несколько предметов, захламленный фон, реквизит, искаженная геометрия, лишние детали, мультяшный стиль, иллюстрация, вид 3D-рендера, размытие, низкое разрешение;генерация;"Генерация по промпту; за основу — готовый снимок кадра F00976 (тот же ракурс, свет, фон), меняется только отличие подкадра.";photos/F00976-a.webp
F00976-b;F00976;3;13946;Конвейерные ленты;Фторопласт;фторопласт;габариты 130–450 мм (с обувную коробку);фторопласт;130–450 мм (с обувную коробку);;;свой снимок;11;"Фотореалистичная предметная фотография для каталога. Подкадр F00976-b (11 из 131 позиций кадра F00976). Отличие от соседних подкадров: габариты 130–450 мм (с обувную коробку). Что в кадре: фторопласт, габариты 130–450 мм (с обувную коробку). Как выглядит: фторопласт в типичном для этого вида исполнении (группа «Ленты тефлоновые (фторопласт)»); форму, пропорции и детали — как у типичного изделия этого вида. По данным позиций кадра: материал — ptfe; поверхность — гладкая. Масштаб: габариты около 400×300 мм (медиана по позициям) — размером примерно с обувную коробку. Ракурс и композиция: 3/4 немного сверху, изделие целиком по центру, занимает около 70 % кадра. Фон: светлый нейтральный бесшовный #F4F6F9 без текстуры и горизонта. Свет: мягкий студийный из большого софтбокса, мягкая тень под предметом, резкость по всему предмету. Не должно быть: чужих логотипов, названий заводов и брендов, водяных знаков, надписей и любого текста, людей и рук, лишних предметов. Итог: квадрат 1200×1200 px, WebP.";Photorealistic catalog product photo. Distinctive for this variant: 130-450 mm, shoebox size. PTFE. PTFE in its typical standard design. Surface: smooth. Scale: about 400 x 300 mm, about shoebox size. Three-quarter view from slightly above, whole item centred, filling about 70% of the frame. Plain seamless light neutral background #F4F6F9, no texture, no horizon line. Soft large-softbox studio lighting, soft contact shadow underneath, sharp focus across the whole item, photorealistic e-commerce catalog product photo, high detail, 85mm lens look, square 1:1, 1200x1200.;text, letters, numbers, logo, brand name, manufacturer marking, watermark, printed label, people, hands, faces, multiple products, cluttered background, props, distorted geometry, extra parts, cartoon, illustration, CGI look, blur, low resolution;текст, буквы, цифры, логотип, бренд, заводская маркировка, водяной знак, этикетка с надписями, люди, руки, лица, несколько предметов, захламленный фон, реквизит, искаженная геометрия, лишние детали, мультяшный стиль, иллюстрация, вид 3D-рендера, размытие, низкое разрешение;генерация;"Генерация по промпту; за основу — готовый снимок кадра F00976 (тот же ракурс, свет, фон), меняется только отличие подкадра.";photos/F00976-b.webp
F00976-c;F00976;3;18396;Конвейерные ленты;Фторопласт;фторопласт;габариты 70–130 мм (в ладони);фторопласт;70–130 мм (в ладони);;;свой снимок;8;"Фотореалистичная предметная фотография для каталога. Подкадр F00976-c (8 из 131 позиций кадра F00976). Отличие от соседних подкадров: габариты 70–130 мм (в ладони). Что в кадре: фторопласт, габариты 70–130 мм (в ладони). Как выглядит: фторопласт в типичном для этого вида исполнении (группа «Ленты тефлоновые (фторопласт)»); форму, пропорции и детали — как у типичного изделия этого вида. По данным позиций кадра: материал — ptfe; поверхность — гладкая. Масштаб: длина/ширина около 100 мм (медиана по позициям) — помещается в ладони. Ракурс и композиция: 3/4 немного сверху, изделие целиком по центру, занимает около 70 % кадра. Фон: светлый нейтральный бесшовный #F4F6F9 без текстуры и горизонта. Свет: мягкий студийный из большого софтбокса, мягкая тень под предметом, резкость по всему предмету. Не должно быть: чужих логотипов, названий заводов и брендов, водяных знаков, надписей и любого текста, людей и рук, лишних предметов. Итог: квадрат 1200×1200 px, WebP.";Photorealistic catalog product photo. Distinctive for this variant: 70-130 mm, fits in a palm. PTFE. PTFE in its typical standard design. Surface: smooth. Scale: about 100 mm, fits in a palm. Three-quarter view from slightly above, whole item centred, filling about 70% of the frame. Plain seamless light neutral background #F4F6F9, no texture, no horizon line. Soft large-softbox studio lighting, soft contact shadow underneath, sharp focus across the whole item, photorealistic e-commerce catalog product photo, high detail, 85mm lens look, square 1:1, 1200x1200.;text, letters, numbers, logo, brand name, manufacturer marking, watermark, printed label, people, hands, faces, multiple products, cluttered background, props, distorted geometry, extra parts, cartoon, illustration, CGI look, blur, low resolution;текст, буквы, цифры, логотип, бренд, заводская маркировка, водяной знак, этикетка с надписями, люди, руки, лица, несколько предметов, захламленный фон, реквизит, искаженная геометрия, лишние детали, мультяшный стиль, иллюстрация, вид 3D-рендера, размытие, низкое разрешение;генерация;"Генерация по промпту; за основу — готовый снимок кадра F00976 (тот же ракурс, свет, фон), меняется только отличие подкадра.";photos/F00976-c.webp
F00976-d;F00976;4;26341;Конвейерные ленты;Фторопласт;фторопласт;габариты 1,1–2,6 м (с человека);фторопласт;1,1–2,6 м (с человека);;;свой снимок;5;"Фотореалистичная предметная фотография для каталога. Подкадр F00976-d (5 из 131 позиций кадра F00976). Отличие от соседних подкадров: габариты 1,1–2,6 м (с человека). Что в кадре: фторопласт, габариты 1,1–2,6 м (с человека). Как выглядит: фторопласт в типичном для этого вида исполнении (группа «Ленты тефлоновые (фторопласт)»); форму, пропорции и детали — как у типичного изделия этого вида. По данным позиций кадра: материал — ptfe; поверхность — гладкая. Масштаб: длина/ширина около 2000 мм (медиана по позициям) — крупное оборудование ростом примерно с человека. Ракурс и композиция: 3/4 немного сверху, изделие целиком по центру, занимает около 70 % кадра. Фон: светлый нейтральный бесшовный #F4F6F9 без текстуры и горизонта. Свет: мягкий студийный из большого софтбокса, мягкая тень под предметом, резкость по всему предмету. Не должно быть: чужих логотипов, названий заводов и брендов, водяных знаков, надписей и любого текста, людей и рук, лишних предметов. Итог: квадрат 1200×1200 px, WebP.";Photorealistic catalog product photo. Distinctive for this variant: 1.1-2.6 m, about human height. PTFE. PTFE in its typical standard design. Surface: smooth. Scale: about 2000 mm, large equipment, about human height. Three-quarter view from slightly above, whole item centred, filling about 70% of the frame. Plain seamless light neutral background #F4F6F9, no texture, no horizon line. Soft large-softbox studio lighting, soft contact shadow underneath, sharp focus across the whole item, photorealistic e-commerce catalog product photo, high detail, 85mm lens look, square 1:1, 1200x1200.;text, letters, numbers, logo, brand name, manufacturer marking, watermark, printed label, people, hands, faces, multiple products, cluttered background, props, distorted geometry, extra parts, cartoon, illustration, CGI look, blur, low resolution;текст, буквы, цифры, логотип, бренд, заводская маркировка, водяной знак, этикетка с надписями, люди, руки, лица, несколько предметов, захламленный фон, реквизит, искаженная геометрия, лишние детали, мультяшный стиль, иллюстрация, вид 3D-рендера, размытие, низкое разрешение;генерация;"Генерация по промпту; за основу — готовый снимок кадра F00976 (тот же ракурс, свет, фон), меняется только отличие подкадра.";photos/F00976-d.webp
F00976-e;F00976;5;28769;Конвейерные ленты;Фторопласт;фторопласт;прочие позиции кадра;;;;;прочие позиции кадра — снимок кадра;1;"Фотореалистичная предметная фотография для каталога. Подкадр F00976-e — прочие позиции кадра F00976 (1 из 131), у которых нет общего заметного отличия от остальных 4 подкадров кадра; снимок как у кадра F00976. Что в кадре: фторопласт, габариты 25–70 мм (со спичечный коробок). Как выглядит: фторопласт в типичном для этого вида исполнении (группа «Ленты тефлоновые (фторопласт)»); форму, пропорции и детали — как у типичного изделия этого вида. По данным позиций кадра: материал — ptfe; поверхность — гладкая. Масштаб: длина/ширина около 50 мм (медиана по позициям) — небольшая деталь — размером со спичечный коробок. Ракурс и композиция: 3/4 немного сверху, изделие целиком по центру, занимает около 70 % кадра. Фон: светлый нейтральный бесшовный #F4F6F9 без текстуры и горизонта. Свет: мягкий студийный из большого софтбокса, мягкая тень под предметом, резкость по всему предмету. Не должно быть: чужих логотипов, названий заводов и брендов, водяных знаков, надписей и любого текста, людей и рук, лишних предметов. Итог: квадрат 1200×1200 px, WebP.";Photorealistic catalog product photo. PTFE. PTFE in its typical standard design. Surface: smooth. Scale: about 50 mm, small part, about matchbox size. Three-quarter view from slightly above, whole item centred, filling about 70% of the frame. Plain seamless light neutral background #F4F6F9, no texture, no horizon line. Soft large-softbox studio lighting, soft contact shadow underneath, sharp focus across the whole item, photorealistic e-commerce catalog product photo, high detail, 85mm lens look, square 1:1, 1200x1200.;text, letters, numbers, logo, brand name, manufacturer marking, watermark, printed label, people, hands, faces, multiple products, cluttered background, props, distorted geometry, extra parts, cartoon, illustration, CGI look, blur, low resolution;текст, буквы, цифры, логотип, бренд, заводская маркировка, водяной знак, этикетка с надписями, люди, руки, лица, несколько предметов, захламленный фон, реквизит, искаженная геометрия, лишние детали, мультяшный стиль, иллюстрация, вид 3D-рендера, размытие, низкое разрешение;снимок кадра;Отдельный снимок не нужен: на эти позиции встает снимок кадра F00976 (файл photos/F00976.webp).;— (используется photos/F00976.webp)
F01055-a;F01055;2;2768;Конвейерные ленты;Лента плоская;лента плоская;габариты 130–450 мм (с обувную коробку);лента плоская;130–450 мм (с обувную коробку);;;свой снимок;56;"Фотореалистичная предметная фотография для каталога. Подкадр F01055-a (56 из 119 позиций кадра F01055). Отличие от соседних подкадров: габариты 130–450 мм (с обувную коробку). Что в кадре: лента плоская, габариты 130–450 мм (с обувную коробку). Как выглядит: лента: рулон ленты (изоляционной, монтажной или светодиодной — по данным), торец рулона виден. По данным позиций кадра: тип — 2л; поверхность — гладкая; борт — нб. Масштаб: длина/ширина около 225 мм (медиана по позициям) — размером примерно с обувную коробку. Ракурс и композиция: 3/4 немного сверху, изделие целиком по центру, занимает около 70 % кадра. Фон: светлый нейтральный бесшовный #F4F6F9 без текстуры и горизонта. Свет: мягкий студийный из большого софтбокса, мягкая тень под предметом, резкость по всему предмету. Не должно быть: чужих логотипов, названий заводов и брендов, водяных знаков, надписей и любого текста, людей и рук, лишних предметов. Итог: квадрат 1200×1200 px, WebP.";Photorealistic catalog product photo. Distinctive for this variant: 130-450 mm, shoebox size. Flat belt. Roll of tape, end of the roll visible. Surface: smooth. Scale: about 225 mm, about shoebox size. Three-quarter view from slightly above, whole item centred, filling about 70% of the frame. Plain seamless light neutral background #F4F6F9, no texture, no horizon line. Soft large-softbox studio lighting, soft contact shadow underneath, sharp focus across the whole item, photorealistic e-commerce catalog product photo, high detail, 85mm lens look, square 1:1, 1200x1200.;text, letters, numbers, logo, brand name, manufacturer marking, watermark, printed label, people, hands, faces, multiple products, cluttered background, props, distorted geometry, extra parts, cartoon, illustration, CGI look, blur, low resolution;текст, буквы, цифры, логотип, бренд, заводская маркировка, водяной знак, этикетка с надписями, люди, руки, лица, несколько предметов, захламленный фон, реквизит, искаженная геометрия, лишние детали, мультяшный стиль, иллюстрация, вид 3D-рендера, размытие, низкое разрешение;генерация;"Генерация по промпту; за основу — готовый снимок кадра F01055 (тот же ракурс, свет, фон), меняется только отличие подкадра.";photos/F01055-a.webp
F01055-b;F01055;2;5837;Конвейерные ленты;Лента плоская;лента плоская;габариты 450–1100 мм (до метра);лента плоская;450–1100 мм (до метра);;;свой снимок;28;"Фотореалистичная предметная фотография для каталога. Подкадр F01055-b (28 из 119 позиций кадра F01055). Отличие от соседних подкадров: габариты 450–1100 мм (до метра). Что в кадре: лента плоская, габариты 450–1100 мм (до метра). Как выглядит: лента: рулон ленты (изоляционной, монтажной или светодиодной — по данным), торец рулона виден. По данным позиций кадра: тип — 2л; поверхность — гладкая; борт — нб. Масштаб: длина/ширина около 700 мм (медиана по позициям) — крупное изделие, до метра. Ракурс и композиция: 3/4 немного сверху, изделие целиком по центру, занимает около 70 % кадра. Фон: светлый нейтральный бесшовный #F4F6F9 без текстуры и горизонта. Свет: мягкий студийный из большого софтбокса, мягкая тень под предметом, резкость по всему предмету. Не должно быть: чужих логотипов, названий заводов и брендов, водяных знаков, надписей и любого текста, людей и рук, лишних предметов. Итог: квадрат 1200×1200 px, WebP.";Photorealistic catalog product photo. Distinctive for this variant: 450-1100 mm, up to one metre. Flat belt. Roll of tape, end of the roll visible. Surface: smooth. Scale: about 700 mm, large item, up to one metre. Three-quarter view from slightly above, whole item centred, filling about 70% of the frame. Plain seamless light neutral background #F4F6F9, no texture, no horizon line. Soft large-softbox studio lighting, soft contact shadow underneath, sharp focus across the whole item, photorealistic e-commerce catalog product photo, high detail, 85mm lens look, square 1:1, 1200x1200.;text, letters, numbers, logo, brand name, manufacturer marking, watermark, printed label, people, hands, faces, multiple products, cluttered background, props, distorted geometry, extra parts, cartoon, illustration, CGI look, blur, low resolution;текст, буквы, цифры, логотип, бренд, заводская маркировка, водяной знак, этикетка с надписями, люди, руки, лица, несколько предметов, захламленный фон, реквизит, искаженная геометрия, лишние детали, мультяшный стиль, иллюстрация, вид 3D-рендера, размытие, низкое разрешение;генерация;"Генерация по промпту; за основу — готовый снимок кадра F01055 (тот же ракурс, свет, фон), меняется только отличие подкадра.";photos/F01055-b.webp
F01055-c;F01055;2;5838;Конвейерные ленты;Лента плоская;лента плоская;габариты 70–130 мм (в ладони);лента плоская;70–130 мм (в ладони);;;свой снимок;28;"Фотореалистичная предметная фотография для каталога. Подкадр F01055-c (28 из 119 позиций кадра F01055). Отличие от соседних подкадров: габариты 70–130 мм (в ладони). Что в кадре: лента плоская, габариты 70–130 мм (в ладони). Как выглядит: лента: рулон ленты (изоляционной, монтажной или светодиодной — по данным), торец рулона виден. По данным позиций кадра: тип — 2л; поверхность — гладкая; борт — нб. Масштаб: длина/ширина около 122 мм (медиана по позициям) — помещается в ладони. Ракурс и композиция: 3/4 немного сверху, изделие целиком по центру, занимает около 70 % кадра. Фон: светлый нейтральный бесшовный #F4F6F9 без текстуры и горизонта. Свет: мягкий студийный из большого софтбокса, мягкая тень под предметом, резкость по всему предмету. Не должно быть: чужих логотипов, названий заводов и брендов, водяных знаков, надписей и любого текста, людей и рук, лишних предметов. Итог: квадрат 1200×1200 px, WebP.";Photorealistic catalog product photo. Distinctive for this variant: 70-130 mm, fits in a palm. Flat belt. Roll of tape, end of the roll visible. Surface: smooth. Scale: about 122 mm, fits in a palm. Three-quarter view from slightly above, whole item centred, filling about 70% of the frame. Plain seamless light neutral background #F4F6F9, no texture, no horizon line. Soft large-softbox studio lighting, soft contact shadow underneath, sharp focus across the whole item, photorealistic e-commerce catalog product photo, high detail, 85mm lens look, square 1:1, 1200x1200.;text, letters, numbers, logo, brand name, manufacturer marking, watermark, printed label, people, hands, faces, multiple products, cluttered background, props, distorted geometry, extra parts, cartoon, illustration, CGI look, blur, low resolution;текст, буквы, цифры, логотип, бренд, заводская маркировка, водяной знак, этикетка с надписями, люди, руки, лица, несколько предметов, захламленный фон, реквизит, искаженная геометрия, лишние детали, мультяшный стиль, иллюстрация, вид 3D-рендера, размытие, низкое разрешение;генерация;"Генерация по промпту; за основу — готовый снимок кадра F01055 (тот же ракурс, свет, фон), меняется только отличие подкадра.";photos/F01055-c.webp
F01055-d;F01055;4;20567;Конвейерные ленты;Лента плоская;лента плоская;габариты 1,1–2,6 м (с человека);лента плоская;1,1–2,6 м (с человека);;;свой снимок;7;"Фотореалистичная предметная фотография для каталога. Подкадр F01055-d (7 из 119 позиций кадра F01055). Отличие от соседних подкадров: габариты 1,1–2,6 м (с человека). Что в кадре: лента плоская, габариты 1,1–2,6 м (с человека). Как выглядит: лента: рулон ленты (изоляционной, монтажной или светодиодной — по данным), торец рулона виден. По данным позиций кадра: тип — 2л; поверхность — гладкая; борт — нб. Масштаб: длина/ширина около 1200 мм (медиана по позициям) — крупное оборудование ростом примерно с человека. Ракурс и композиция: 3/4 немного сверху, изделие целиком по центру, занимает около 70 % кадра. Фон: светлый нейтральный бесшовный #F4F6F9 без текстуры и горизонта. Свет: мягкий студийный из большого софтбокса, мягкая тень под предметом, резкость по всему предмету. Не должно быть: чужих логотипов, названий заводов и брендов, водяных знаков, надписей и любого текста, людей и рук, лишних предметов. Итог: квадрат 1200×1200 px, WebP.";Photorealistic catalog product photo. Distinctive for this variant: 1.1-2.6 m, about human height. Flat belt. Roll of tape, end of the roll visible. Surface: smooth. Scale: about 1200 mm, large equipment, about human height. Three-quarter view from slightly above, whole item centred, filling about 70% of the frame. Plain seamless light neutral background #F4F6F9, no texture, no horizon line. Soft large-softbox studio lighting, soft contact shadow underneath, sharp focus across the whole item, photorealistic e-commerce catalog product photo, high detail, 85mm lens look, square 1:1, 1200x1200.;text, letters, numbers, logo, brand name, manufacturer marking, watermark, printed label, people, hands, faces, multiple products, cluttered background, props, distorted geometry, extra parts, cartoon, illustration, CGI look, blur, low resolution;текст, буквы, цифры, логотип, бренд, заводская маркировка, водяной знак, этикетка с надписями, люди, руки, лица, несколько предметов, захламленный фон, реквизит, искаженная геометрия, лишние детали, мультяшный стиль, иллюстрация, вид 3D-рендера, размытие, низкое разрешение;генерация;"Генерация по промпту; за основу — готовый снимок кадра F01055 (тот же ракурс, свет, фон), меняется только отличие подкадра.";photos/F01055-d.webp
F01259-a;F01259;2;2987;Конвейерные ленты;Техпластина;техпластина;габариты 450–1100 мм (до метра);техпластина;450–1100 мм (до метра);резина;;свой снимок;52;"Фотореалистичная предметная фотография для каталога. Подкадр F01259-a (52 из 94 позиций кадра F01259). Отличие от соседних подкадров: габариты 450–1100 мм (до метра). Что в кадре: техпластина, габариты 450–1100 мм (до метра). Как выглядит: техпластина в типичном для этого вида исполнении (группа «Техпластины и резина листовая»); форму, пропорции и детали — как у типичного изделия этого вида. По данным позиций кадра: материал — резиновая; поверхность — гладкая (54 %). Масштаб: габариты около 720×760 мм (медиана по позициям) — крупное изделие, до метра. Ракурс и композиция: 3/4 немного сверху, изделие целиком по центру, занимает около 70 % кадра. Фон: светлый нейтральный бесшовный #F4F6F9 без текстуры и горизонта. Свет: мягкий студийный из большого софтбокса, мягкая тень под предметом, резкость по всему предмету. Не должно быть: чужих логотипов, названий заводов и брендов, водяных знаков, надписей и любого текста, людей и рук, лишних предметов. Итог: квадрат 1200×1200 px, WebP.";"Photorealistic catalog product photo. Distinctive for this variant: 450-1100 mm, up to one metre. Rubber sheet. Rubber sheet in its typical standard design. Material: rubber; surface: smooth. Scale: about 720 x 760 mm, large item, up to one metre. Three-quarter view from slightly above, whole item centred, filling about 70% of the frame. Plain seamless light neutral background #F4F6F9, no texture, no horizon line. Soft large-softbox studio lighting, soft contact shadow underneath, sharp focus across the whole item, photorealistic e-commerce catalog product photo, high detail, 85mm lens look, square 1:1, 1200x1200.";text, letters, numbers, logo, brand name, manufacturer marking, watermark, printed label, people, hands, faces, multiple products, cluttered background, props, distorted geometry, extra parts, cartoon, illustration, CGI look, blur, low resolution;текст, буквы, цифры, логотип, бренд, заводская маркировка, водяной знак, этикетка с надписями, люди, руки, лица, несколько предметов, захламленный фон, реквизит, искаженная геометрия, лишние детали, мультяшный стиль, иллюстрация, вид 3D-рендера, размытие, низкое разрешение;генерация;"Генерация по промпту; за основу — готовый снимок кадра F01259 (тот же ракурс, свет, фон), меняется только отличие подкадра.";photos/F01259-a.webp
F01259-b;F01259;2;6258;Конвейерные ленты;Техпластина;техпластина;габариты 1,1–2,6 м (с человека);техпластина;1,1–2,6 м (с человека);резина;;свой снимок;26;"Фотореалистичная предметная фотография для каталога. Подкадр F01259-b (26 из 94 позиций кадра F01259). Отличие от соседних подкадров: габариты 1,1–2,6 м (с человека). Что в кадре: техпластина, габариты 1,1–2,6 м (с человека). Как выглядит: техпластина в типичном для этого вида исполнении (группа «Техпластины и резина листовая»); форму, пропорции и детали — как у типичного изделия этого вида. По данным позиций кадра: материал — резиновая (85 %). Масштаб: габариты около 1200×1200 мм (медиана по позициям) — крупное оборудование ростом примерно с человека. Ракурс и композиция: 3/4 немного сверху, изделие целиком по центру, занимает около 70 % кадра. Фон: светлый нейтральный бесшовный #F4F6F9 без текстуры и горизонта. Свет: мягкий студийный из большого софтбокса, мягкая тень под предметом, резкость по всему предмету. Не должно быть: чужих логотипов, названий заводов и брендов, водяных знаков, надписей и любого текста, людей и рук, лишних предметов. Итог: квадрат 1200×1200 px, WebP.";Photorealistic catalog product photo. Distinctive for this variant: 1.1-2.6 m, about human height. Rubber sheet. Rubber sheet in its typical standard design. Material: rubber. Scale: about 1200 x 1200 mm, large equipment, about human height. Three-quarter view from slightly above, whole item centred, filling about 70% of the frame. Plain seamless light neutral background #F4F6F9, no texture, no horizon line. Soft large-softbox studio lighting, soft contact shadow underneath, sharp focus across the whole item, photorealistic e-commerce catalog product photo, high detail, 85mm lens look, square 1:1, 1200x1200.;text, letters, numbers, logo, brand name, manufacturer marking, watermark, printed label, people, hands, faces, multiple products, cluttered background, props, distorted geometry, extra parts, cartoon, illustration, CGI look, blur, low resolution;текст, буквы, цифры, логотип, бренд, заводская маркировка, водяной знак, этикетка с надписями, люди, руки, лица, несколько предметов, захламленный фон, реквизит, искаженная геометрия, лишние детали, мультяшный стиль, иллюстрация, вид 3D-рендера, размытие, низкое разрешение;генерация;"Генерация по промпту; за основу — готовый снимок кадра F01259 (тот же ракурс, свет, фон), меняется только отличие подкадра.";photos/F01259-b.webp
F01259-c;F01259;3;10030;Конвейерные ленты;Техпластина;техпластина;габариты больше 2,6 м (крупная конструкция);техпластина;больше 2,6 м (крупная конструкция);резина;;свой снимок;16;"Фотореалистичная предметная фотография для каталога. Подкадр F01259-c (16 из 94 позиций кадра F01259). Отличие от соседних подкадров: габариты больше 2,6 м (крупная конструкция). Что в кадре: техпластина, габариты больше 2,6 м (крупная конструкция). Как выглядит: техпластина в типичном для этого вида исполнении (группа «Техпластины и резина листовая»); форму, пропорции и детали — как у типичного изделия этого вида. По данным позиций кадра: материал — резиновая (81 %); поверхность — гладкая (81 %). Масштаб: габариты около 5000×1000 мм (медиана по позициям) — длинное узкое изделие — в кадре целиком по диагонали или короткий отрезок. Ракурс и композиция: 3/4 немного сверху, изделие целиком по центру, занимает около 70 % кадра. Фон: светлый нейтральный бесшовный #F4F6F9 без текстуры и горизонта. Свет: мягкий студийный из большого софтбокса, мягкая тень под предметом, резкость по всему предмету. Не должно быть: чужих логотипов, названий заводов и брендов, водяных знаков, надписей и любого текста, людей и рук, лишних предметов. Итог: квадрат 1200×1200 px, WebP.";"Photorealistic catalog product photo. Distinctive for this variant: over 2.6 m, very large structure. Rubber sheet. Rubber sheet in its typical standard design. Material: rubber; surface: smooth. Scale: about 5000 x 1000 mm, long narrow item, shown whole along the diagonal or as a short section. Three-quarter view from slightly above, whole item centred, filling about 70% of the frame. Plain seamless light neutral background #F4F6F9, no texture, no horizon line. Soft large-softbox studio lighting, soft contact shadow underneath, sharp focus across the whole item, photorealistic e-commerce catalog product photo, high detail, 85mm lens look, square 1:1, 1200x1200.";text, letters, numbers, logo, brand name, manufacturer marking, watermark, printed label, people, hands, faces, multiple products, cluttered background, props, distorted geometry, extra parts, cartoon, illustration, CGI look, blur, low resolution;текст, буквы, цифры, логотип, бренд, заводская маркировка, водяной знак, этикетка с надписями, люди, руки, лица, несколько предметов, захламленный фон, реквизит, искаженная геометрия, лишние детали, мультяшный стиль, иллюстрация, вид 3D-рендера, размытие, низкое разрешение;генерация;"Генерация по промпту; за основу — готовый снимок кадра F01259 (тот же ракурс, свет, фон), меняется только отличие подкадра.";photos/F01259-c.webp
F01562-a;F01562;2;3039;Конвейерные ленты;Капролон;капролон;габариты 450–1100 мм (до метра);капролон;450–1100 мм (до метра);;;свой снимок;51;"Фотореалистичная предметная фотография для каталога. Подкадр F01562-a (51 из 73 позиций кадра F01562). Отличие от соседних подкадров: габариты 450–1100 мм (до метра). Что в кадре: капролон, габариты 450–1100 мм (до метра). Как выглядит: капролон в типичном для этого вида исполнении (группа «Капролон ПА-6»); форму, пропорции и детали — как у типичного изделия этого вида. По данным позиций кадра: материал — па-6; поверхность — гладкая. Масштаб: габариты около 1000×1050 мм (медиана по позициям) — крупное изделие, до метра. Ракурс и композиция: 3/4 немного сверху, изделие целиком по центру, занимает около 70 % кадра. Фон: светлый нейтральный бесшовный #F4F6F9 без текстуры и горизонта. Свет: мягкий студийный из большого софтбокса, мягкая тень под предметом, резкость по всему предмету. Не должно быть: чужих логотипов, названий заводов и брендов, водяных знаков, надписей и любого текста, людей и рук, лишних предметов. Итог: квадрат 1200×1200 px, WebP.";Photorealistic catalog product photo. Distinctive for this variant: 450-1100 mm, up to one metre. Cast nylon. Cast nylon in its typical standard design. Surface: smooth. Scale: about 1000 x 1050 mm, large item, up to one metre. Three-quarter view from slightly above, whole item centred, filling about 70% of the frame. Plain seamless light neutral background #F4F6F9, no texture, no horizon line. Soft large-softbox studio lighting, soft contact shadow underneath, sharp focus across the whole item, photorealistic e-commerce catalog product photo, high detail, 85mm lens look, square 1:1, 1200x1200.;text, letters, numbers, logo, brand name, manufacturer marking, watermark, printed label, people, hands, faces, multiple products, cluttered background, props, distorted geometry, extra parts, cartoon, illustration, CGI look, blur, low resolution;текст, буквы, цифры, логотип, бренд, заводская маркировка, водяной знак, этикетка с надписями, люди, руки, лица, несколько предметов, захламленный фон, реквизит, искаженная геометрия, лишние детали, мультяшный стиль, иллюстрация, вид 3D-рендера, размытие, низкое разрешение;генерация;"Генерация по промпту; за основу — готовый снимок кадра F01562 (тот же ракурс, свет, фон), меняется только отличие подкадра.";photos/F01562-a.webp
F01562-b;F01562;3;8127;Конвейерные ленты;Капролон;капролон;"тип — маслонаполненный; габариты 450–1100 мм (до метра)";капролон;450–1100 мм (до метра);;маслонаполненный;свой снимок;20;"Фотореалистичная предметная фотография для каталога. Подкадр F01562-b (20 из 73 позиций кадра F01562). Отличие от соседних подкадров: тип — маслонаполненный; габариты 450–1100 мм (до метра). Что в кадре: капролон, маслонаполненный, габариты 450–1100 мм (до метра). Как выглядит: капролон в типичном для этого вида исполнении (группа «Капролон ПА-6»); форму, пропорции и детали — как у типичного изделия этого вида. По данным позиций кадра: материал — па-6; поверхность — гладкая; тип — маслонаполненный. Масштаб: длина/ширина около 600 мм (медиана по позициям) — крупное изделие, до метра. Ракурс и композиция: 3/4 немного сверху, изделие целиком по центру, занимает около 70 % кадра. Фон: светлый нейтральный бесшовный #F4F6F9 без текстуры и горизонта. Свет: мягкий студийный из большого софтбокса, мягкая тень под предметом, резкость по всему предмету. Не должно быть: чужих логотипов, названий заводов и брендов, водяных знаков, надписей и любого текста, людей и рук, лишних предметов. Итог: квадрат 1200×1200 px, WebP.";Photorealistic catalog product photo. Distinctive for this variant: 450-1100 mm, up to one metre. Cast nylon. Cast nylon in its typical standard design. Surface: smooth. Scale: about 600 mm, large item, up to one metre. Three-quarter view from slightly above, whole item centred, filling about 70% of the frame. Plain seamless light neutral background #F4F6F9, no texture, no horizon line. Soft large-softbox studio lighting, soft contact shadow underneath, sharp focus across the whole item, photorealistic e-commerce catalog product photo, high detail, 85mm lens look, square 1:1, 1200x1200.;text, letters, numbers, logo, brand name, manufacturer marking, watermark, printed label, people, hands, faces, multiple products, cluttered background, props, distorted geometry, extra parts, cartoon, illustration, CGI look, blur, low resolution;текст, буквы, цифры, логотип, бренд, заводская маркировка, водяной знак, этикетка с надписями, люди, руки, лица, несколько предметов, захламленный фон, реквизит, искаженная геометрия, лишние детали, мультяшный стиль, иллюстрация, вид 3D-рендера, размытие, низкое разрешение;генерация;"Генерация по промпту; за основу — готовый снимок кадра F01562 (тот же ракурс, свет, фон), меняется только отличие подкадра.";photos/F01562-b.webp
F01562-c;F01562;5;28430;Конвейерные ленты;Капролон;капролон;прочие позиции кадра;;;;;прочие позиции кадра — снимок кадра;2;"Фотореалистичная предметная фотография для каталога. Подкадр F01562-c — прочие позиции кадра F01562 (2 из 73), у которых нет общего заметного отличия от остальных 2 подкадров кадра; снимок как у кадра F01562. Что в кадре: капролон. Как выглядит: капролон в типичном для этого вида исполнении (группа «Капролон ПА-6»); форму, пропорции и детали — как у типичного изделия этого вида. По данным позиций кадра: материал — па-6; поверхность — гладкая. Масштаб: габариты около 27,5×27,5 мм (медиана по позициям) — небольшая деталь — размером со спичечный коробок. Ракурс и композиция: 3/4 немного сверху, изделие целиком по центру, занимает около 70 % кадра. Фон: светлый нейтральный бесшовный #F4F6F9 без текстуры и горизонта. Свет: мягкий студийный из большого софтбокса, мягкая тень под предметом, резкость по всему предмету. Не должно быть: чужих логотипов, названий заводов и брендов, водяных знаков, надписей и любого текста, людей и рук, лишних предметов. Итог: квадрат 1200×1200 px, WebP.";Photorealistic catalog product photo. Cast nylon. Cast nylon in its typical standard design. Surface: smooth. Scale: about 27.5 x 27.5 mm, small part, about matchbox size. Three-quarter view from slightly above, whole item centred, filling about 70% of the frame. Plain seamless light neutral background #F4F6F9, no texture, no horizon line. Soft large-softbox studio lighting, soft contact shadow underneath, sharp focus across the whole item, photorealistic e-commerce catalog product photo, high detail, 85mm lens look, square 1:1, 1200x1200.;text, letters, numbers, logo, brand name, manufacturer marking, watermark, printed label, people, hands, faces, multiple products, cluttered background, props, distorted geometry, extra parts, cartoon, illustration, CGI look, blur, low resolution;текст, буквы, цифры, логотип, бренд, заводская маркировка, водяной знак, этикетка с надписями, люди, руки, лица, несколько предметов, захламленный фон, реквизит, искаженная геометрия, лишние детали, мультяшный стиль, иллюстрация, вид 3D-рендера, размытие, низкое разрешение;снимок кадра;Отдельный снимок не нужен: на эти позиции встает снимок кадра F01562 (файл photos/F01562.webp).;— (используется photos/F01562.webp)
F02201-a;F02201;2;4785;Конвейерные ленты;Полиуретан;полиуретан;габариты 450–1100 мм (до метра);полиуретан;450–1100 мм (до метра);;;свой снимок;34;"Фотореалистичная предметная фотография для каталога. Подкадр F02201-a (34 из 51 позиций кадра F02201). Отличие от соседних подкадров: габариты 450–1100 мм (до метра). Что в кадре: полиуретан, габариты 450–1100 мм (до метра). Как выглядит: полиуретан в типичном для этого вида исполнении (группа «Ленты общего назначения»); форму, пропорции и детали — как у типичного изделия этого вида. По данным позиций кадра: материал — ску-7л; поверхность — гладкая. Масштаб: габариты около 500×500 мм (медиана по позициям) — крупное изделие, до метра. Ракурс и композиция: 3/4 немного сверху, изделие целиком по центру, занимает около 70 % кадра. Фон: светлый нейтральный бесшовный #F4F6F9 без текстуры и горизонта. Свет: мягкий студийный из большого софтбокса, мягкая тень под предметом, резкость по всему предмету. Не должно быть: чужих логотипов, названий заводов и брендов, водяных знаков, надписей и любого текста, людей и рук, лишних предметов. Итог: квадрат 1200×1200 px, WebP.";Photorealistic catalog product photo. Distinctive for this variant: 450-1100 mm, up to one metre. Polyurethane. Polyurethane in its typical standard design. Surface: smooth. Scale: about 500 x 500 mm, large item, up to one metre. Three-quarter view from slightly above, whole item centred, filling about 70% of the frame. Plain seamless light neutral background #F4F6F9, no texture, no horizon line. Soft large-softbox studio lighting, soft contact shadow underneath, sharp focus across the whole item, photorealistic e-commerce catalog product photo, high detail, 85mm lens look, square 1:1, 1200x1200.;text, letters, numbers, logo, brand name, manufacturer marking, watermark, printed label, people, hands, faces, multiple products, cluttered background, props, distorted geometry, extra parts, cartoon, illustration, CGI look, blur, low resolution;текст, буквы, цифры, логотип, бренд, заводская маркировка, водяной знак, этикетка с надписями, люди, руки, лица, несколько предметов, захламленный фон, реквизит, искаженная геометрия, лишние детали, мультяшный стиль, иллюстрация, вид 3D-рендера, размытие, низкое разрешение;генерация;"Генерация по промпту; за основу — готовый снимок кадра F02201 (тот же ракурс, свет, фон), меняется только отличие подкадра.";photos/F02201-a.webp
F02201-b;F02201;3;9522;Конвейерные ленты;Полиуретан;полиуретан;габариты 130–450 мм (с обувную коробку);полиуретан;130–450 мм (с обувную коробку);;;свой снимок;17;"Фотореалистичная предметная фотография для каталога. Подкадр F02201-b (17 из 51 позиций кадра F02201). Отличие от соседних подкадров: габариты 130–450 мм (с обувную коробку). Что в кадре: полиуретан, габариты 130–450 мм (с обувную коробку). Как выглядит: полиуретан в типичном для этого вида исполнении (группа «Ленты общего назначения»); форму, пропорции и детали — как у типичного изделия этого вида. По данным позиций кадра: материал — ску-7л; поверхность — гладкая. Масштаб: длина/ширина около 400 мм (медиана по позициям) — размером примерно с обувную коробку. Ракурс и композиция: 3/4 немного сверху, изделие целиком по центру, занимает около 70 % кадра. Фон: светлый нейтральный бесшовный #F4F6F9 без текстуры и горизонта. Свет: мягкий студийный из большого софтбокса, мягкая тень под предметом, резкость по всему предмету. Не должно быть: чужих логотипов, названий заводов и брендов, водяных знаков, надписей и любого текста, людей и рук, лишних предметов. Итог: квадрат 1200×1200 px, WebP.";Photorealistic catalog product photo. Distinctive for this variant: 130-450 mm, shoebox size. Polyurethane. Polyurethane in its typical standard design. Surface: smooth. Scale: about 400 mm, about shoebox size. Three-quarter view from slightly above, whole item centred, filling about 70% of the frame. Plain seamless light neutral background #F4F6F9, no texture, no horizon line. Soft large-softbox studio lighting, soft contact shadow underneath, sharp focus across the whole item, photorealistic e-commerce catalog product photo, high detail, 85mm lens look, square 1:1, 1200x1200.;text, letters, numbers, logo, brand name, manufacturer marking, watermark, printed label, people, hands, faces, multiple products, cluttered background, props, distorted geometry, extra parts, cartoon, illustration, CGI look, blur, low resolution;текст, буквы, цифры, логотип, бренд, заводская маркировка, водяной знак, этикетка с надписями, люди, руки, лица, несколько предметов, захламленный фон, реквизит, искаженная геометрия, лишние детали, мультяшный стиль, иллюстрация, вид 3D-рендера, размытие, низкое разрешение;генерация;"Генерация по промпту; за основу — готовый снимок кадра F02201 (тот же ракурс, свет, фон), меняется только отличие подкадра.";photos/F02201-b.webp
F02740-a;F02740;2;4665;Конвейерные ленты;Полиацеталь;полиацеталь;габариты 450–1100 мм (до метра);полиацеталь;450–1100 мм (до метра);;;свой снимок;35;"Фотореалистичная предметная фотография для каталога. Подкадр F02740-a (35 из 39 позиций кадра F02740). Отличие от соседних подкадров: габариты 450–1100 мм (до метра). Что в кадре: полиацеталь, габариты 450–1100 мм (до метра). Как выглядит: полиацеталь в типичном для этого вида исполнении (группа «Ленты общего назначения»); форму, пропорции и детали — как у типичного изделия этого вида. По данным позиций кадра: материал — пом-с; поверхность — гладкая. Масштаб: габариты около 1000×1000 мм (медиана по позициям) — крупное изделие, до метра. Ракурс и композиция: 3/4 немного сверху, изделие целиком по центру, занимает около 70 % кадра. Фон: светлый нейтральный бесшовный #F4F6F9 без текстуры и горизонта. Свет: мягкий студийный из большого софтбокса, мягкая тень под предметом, резкость по всему предмету. Не должно быть: чужих логотипов, названий заводов и брендов, водяных знаков, надписей и любого текста, людей и рук, лишних предметов. Итог: квадрат 1200×1200 px, WebP.";Photorealistic catalog product photo. Distinctive for this variant: 450-1100 mm, up to one metre. Polyacetal. Polyacetal in its typical standard design. Surface: smooth. Scale: about 1000 x 1000 mm, large item, up to one metre. Three-quarter view from slightly above, whole item centred, filling about 70% of the frame. Plain seamless light neutral background #F4F6F9, no texture, no horizon line. Soft large-softbox studio lighting, soft contact shadow underneath, sharp focus across the whole item, photorealistic e-commerce catalog product photo, high detail, 85mm lens look, square 1:1, 1200x1200.;text, letters, numbers, logo, brand name, manufacturer marking, watermark, printed label, people, hands, faces, multiple products, cluttered background, props, distorted geometry, extra parts, cartoon, illustration, CGI look, blur, low resolution;текст, буквы, цифры, логотип, бренд, заводская маркировка, водяной знак, этикетка с надписями, люди, руки, лица, несколько предметов, захламленный фон, реквизит, искаженная геометрия, лишние детали, мультяшный стиль, иллюстрация, вид 3D-рендера, размытие, низкое разрешение;генерация;"Генерация по промпту; за основу — готовый снимок кадра F02740 (тот же ракурс, свет, фон), меняется только отличие подкадра.";photos/F02740-a.webp
F02740-b;F02740;5;27894;Конвейерные ленты;Полиацеталь;полиацеталь;прочие позиции кадра;;;;;прочие позиции кадра — снимок кадра;4;"Фотореалистичная предметная фотография для каталога. Подкадр F02740-b — прочие позиции кадра F02740 (4 из 39), у которых нет общего заметного отличия от остальных 1 подкадров кадра; снимок как у кадра F02740. Что в кадре: полиацеталь, габариты 1,1–2,6 м (с человека). Как выглядит: полиацеталь в типичном для этого вида исполнении (группа «Резина листовая»); форму, пропорции и детали — как у типичного изделия этого вида. По данным позиций кадра: материал — пом-с; поверхность — гладкая. Масштаб: габариты около 1600×800 мм (медиана по позициям) — крупное оборудование ростом примерно с человека. Ракурс и композиция: 3/4 немного сверху, изделие целиком по центру, занимает около 70 % кадра. Фон: светлый нейтральный бесшовный #F4F6F9 без текстуры и горизонта. Свет: мягкий студийный из большого софтбокса, мягкая тень под предметом, резкость по всему предмету. Не должно быть: чужих логотипов, названий заводов и брендов, водяных знаков, надписей и любого текста, людей и рук, лишних предметов. Итог: квадрат 1200×1200 px, WebP.";Photorealistic catalog product photo. Polyacetal. Polyacetal in its typical standard design. Surface: smooth. Scale: about 1600 x 800 mm, large equipment, about human height. Three-quarter view from slightly above, whole item centred, filling about 70% of the frame. Plain seamless light neutral background #F4F6F9, no texture, no horizon line. Soft large-softbox studio lighting, soft contact shadow underneath, sharp focus across the whole item, photorealistic e-commerce catalog product photo, high detail, 85mm lens look, square 1:1, 1200x1200.;text, letters, numbers, logo, brand name, manufacturer marking, watermark, printed label, people, hands, faces, multiple products, cluttered background, props, distorted geometry, extra parts, cartoon, illustration, CGI look, blur, low resolution;текст, буквы, цифры, логотип, бренд, заводская маркировка, водяной знак, этикетка с надписями, люди, руки, лица, несколько предметов, захламленный фон, реквизит, искаженная геометрия, лишние детали, мультяшный стиль, иллюстрация, вид 3D-рендера, размытие, низкое разрешение;снимок кадра;Отдельный снимок не нужен: на эти позиции встает снимок кадра F02740 (файл photos/F02740.webp).;— (используется photos/F02740.webp)
F02796-a;F02796;2;5292;Конвейерные ленты;Лента тефлоновая;лента тефлоновая;габариты 450–1100 мм (до метра);лента тефлоновая;450–1100 мм (до метра);;;свой снимок;31;"Фотореалистичная предметная фотография для каталога. Подкадр F02796-a (31 из 35 позиций кадра F02796). Отличие от соседних подкадров: габариты 450–1100 мм (до метра). Что в кадре: лента тефлоновая, габариты 450–1100 мм (до метра). Как выглядит: лента: рулон ленты (изоляционной, монтажной или светодиодной — по данным), торец рулона виден. По данным позиций кадра: материал — ptfe; тип — конвейерная, транспортерная; поверхность — бесклеевая (55 %). Масштаб: длина/ширина около 1000 мм (медиана по позициям) — крупное изделие, до метра. Ракурс и композиция: 3/4 немного сверху, изделие целиком по центру, занимает около 70 % кадра. Фон: светлый нейтральный бесшовный #F4F6F9 без текстуры и горизонта. Свет: мягкий студийный из большого софтбокса, мягкая тень под предметом, резкость по всему предмету. Не должно быть: чужих логотипов, названий заводов и брендов, водяных знаков, надписей и любого текста, людей и рук, лишних предметов. Итог: квадрат 1200×1200 px, WebP.";Photorealistic catalog product photo. Distinctive for this variant: 450-1100 mm, up to one metre. PTFE belt. Roll of tape, end of the roll visible. Type: conveyor conveyor. Scale: about 1000 mm, large item, up to one metre. Three-quarter view from slightly above, whole item centred, filling about 70% of the frame. Plain seamless light neutral background #F4F6F9, no texture, no horizon line. Soft large-softbox studio lighting, soft contact shadow underneath, sharp focus across the whole item, photorealistic e-commerce catalog product photo, high detail, 85mm lens look, square 1:1, 1200x1200.;text, letters, numbers, logo, brand name, manufacturer marking, watermark, printed label, people, hands, faces, multiple products, cluttered background, props, distorted geometry, extra parts, cartoon, illustration, CGI look, blur, low resolution;текст, буквы, цифры, логотип, бренд, заводская маркировка, водяной знак, этикетка с надписями, люди, руки, лица, несколько предметов, захламленный фон, реквизит, искаженная геометрия, лишние детали, мультяшный стиль, иллюстрация, вид 3D-рендера, размытие, низкое разрешение;генерация;"Генерация по промпту; за основу — готовый снимок кадра F02796 (тот же ракурс, свет, фон), меняется только отличие подкадра.";photos/F02796-a.webp
F02796-b;F02796;5;27902;Конвейерные ленты;Лента тефлоновая;лента тефлоновая;прочие позиции кадра;;;;;прочие позиции кадра — снимок кадра;4;"Фотореалистичная предметная фотография для каталога. Подкадр F02796-b — прочие позиции кадра F02796 (4 из 35), у которых нет общего заметного отличия от остальных 1 подкадров кадра; снимок как у кадра F02796. Что в кадре: лента тефлоновая. Как выглядит: лента: рулон ленты (изоляционной, монтажной или светодиодной — по данным), торец рулона виден. По данным позиций кадра: материал — ptfe; тип — конвейерная, транспортерная; поверхность — бесклеевая (75 %). Масштаб: длина/ширина около 2350 мм (медиана по позициям) — крупное оборудование ростом примерно с человека. Ракурс и композиция: 3/4 немного сверху, изделие целиком по центру, занимает около 70 % кадра. Фон: светлый нейтральный бесшовный #F4F6F9 без текстуры и горизонта. Свет: мягкий студийный из большого софтбокса, мягкая тень под предметом, резкость по всему предмету. Не должно быть: чужих логотипов, названий заводов и брендов, водяных знаков, надписей и любого текста, людей и рук, лишних предметов. Итог: квадрат 1200×1200 px, WebP.";Photorealistic catalog product photo. PTFE belt. Roll of tape, end of the roll visible. Type: conveyor conveyor. Scale: about 2350 mm, large equipment, about human height. Three-quarter view from slightly above, whole item centred, filling about 70% of the frame. Plain seamless light neutral background #F4F6F9, no texture, no horizon line. Soft large-softbox studio lighting, soft contact shadow underneath, sharp focus across the whole item, photorealistic e-commerce catalog product photo, high detail, 85mm lens look, square 1:1, 1200x1200.;text, letters, numbers, logo, brand name, manufacturer marking, watermark, printed label, people, hands, faces, multiple products, cluttered background, props, distorted geometry, extra parts, cartoon, illustration, CGI look, blur, low resolution;текст, буквы, цифры, логотип, бренд, заводская маркировка, водяной знак, этикетка с надписями, люди, руки, лица, несколько предметов, захламленный фон, реквизит, искаженная геометрия, лишние детали, мультяшный стиль, иллюстрация, вид 3D-рендера, размытие, низкое разрешение;снимок кадра;Отдельный снимок не нужен: на эти позиции встает снимок кадра F02796 (файл photos/F02796.webp).;— (используется photos/F02796.webp)
F02944-a;F02944;2;5913;Конвейерные ленты;Пластина пористая;пластина пористая;весь кадр;;;;;весь кадр — снимок кадра;28;"Фотореалистичная предметная фотография для каталога. Подкадр F02944-a — весь кадр F02944 (28 поз.): позиций мало или на фото они одинаковы. Что в кадре: пластина пористая. Как выглядит: пластина: плоская деталь (металл, твердый сплав или пластик — по данным). По данным позиций кадра: материал — резиновая; поверхность — клетчатая, полосатая. Масштаб: габариты около 650×650 мм (медиана по позициям) — крупное изделие, до метра. Ракурс и композиция: 3/4 немного сверху, изделие целиком по центру, занимает около 70 % кадра. Фон: светлый нейтральный бесшовный #F4F6F9 без текстуры и горизонта. Свет: мягкий студийный из большого софтбокса, мягкая тень под предметом, резкость по всему предмету. Не должно быть: чужих логотипов, названий заводов и брендов, водяных знаков, надписей и любого текста, людей и рук, лишних предметов. Итог: квадрат 1200×1200 px, WebP.";Photorealistic catalog product photo. Porous insert. Flat plate part. Material: rubber. Scale: about 650 x 650 mm, large item, up to one metre. Three-quarter view from slightly above, whole item centred, filling about 70% of the frame. Plain seamless light neutral background #F4F6F9, no texture, no horizon line. Soft large-softbox studio lighting, soft contact shadow underneath, sharp focus across the whole item, photorealistic e-commerce catalog product photo, high detail, 85mm lens look, square 1:1, 1200x1200.;text, letters, numbers, logo, brand name, manufacturer marking, watermark, printed label, people, hands, faces, multiple products, cluttered background, props, distorted geometry, extra parts, cartoon, illustration, CGI look, blur, low resolution;текст, буквы, цифры, логотип, бренд, заводская маркировка, водяной знак, этикетка с надписями, люди, руки, лица, несколько предметов, захламленный фон, реквизит, искаженная геометрия, лишние детали, мультяшный стиль, иллюстрация, вид 3D-рендера, размытие, низкое разрешение;снимок кадра;Отдельный снимок не нужен: на эти позиции встает снимок кадра F02944 (файл photos/F02944.webp).;— (используется photos/F02944.webp)
F03256-a;F03256;3;8560;Конвейерные ленты;Пластина вакуумная;пластина вакуумная;весь кадр;;;;;весь кадр — снимок кадра;19;"Фотореалистичная предметная фотография для каталога. Подкадр F03256-a — весь кадр F03256 (19 поз.): позиций мало или на фото они одинаковы. Что в кадре: пластина вакуумная. Как выглядит: пластина: плоская деталь (металл, твердый сплав или пластик — по данным). По данным позиций кадра: материал — резиновая; поверхность — гладкая. Масштаб: габариты около 500×800 мм (медиана по позициям) — крупное изделие, до метра. Ракурс и композиция: 3/4 немного сверху, изделие целиком по центру, занимает около 70 % кадра. Фон: светлый нейтральный бесшовный #F4F6F9 без текстуры и горизонта. Свет: мягкий студийный из большого софтбокса, мягкая тень под предметом, резкость по всему предмету. Не должно быть: чужих логотипов, названий заводов и брендов, водяных знаков, надписей и любого текста, людей и рук, лишних предметов. Итог: квадрат 1200×1200 px, WebP.";"Photorealistic catalog product photo. Vacuum insert. Flat plate part. Material: rubber; surface: smooth. Scale: about 500 x 800 mm, large item, up to one metre. Three-quarter view from slightly above, whole item centred, filling about 70% of the frame. Plain seamless light neutral background #F4F6F9, no texture, no horizon line. Soft large-softbox studio lighting, soft contact shadow underneath, sharp focus across the whole item, photorealistic e-commerce catalog product photo, high detail, 85mm lens look, square 1:1, 1200x1200.";text, letters, numbers, logo, brand name, manufacturer marking, watermark, printed label, people, hands, faces, multiple products, cluttered background, props, distorted geometry, extra parts, cartoon, illustration, CGI look, blur, low resolution;текст, буквы, цифры, логотип, бренд, заводская маркировка, водяной знак, этикетка с надписями, люди, руки, лица, несколько предметов, захламленный фон, реквизит, искаженная геометрия, лишние детали, мультяшный стиль, иллюстрация, вид 3D-рендера, размытие, низкое разрешение;снимок кадра;Отдельный снимок не нужен: на эти позиции встает снимок кадра F03256 (файл photos/F03256.webp).;— (используется photos/F03256.webp)
F03460-a;F03460;3;15679;Конвейерные ленты;"Резина пищевая (самое частое в группе); группа «Техпластины и резина листовая»";изделия группы «Техпластины и резина листовая»;"вид изделия — резина пищевая; габариты 450–1100 мм (до метра)";резина пищевая;450–1100 мм (до метра);резина;;свой снимок;10;"Фотореалистичная предметная фотография для каталога. Подкадр F03460-a (10 из 15 позиций кадра F03460). Отличие от соседних подкадров: вид изделия — резина пищевая; габариты 450–1100 мм (до метра). Что в кадре: типичное изделие группы «Техпластины и резина листовая» — резина пищевая (самое частое в группе). Как выглядит: резина пищевая в типичном для этого вида исполнении; форму, пропорции и детали — как у типичного изделия этого вида. По данным позиций кадра: материал — резиновая; поверхность — шероховатая (60 %). Масштаб: габариты около 700×800 мм (медиана по позициям) — крупное изделие, до метра. Ракурс и композиция: 3/4 немного сверху, изделие целиком по центру, занимает около 70 % кадра. Фон: светлый нейтральный бесшовный #F4F6F9 без текстуры и горизонта. Свет: мягкий студийный из большого софтбокса, мягкая тень под предметом, резкость по всему предмету. Не должно быть: чужих логотипов, названий заводов и брендов, водяных знаков, надписей и любого текста, людей и рук, лишних предметов. Итог: квадрат 1200×1200 px, WebP.";Photorealistic catalog product photo. Distinctive for this variant: 450-1100 mm, up to one metre. Typical industrial product. The product in its typical standard design. Material: rubber. Scale: about 700 x 800 mm, large item, up to one metre. Three-quarter view from slightly above, whole item centred, filling about 70% of the frame. Plain seamless light neutral background #F4F6F9, no texture, no horizon line. Soft large-softbox studio lighting, soft contact shadow underneath, sharp focus across the whole item, photorealistic e-commerce catalog product photo, high detail, 85mm lens look, square 1:1, 1200x1200.;text, letters, numbers, logo, brand name, manufacturer marking, watermark, printed label, people, hands, faces, multiple products, cluttered background, props, distorted geometry, extra parts, cartoon, illustration, CGI look, blur, low resolution;текст, буквы, цифры, логотип, бренд, заводская маркировка, водяной знак, этикетка с надписями, люди, руки, лица, несколько предметов, захламленный фон, реквизит, искаженная геометрия, лишние детали, мультяшный стиль, иллюстрация, вид 3D-рендера, размытие, низкое разрешение;генерация;"Генерация по промпту; за основу — готовый снимок кадра F03460 (тот же ракурс, свет, фон), меняется только отличие подкадра.";photos/F03460-a.webp
F03460-b;F03460;5;27521;Конвейерные ленты;"Резина пищевая (самое частое в группе); группа «Техпластины и резина листовая»";изделия группы «Техпластины и резина листовая»;"вид изделия — пластина губчатая; у позиций разные: размер";пластина губчатая;;резина;;свой снимок;5;"Фотореалистичная предметная фотография для каталога. Подкадр F03460-b (5 из 15 позиций кадра F03460). Отличие от соседних подкадров: вид изделия — пластина губчатая; у позиций разные: размер. Что в кадре: типичное изделие группы «Техпластины и резина листовая» — резина пищевая (самое частое в группе). Как выглядит: резина пищевая в типичном для этого вида исполнении; форму, пропорции и детали — как у типичного изделия этого вида. По данным позиций кадра: материал — резиновая. Масштаб: габариты около 2000×1000 мм (медиана по позициям) — крупное оборудование ростом примерно с человека. Ракурс и композиция: 3/4 немного сверху, изделие целиком по центру, занимает около 70 % кадра. Фон: светлый нейтральный бесшовный #F4F6F9 без текстуры и горизонта. Свет: мягкий студийный из большого софтбокса, мягкая тень под предметом, резкость по всему предмету. Не должно быть: чужих логотипов, названий заводов и брендов, водяных знаков, надписей и любого текста, людей и рук, лишних предметов. Итог: квадрат 1200×1200 px, WebP.";Photorealistic catalog product photo. Typical industrial product. The product in its typical standard design. Material: rubber. Scale: about 2000 x 1000 mm, large equipment, about human height. Three-quarter view from slightly above, whole item centred, filling about 70% of the frame. Plain seamless light neutral background #F4F6F9, no texture, no horizon line. Soft large-softbox studio lighting, soft contact shadow underneath, sharp focus across the whole item, photorealistic e-commerce catalog product photo, high detail, 85mm lens look, square 1:1, 1200x1200.;text, letters, numbers, logo, brand name, manufacturer marking, watermark, printed label, people, hands, faces, multiple products, cluttered background, props, distorted geometry, extra parts, cartoon, illustration, CGI look, blur, low resolution;текст, буквы, цифры, логотип, бренд, заводская маркировка, водяной знак, этикетка с надписями, люди, руки, лица, несколько предметов, захламленный фон, реквизит, искаженная геометрия, лишние детали, мультяшный стиль, иллюстрация, вид 3D-рендера, размытие, низкое разрешение;генерация;"Генерация по промпту; за основу — готовый снимок кадра F03460 (тот же ракурс, свет, фон), меняется только отличие подкадра.";photos/F03460-b.webp
F03461-a;F03461;3;10755;Конвейерные ленты;Лента модульная;лента модульная;весь кадр;;;;;весь кадр — снимок кадра;15;"Фотореалистичная предметная фотография для каталога. Подкадр F03461-a — весь кадр F03461 (15 поз.): позиций мало или на фото они одинаковы. Что в кадре: лента модульная. Как выглядит: лента: рулон ленты (изоляционной, монтажной или светодиодной — по данным), торец рулона виден. По данным позиций кадра: материал — модульная; тип — конвейерная, транспортерная. Масштаб: длина/ширина около 472 мм (медиана по позициям) — крупное изделие, до метра. Ракурс и композиция: 3/4 немного сверху, изделие целиком по центру, занимает около 70 % кадра. Фон: светлый нейтральный бесшовный #F4F6F9 без текстуры и горизонта. Свет: мягкий студийный из большого софтбокса, мягкая тень под предметом, резкость по всему предмету. Не должно быть: чужих логотипов, названий заводов и брендов, водяных знаков, надписей и любого текста, людей и рук, лишних предметов. Итог: квадрат 1200×1200 px, WebP.";Photorealistic catalog product photo. Modular belt. Roll of tape, end of the roll visible. Type: conveyor conveyor. Scale: about 472 mm, large item, up to one metre. Three-quarter view from slightly above, whole item centred, filling about 70% of the frame. Plain seamless light neutral background #F4F6F9, no texture, no horizon line. Soft large-softbox studio lighting, soft contact shadow underneath, sharp focus across the whole item, photorealistic e-commerce catalog product photo, high detail, 85mm lens look, square 1:1, 1200x1200.;text, letters, numbers, logo, brand name, manufacturer marking, watermark, printed label, people, hands, faces, multiple products, cluttered background, props, distorted geometry, extra parts, cartoon, illustration, CGI look, blur, low resolution;текст, буквы, цифры, логотип, бренд, заводская маркировка, водяной знак, этикетка с надписями, люди, руки, лица, несколько предметов, захламленный фон, реквизит, искаженная геометрия, лишние детали, мультяшный стиль, иллюстрация, вид 3D-рендера, размытие, низкое разрешение;снимок кадра;Отдельный снимок не нужен: на эти позиции встает снимок кадра F03461 (файл photos/F03461.webp).;— (используется photos/F03461.webp)
F03681-a;F03681;4;21284;Конвейерные ленты;Пластина силиконовая;пластина силиконовая;габариты 450–1100 мм (до метра);пластина силиконовая;450–1100 мм (до метра);;;свой снимок;7;"Фотореалистичная предметная фотография для каталога. Подкадр F03681-a (7 из 12 позиций кадра F03681). Отличие от соседних подкадров: габариты 450–1100 мм (до метра). Что в кадре: пластина силиконовая, габариты 450–1100 мм (до метра). Как выглядит: пластина: плоская деталь (металл, твердый сплав или пластик — по данным). По данным позиций кадра: материал — силиконовая; поверхность — гладкая. Масштаб: габариты около 500×500 мм (медиана по позициям) — крупное изделие, до метра. Ракурс и композиция: 3/4 немного сверху, изделие целиком по центру, занимает около 70 % кадра. Фон: светлый нейтральный бесшовный #F4F6F9 без текстуры и горизонта. Свет: мягкий студийный из большого софтбокса, мягкая тень под предметом, резкость по всему предмету. Не должно быть: чужих логотипов, названий заводов и брендов, водяных знаков, надписей и любого текста, людей и рук, лишних предметов. Итог: квадрат 1200×1200 px, WebP.";"Photorealistic catalog product photo. Distinctive for this variant: 450-1100 mm, up to one metre. Silicone insert. Flat plate part. Material: silicone; surface: smooth. Scale: about 500 x 500 mm, large item, up to one metre. Three-quarter view from slightly above, whole item centred, filling about 70% of the frame. Plain seamless light neutral background #F4F6F9, no texture, no horizon line. Soft large-softbox studio lighting, soft contact shadow underneath, sharp focus across the whole item, photorealistic e-commerce catalog product photo, high detail, 85mm lens look, square 1:1, 1200x1200.";text, letters, numbers, logo, brand name, manufacturer marking, watermark, printed label, people, hands, faces, multiple products, cluttered background, props, distorted geometry, extra parts, cartoon, illustration, CGI look, blur, low resolution;текст, буквы, цифры, логотип, бренд, заводская маркировка, водяной знак, этикетка с надписями, люди, руки, лица, несколько предметов, захламленный фон, реквизит, искаженная геометрия, лишние детали, мультяшный стиль, иллюстрация, вид 3D-рендера, размытие, низкое разрешение;генерация;"Генерация по промпту; за основу — готовый снимок кадра F03681 (тот же ракурс, свет, фон), меняется только отличие подкадра.";photos/F03681-a.webp
F03681-b;F03681;5;27597;Конвейерные ленты;Пластина силиконовая;пластина силиконовая;габариты больше 2,6 м (крупная конструкция);пластина силиконовая;больше 2,6 м (крупная конструкция);;;свой снимок;5;"Фотореалистичная предметная фотография для каталога. Подкадр F03681-b (5 из 12 позиций кадра F03681). Отличие от соседних подкадров: габариты больше 2,6 м (крупная конструкция). Что в кадре: пластина силиконовая, габариты больше 2,6 м (крупная конструкция). Как выглядит: пластина: плоская деталь (металл, твердый сплав или пластик — по данным). По данным позиций кадра: материал — силиконовая; поверхность — гладкая. Масштаб: габариты около 5000×1000 мм (медиана по позициям) — длинное узкое изделие — в кадре целиком по диагонали или короткий отрезок. Ракурс и композиция: 3/4 немного сверху, изделие целиком по центру, занимает около 70 % кадра. Фон: светлый нейтральный бесшовный #F4F6F9 без текстуры и горизонта. Свет: мягкий студийный из большого софтбокса, мягкая тень под предметом, резкость по всему предмету. Не должно быть: чужих логотипов, названий заводов и брендов, водяных знаков, надписей и любого текста, людей и рук, лишних предметов. Итог: квадрат 1200×1200 px, WebP.";"Photorealistic catalog product photo. Distinctive for this variant: over 2.6 m, very large structure. Silicone insert. Flat plate part. Material: silicone; surface: smooth. Scale: about 5000 x 1000 mm, long narrow item, shown whole along the diagonal or as a short section. Three-quarter view from slightly above, whole item centred, filling about 70% of the frame. Plain seamless light neutral background #F4F6F9, no texture, no horizon line. Soft large-softbox studio lighting, soft contact shadow underneath, sharp focus across the whole item, photorealistic e-commerce catalog product photo, high detail, 85mm lens look, square 1:1, 1200x1200.";text, letters, numbers, logo, brand name, manufacturer marking, watermark, printed label, people, hands, faces, multiple products, cluttered background, props, distorted geometry, extra parts, cartoon, illustration, CGI look, blur, low resolution;текст, буквы, цифры, логотип, бренд, заводская маркировка, водяной знак, этикетка с надписями, люди, руки, лица, несколько предметов, захламленный фон, реквизит, искаженная геометрия, лишние детали, мультяшный стиль, иллюстрация, вид 3D-рендера, размытие, низкое разрешение;генерация;"Генерация по промпту; за основу — готовый снимок кадра F03681 (тот же ракурс, свет, фон), меняется только отличие подкадра.";photos/F03681-b.webp
F03863-a;F03863;5;27636;Конвейерные ленты;"Трубка фторопластовая (самое частое в группе); группа «Ленты тефлоновые (фторопласт)»";изделия группы «Ленты тефлоновые (фторопласт)»;весь кадр;;;;;весь кадр — снимок кадра;5;"Фотореалистичная предметная фотография для каталога. Подкадр F03863-a — весь кадр F03863 (5 поз.): позиций мало или на фото они одинаковы. Что в кадре: типичное изделие группы «Ленты тефлоновые (фторопласт)» — трубка фторопластовая (самое частое в группе). Как выглядит: трубка: гибкая полимерная трубка, отрезок, свернутый в свободное кольцо. По данным позиций кадра: материал — ptfe; поверхность — гладкая. Масштаб: длина/ширина около 650 мм (медиана по позициям) — крупное изделие, до метра. Ракурс и композиция: 3/4 немного сверху, изделие целиком по центру, занимает около 70 % кадра. Фон: светлый нейтральный бесшовный #F4F6F9 без текстуры и горизонта. Свет: мягкий студийный из большого софтбокса, мягкая тень под предметом, резкость по всему предмету. Не должно быть: чужих логотипов, названий заводов и брендов, водяных знаков, надписей и любого текста, людей и рук, лишних предметов. Итог: квадрат 1200×1200 px, WebP.";Photorealistic catalog product photo. Typical industrial product. Flexible polymer tubing, a short length in a loose coil. Surface: smooth. Scale: about 650 mm, large item, up to one metre. Three-quarter view from slightly above, whole item centred, filling about 70% of the frame. Plain seamless light neutral background #F4F6F9, no texture, no horizon line. Soft large-softbox studio lighting, soft contact shadow underneath, sharp focus across the whole item, photorealistic e-commerce catalog product photo, high detail, 85mm lens look, square 1:1, 1200x1200.;text, letters, numbers, logo, brand name, manufacturer marking, watermark, printed label, people, hands, faces, multiple products, cluttered background, props, distorted geometry, extra parts, cartoon, illustration, CGI look, blur, low resolution;текст, буквы, цифры, логотип, бренд, заводская маркировка, водяной знак, этикетка с надписями, люди, руки, лица, несколько предметов, захламленный фон, реквизит, искаженная геометрия, лишние детали, мультяшный стиль, иллюстрация, вид 3D-рендера, размытие, низкое разрешение;снимок кадра;Отдельный снимок не нужен: на эти позиции встает снимок кадра F03863 (файл photos/F03863.webp).;— (используется photos/F03863.webp)
