Код подкадра;Кадр (parent);Приоритет;Ранг;Раздел;Группа кадра (что на фото);Вид изделия;Отличие подкадра;вид изделия;тип;размер;мощность;Тип подкадра;Позиций;Описание RU;Промпт EN;Негатив EN;Негатив RU;Референс-фото 1;Референс-фото 2;Референс-фото 3;Референс-фото 4;Референс-фото 5;Референс: пометка;Страница 1;Страница 2;Страница 3;Метод;Как сделать;Имя файла
F00135-a;F00135;1;746;Вентиляторы;Вентилятор радиальный;вентилятор радиальный;"тип — радиальный, центробежный; 11–22 кВт; габариты 450–1100 мм (до метра)";вентилятор радиальный;радиальный, центробежный;450–1100 мм (до метра);11–22 кВт;свой снимок;183;"Фотореалистичная предметная фотография для каталога. Подкадр F00135-a (183 из 1056 позиций кадра F00135). Отличие от соседних подкадров: тип — радиальный, центробежный; 11–22 кВт; габариты 450–1100 мм (до метра). Что в кадре: вентилятор радиальный, центробежный, 11–22 кВт, габариты 450–1100 мм (до метра). Как выглядит: радиальный вентилятор: спиральный корпус-улитка, рабочее колесо с лопатками, двигатель на раме. По данным позиций кадра: тип — радиальный, центробежный; форма корпуса — улитка; исполнение — общего назначения (89 %). Масштаб: наружный диаметр около 800 мм (медиана по позициям) — крупное изделие, до метра. Ракурс и композиция: 3/4 немного сверху, изделие целиком по центру, занимает около 70 % кадра. Фон: светлый нейтральный бесшовный #F4F6F9 без текстуры и горизонта. Свет: мягкий студийный из большого софтбокса, мягкая тень под предметом, резкость по всему предмету. Не должно быть: чужих логотипов, названий заводов и брендов, водяных знаков, надписей и любого текста, людей и рук, лишних предметов. Итог: квадрат 1200×1200 px, WebP.";"Photorealistic catalog product photo. Distinctive for this variant: type centrifugal radial; 11-22 kW; 450-1100 mm, up to one metre. Radial fan. Centrifugal fan, scroll housing, bladed impeller, motor on a frame. Type: centrifugal radial. Scale: outer diameter about 800 mm, large item, up to one metre. Three-quarter view from slightly above, whole item centred, filling about 70% of the frame. Plain seamless light neutral background #F4F6F9, no texture, no horizon line. Soft large-softbox studio lighting, soft contact shadow underneath, sharp focus across the whole item, photorealistic e-commerce catalog product photo, high detail, 85mm lens look, square 1:1, 1200x1200.";text, letters, numbers, logo, brand name, manufacturer marking, watermark, printed label, people, hands, faces, multiple products, cluttered background, props, distorted geometry, extra parts, cartoon, illustration, CGI look, blur, low resolution;текст, буквы, цифры, логотип, бренд, заводская маркировка, водяной знак, этикетка с надписями, люди, руки, лица, несколько предметов, захламленный фон, реквизит, искаженная геометрия, лишние детали, мультяшный стиль, иллюстрация, вид 3D-рендера, размытие, низкое разрешение;https://backend.cable.ru/uploads/catalog/02-fan-vs-4-75-65dd9d7b66e60.jpg;https://backend.cable.ru/uploads/catalog/01-vrz-du-65ddbae1ade8b.jpg;https://backend.cable.ru/uploads/catalog/02-fan-bp-300-45-65dd9d75c4c79.jpg;https://backend.cable.ru/uploads/catalog/01-fan-bp-86-77-65dd9d75501f4.jpg;https://backend.cable.ru/uploads/catalog/01-fan-vs-4-70-65dd9d690de25.jpg;;https://cable.ru/fans/fans-ventilyator_vts_4_75_10__11_kvt_750_ob_min.php;https://cable.ru/fans/fans-vrz_du_6_3_11_kvt_750_ob_min.php;https://cable.ru/fans/fans-ventilyator_vr_300_45_8__11_kvt_750_ob_min.php;генерация;"Генерация по промпту; за основу — готовый снимок кадра F00135 (тот же ракурс, свет, фон), меняется только отличие подкадра.";photos/F00135-a.webp
F00135-b;F00135;1;1007;Вентиляторы;Вентилятор радиальный;вентилятор радиальный;"тип — радиальный, центробежный; 3–7,5 кВт; габариты 450–1100 мм (до метра)";вентилятор радиальный;радиальный, центробежный;450–1100 мм (до метра);3–7,5 кВт;свой снимок;138;"Фотореалистичная предметная фотография для каталога. Подкадр F00135-b (138 из 1056 позиций кадра F00135). Отличие от соседних подкадров: тип — радиальный, центробежный; 3–7,5 кВт; габариты 450–1100 мм (до метра). Что в кадре: вентилятор радиальный, центробежный, 3–7,5 кВт, габариты 450–1100 мм (до метра). Как выглядит: радиальный вентилятор: спиральный корпус-улитка, рабочее колесо с лопатками, двигатель на раме. По данным позиций кадра: тип — радиальный, центробежный; форма корпуса — улитка; исполнение — общего назначения (86 %). Масштаб: наружный диаметр около 710 мм (медиана по позициям) — крупное изделие, до метра. Ракурс и композиция: 3/4 немного сверху, изделие целиком по центру, занимает около 70 % кадра. Фон: светлый нейтральный бесшовный #F4F6F9 без текстуры и горизонта. Свет: мягкий студийный из большого софтбокса, мягкая тень под предметом, резкость по всему предмету. Не должно быть: чужих логотипов, названий заводов и брендов, водяных знаков, надписей и любого текста, людей и рук, лишних предметов. Итог: квадрат 1200×1200 px, WebP.";"Photorealistic catalog product photo. Distinctive for this variant: type centrifugal radial; 3-7.5 kW; 450-1100 mm, up to one metre. Radial fan. Centrifugal fan, scroll housing, bladed impeller, motor on a frame. Type: centrifugal radial. Scale: outer diameter about 710 mm, large item, up to one metre. Three-quarter view from slightly above, whole item centred, filling about 70% of the frame. Plain seamless light neutral background #F4F6F9, no texture, no horizon line. Soft large-softbox studio lighting, soft contact shadow underneath, sharp focus across the whole item, photorealistic e-commerce catalog product photo, high detail, 85mm lens look, square 1:1, 1200x1200.";text, letters, numbers, logo, brand name, manufacturer marking, watermark, printed label, people, hands, faces, multiple products, cluttered background, props, distorted geometry, extra parts, cartoon, illustration, CGI look, blur, low resolution;текст, буквы, цифры, логотип, бренд, заводская маркировка, водяной знак, этикетка с надписями, люди, руки, лица, несколько предметов, захламленный фон, реквизит, искаженная геометрия, лишние детали, мультяшный стиль, иллюстрация, вид 3D-рендера, размытие, низкое разрешение;https://backend.cable.ru/uploads/catalog/01-fan-vs-4-70-65dd9d690de25.jpg;https://backend.cable.ru/uploads/catalog/02-fan-vs-4-75-65dd9d7b66e60.jpg;https://backend.cable.ru/uploads/catalog/01-fan-bp-86-77-65dd9d75501f4.jpg;https://backend.cable.ru/uploads/catalog/01-vrm-du-65ddbae182ceb.jpg;https://backend.cable.ru/uploads/catalog/01-vrz-du-65ddbae1ade8b.jpg;;https://cable.ru/fans/fans-ventilyator_vts_4_70_8__3_kvt_750_ob_min.php;https://cable.ru/fans/fans-ventilyator_vts_4_75_8__3_kvt_750_ob_min.php;https://cable.ru/fans/fans-ventilyator_vr_86_77_8__3_kvt_750_ob_min.php;генерация;"Генерация по промпту; за основу — готовый снимок кадра F00135 (тот же ракурс, свет, фон), меняется только отличие подкадра.";photos/F00135-b.webp
F00135-c;F00135;1;1197;Вентиляторы;Вентилятор радиальный;вентилятор радиальный;"тип — радиальный, центробежный; до 0,75 кВт; габариты 130–450 мм (с обувную коробку)";вентилятор радиальный;радиальный, центробежный;130–450 мм (с обувную коробку);до 0,75 кВт;свой снимок;119;"Фотореалистичная предметная фотография для каталога. Подкадр F00135-c (119 из 1056 позиций кадра F00135). Отличие от соседних подкадров: тип — радиальный, центробежный; до 0,75 кВт; габариты 130–450 мм (с обувную коробку). Что в кадре: вентилятор радиальный, центробежный, до 0,75 кВт, габариты 130–450 мм (с обувную коробку). Как выглядит: радиальный вентилятор: спиральный корпус-улитка, рабочее колесо с лопатками, двигатель на раме. По данным позиций кадра: тип — радиальный, центробежный; форма корпуса — улитка; исполнение — общего назначения. Масштаб: наружный диаметр около 280 мм (медиана по позициям) — размером примерно с обувную коробку. Ракурс и композиция: 3/4 немного сверху, изделие целиком по центру, занимает около 70 % кадра. Фон: светлый нейтральный бесшовный #F4F6F9 без текстуры и горизонта. Свет: мягкий студийный из большого софтбокса, мягкая тень под предметом, резкость по всему предмету. Не должно быть: чужих логотипов, названий заводов и брендов, водяных знаков, надписей и любого текста, людей и рук, лишних предметов. Итог: квадрат 1200×1200 px, WebP.";"Photorealistic catalog product photo. Distinctive for this variant: type centrifugal radial; up to 0.75 kW; 130-450 mm, shoebox size. Radial fan. Centrifugal fan, scroll housing, bladed impeller, motor on a frame. Type: centrifugal radial. Scale: outer diameter about 280 mm, about shoebox size. Three-quarter view from slightly above, whole item centred, filling about 70% of the frame. Plain seamless light neutral background #F4F6F9, no texture, no horizon line. Soft large-softbox studio lighting, soft contact shadow underneath, sharp focus across the whole item, photorealistic e-commerce catalog product photo, high detail, 85mm lens look, square 1:1, 1200x1200.";text, letters, numbers, logo, brand name, manufacturer marking, watermark, printed label, people, hands, faces, multiple products, cluttered background, props, distorted geometry, extra parts, cartoon, illustration, CGI look, blur, low resolution;текст, буквы, цифры, логотип, бренд, заводская маркировка, водяной знак, этикетка с надписями, люди, руки, лица, несколько предметов, захламленный фон, реквизит, искаженная геометрия, лишние детали, мультяшный стиль, иллюстрация, вид 3D-рендера, размытие, низкое разрешение;https://backend.cable.ru/uploads/catalog/02-fan-vs-4-75-65dd9d7b66e60.jpg;https://backend.cable.ru/uploads/catalog/01-fan-bp-86-77-65dd9d75501f4.jpg;https://backend.cable.ru/uploads/catalog/01-fan-bp-132-30-65dd9d94dc847.jpg;https://backend.cable.ru/uploads/catalog/01-fan-bp-140-15-65dd9dc25d702.jpg;https://backend.cable.ru/uploads/catalog/02-fan-bp-300-45-65dd9d75c4c79.jpg;;https://cable.ru/fans/fans-ventilyator_vts_4_75_4__0_18_kvt_1000_ob_min.php;https://cable.ru/fans/fans-ventilyator_vr_86_77_4__0_18_kvt_1000_ob_min.php;https://cable.ru/fans/fans-ventilyator_vr_132_30_4__0_75_kvt_1500_ob_min.php;генерация;"Генерация по промпту; за основу — готовый снимок кадра F00135 (тот же ракурс, свет, фон), меняется только отличие подкадра.";photos/F00135-c.webp
F00135-d;F00135;2;1580;Вентиляторы;Вентилятор радиальный;вентилятор радиальный;"тип — радиальный, центробежный; 1–2,2 кВт; габариты 130–450 мм (с обувную коробку)";вентилятор радиальный;радиальный, центробежный;130–450 мм (с обувную коробку);1–2,2 кВт;свой снимок;92;"Фотореалистичная предметная фотография для каталога. Подкадр F00135-d (92 из 1056 позиций кадра F00135). Отличие от соседних подкадров: тип — радиальный, центробежный; 1–2,2 кВт; габариты 130–450 мм (с обувную коробку). Что в кадре: вентилятор радиальный, центробежный, 1–2,2 кВт, габариты 130–450 мм (с обувную коробку). Как выглядит: радиальный вентилятор: спиральный корпус-улитка, рабочее колесо с лопатками, двигатель на раме. По данным позиций кадра: тип — радиальный, центробежный; форма корпуса — улитка; исполнение — общего назначения. Масштаб: наружный диаметр около 315 мм (медиана по позициям) — размером примерно с обувную коробку. Ракурс и композиция: 3/4 немного сверху, изделие целиком по центру, занимает около 70 % кадра. Фон: светлый нейтральный бесшовный #F4F6F9 без текстуры и горизонта. Свет: мягкий студийный из большого софтбокса, мягкая тень под предметом, резкость по всему предмету. Не должно быть: чужих логотипов, названий заводов и брендов, водяных знаков, надписей и любого текста, людей и рук, лишних предметов. Итог: квадрат 1200×1200 px, WebP.";"Photorealistic catalog product photo. Distinctive for this variant: type centrifugal radial; 1-2.2 kW; 130-450 mm, shoebox size. Radial fan. Centrifugal fan, scroll housing, bladed impeller, motor on a frame. Type: centrifugal radial. Scale: outer diameter about 315 mm, about shoebox size. Three-quarter view from slightly above, whole item centred, filling about 70% of the frame. Plain seamless light neutral background #F4F6F9, no texture, no horizon line. Soft large-softbox studio lighting, soft contact shadow underneath, sharp focus across the whole item, photorealistic e-commerce catalog product photo, high detail, 85mm lens look, square 1:1, 1200x1200.";text, letters, numbers, logo, brand name, manufacturer marking, watermark, printed label, people, hands, faces, multiple products, cluttered background, props, distorted geometry, extra parts, cartoon, illustration, CGI look, blur, low resolution;текст, буквы, цифры, логотип, бренд, заводская маркировка, водяной знак, этикетка с надписями, люди, руки, лица, несколько предметов, захламленный фон, реквизит, искаженная геометрия, лишние детали, мультяшный стиль, иллюстрация, вид 3D-рендера, размытие, низкое разрешение;https://backend.cable.ru/uploads/catalog/02-fan-vs-4-75-65dd9d7b66e60.jpg;https://backend.cable.ru/uploads/catalog/01-fan-bp-86-77-65dd9d75501f4.jpg;https://backend.cable.ru/uploads/catalog/02-fan-bp-300-45-65dd9d75c4c79.jpg;https://backend.cable.ru/uploads/catalog/01-fan-bp-60-92-65dd9d5b5b7c0.jpg;https://backend.cable.ru/uploads/catalog/vr-80-75-65ddbde768ae1.jpg;;https://cable.ru/fans/fans-ventilyator_vts_4_75_4__1_1_kvt_1500_ob_min.php;https://cable.ru/fans/fans-ventilyator_vr_86_77_4__1_1_kvt_1500_ob_min.php;https://cable.ru/fans/fans-ventilyator_vr_300_45_2__1_1_kvt_3000_ob_min.php;генерация;"Генерация по промпту; за основу — готовый снимок кадра F00135 (тот же ракурс, свет, фон), меняется только отличие подкадра.";photos/F00135-d.webp
F00135-e;F00135;2;1755;Вентиляторы;Вентилятор радиальный;вентилятор радиальный;"тип — радиальный, центробежный; 30–75 кВт; габариты 450–1100 мм (до метра)";вентилятор радиальный;радиальный, центробежный;450–1100 мм (до метра);30–75 кВт;свой снимок;83;"Фотореалистичная предметная фотография для каталога. Подкадр F00135-e (83 из 1056 позиций кадра F00135). Отличие от соседних подкадров: тип — радиальный, центробежный; 30–75 кВт; габариты 450–1100 мм (до метра). Что в кадре: вентилятор радиальный, центробежный, 30–75 кВт, габариты 450–1100 мм (до метра). Как выглядит: радиальный вентилятор: спиральный корпус-улитка, рабочее колесо с лопатками, двигатель на раме. По данным позиций кадра: тип — радиальный, центробежный; форма корпуса — улитка; исполнение — общего назначения (86 %). Масштаб: наружный диаметр около 800 мм (медиана по позициям) — крупное изделие, до метра. Ракурс и композиция: 3/4 немного сверху, изделие целиком по центру, занимает около 70 % кадра. Фон: светлый нейтральный бесшовный #F4F6F9 без текстуры и горизонта. Свет: мягкий студийный из большого софтбокса, мягкая тень под предметом, резкость по всему предмету. Не должно быть: чужих логотипов, названий заводов и брендов, водяных знаков, надписей и любого текста, людей и рук, лишних предметов. Итог: квадрат 1200×1200 px, WebP.";"Photorealistic catalog product photo. Distinctive for this variant: type centrifugal radial; 30-75 kW; 450-1100 mm, up to one metre. Radial fan. Centrifugal fan, scroll housing, bladed impeller, motor on a frame. Type: centrifugal radial. Scale: outer diameter about 800 mm, large item, up to one metre. Three-quarter view from slightly above, whole item centred, filling about 70% of the frame. Plain seamless light neutral background #F4F6F9, no texture, no horizon line. Soft large-softbox studio lighting, soft contact shadow underneath, sharp focus across the whole item, photorealistic e-commerce catalog product photo, high detail, 85mm lens look, square 1:1, 1200x1200.";text, letters, numbers, logo, brand name, manufacturer marking, watermark, printed label, people, hands, faces, multiple products, cluttered background, props, distorted geometry, extra parts, cartoon, illustration, CGI look, blur, low resolution;текст, буквы, цифры, логотип, бренд, заводская маркировка, водяной знак, этикетка с надписями, люди, руки, лица, несколько предметов, захламленный фон, реквизит, искаженная геометрия, лишние детали, мультяшный стиль, иллюстрация, вид 3D-рендера, размытие, низкое разрешение;https://backend.cable.ru/uploads/catalog/01-vrz-du-65ddbae1ade8b.jpg;https://backend.cable.ru/uploads/catalog/02-fan-bp-300-45-65dd9d75c4c79.jpg;https://backend.cable.ru/uploads/catalog/01-vrm-du-65ddbae182ceb.jpg;https://backend.cable.ru/uploads/catalog/01-fan-bp-132-30-65dd9d94dc847.jpg;https://backend.cable.ru/uploads/catalog/01-fan-bp-140-15-65dd9dc25d702.jpg;;https://cable.ru/fans/fans-vrz_du_8_0_30_kvt_750_ob_min.php;https://cable.ru/fans/fans-ventilyator_vr_300_45_8__30_kvt_750_ob_min.php;https://cable.ru/fans/fans-vrm_du_9_0_30_kvt_1500_ob_min.php;генерация;"Генерация по промпту; за основу — готовый снимок кадра F00135 (тот же ракурс, свет, фон), меняется только отличие подкадра.";photos/F00135-e.webp
F00135-f;F00135;2;2197;Вентиляторы;Вентилятор радиальный;вентилятор радиальный;"тип — радиальный, центробежный; 30–75 кВт; габариты 1,1–2,6 м (с человека)";вентилятор радиальный;радиальный, центробежный;1,1–2,6 м (с человека);30–75 кВт;свой снимок;68;"Фотореалистичная предметная фотография для каталога. Подкадр F00135-f (68 из 1056 позиций кадра F00135). Отличие от соседних подкадров: тип — радиальный, центробежный; 30–75 кВт; габариты 1,1–2,6 м (с человека). Что в кадре: вентилятор радиальный, центробежный, 30–75 кВт, габариты 1,1–2,6 м (с человека). Как выглядит: радиальный вентилятор: спиральный корпус-улитка, рабочее колесо с лопатками, двигатель на раме. По данным позиций кадра: тип — радиальный, центробежный; форма корпуса — улитка; исполнение — общего назначения. Масштаб: наружный диаметр около 1250 мм (медиана по позициям) — крупное оборудование ростом примерно с человека. Ракурс и композиция: 3/4 немного сверху, изделие целиком по центру, занимает около 70 % кадра. Фон: светлый нейтральный бесшовный #F4F6F9 без текстуры и горизонта. Свет: мягкий студийный из большого софтбокса, мягкая тень под предметом, резкость по всему предмету. Не должно быть: чужих логотипов, названий заводов и брендов, водяных знаков, надписей и любого текста, людей и рук, лишних предметов. Итог: квадрат 1200×1200 px, WebP.";"Photorealistic catalog product photo. Distinctive for this variant: type centrifugal radial; 30-75 kW; 1.1-2.6 m, about human height. Radial fan. Centrifugal fan, scroll housing, bladed impeller, motor on a frame. Type: centrifugal radial. Scale: outer diameter about 1250 mm, large equipment, about human height. Three-quarter view from slightly above, whole item centred, filling about 70% of the frame. Plain seamless light neutral background #F4F6F9, no texture, no horizon line. Soft large-softbox studio lighting, soft contact shadow underneath, sharp focus across the whole item, photorealistic e-commerce catalog product photo, high detail, 85mm lens look, square 1:1, 1200x1200.";text, letters, numbers, logo, brand name, manufacturer marking, watermark, printed label, people, hands, faces, multiple products, cluttered background, props, distorted geometry, extra parts, cartoon, illustration, CGI look, blur, low resolution;текст, буквы, цифры, логотип, бренд, заводская маркировка, водяной знак, этикетка с надписями, люди, руки, лица, несколько предметов, захламленный фон, реквизит, искаженная геометрия, лишние детали, мультяшный стиль, иллюстрация, вид 3D-рендера, размытие, низкое разрешение;https://backend.cable.ru/uploads/catalog/01-fan-vs-4-70-65dd9d690de25.jpg;https://backend.cable.ru/uploads/catalog/02-fan-vs-4-75-65dd9d7b66e60.jpg;https://backend.cable.ru/uploads/catalog/01-vrm-du-65ddbae182ceb.jpg;https://backend.cable.ru/uploads/catalog/01-fan-bp-86-77-65dd9d75501f4.jpg;https://backend.cable.ru/uploads/catalog/01-fan-bp-200-20-65dd9d5bd4967.jpg;;https://cable.ru/fans/fans-ventilyator_vts_4_70_12_5__30_kvt_750_ob_min.php;https://cable.ru/fans/fans-ventilyator_vts_4_75_12_5__30_kvt_750_ob_min.php;https://cable.ru/fans/fans-vrm_du_11_2_30_kvt_1000_ob_min.php;генерация;"Генерация по промпту; за основу — готовый снимок кадра F00135 (тот же ракурс, свет, фон), меняется только отличие подкадра.";photos/F00135-f.webp
F00135-g;F00135;2;2487;Вентиляторы;Вентилятор радиальный;вентилятор радиальный;"тип — радиальный, центробежный; 3–7,5 кВт; габариты 130–450 мм (с обувную коробку)";вентилятор радиальный;радиальный, центробежный;130–450 мм (с обувную коробку);3–7,5 кВт;свой снимок;61;"Фотореалистичная предметная фотография для каталога. Подкадр F00135-g (61 из 1056 позиций кадра F00135). Отличие от соседних подкадров: тип — радиальный, центробежный; 3–7,5 кВт; габариты 130–450 мм (с обувную коробку). Что в кадре: вентилятор радиальный, центробежный, 3–7,5 кВт, габариты 130–450 мм (с обувную коробку). Как выглядит: радиальный вентилятор: спиральный корпус-улитка, рабочее колесо с лопатками, двигатель на раме. По данным позиций кадра: тип — радиальный, центробежный; форма корпуса — улитка; исполнение — общего назначения. Масштаб: наружный диаметр около 400 мм (медиана по позициям) — размером примерно с обувную коробку. Ракурс и композиция: 3/4 немного сверху, изделие целиком по центру, занимает около 70 % кадра. Фон: светлый нейтральный бесшовный #F4F6F9 без текстуры и горизонта. Свет: мягкий студийный из большого софтбокса, мягкая тень под предметом, резкость по всему предмету. Не должно быть: чужих логотипов, названий заводов и брендов, водяных знаков, надписей и любого текста, людей и рук, лишних предметов. Итог: квадрат 1200×1200 px, WebP.";"Photorealistic catalog product photo. Distinctive for this variant: type centrifugal radial; 3-7.5 kW; 130-450 mm, shoebox size. Radial fan. Centrifugal fan, scroll housing, bladed impeller, motor on a frame. Type: centrifugal radial. Scale: outer diameter about 400 mm, about shoebox size. Three-quarter view from slightly above, whole item centred, filling about 70% of the frame. Plain seamless light neutral background #F4F6F9, no texture, no horizon line. Soft large-softbox studio lighting, soft contact shadow underneath, sharp focus across the whole item, photorealistic e-commerce catalog product photo, high detail, 85mm lens look, square 1:1, 1200x1200.";text, letters, numbers, logo, brand name, manufacturer marking, watermark, printed label, people, hands, faces, multiple products, cluttered background, props, distorted geometry, extra parts, cartoon, illustration, CGI look, blur, low resolution;текст, буквы, цифры, логотип, бренд, заводская маркировка, водяной знак, этикетка с надписями, люди, руки, лица, несколько предметов, захламленный фон, реквизит, искаженная геометрия, лишние детали, мультяшный стиль, иллюстрация, вид 3D-рендера, размытие, низкое разрешение;https://backend.cable.ru/uploads/catalog/02-fan-vs-4-75-65dd9d7b66e60.jpg;https://backend.cable.ru/uploads/catalog/01-fan-bp-86-77-65dd9d75501f4.jpg;https://backend.cable.ru/uploads/catalog/01-fan-bp-132-30-65dd9d94dc847.jpg;https://backend.cable.ru/uploads/catalog/02-fan-bp-300-45-65dd9d75c4c79.jpg;https://backend.cable.ru/uploads/catalog/01-fan-bp-60-92-65dd9d5b5b7c0.jpg;;https://cable.ru/fans/fans-ventilyator_vts_4_75_4__4_kvt_3000_ob_min.php;https://cable.ru/fans/fans-ventilyator_vr_86_77_4__4_kvt_3000_ob_min.php;https://cable.ru/fans/fans-ventilyator_vr_132_30_4__4_kvt_3000_ob_min.php;генерация;"Генерация по промпту; за основу — готовый снимок кадра F00135 (тот же ракурс, свет, фон), меняется только отличие подкадра.";photos/F00135-g.webp
F00135-h;F00135;2;2860;Вентиляторы;Вентилятор радиальный;вентилятор радиальный;"тип — радиальный, центробежный; 11–22 кВт; габариты 1,1–2,6 м (с человека)";вентилятор радиальный;радиальный, центробежный;1,1–2,6 м (с человека);11–22 кВт;свой снимок;54;"Фотореалистичная предметная фотография для каталога. Подкадр F00135-h (54 из 1056 позиций кадра F00135). Отличие от соседних подкадров: тип — радиальный, центробежный; 11–22 кВт; габариты 1,1–2,6 м (с человека). Что в кадре: вентилятор радиальный, центробежный, 11–22 кВт, габариты 1,1–2,6 м (с человека). Как выглядит: радиальный вентилятор: спиральный корпус-улитка, рабочее колесо с лопатками, двигатель на раме. По данным позиций кадра: тип — радиальный, центробежный; форма корпуса — улитка; исполнение — общего назначения (90 %). Масштаб: наружный диаметр около 1250 мм (медиана по позициям) — крупное оборудование ростом примерно с человека. Ракурс и композиция: 3/4 немного сверху, изделие целиком по центру, занимает около 70 % кадра. Фон: светлый нейтральный бесшовный #F4F6F9 без текстуры и горизонта. Свет: мягкий студийный из большого софтбокса, мягкая тень под предметом, резкость по всему предмету. Не должно быть: чужих логотипов, названий заводов и брендов, водяных знаков, надписей и любого текста, людей и рук, лишних предметов. Итог: квадрат 1200×1200 px, WebP.";"Photorealistic catalog product photo. Distinctive for this variant: type centrifugal radial; 11-22 kW; 1.1-2.6 m, about human height. Radial fan. Centrifugal fan, scroll housing, bladed impeller, motor on a frame. Type: centrifugal radial. Scale: outer diameter about 1250 mm, large equipment, about human height. Three-quarter view from slightly above, whole item centred, filling about 70% of the frame. Plain seamless light neutral background #F4F6F9, no texture, no horizon line. Soft large-softbox studio lighting, soft contact shadow underneath, sharp focus across the whole item, photorealistic e-commerce catalog product photo, high detail, 85mm lens look, square 1:1, 1200x1200.";text, letters, numbers, logo, brand name, manufacturer marking, watermark, printed label, people, hands, faces, multiple products, cluttered background, props, distorted geometry, extra parts, cartoon, illustration, CGI look, blur, low resolution;текст, буквы, цифры, логотип, бренд, заводская маркировка, водяной знак, этикетка с надписями, люди, руки, лица, несколько предметов, захламленный фон, реквизит, искаженная геометрия, лишние детали, мультяшный стиль, иллюстрация, вид 3D-рендера, размытие, низкое разрешение;https://backend.cable.ru/uploads/catalog/01-vrm-du-65ddbae182ceb.jpg;https://backend.cable.ru/uploads/catalog/01-fan-vs-4-70-65dd9d690de25.jpg;https://backend.cable.ru/uploads/catalog/02-fan-vs-4-75-65dd9d7b66e60.jpg;https://backend.cable.ru/uploads/catalog/01-fan-bp-60-92-65dd9d5b5b7c0.jpg;https://backend.cable.ru/uploads/catalog/01-fan-bp-86-77-65dd9d75501f4.jpg;;https://cable.ru/fans/fans-vrm_du_11_2_11_kvt_750_ob_min.php;https://cable.ru/fans/fans-ventilyator_vts_4_70_12_5__15_kvt_750_ob_min.php;https://cable.ru/fans/fans-ventilyator_vts_4_75_12_5__22_kvt_750_ob_min.php;генерация;"Генерация по промпту; за основу — готовый снимок кадра F00135 (тот же ракурс, свет, фон), меняется только отличие подкадра.";photos/F00135-h.webp
F00135-i;F00135;2;3218;Вентиляторы;Вентилятор радиальный;вентилятор радиальный;"тип — радиальный, центробежный; габариты 450–1100 мм (до метра)";вентилятор радиальный;радиальный, центробежный;450–1100 мм (до метра);;свой снимок;48;"Фотореалистичная предметная фотография для каталога. Подкадр F00135-i (48 из 1056 позиций кадра F00135). Отличие от соседних подкадров: тип — радиальный, центробежный; габариты 450–1100 мм (до метра). Что в кадре: вентилятор радиальный, центробежный, габариты 450–1100 мм (до метра). Как выглядит: радиальный вентилятор: спиральный корпус-улитка, рабочее колесо с лопатками, двигатель на раме. По данным позиций кадра: тип — радиальный, центробежный; форма корпуса — улитка; исполнение — общего назначения. Масштаб: наружный диаметр около 800 мм (медиана по позициям) — крупное изделие, до метра. Ракурс и композиция: 3/4 немного сверху, изделие целиком по центру, занимает около 70 % кадра. Фон: светлый нейтральный бесшовный #F4F6F9 без текстуры и горизонта. Свет: мягкий студийный из большого софтбокса, мягкая тень под предметом, резкость по всему предмету. Не должно быть: чужих логотипов, названий заводов и брендов, водяных знаков, надписей и любого текста, людей и рук, лишних предметов. Итог: квадрат 1200×1200 px, WebP.";"Photorealistic catalog product photo. Distinctive for this variant: type centrifugal radial; 450-1100 mm, up to one metre. Radial fan. Centrifugal fan, scroll housing, bladed impeller, motor on a frame. Type: centrifugal radial. Scale: outer diameter about 800 mm, large item, up to one metre. Three-quarter view from slightly above, whole item centred, filling about 70% of the frame. Plain seamless light neutral background #F4F6F9, no texture, no horizon line. Soft large-softbox studio lighting, soft contact shadow underneath, sharp focus across the whole item, photorealistic e-commerce catalog product photo, high detail, 85mm lens look, square 1:1, 1200x1200.";text, letters, numbers, logo, brand name, manufacturer marking, watermark, printed label, people, hands, faces, multiple products, cluttered background, props, distorted geometry, extra parts, cartoon, illustration, CGI look, blur, low resolution;текст, буквы, цифры, логотип, бренд, заводская маркировка, водяной знак, этикетка с надписями, люди, руки, лица, несколько предметов, захламленный фон, реквизит, искаженная геометрия, лишние детали, мультяшный стиль, иллюстрация, вид 3D-рендера, размытие, низкое разрешение;https://backend.cable.ru/uploads/catalog/02-fan-vs-4-75-65dd9d7b66e60.jpg;https://backend.cable.ru/uploads/catalog/01-fan-bp-86-77-65dd9d75501f4.jpg;https://backend.cable.ru/uploads/catalog/01-fan-bp-132-30-65dd9d94dc847.jpg;https://backend.cable.ru/uploads/catalog/01-fan-bp-140-15-65dd9dc25d702.jpg;https://backend.cable.ru/uploads/catalog/02-fan-bp-300-45-65dd9d75c4c79.jpg;;https://cable.ru/fans/fans-ventilyator_vts_4_75_5.php;https://cable.ru/fans/fans-ventilyator_vr_86_77_5.php;https://cable.ru/fans/fans-ventilyator_vr_132_30_5.php;генерация;"Генерация по промпту; за основу — готовый снимок кадра F00135 (тот же ракурс, свет, фон), меняется только отличие подкадра.";photos/F00135-i.webp
F00135-j;F00135;2;3717;Вентиляторы;Вентилятор радиальный;вентилятор радиальный;"тип — радиальный, центробежный; 1–2,2 кВт; габариты 450–1100 мм (до метра)";вентилятор радиальный;радиальный, центробежный;450–1100 мм (до метра);1–2,2 кВт;свой снимок;42;"Фотореалистичная предметная фотография для каталога. Подкадр F00135-j (42 из 1056 позиций кадра F00135). Отличие от соседних подкадров: тип — радиальный, центробежный; 1–2,2 кВт; габариты 450–1100 мм (до метра). Что в кадре: вентилятор радиальный, центробежный, 1–2,2 кВт, габариты 450–1100 мм (до метра). Как выглядит: радиальный вентилятор: спиральный корпус-улитка, рабочее колесо с лопатками, двигатель на раме. По данным позиций кадра: тип — радиальный, центробежный; форма корпуса — улитка; исполнение — общего назначения (85 %). Масштаб: наружный диаметр около 560 мм (медиана по позициям) — крупное изделие, до метра. Ракурс и композиция: 3/4 немного сверху, изделие целиком по центру, занимает около 70 % кадра. Фон: светлый нейтральный бесшовный #F4F6F9 без текстуры и горизонта. Свет: мягкий студийный из большого софтбокса, мягкая тень под предметом, резкость по всему предмету. Не должно быть: чужих логотипов, названий заводов и брендов, водяных знаков, надписей и любого текста, людей и рук, лишних предметов. Итог: квадрат 1200×1200 px, WebP.";"Photorealistic catalog product photo. Distinctive for this variant: type centrifugal radial; 1-2.2 kW; 450-1100 mm, up to one metre. Radial fan. Centrifugal fan, scroll housing, bladed impeller, motor on a frame. Type: centrifugal radial. Scale: outer diameter about 560 mm, large item, up to one metre. Three-quarter view from slightly above, whole item centred, filling about 70% of the frame. Plain seamless light neutral background #F4F6F9, no texture, no horizon line. Soft large-softbox studio lighting, soft contact shadow underneath, sharp focus across the whole item, photorealistic e-commerce catalog product photo, high detail, 85mm lens look, square 1:1, 1200x1200.";text, letters, numbers, logo, brand name, manufacturer marking, watermark, printed label, people, hands, faces, multiple products, cluttered background, props, distorted geometry, extra parts, cartoon, illustration, CGI look, blur, low resolution;текст, буквы, цифры, логотип, бренд, заводская маркировка, водяной знак, этикетка с надписями, люди, руки, лица, несколько предметов, захламленный фон, реквизит, искаженная геометрия, лишние детали, мультяшный стиль, иллюстрация, вид 3D-рендера, размытие, низкое разрешение;https://backend.cable.ru/uploads/catalog/01-fan-vs-4-70-65dd9d690de25.jpg;https://backend.cable.ru/uploads/catalog/02-fan-vs-4-75-65dd9d7b66e60.jpg;https://backend.cable.ru/uploads/catalog/01-vrm-du-65ddbae182ceb.jpg;https://backend.cable.ru/uploads/catalog/01-fan-bp-86-77-65dd9d75501f4.jpg;https://backend.cable.ru/uploads/catalog/01-fan-bp-140-15-65dd9dc25d702.jpg;;https://cable.ru/fans/fans-ventilyator_vts_4_70_5__1_1_kvt_1000_ob_min.php;https://cable.ru/fans/fans-ventilyator_vts_4_75_5__1_1_kvt_1000_ob_min.php;https://cable.ru/fans/fans-vrm_du_7_1_1_1_kvt_750_ob_min.php;генерация;"Генерация по промпту; за основу — готовый снимок кадра F00135 (тот же ракурс, свет, фон), меняется только отличие подкадра.";photos/F00135-j.webp
F00135-k;F00135;2;5204;Вентиляторы;Вентилятор радиальный;вентилятор радиальный;"тип — общего назначения; 11–22 кВт; габариты 450–1100 мм (до метра)";вентилятор радиальный;общего назначения;450–1100 мм (до метра);11–22 кВт;свой снимок;31;"Фотореалистичная предметная фотография для каталога. Подкадр F00135-k (31 из 1056 позиций кадра F00135). Отличие от соседних подкадров: тип — общего назначения; 11–22 кВт; габариты 450–1100 мм (до метра). Что в кадре: вентилятор радиальный, общего назначения, 11–22 кВт, габариты 450–1100 мм (до метра). Как выглядит: радиальный вентилятор: спиральный корпус-улитка, рабочее колесо с лопатками, двигатель на раме. По данным позиций кадра: форма корпуса — улитка; исполнение — общего назначения. Масштаб: наружный диаметр около 630 мм (медиана по позициям) — крупное изделие, до метра. Ракурс и композиция: 3/4 немного сверху, изделие целиком по центру, занимает около 70 % кадра. Фон: светлый нейтральный бесшовный #F4F6F9 без текстуры и горизонта. Свет: мягкий студийный из большого софтбокса, мягкая тень под предметом, резкость по всему предмету. Не должно быть: чужих логотипов, названий заводов и брендов, водяных знаков, надписей и любого текста, людей и рук, лишних предметов. Итог: квадрат 1200×1200 px, WebP.";"Photorealistic catalog product photo. Distinctive for this variant: 11-22 kW; 450-1100 mm, up to one metre. Radial fan. Centrifugal fan, scroll housing, bladed impeller, motor on a frame. Scale: outer diameter about 630 mm, large item, up to one metre. Three-quarter view from slightly above, whole item centred, filling about 70% of the frame. Plain seamless light neutral background #F4F6F9, no texture, no horizon line. Soft large-softbox studio lighting, soft contact shadow underneath, sharp focus across the whole item, photorealistic e-commerce catalog product photo, high detail, 85mm lens look, square 1:1, 1200x1200.";text, letters, numbers, logo, brand name, manufacturer marking, watermark, printed label, people, hands, faces, multiple products, cluttered background, props, distorted geometry, extra parts, cartoon, illustration, CGI look, blur, low resolution;текст, буквы, цифры, логотип, бренд, заводская маркировка, водяной знак, этикетка с надписями, люди, руки, лица, несколько предметов, захламленный фон, реквизит, искаженная геометрия, лишние детали, мультяшный стиль, иллюстрация, вид 3D-рендера, размытие, низкое разрешение;https://backend.cable.ru/uploads/catalog/vcp-7-40-65ddbde6c0ab5.jpg;;;;;1 фото подкадра;https://cable.ru/fans/fans-ventilyator_vtsp_7_40_10__11_kvt_750_ob_min.php;https://cable.ru/fans/fans-ventilyator_vtsp_7_40_8__22_kvt_1500_ob_min.php;https://cable.ru/fans/fans-ventilyator_vtsp_7_40_10__22_kvt_1000_ob_min.php;генерация;"Генерация по промпту; за основу — готовый снимок кадра F00135 (тот же ракурс, свет, фон), меняется только отличие подкадра.";photos/F00135-k.webp
F00135-l;F00135;2;6643;Вентиляторы;Вентилятор радиальный;вентилятор радиальный;"тип — радиальный, центробежный; габариты 130–450 мм (с обувную коробку)";вентилятор радиальный;радиальный, центробежный;130–450 мм (с обувную коробку);;свой снимок;24;"Фотореалистичная предметная фотография для каталога. Подкадр F00135-l (24 из 1056 позиций кадра F00135). Отличие от соседних подкадров: тип — радиальный, центробежный; габариты 130–450 мм (с обувную коробку). Что в кадре: вентилятор радиальный, центробежный, габариты 130–450 мм (с обувную коробку). Как выглядит: радиальный вентилятор: спиральный корпус-улитка, рабочее колесо с лопатками, двигатель на раме. По данным позиций кадра: тип — радиальный, центробежный; форма корпуса — улитка; исполнение — общего назначения. Масштаб: наружный диаметр около 315 мм (медиана по позициям) — размером примерно с обувную коробку. Ракурс и композиция: 3/4 немного сверху, изделие целиком по центру, занимает около 70 % кадра. Фон: светлый нейтральный бесшовный #F4F6F9 без текстуры и горизонта. Свет: мягкий студийный из большого софтбокса, мягкая тень под предметом, резкость по всему предмету. Не должно быть: чужих логотипов, названий заводов и брендов, водяных знаков, надписей и любого текста, людей и рук, лишних предметов. Итог: квадрат 1200×1200 px, WebP.";"Photorealistic catalog product photo. Distinctive for this variant: type centrifugal radial; 130-450 mm, shoebox size. Radial fan. Centrifugal fan, scroll housing, bladed impeller, motor on a frame. Type: centrifugal radial. Scale: outer diameter about 315 mm, about shoebox size. Three-quarter view from slightly above, whole item centred, filling about 70% of the frame. Plain seamless light neutral background #F4F6F9, no texture, no horizon line. Soft large-softbox studio lighting, soft contact shadow underneath, sharp focus across the whole item, photorealistic e-commerce catalog product photo, high detail, 85mm lens look, square 1:1, 1200x1200.";text, letters, numbers, logo, brand name, manufacturer marking, watermark, printed label, people, hands, faces, multiple products, cluttered background, props, distorted geometry, extra parts, cartoon, illustration, CGI look, blur, low resolution;текст, буквы, цифры, логотип, бренд, заводская маркировка, водяной знак, этикетка с надписями, люди, руки, лица, несколько предметов, захламленный фон, реквизит, искаженная геометрия, лишние детали, мультяшный стиль, иллюстрация, вид 3D-рендера, размытие, низкое разрешение;https://backend.cable.ru/uploads/catalog/02-fan-vs-4-75-65dd9d7b66e60.jpg;https://backend.cable.ru/uploads/catalog/01-fan-bp-86-77-65dd9d75501f4.jpg;https://backend.cable.ru/uploads/catalog/01-fan-bp-132-30-65dd9d94dc847.jpg;https://backend.cable.ru/uploads/catalog/01-fan-bp-140-15-65dd9dc25d702.jpg;https://backend.cable.ru/uploads/catalog/02-fan-bp-300-45-65dd9d75c4c79.jpg;;https://cable.ru/fans/fans-ventilyator_vts_4_75_4.php;https://cable.ru/fans/fans-ventilyator_vr_86_77_4.php;https://cable.ru/fans/fans-ventilyator_vr_132_30_4.php;генерация;"Генерация по промпту; за основу — готовый снимок кадра F00135 (тот же ракурс, свет, фон), меняется только отличие подкадра.";photos/F00135-l.webp
F00135-m;F00135;3;8716;Вентиляторы;Вентилятор радиальный;вентилятор радиальный;"тип — общего назначения; у позиций разные: мощность, размер";вентилятор радиальный;общего назначения;;;свой снимок;18;"Фотореалистичная предметная фотография для каталога. Подкадр F00135-m (18 из 1056 позиций кадра F00135). Отличие от соседних подкадров: тип — общего назначения; у позиций разные: мощность, размер. Что в кадре: вентилятор радиальный, общего назначения. Как выглядит: радиальный вентилятор: спиральный корпус-улитка, рабочее колесо с лопатками, двигатель на раме. По данным позиций кадра: форма корпуса — улитка; исполнение — общего назначения. Масштаб: наружный диаметр около 400 мм (медиана по позициям) — размером примерно с обувную коробку. Ракурс и композиция: 3/4 немного сверху, изделие целиком по центру, занимает около 70 % кадра. Фон: светлый нейтральный бесшовный #F4F6F9 без текстуры и горизонта. Свет: мягкий студийный из большого софтбокса, мягкая тень под предметом, резкость по всему предмету. Не должно быть: чужих логотипов, названий заводов и брендов, водяных знаков, надписей и любого текста, людей и рук, лишних предметов. Итог: квадрат 1200×1200 px, WebP.";Photorealistic catalog product photo. Radial fan. Centrifugal fan, scroll housing, bladed impeller, motor on a frame. Scale: outer diameter about 400 mm, about shoebox size. Three-quarter view from slightly above, whole item centred, filling about 70% of the frame. Plain seamless light neutral background #F4F6F9, no texture, no horizon line. Soft large-softbox studio lighting, soft contact shadow underneath, sharp focus across the whole item, photorealistic e-commerce catalog product photo, high detail, 85mm lens look, square 1:1, 1200x1200.;text, letters, numbers, logo, brand name, manufacturer marking, watermark, printed label, people, hands, faces, multiple products, cluttered background, props, distorted geometry, extra parts, cartoon, illustration, CGI look, blur, low resolution;текст, буквы, цифры, логотип, бренд, заводская маркировка, водяной знак, этикетка с надписями, люди, руки, лица, несколько предметов, захламленный фон, реквизит, искаженная геометрия, лишние детали, мультяшный стиль, иллюстрация, вид 3D-рендера, размытие, низкое разрешение;https://backend.cable.ru/uploads/catalog/vcp-7-40-65ddbde6c0ab5.jpg;;;;;1 фото подкадра;https://cable.ru/fans/fans-ventilyator_vtsp_7_40_4.php;https://cable.ru/fans/fans-ventilyator_vtsp_7_40_2_5.php;https://cable.ru/fans/fans-ventilyator_vtsp_7_40_12_5.php;генерация;"Генерация по промпту; за основу — готовый снимок кадра F00135 (тот же ракурс, свет, фон), меняется только отличие подкадра.";photos/F00135-m.webp
F00135-n;F00135;3;9750;Вентиляторы;Вентилятор радиальный;вентилятор радиальный;"тип — общего назначения; 30–75 кВт; габариты 450–1100 мм (до метра)";вентилятор радиальный;общего назначения;450–1100 мм (до метра);30–75 кВт;свой снимок;16;"Фотореалистичная предметная фотография для каталога. Подкадр F00135-n (16 из 1056 позиций кадра F00135). Отличие от соседних подкадров: тип — общего назначения; 30–75 кВт; габариты 450–1100 мм (до метра). Что в кадре: вентилятор радиальный, общего назначения, 30–75 кВт, габариты 450–1100 мм (до метра). Как выглядит: радиальный вентилятор: спиральный корпус-улитка, рабочее колесо с лопатками, двигатель на раме. По данным позиций кадра: форма корпуса — улитка; исполнение — общего назначения. Масштаб: наружный диаметр около 800 мм (медиана по позициям) — крупное изделие, до метра. Ракурс и композиция: 3/4 немного сверху, изделие целиком по центру, занимает около 70 % кадра. Фон: светлый нейтральный бесшовный #F4F6F9 без текстуры и горизонта. Свет: мягкий студийный из большого софтбокса, мягкая тень под предметом, резкость по всему предмету. Не должно быть: чужих логотипов, названий заводов и брендов, водяных знаков, надписей и любого текста, людей и рук, лишних предметов. Итог: квадрат 1200×1200 px, WebP.";"Photorealistic catalog product photo. Distinctive for this variant: 30-75 kW; 450-1100 mm, up to one metre. Radial fan. Centrifugal fan, scroll housing, bladed impeller, motor on a frame. Scale: outer diameter about 800 mm, large item, up to one metre. Three-quarter view from slightly above, whole item centred, filling about 70% of the frame. Plain seamless light neutral background #F4F6F9, no texture, no horizon line. Soft large-softbox studio lighting, soft contact shadow underneath, sharp focus across the whole item, photorealistic e-commerce catalog product photo, high detail, 85mm lens look, square 1:1, 1200x1200.";text, letters, numbers, logo, brand name, manufacturer marking, watermark, printed label, people, hands, faces, multiple products, cluttered background, props, distorted geometry, extra parts, cartoon, illustration, CGI look, blur, low resolution;текст, буквы, цифры, логотип, бренд, заводская маркировка, водяной знак, этикетка с надписями, люди, руки, лица, несколько предметов, захламленный фон, реквизит, искаженная геометрия, лишние детали, мультяшный стиль, иллюстрация, вид 3D-рендера, размытие, низкое разрешение;https://backend.cable.ru/uploads/catalog/vcp-7-40-65ddbde6c0ab5.jpg;;;;;1 фото подкадра;https://cable.ru/fans/fans-ventilyator_vtsp_7_40_10__30_kvt_1000_ob_min.php;https://cable.ru/fans/fans-ventilyator_vtsp_7_40_10__75_kvt_1500_ob_min.php;https://cable.ru/fans/fans-ventilyator_vtsp_7_40_8__45_kvt_1800_ob_min__shema_5.php;генерация;"Генерация по промпту; за основу — готовый снимок кадра F00135 (тот же ракурс, свет, фон), меняется только отличие подкадра.";photos/F00135-n.webp
F00135-o;F00135;3;9751;Вентиляторы;Вентилятор радиальный;вентилятор радиальный;"тип — радиальный, центробежный; 90–250 кВт; габариты 1,1–2,6 м (с человека)";вентилятор радиальный;радиальный, центробежный;1,1–2,6 м (с человека);90–250 кВт;свой снимок;16;"Фотореалистичная предметная фотография для каталога. Подкадр F00135-o (16 из 1056 позиций кадра F00135). Отличие от соседних подкадров: тип — радиальный, центробежный; 90–250 кВт; габариты 1,1–2,6 м (с человека). Что в кадре: вентилятор радиальный, центробежный, 90–250 кВт, габариты 1,1–2,6 м (с человека). Как выглядит: радиальный вентилятор: спиральный корпус-улитка, рабочее колесо с лопатками, двигатель на раме. По данным позиций кадра: тип — радиальный, центробежный; форма корпуса — улитка; исполнение — общего назначения. Масштаб: наружный диаметр около 1250 мм (медиана по позициям) — крупное оборудование ростом примерно с человека. Ракурс и композиция: 3/4 немного сверху, изделие целиком по центру, занимает около 70 % кадра. Фон: светлый нейтральный бесшовный #F4F6F9 без текстуры и горизонта. Свет: мягкий студийный из большого софтбокса, мягкая тень под предметом, резкость по всему предмету. Не должно быть: чужих логотипов, названий заводов и брендов, водяных знаков, надписей и любого текста, людей и рук, лишних предметов. Итог: квадрат 1200×1200 px, WebP.";"Photorealistic catalog product photo. Distinctive for this variant: type centrifugal radial; 90-250 kW; 1.1-2.6 m, about human height. Radial fan. Centrifugal fan, scroll housing, bladed impeller, motor on a frame. Type: centrifugal radial. Scale: outer diameter about 1250 mm, large equipment, about human height. Three-quarter view from slightly above, whole item centred, filling about 70% of the frame. Plain seamless light neutral background #F4F6F9, no texture, no horizon line. Soft large-softbox studio lighting, soft contact shadow underneath, sharp focus across the whole item, photorealistic e-commerce catalog product photo, high detail, 85mm lens look, square 1:1, 1200x1200.";text, letters, numbers, logo, brand name, manufacturer marking, watermark, printed label, people, hands, faces, multiple products, cluttered background, props, distorted geometry, extra parts, cartoon, illustration, CGI look, blur, low resolution;текст, буквы, цифры, логотип, бренд, заводская маркировка, водяной знак, этикетка с надписями, люди, руки, лица, несколько предметов, захламленный фон, реквизит, искаженная геометрия, лишние детали, мультяшный стиль, иллюстрация, вид 3D-рендера, размытие, низкое разрешение;https://backend.cable.ru/uploads/catalog/01-fan-bp-132-30-65dd9d94dc847.jpg;https://backend.cable.ru/uploads/catalog/01-fan-bp-200-20-65dd9d5bd4967.jpg;https://backend.cable.ru/uploads/catalog/01-fan-vr-8075-65dd9d59369fa.jpg;https://backend.cable.ru/uploads/catalog/01-fan-bp-280-46-65dd9d650a5f6.jpg;;4 фото подкадра;https://cable.ru/fans/fans-ventilyator_vr_132_30_12_5__90_kvt_1500_ob_min.php;https://cable.ru/fans/fans-ventilyator_vr_200_20_11_2__90_kvt_1500_ob_min.php;https://cable.ru/fans/fans-vr_80_75_20_0_110_0_kvt_1000_ob_min.php;генерация;"Генерация по промпту; за основу — готовый снимок кадра F00135 (тот же ракурс, свет, фон), меняется только отличие подкадра.";photos/F00135-o.webp
F00135-p;F00135;3;11714;Вентиляторы;Вентилятор радиальный;вентилятор радиальный;"тип — радиальный, центробежный; до 0,75 кВт; габариты 450–1100 мм (до метра)";вентилятор радиальный;радиальный, центробежный;450–1100 мм (до метра);до 0,75 кВт;свой снимок;13;"Фотореалистичная предметная фотография для каталога. Подкадр F00135-p (13 из 1056 позиций кадра F00135). Отличие от соседних подкадров: тип — радиальный, центробежный; до 0,75 кВт; габариты 450–1100 мм (до метра). Что в кадре: вентилятор радиальный, центробежный, до 0,75 кВт, габариты 450–1100 мм (до метра). Как выглядит: радиальный вентилятор: спиральный корпус-улитка, рабочее колесо с лопатками, двигатель на раме. По данным позиций кадра: тип — радиальный, центробежный; форма корпуса — улитка; исполнение — общего назначения. Масштаб: наружный диаметр около 500 мм (медиана по позициям) — крупное изделие, до метра. Ракурс и композиция: 3/4 немного сверху, изделие целиком по центру, занимает около 70 % кадра. Фон: светлый нейтральный бесшовный #F4F6F9 без текстуры и горизонта. Свет: мягкий студийный из большого софтбокса, мягкая тень под предметом, резкость по всему предмету. Не должно быть: чужих логотипов, названий заводов и брендов, водяных знаков, надписей и любого текста, людей и рук, лишних предметов. Итог: квадрат 1200×1200 px, WebP.";"Photorealistic catalog product photo. Distinctive for this variant: type centrifugal radial; up to 0.75 kW; 450-1100 mm, up to one metre. Radial fan. Centrifugal fan, scroll housing, bladed impeller, motor on a frame. Type: centrifugal radial. Scale: outer diameter about 500 mm, large item, up to one metre. Three-quarter view from slightly above, whole item centred, filling about 70% of the frame. Plain seamless light neutral background #F4F6F9, no texture, no horizon line. Soft large-softbox studio lighting, soft contact shadow underneath, sharp focus across the whole item, photorealistic e-commerce catalog product photo, high detail, 85mm lens look, square 1:1, 1200x1200.";text, letters, numbers, logo, brand name, manufacturer marking, watermark, printed label, people, hands, faces, multiple products, cluttered background, props, distorted geometry, extra parts, cartoon, illustration, CGI look, blur, low resolution;текст, буквы, цифры, логотип, бренд, заводская маркировка, водяной знак, этикетка с надписями, люди, руки, лица, несколько предметов, захламленный фон, реквизит, искаженная геометрия, лишние детали, мультяшный стиль, иллюстрация, вид 3D-рендера, размытие, низкое разрешение;https://backend.cable.ru/uploads/catalog/01-fan-vs-4-70-65dd9d690de25.jpg;https://backend.cable.ru/uploads/catalog/02-fan-vs-4-75-65dd9d7b66e60.jpg;https://backend.cable.ru/uploads/catalog/01-fan-bp-86-77-65dd9d75501f4.jpg;https://backend.cable.ru/uploads/catalog/01-fan-bp-140-15-65dd9dc25d702.jpg;https://backend.cable.ru/uploads/catalog/vr-80-75-65ddbde768ae1.jpg;;https://cable.ru/fans/fans-ventilyator_vts_4_70_5__0_75_kvt_1000_ob_min.php;https://cable.ru/fans/fans-ventilyator_vts_4_75_5__0_55_kvt_1000_ob_min.php;https://cable.ru/fans/fans-ventilyator_vr_86_77_5__0_55_kvt_1000_ob_min.php;генерация;"Генерация по промпту; за основу — готовый снимок кадра F00135 (тот же ракурс, свет, фон), меняется только отличие подкадра.";photos/F00135-p.webp
F00135-q;F00135;3;11715;Вентиляторы;Вентилятор радиальный;вентилятор радиальный;"тип — радиальный, центробежный; габариты 1,1–2,6 м (с человека)";вентилятор радиальный;радиальный, центробежный;1,1–2,6 м (с человека);;свой снимок;13;"Фотореалистичная предметная фотография для каталога. Подкадр F00135-q (13 из 1056 позиций кадра F00135). Отличие от соседних подкадров: тип — радиальный, центробежный; габариты 1,1–2,6 м (с человека). Что в кадре: вентилятор радиальный, центробежный, габариты 1,1–2,6 м (с человека). Как выглядит: радиальный вентилятор: спиральный корпус-улитка, рабочее колесо с лопатками, двигатель на раме. По данным позиций кадра: тип — радиальный, центробежный; форма корпуса — улитка; исполнение — общего назначения. Масштаб: наружный диаметр около 1250 мм (медиана по позициям) — крупное оборудование ростом примерно с человека. Ракурс и композиция: 3/4 немного сверху, изделие целиком по центру, занимает около 70 % кадра. Фон: светлый нейтральный бесшовный #F4F6F9 без текстуры и горизонта. Свет: мягкий студийный из большого софтбокса, мягкая тень под предметом, резкость по всему предмету. Не должно быть: чужих логотипов, названий заводов и брендов, водяных знаков, надписей и любого текста, людей и рук, лишних предметов. Итог: квадрат 1200×1200 px, WebP.";"Photorealistic catalog product photo. Distinctive for this variant: type centrifugal radial; 1.1-2.6 m, about human height. Radial fan. Centrifugal fan, scroll housing, bladed impeller, motor on a frame. Type: centrifugal radial. Scale: outer diameter about 1250 mm, large equipment, about human height. Three-quarter view from slightly above, whole item centred, filling about 70% of the frame. Plain seamless light neutral background #F4F6F9, no texture, no horizon line. Soft large-softbox studio lighting, soft contact shadow underneath, sharp focus across the whole item, photorealistic e-commerce catalog product photo, high detail, 85mm lens look, square 1:1, 1200x1200.";text, letters, numbers, logo, brand name, manufacturer marking, watermark, printed label, people, hands, faces, multiple products, cluttered background, props, distorted geometry, extra parts, cartoon, illustration, CGI look, blur, low resolution;текст, буквы, цифры, логотип, бренд, заводская маркировка, водяной знак, этикетка с надписями, люди, руки, лица, несколько предметов, захламленный фон, реквизит, искаженная геометрия, лишние детали, мультяшный стиль, иллюстрация, вид 3D-рендера, размытие, низкое разрешение;https://backend.cable.ru/uploads/catalog/02-fan-vs-4-75-65dd9d7b66e60.jpg;https://backend.cable.ru/uploads/catalog/01-fan-bp-86-77-65dd9d75501f4.jpg;https://backend.cable.ru/uploads/catalog/01-fan-vr-8075-65dd9d59369fa.jpg;https://backend.cable.ru/uploads/catalog/01-fan-bp-132-30-65dd9d94dc847.jpg;https://backend.cable.ru/uploads/catalog/01-fan-bp-140-15-65dd9dc25d702.jpg;;https://cable.ru/fans/fans-ventilyator_vts_4_75_12_5.php;https://cable.ru/fans/fans-ventilyator_vr_86_77_12_5.php;https://cable.ru/fans/fans-vr_80_75_16_0.php;генерация;"Генерация по промпту; за основу — готовый снимок кадра F00135 (тот же ракурс, свет, фон), меняется только отличие подкадра.";photos/F00135-q.webp
F00135-r;F00135;3;14589;Вентиляторы;Вентилятор радиальный;вентилятор радиальный;"тип — общего назначения; 3–7,5 кВт; габариты 450–1100 мм (до метра)";вентилятор радиальный;общего назначения;450–1100 мм (до метра);3–7,5 кВт;свой снимок;10;"Фотореалистичная предметная фотография для каталога. Подкадр F00135-r (10 из 1056 позиций кадра F00135). Отличие от соседних подкадров: тип — общего назначения; 3–7,5 кВт; габариты 450–1100 мм (до метра). Что в кадре: вентилятор радиальный, общего назначения, 3–7,5 кВт, габариты 450–1100 мм (до метра). Как выглядит: радиальный вентилятор: спиральный корпус-улитка, рабочее колесо с лопатками, двигатель на раме. По данным позиций кадра: форма корпуса — улитка; исполнение — общего назначения. Масштаб: наружный диаметр около 500 мм (медиана по позициям) — крупное изделие, до метра. Ракурс и композиция: 3/4 немного сверху, изделие целиком по центру, занимает около 70 % кадра. Фон: светлый нейтральный бесшовный #F4F6F9 без текстуры и горизонта. Свет: мягкий студийный из большого софтбокса, мягкая тень под предметом, резкость по всему предмету. Не должно быть: чужих логотипов, названий заводов и брендов, водяных знаков, надписей и любого текста, людей и рук, лишних предметов. Итог: квадрат 1200×1200 px, WebP.";"Photorealistic catalog product photo. Distinctive for this variant: 3-7.5 kW; 450-1100 mm, up to one metre. Radial fan. Centrifugal fan, scroll housing, bladed impeller, motor on a frame. Scale: outer diameter about 500 mm, large item, up to one metre. Three-quarter view from slightly above, whole item centred, filling about 70% of the frame. Plain seamless light neutral background #F4F6F9, no texture, no horizon line. Soft large-softbox studio lighting, soft contact shadow underneath, sharp focus across the whole item, photorealistic e-commerce catalog product photo, high detail, 85mm lens look, square 1:1, 1200x1200.";text, letters, numbers, logo, brand name, manufacturer marking, watermark, printed label, people, hands, faces, multiple products, cluttered background, props, distorted geometry, extra parts, cartoon, illustration, CGI look, blur, low resolution;текст, буквы, цифры, логотип, бренд, заводская маркировка, водяной знак, этикетка с надписями, люди, руки, лица, несколько предметов, захламленный фон, реквизит, искаженная геометрия, лишние детали, мультяшный стиль, иллюстрация, вид 3D-рендера, размытие, низкое разрешение;https://backend.cable.ru/uploads/catalog/vcp-7-40-65ddbde6c0ab5.jpg;;;;;1 фото подкадра;https://cable.ru/fans/fans-ventilyator_vtsp_7_40_5__5_5_kvt_1500_ob_min.php;https://cable.ru/fans/fans-ventilyator_vtsp_7_40_5__7_5_kvt_1500_ob_min.php;https://cable.ru/fans/fans-ventilyator_vtsp_7_40_5__7_5_kvt_2285_ob_min__shema_5.php;генерация;"Генерация по промпту; за основу — готовый снимок кадра F00135 (тот же ракурс, свет, фон), меняется только отличие подкадра.";photos/F00135-r.webp
F00135-s;F00135;3;14590;Вентиляторы;Вентилятор радиальный;вентилятор радиальный;"тип — радиальный, центробежный; у позиций разные: мощность, размер";вентилятор радиальный;радиальный, центробежный;;;свой снимок;10;"Фотореалистичная предметная фотография для каталога. Подкадр F00135-s (10 из 1056 позиций кадра F00135). Отличие от соседних подкадров: тип — радиальный, центробежный; у позиций разные: мощность, размер. Что в кадре: вентилятор радиальный, центробежный. Как выглядит: радиальный вентилятор: спиральный корпус-улитка, рабочее колесо с лопатками, двигатель на раме. По данным позиций кадра: тип — радиальный, центробежный; форма корпуса — улитка; исполнение — общего назначения (90 %). Масштаб: наружный диаметр около 755 мм (медиана по позициям) — крупное изделие, до метра. Ракурс и композиция: 3/4 немного сверху, изделие целиком по центру, занимает около 70 % кадра. Фон: светлый нейтральный бесшовный #F4F6F9 без текстуры и горизонта. Свет: мягкий студийный из большого софтбокса, мягкая тень под предметом, резкость по всему предмету. Не должно быть: чужих логотипов, названий заводов и брендов, водяных знаков, надписей и любого текста, людей и рук, лишних предметов. Итог: квадрат 1200×1200 px, WebP.";Photorealistic catalog product photo. Distinctive for this variant: type centrifugal radial. Radial fan. Centrifugal fan, scroll housing, bladed impeller, motor on a frame. Type: centrifugal radial. Scale: outer diameter about 755 mm, large item, up to one metre. Three-quarter view from slightly above, whole item centred, filling about 70% of the frame. Plain seamless light neutral background #F4F6F9, no texture, no horizon line. Soft large-softbox studio lighting, soft contact shadow underneath, sharp focus across the whole item, photorealistic e-commerce catalog product photo, high detail, 85mm lens look, square 1:1, 1200x1200.;text, letters, numbers, logo, brand name, manufacturer marking, watermark, printed label, people, hands, faces, multiple products, cluttered background, props, distorted geometry, extra parts, cartoon, illustration, CGI look, blur, low resolution;текст, буквы, цифры, логотип, бренд, заводская маркировка, водяной знак, этикетка с надписями, люди, руки, лица, несколько предметов, захламленный фон, реквизит, искаженная геометрия, лишние детали, мультяшный стиль, иллюстрация, вид 3D-рендера, размытие, низкое разрешение;https://backend.cable.ru/uploads/catalog/01-vrz-du-65ddbae1ade8b.jpg;https://backend.cable.ru/uploads/catalog/01-fan-bp-200-20-65dd9d5bd4967.jpg;https://backend.cable.ru/uploads/catalog/01-fan-bp-280-46-65dd9d650a5f6.jpg;https://backend.cable.ru/uploads/catalog/02-fan-vs-4-75-65dd9d7b66e60.jpg;https://backend.cable.ru/uploads/catalog/01-fan-bp-86-77-65dd9d75501f4.jpg;;https://cable.ru/fans/fans-vrz_du_8_0_90_kvt_1000_ob_min.php;https://cable.ru/fans/fans-ventilyator_vr_200_20_7_1__90_kvt_3000_ob_min.php;https://cable.ru/fans/fans-vr_280_46_3_15_55_0_kvt_1000_ob_min.php;генерация;"Генерация по промпту; за основу — готовый снимок кадра F00135 (тот же ракурс, свет, фон), меняется только отличие подкадра.";photos/F00135-s.webp
F00135-t;F00135;3;17487;Вентиляторы;Вентилятор радиальный;вентилятор радиальный;"тип — общего назначения; габариты 450–1100 мм (до метра)";вентилятор радиальный;общего назначения;450–1100 мм (до метра);;свой снимок;8;"Фотореалистичная предметная фотография для каталога. Подкадр F00135-t (8 из 1056 позиций кадра F00135). Отличие от соседних подкадров: тип — общего назначения; габариты 450–1100 мм (до метра). Что в кадре: вентилятор радиальный, общего назначения, габариты 450–1100 мм (до метра). Как выглядит: радиальный вентилятор: спиральный корпус-улитка, рабочее колесо с лопатками, двигатель на раме. По данным позиций кадра: форма корпуса — улитка; исполнение — общего назначения. Масштаб: наружный диаметр около 715 мм (медиана по позициям) — крупное изделие, до метра. Ракурс и композиция: 3/4 немного сверху, изделие целиком по центру, занимает около 70 % кадра. Фон: светлый нейтральный бесшовный #F4F6F9 без текстуры и горизонта. Свет: мягкий студийный из большого софтбокса, мягкая тень под предметом, резкость по всему предмету. Не должно быть: чужих логотипов, названий заводов и брендов, водяных знаков, надписей и любого текста, людей и рук, лишних предметов. Итог: квадрат 1200×1200 px, WebP.";Photorealistic catalog product photo. Distinctive for this variant: 450-1100 mm, up to one metre. Radial fan. Centrifugal fan, scroll housing, bladed impeller, motor on a frame. Scale: outer diameter about 715 mm, large item, up to one metre. Three-quarter view from slightly above, whole item centred, filling about 70% of the frame. Plain seamless light neutral background #F4F6F9, no texture, no horizon line. Soft large-softbox studio lighting, soft contact shadow underneath, sharp focus across the whole item, photorealistic e-commerce catalog product photo, high detail, 85mm lens look, square 1:1, 1200x1200.;text, letters, numbers, logo, brand name, manufacturer marking, watermark, printed label, people, hands, faces, multiple products, cluttered background, props, distorted geometry, extra parts, cartoon, illustration, CGI look, blur, low resolution;текст, буквы, цифры, логотип, бренд, заводская маркировка, водяной знак, этикетка с надписями, люди, руки, лица, несколько предметов, захламленный фон, реквизит, искаженная геометрия, лишние детали, мультяшный стиль, иллюстрация, вид 3D-рендера, размытие, низкое разрешение;https://backend.cable.ru/uploads/catalog/vcp-7-40-65ddbde6c0ab5.jpg;;;;;1 фото подкадра;https://cable.ru/fans/fans-ventilyator_vtsp_7_40_5.php;https://cable.ru/fans/fans-ventilyator_vtsp_7_40_8.php;https://cable.ru/fans/fans-ventilyator_vtsp_7_40_10.php;генерация;"Генерация по промпту; за основу — готовый снимок кадра F00135 (тот же ракурс, свет, фон), меняется только отличие подкадра.";photos/F00135-t.webp
F00135-u;F00135;3;17488;Вентиляторы;Вентилятор радиальный;вентилятор радиальный;"тип — радиальный, центробежный; 11–22 кВт; габариты 130–450 мм (с обувную коробку)";вентилятор радиальный;радиальный, центробежный;130–450 мм (с обувную коробку);11–22 кВт;свой снимок;8;"Фотореалистичная предметная фотография для каталога. Подкадр F00135-u (8 из 1056 позиций кадра F00135). Отличие от соседних подкадров: тип — радиальный, центробежный; 11–22 кВт; габариты 130–450 мм (с обувную коробку). Что в кадре: вентилятор радиальный, центробежный, 11–22 кВт, габариты 130–450 мм (с обувную коробку). Как выглядит: радиальный вентилятор: спиральный корпус-улитка, рабочее колесо с лопатками, двигатель на раме. По данным позиций кадра: тип — радиальный, центробежный; форма корпуса — улитка; исполнение — общего назначения. Масштаб: наружный диаметр около 425 мм (медиана по позициям) — размером примерно с обувную коробку. Ракурс и композиция: 3/4 немного сверху, изделие целиком по центру, занимает около 70 % кадра. Фон: светлый нейтральный бесшовный #F4F6F9 без текстуры и горизонта. Свет: мягкий студийный из большого софтбокса, мягкая тень под предметом, резкость по всему предмету. Не должно быть: чужих логотипов, названий заводов и брендов, водяных знаков, надписей и любого текста, людей и рук, лишних предметов. Итог: квадрат 1200×1200 px, WebP.";"Photorealistic catalog product photo. Distinctive for this variant: type centrifugal radial; 11-22 kW; 130-450 mm, shoebox size. Radial fan. Centrifugal fan, scroll housing, bladed impeller, motor on a frame. Type: centrifugal radial. Scale: outer diameter about 425 mm, about shoebox size. Three-quarter view from slightly above, whole item centred, filling about 70% of the frame. Plain seamless light neutral background #F4F6F9, no texture, no horizon line. Soft large-softbox studio lighting, soft contact shadow underneath, sharp focus across the whole item, photorealistic e-commerce catalog product photo, high detail, 85mm lens look, square 1:1, 1200x1200.";text, letters, numbers, logo, brand name, manufacturer marking, watermark, printed label, people, hands, faces, multiple products, cluttered background, props, distorted geometry, extra parts, cartoon, illustration, CGI look, blur, low resolution;текст, буквы, цифры, логотип, бренд, заводская маркировка, водяной знак, этикетка с надписями, люди, руки, лица, несколько предметов, захламленный фон, реквизит, искаженная геометрия, лишние детали, мультяшный стиль, иллюстрация, вид 3D-рендера, размытие, низкое разрешение;https://backend.cable.ru/uploads/catalog/02-fan-bp-300-45-65dd9d75c4c79.jpg;https://backend.cable.ru/uploads/catalog/01-vr-12-26-65ddbae2e51e2.jpg;https://backend.cable.ru/uploads/catalog/01-fan-bp-200-20-65dd9d5bd4967.jpg;https://backend.cable.ru/uploads/catalog/01-fan-bp-280-46-65dd9d650a5f6.jpg;;4 фото подкадра;https://cable.ru/fans/fans-ventilyator_vr_300_45_4__11_kvt_1500_ob_min.php;https://cable.ru/fans/fans-vr_12_26_4_0_11_kvt_3000_ob_min.php;https://cable.ru/fans/fans-ventilyator_vr_200_20_4_5__11_kvt_3000_ob_min.php;генерация;"Генерация по промпту; за основу — готовый снимок кадра F00135 (тот же ракурс, свет, фон), меняется только отличие подкадра.";photos/F00135-u.webp
F00135-v;F00135;5;28722;Вентиляторы;Вентилятор радиальный;вентилятор радиальный;прочие позиции кадра;;;;;прочие позиции кадра — снимок кадра;1;"Фотореалистичная предметная фотография для каталога. Подкадр F00135-v — прочие позиции кадра F00135 (1 из 1056), у которых нет общего заметного отличия от остальных 21 подкадров кадра; снимок как у кадра F00135. Что в кадре: вентилятор радиальный, 3–7,5 кВт, габариты 130–450 мм (с обувную коробку). Как выглядит: радиальный вентилятор: спиральный корпус-улитка, рабочее колесо с лопатками, двигатель на раме. По данным позиций кадра: тип — радиальный; форма корпуса — улитка; исполнение — общего назначения. Масштаб: наружный диаметр около 400 мм (медиана по позициям) — размером примерно с обувную коробку. Ракурс и композиция: 3/4 немного сверху, изделие целиком по центру, занимает около 70 % кадра. Фон: светлый нейтральный бесшовный #F4F6F9 без текстуры и горизонта. Свет: мягкий студийный из большого софтбокса, мягкая тень под предметом, резкость по всему предмету. Не должно быть: чужих логотипов, названий заводов и брендов, водяных знаков, надписей и любого текста, людей и рук, лишних предметов. Итог: квадрат 1200×1200 px, WebP.";Photorealistic catalog product photo. Radial fan. Centrifugal fan, scroll housing, bladed impeller, motor on a frame. Type: radial. Scale: outer diameter about 400 mm, about shoebox size. Three-quarter view from slightly above, whole item centred, filling about 70% of the frame. Plain seamless light neutral background #F4F6F9, no texture, no horizon line. Soft large-softbox studio lighting, soft contact shadow underneath, sharp focus across the whole item, photorealistic e-commerce catalog product photo, high detail, 85mm lens look, square 1:1, 1200x1200.;text, letters, numbers, logo, brand name, manufacturer marking, watermark, printed label, people, hands, faces, multiple products, cluttered background, props, distorted geometry, extra parts, cartoon, illustration, CGI look, blur, low resolution;текст, буквы, цифры, логотип, бренд, заводская маркировка, водяной знак, этикетка с надписями, люди, руки, лица, несколько предметов, захламленный фон, реквизит, искаженная геометрия, лишние детали, мультяшный стиль, иллюстрация, вид 3D-рендера, размытие, низкое разрешение;https://backend.cable.ru/uploads/catalog/vcp-7-40-65ddbde6c0ab5.jpg;;;;;1 фото подкадра;https://cable.ru/fans/fans-radialnii_ventilyator_vtsp_7_40_4_5_5_kvt_3000_ob_min_prav.php;;;снимок кадра;Отдельный снимок не нужен: на эти позиции встает снимок кадра F00135 (файл photos/F00135.webp).;— (используется photos/F00135.webp)
F00274-a;F00274;2;2324;Вентиляторы;Вентилятор осевой;вентилятор осевой;"3–7,5 кВт; габариты 450–1100 мм (до метра)";вентилятор осевой;;450–1100 мм (до метра);3–7,5 кВт;свой снимок;65;"Фотореалистичная предметная фотография для каталога. Подкадр F00274-a (65 из 501 позиций кадра F00274). Отличие от соседних подкадров: 3–7,5 кВт; габариты 450–1100 мм (до метра). Что в кадре: вентилятор осевой, 3–7,5 кВт, габариты 450–1100 мм (до метра). Как выглядит: осевой вентилятор: круглая обечайка с крыльчаткой и решеткой, двигатель по центру. По данным позиций кадра: тип — осевой; форма корпуса — круглый; исполнение — общего назначения. Масштаб: наружный диаметр около 710 мм (медиана по позициям) — крупное изделие, до метра. Ракурс и композиция: 3/4 немного сверху, изделие целиком по центру, занимает около 70 % кадра. Фон: светлый нейтральный бесшовный #F4F6F9 без текстуры и горизонта. Свет: мягкий студийный из большого софтбокса, мягкая тень под предметом, резкость по всему предмету. Не должно быть: чужих логотипов, названий заводов и брендов, водяных знаков, надписей и любого текста, людей и рук, лишних предметов. Итог: квадрат 1200×1200 px, WebP.";"Photorealistic catalog product photo. Distinctive for this variant: 3-7.5 kW; 450-1100 mm, up to one metre. Axial fan. Axial fan, round casing with propeller blades and guard. Type: axial; housing shape: round. Scale: outer diameter about 710 mm, large item, up to one metre. Three-quarter view from slightly above, whole item centred, filling about 70% of the frame. Plain seamless light neutral background #F4F6F9, no texture, no horizon line. Soft large-softbox studio lighting, soft contact shadow underneath, sharp focus across the whole item, photorealistic e-commerce catalog product photo, high detail, 85mm lens look, square 1:1, 1200x1200.";text, letters, numbers, logo, brand name, manufacturer marking, watermark, printed label, people, hands, faces, multiple products, cluttered background, props, distorted geometry, extra parts, cartoon, illustration, CGI look, blur, low resolution;текст, буквы, цифры, логотип, бренд, заводская маркировка, водяной знак, этикетка с надписями, люди, руки, лица, несколько предметов, захламленный фон, реквизит, искаженная геометрия, лишние детали, мультяшный стиль, иллюстрация, вид 3D-рендера, размытие, низкое разрешение;https://backend.cable.ru/uploads/catalog/01-fan-bo-21-12-65dd9de91988e.jpg;https://backend.cable.ru/uploads/catalog/01-fan-bo-13-284-65dd9dc20f19e.jpg;https://backend.cable.ru/uploads/catalog/01-fan-bo-30-160-65dd9de5dcc2a.jpg;https://backend.cable.ru/uploads/catalog/01-voe-65ddbae5b3c52.jpg;;4 фото подкадра;https://cable.ru/fans/fans-ventilyator_vo_21_12_5__3_kvt_3000_ob_min.php;https://cable.ru/fans/fans-ventilyator_vo_13_284_5__3_kvt_3000_ob_min.php;https://cable.ru/fans/fans-ventilyator_vo_30_160_8__4_kvt_1500_ob_min.php;генерация;"Генерация по промпту; за основу — готовый снимок кадра F00274 (тот же ракурс, свет, фон), меняется только отличие подкадра.";photos/F00274-a.webp
F00274-b;F00274;2;3314;Вентиляторы;Вентилятор осевой;вентилятор осевой;"тип — аксиальный, осевой; 3–7,5 кВт; габариты 450–1100 мм (до метра)";вентилятор осевой;аксиальный, осевой;450–1100 мм (до метра);3–7,5 кВт;свой снимок;47;"Фотореалистичная предметная фотография для каталога. Подкадр F00274-b (47 из 501 позиций кадра F00274). Отличие от соседних подкадров: тип — аксиальный, осевой; 3–7,5 кВт; габариты 450–1100 мм (до метра). Что в кадре: вентилятор осевой, аксиальный, 3–7,5 кВт, габариты 450–1100 мм (до метра). Как выглядит: осевой вентилятор: круглая обечайка с крыльчаткой и решеткой, двигатель по центру. По данным позиций кадра: тип — аксиальный, осевой; форма корпуса — круглый; исполнение — общего назначения. Масштаб: наружный диаметр около 800 мм (медиана по позициям) — крупное изделие, до метра. Ракурс и композиция: 3/4 немного сверху, изделие целиком по центру, занимает около 70 % кадра. Фон: светлый нейтральный бесшовный #F4F6F9 без текстуры и горизонта. Свет: мягкий студийный из большого софтбокса, мягкая тень под предметом, резкость по всему предмету. Не должно быть: чужих логотипов, названий заводов и брендов, водяных знаков, надписей и любого текста, людей и рук, лишних предметов. Итог: квадрат 1200×1200 px, WebP.";"Photorealistic catalog product photo. Distinctive for this variant: 3-7.5 kW; 450-1100 mm, up to one metre. Axial fan. Axial fan, round casing with propeller blades and guard. Housing shape: round. Scale: outer diameter about 800 mm, large item, up to one metre. Three-quarter view from slightly above, whole item centred, filling about 70% of the frame. Plain seamless light neutral background #F4F6F9, no texture, no horizon line. Soft large-softbox studio lighting, soft contact shadow underneath, sharp focus across the whole item, photorealistic e-commerce catalog product photo, high detail, 85mm lens look, square 1:1, 1200x1200.";text, letters, numbers, logo, brand name, manufacturer marking, watermark, printed label, people, hands, faces, multiple products, cluttered background, props, distorted geometry, extra parts, cartoon, illustration, CGI look, blur, low resolution;текст, буквы, цифры, логотип, бренд, заводская маркировка, водяной знак, этикетка с надписями, люди, руки, лица, несколько предметов, захламленный фон, реквизит, искаженная геометрия, лишние детали, мультяшный стиль, иллюстрация, вид 3D-рендера, размытие, низкое разрешение;https://backend.cable.ru/uploads/catalog/01-ywf-65ddbae6290a7.jpg;https://backend.cable.ru/uploads/catalog/01-fan-bo-65dd9d69b77be.jpg;https://backend.cable.ru/uploads/catalog/01-fan-bo-06-300-65dd9d68adb73.jpg;https://backend.cable.ru/uploads/catalog/02-fan-bo-25-188-65ddac56a24fc.jpg;;4 фото подкадра;https://cable.ru/fans/fans-ventilyator_ywf_k_6d_910.php;https://cable.ru/fans/fans-ventilyator_vo_10_0__3_kvt_750_ob_min.php;https://cable.ru/fans/fans-ventilyator_vo_06_300_8__3_0_kvt_1500_ob_min.php;генерация;"Генерация по промпту; за основу — готовый снимок кадра F00274 (тот же ракурс, свет, фон), меняется только отличие подкадра.";photos/F00274-b.webp
F00274-c;F00274;2;3386;Вентиляторы;Вентилятор осевой;вентилятор осевой;"тип — аксиальный, осевой; 1–2,2 кВт; габариты 450–1100 мм (до метра)";вентилятор осевой;аксиальный, осевой;450–1100 мм (до метра);1–2,2 кВт;свой снимок;46;"Фотореалистичная предметная фотография для каталога. Подкадр F00274-c (46 из 501 позиций кадра F00274). Отличие от соседних подкадров: тип — аксиальный, осевой; 1–2,2 кВт; габариты 450–1100 мм (до метра). Что в кадре: вентилятор осевой, аксиальный, 1–2,2 кВт, габариты 450–1100 мм (до метра). Как выглядит: осевой вентилятор: круглая обечайка с крыльчаткой и решеткой, двигатель по центру. По данным позиций кадра: тип — аксиальный, осевой; форма корпуса — круглый; исполнение — общего назначения. Масштаб: наружный диаметр около 800 мм (медиана по позициям) — крупное изделие, до метра. Ракурс и композиция: 3/4 немного сверху, изделие целиком по центру, занимает около 70 % кадра. Фон: светлый нейтральный бесшовный #F4F6F9 без текстуры и горизонта. Свет: мягкий студийный из большого софтбокса, мягкая тень под предметом, резкость по всему предмету. Не должно быть: чужих логотипов, названий заводов и брендов, водяных знаков, надписей и любого текста, людей и рук, лишних предметов. Итог: квадрат 1200×1200 px, WebP.";"Photorealistic catalog product photo. Distinctive for this variant: 1-2.2 kW; 450-1100 mm, up to one metre. Axial fan. Axial fan, round casing with propeller blades and guard. Housing shape: round. Scale: outer diameter about 800 mm, large item, up to one metre. Three-quarter view from slightly above, whole item centred, filling about 70% of the frame. Plain seamless light neutral background #F4F6F9, no texture, no horizon line. Soft large-softbox studio lighting, soft contact shadow underneath, sharp focus across the whole item, photorealistic e-commerce catalog product photo, high detail, 85mm lens look, square 1:1, 1200x1200.";text, letters, numbers, logo, brand name, manufacturer marking, watermark, printed label, people, hands, faces, multiple products, cluttered background, props, distorted geometry, extra parts, cartoon, illustration, CGI look, blur, low resolution;текст, буквы, цифры, логотип, бренд, заводская маркировка, водяной знак, этикетка с надписями, люди, руки, лица, несколько предметов, захламленный фон, реквизит, искаженная геометрия, лишние детали, мультяшный стиль, иллюстрация, вид 3D-рендера, размытие, низкое разрешение;https://backend.cable.ru/uploads/catalog/01-ywf-65ddbae6290a7.jpg;https://backend.cable.ru/uploads/catalog/01-fan-bo-65dd9d69b77be.jpg;https://backend.cable.ru/uploads/catalog/01-fan-bo-06-300-65dd9d68adb73.jpg;;;3 фото подкадра;https://cable.ru/fans/fans-ventilyator_ywf_k_4d_630.php;https://cable.ru/fans/fans-ventilyator_vo_9_0__1_1_kvt_750_ob_min.php;https://cable.ru/fans/fans-ventilyator_vo_06_300_8__1_10_kvt_1000_ob_min.php;генерация;"Генерация по промпту; за основу — готовый снимок кадра F00274 (тот же ракурс, свет, фон), меняется только отличие подкадра.";photos/F00274-c.webp
F00274-d;F00274;2;3846;Вентиляторы;Вентилятор осевой;вентилятор осевой;"тип — аксиальный, осевой; до 0,75 кВт; габариты 450–1100 мм (до метра)";вентилятор осевой;аксиальный, осевой;450–1100 мм (до метра);до 0,75 кВт;свой снимок;41;"Фотореалистичная предметная фотография для каталога. Подкадр F00274-d (41 из 501 позиций кадра F00274). Отличие от соседних подкадров: тип — аксиальный, осевой; до 0,75 кВт; габариты 450–1100 мм (до метра). Что в кадре: вентилятор осевой, аксиальный, до 0,75 кВт, габариты 450–1100 мм (до метра). Как выглядит: осевой вентилятор: круглая обечайка с крыльчаткой и решеткой, двигатель по центру. По данным позиций кадра: тип — аксиальный, осевой; форма корпуса — круглый; исполнение — общего назначения. Масштаб: наружный диаметр около 630 мм (медиана по позициям) — крупное изделие, до метра. Ракурс и композиция: 3/4 немного сверху, изделие целиком по центру, занимает около 70 % кадра. Фон: светлый нейтральный бесшовный #F4F6F9 без текстуры и горизонта. Свет: мягкий студийный из большого софтбокса, мягкая тень под предметом, резкость по всему предмету. Не должно быть: чужих логотипов, названий заводов и брендов, водяных знаков, надписей и любого текста, людей и рук, лишних предметов. Итог: квадрат 1200×1200 px, WebP.";"Photorealistic catalog product photo. Distinctive for this variant: up to 0.75 kW; 450-1100 mm, up to one metre. Axial fan. Axial fan, round casing with propeller blades and guard. Housing shape: round. Scale: outer diameter about 630 mm, large item, up to one metre. Three-quarter view from slightly above, whole item centred, filling about 70% of the frame. Plain seamless light neutral background #F4F6F9, no texture, no horizon line. Soft large-softbox studio lighting, soft contact shadow underneath, sharp focus across the whole item, photorealistic e-commerce catalog product photo, high detail, 85mm lens look, square 1:1, 1200x1200.";text, letters, numbers, logo, brand name, manufacturer marking, watermark, printed label, people, hands, faces, multiple products, cluttered background, props, distorted geometry, extra parts, cartoon, illustration, CGI look, blur, low resolution;текст, буквы, цифры, логотип, бренд, заводская маркировка, водяной знак, этикетка с надписями, люди, руки, лица, несколько предметов, захламленный фон, реквизит, искаженная геометрия, лишние детали, мультяшный стиль, иллюстрация, вид 3D-рендера, размытие, низкое разрешение;https://backend.cable.ru/uploads/catalog/01-ywf-65ddbae6290a7.jpg;https://backend.cable.ru/uploads/catalog/01-fan-bo-65dd9d69b77be.jpg;https://backend.cable.ru/uploads/catalog/01-fan-bo-06-300-65dd9d68adb73.jpg;;;3 фото подкадра;https://cable.ru/fans/fans-ventilyator_ywf_k_4d_500.php;https://cable.ru/fans/fans-ventilyator_vo_9_0__0_37_kvt_750_ob_min.php;https://cable.ru/fans/fans-ventilyator_vo_06_300_5__0_37_kvt_1500_ob_min.php;генерация;"Генерация по промпту; за основу — готовый снимок кадра F00274 (тот же ракурс, свет, фон), меняется только отличие подкадра.";photos/F00274-d.webp
F00274-e;F00274;2;4427;Вентиляторы;Вентилятор осевой;вентилятор осевой;"11–22 кВт; габариты 450–1100 мм (до метра)";вентилятор осевой;;450–1100 мм (до метра);11–22 кВт;свой снимок;36;"Фотореалистичная предметная фотография для каталога. Подкадр F00274-e (36 из 501 позиций кадра F00274). Отличие от соседних подкадров: 11–22 кВт; габариты 450–1100 мм (до метра). Что в кадре: вентилятор осевой, 11–22 кВт, габариты 450–1100 мм (до метра). Как выглядит: осевой вентилятор: круглая обечайка с крыльчаткой и решеткой, двигатель по центру. По данным позиций кадра: тип — осевой; форма корпуса — круглый; исполнение — общего назначения. Масштаб: наружный диаметр около 850 мм (медиана по позициям) — крупное изделие, до метра. Ракурс и композиция: 3/4 немного сверху, изделие целиком по центру, занимает около 70 % кадра. Фон: светлый нейтральный бесшовный #F4F6F9 без текстуры и горизонта. Свет: мягкий студийный из большого софтбокса, мягкая тень под предметом, резкость по всему предмету. Не должно быть: чужих логотипов, названий заводов и брендов, водяных знаков, надписей и любого текста, людей и рук, лишних предметов. Итог: квадрат 1200×1200 px, WebP.";"Photorealistic catalog product photo. Distinctive for this variant: 11-22 kW; 450-1100 mm, up to one metre. Axial fan. Axial fan, round casing with propeller blades and guard. Type: axial; housing shape: round. Scale: outer diameter about 850 mm, large item, up to one metre. Three-quarter view from slightly above, whole item centred, filling about 70% of the frame. Plain seamless light neutral background #F4F6F9, no texture, no horizon line. Soft large-softbox studio lighting, soft contact shadow underneath, sharp focus across the whole item, photorealistic e-commerce catalog product photo, high detail, 85mm lens look, square 1:1, 1200x1200.";text, letters, numbers, logo, brand name, manufacturer marking, watermark, printed label, people, hands, faces, multiple products, cluttered background, props, distorted geometry, extra parts, cartoon, illustration, CGI look, blur, low resolution;текст, буквы, цифры, логотип, бренд, заводская маркировка, водяной знак, этикетка с надписями, люди, руки, лица, несколько предметов, захламленный фон, реквизит, искаженная геометрия, лишние детали, мультяшный стиль, иллюстрация, вид 3D-рендера, размытие, низкое разрешение;https://backend.cable.ru/uploads/catalog/01-vme-65ddbae5dd21e.jpg;https://backend.cable.ru/uploads/catalog/01-fan-bo-21-12-65dd9de91988e.jpg;https://backend.cable.ru/uploads/catalog/01-fan-bo-13-284-65dd9dc20f19e.jpg;https://backend.cable.ru/uploads/catalog/01-fan-bo-30-160-65dd9de5dcc2a.jpg;;4 фото подкадра;https://cable.ru/fans/fans-vme_5_15_kvt_3000_ob_min.php;https://cable.ru/fans/fans-ventilyator_vo_21_12_8__11_kvt_1500_ob_min.php;https://cable.ru/fans/fans-ventilyator_vo_13_284_5__11_kvt_3000_ob_min.php;генерация;"Генерация по промпту; за основу — готовый снимок кадра F00274 (тот же ракурс, свет, фон), меняется только отличие подкадра.";photos/F00274-e.webp
F00274-f;F00274;2;4428;Вентиляторы;Вентилятор осевой;вентилятор осевой;"тип — аксиальный, осевой; до 0,75 кВт; габариты 130–450 мм (с обувную коробку)";вентилятор осевой;аксиальный, осевой;130–450 мм (с обувную коробку);до 0,75 кВт;свой снимок;36;"Фотореалистичная предметная фотография для каталога. Подкадр F00274-f (36 из 501 позиций кадра F00274). Отличие от соседних подкадров: тип — аксиальный, осевой; до 0,75 кВт; габариты 130–450 мм (с обувную коробку). Что в кадре: вентилятор осевой, аксиальный, до 0,75 кВт, габариты 130–450 мм (с обувную коробку). Как выглядит: осевой вентилятор: круглая обечайка с крыльчаткой и решеткой, двигатель по центру. По данным позиций кадра: тип — аксиальный, осевой; форма корпуса — круглый; исполнение — общего назначения. Масштаб: наружный диаметр около 375 мм (медиана по позициям) — размером примерно с обувную коробку. Ракурс и композиция: 3/4 немного сверху, изделие целиком по центру, занимает около 70 % кадра. Фон: светлый нейтральный бесшовный #F4F6F9 без текстуры и горизонта. Свет: мягкий студийный из большого софтбокса, мягкая тень под предметом, резкость по всему предмету. Не должно быть: чужих логотипов, названий заводов и брендов, водяных знаков, надписей и любого текста, людей и рук, лишних предметов. Итог: квадрат 1200×1200 px, WebP.";"Photorealistic catalog product photo. Distinctive for this variant: up to 0.75 kW; 130-450 mm, shoebox size. Axial fan. Axial fan, round casing with propeller blades and guard. Housing shape: round. Scale: outer diameter about 375 mm, about shoebox size. Three-quarter view from slightly above, whole item centred, filling about 70% of the frame. Plain seamless light neutral background #F4F6F9, no texture, no horizon line. Soft large-softbox studio lighting, soft contact shadow underneath, sharp focus across the whole item, photorealistic e-commerce catalog product photo, high detail, 85mm lens look, square 1:1, 1200x1200.";text, letters, numbers, logo, brand name, manufacturer marking, watermark, printed label, people, hands, faces, multiple products, cluttered background, props, distorted geometry, extra parts, cartoon, illustration, CGI look, blur, low resolution;текст, буквы, цифры, логотип, бренд, заводская маркировка, водяной знак, этикетка с надписями, люди, руки, лица, несколько предметов, захламленный фон, реквизит, искаженная геометрия, лишние детали, мультяшный стиль, иллюстрация, вид 3D-рендера, размытие, низкое разрешение;https://backend.cable.ru/uploads/catalog/01-ywf-65ddbae6290a7.jpg;https://backend.cable.ru/uploads/catalog/02-fan-bo-65dd9d698e919.jpg;https://backend.cable.ru/uploads/catalog/01-fan-bo-65dd9d69b77be.jpg;https://backend.cable.ru/uploads/catalog/vo-06-300-65ddbde7310f4.jpg;https://backend.cable.ru/uploads/catalog/01-fan-bo-06-300-65dd9d68adb73.jpg;;https://cable.ru/fans/fans-ventilyator_ywf_k_2d_300.php;https://cable.ru/fans/fans-ventilyator_vo_4_0__0_37_kvt_1500_ob_min.php;https://cable.ru/fans/fans-ventilyator_vo_4_5__0_37_kvt_1500_ob_min.php;генерация;"Генерация по промпту; за основу — готовый снимок кадра F00274 (тот же ракурс, свет, фон), меняется только отличие подкадра.";photos/F00274-f.webp
F00274-g;F00274;2;5397;Вентиляторы;Вентилятор осевой;вентилятор осевой;"1–2,2 кВт; габариты 450–1100 мм (до метра)";вентилятор осевой;;450–1100 мм (до метра);1–2,2 кВт;свой снимок;30;"Фотореалистичная предметная фотография для каталога. Подкадр F00274-g (30 из 501 позиций кадра F00274). Отличие от соседних подкадров: 1–2,2 кВт; габариты 450–1100 мм (до метра). Что в кадре: вентилятор осевой, 1–2,2 кВт, габариты 450–1100 мм (до метра). Как выглядит: осевой вентилятор: круглая обечайка с крыльчаткой и решеткой, двигатель по центру. По данным позиций кадра: тип — осевой; форма корпуса — круглый; исполнение — общего назначения. Масштаб: наружный диаметр около 630 мм (медиана по позициям) — крупное изделие, до метра. Ракурс и композиция: 3/4 немного сверху, изделие целиком по центру, занимает около 70 % кадра. Фон: светлый нейтральный бесшовный #F4F6F9 без текстуры и горизонта. Свет: мягкий студийный из большого софтбокса, мягкая тень под предметом, резкость по всему предмету. Не должно быть: чужих логотипов, названий заводов и брендов, водяных знаков, надписей и любого текста, людей и рук, лишних предметов. Итог: квадрат 1200×1200 px, WebP.";"Photorealistic catalog product photo. Distinctive for this variant: 1-2.2 kW; 450-1100 mm, up to one metre. Axial fan. Axial fan, round casing with propeller blades and guard. Type: axial; housing shape: round. Scale: outer diameter about 630 mm, large item, up to one metre. Three-quarter view from slightly above, whole item centred, filling about 70% of the frame. Plain seamless light neutral background #F4F6F9, no texture, no horizon line. Soft large-softbox studio lighting, soft contact shadow underneath, sharp focus across the whole item, photorealistic e-commerce catalog product photo, high detail, 85mm lens look, square 1:1, 1200x1200.";text, letters, numbers, logo, brand name, manufacturer marking, watermark, printed label, people, hands, faces, multiple products, cluttered background, props, distorted geometry, extra parts, cartoon, illustration, CGI look, blur, low resolution;текст, буквы, цифры, логотип, бренд, заводская маркировка, водяной знак, этикетка с надписями, люди, руки, лица, несколько предметов, захламленный фон, реквизит, искаженная геометрия, лишние детали, мультяшный стиль, иллюстрация, вид 3D-рендера, размытие, низкое разрешение;https://backend.cable.ru/uploads/catalog/01-fan-bo-21-12-65dd9de91988e.jpg;https://backend.cable.ru/uploads/catalog/01-fan-bo-13-284-65dd9dc20f19e.jpg;https://backend.cable.ru/uploads/catalog/01-fan-bo-30-160-65dd9de5dcc2a.jpg;https://backend.cable.ru/uploads/catalog/01-ywf-65ddbae6290a7.jpg;https://backend.cable.ru/uploads/catalog/vo-06-300-65ddbde7310f4.jpg;;https://cable.ru/fans/fans-ventilyator_vo_21_12_5__1_1_kvt_3000_ob_min.php;https://cable.ru/fans/fans-ventilyator_vo_13_284_5__1_1_kvt_1500_ob_min.php;https://cable.ru/fans/fans-ventilyator_vo_30_160_9__2_2_kvt_1000_ob_min.php;генерация;"Генерация по промпту; за основу — готовый снимок кадра F00274 (тот же ракурс, свет, фон), меняется только отличие подкадра.";photos/F00274-g.webp
F00274-h;F00274;2;5398;Вентиляторы;Вентилятор осевой;вентилятор осевой;"до 0,75 кВт; габариты 130–450 мм (с обувную коробку)";вентилятор осевой;;130–450 мм (с обувную коробку);до 0,75 кВт;свой снимок;30;"Фотореалистичная предметная фотография для каталога. Подкадр F00274-h (30 из 501 позиций кадра F00274). Отличие от соседних подкадров: до 0,75 кВт; габариты 130–450 мм (с обувную коробку). Что в кадре: вентилятор осевой, до 0,75 кВт, габариты 130–450 мм (с обувную коробку). Как выглядит: осевой вентилятор: круглая обечайка с крыльчаткой и решеткой, двигатель по центру. По данным позиций кадра: тип — осевой; форма корпуса — круглый; исполнение — общего назначения. Масштаб: наружный диаметр около 350 мм (медиана по позициям) — размером примерно с обувную коробку. Ракурс и композиция: 3/4 немного сверху, изделие целиком по центру, занимает около 70 % кадра. Фон: светлый нейтральный бесшовный #F4F6F9 без текстуры и горизонта. Свет: мягкий студийный из большого софтбокса, мягкая тень под предметом, резкость по всему предмету. Не должно быть: чужих логотипов, названий заводов и брендов, водяных знаков, надписей и любого текста, людей и рук, лишних предметов. Итог: квадрат 1200×1200 px, WebP.";"Photorealistic catalog product photo. Distinctive for this variant: up to 0.75 kW; 130-450 mm, shoebox size. Axial fan. Axial fan, round casing with propeller blades and guard. Type: axial; housing shape: round. Scale: outer diameter about 350 mm, about shoebox size. Three-quarter view from slightly above, whole item centred, filling about 70% of the frame. Plain seamless light neutral background #F4F6F9, no texture, no horizon line. Soft large-softbox studio lighting, soft contact shadow underneath, sharp focus across the whole item, photorealistic e-commerce catalog product photo, high detail, 85mm lens look, square 1:1, 1200x1200.";text, letters, numbers, logo, brand name, manufacturer marking, watermark, printed label, people, hands, faces, multiple products, cluttered background, props, distorted geometry, extra parts, cartoon, illustration, CGI look, blur, low resolution;текст, буквы, цифры, логотип, бренд, заводская маркировка, водяной знак, этикетка с надписями, люди, руки, лица, несколько предметов, захламленный фон, реквизит, искаженная геометрия, лишние детали, мультяшный стиль, иллюстрация, вид 3D-рендера, размытие, низкое разрешение;https://backend.cable.ru/uploads/catalog/01-fan-bo-06-300-65dd9d68adb73.jpg;https://backend.cable.ru/uploads/catalog/02-fan-bo-06-300-65dd9d68865bc.jpg;https://backend.cable.ru/uploads/catalog/01-ywf-65ddbae6290a7.jpg;https://backend.cable.ru/uploads/catalog/01-fan-bo-13-284-65dd9dc20f19e.jpg;https://backend.cable.ru/uploads/catalog/02-vo-65ddbae5247af.jpg;;https://cable.ru/fans/fans-vo_1_7_0_07_kvt_1300_ob_min_elkom_sk.php;https://cable.ru/fans/fans-vo_2_0_0_07_kvt_1300_ob_min_elkom_sk.php;https://cable.ru/fans/fans-ywf2e_200b_0_05_kvt_2500_ob_min.php;генерация;"Генерация по промпту; за основу — готовый снимок кадра F00274 (тот же ракурс, свет, фон), меняется только отличие подкадра.";photos/F00274-h.webp
F00274-i;F00274;2;6429;Вентиляторы;Вентилятор осевой;вентилятор осевой;"до 0,75 кВт; габариты 450–1100 мм (до метра)";вентилятор осевой;;450–1100 мм (до метра);до 0,75 кВт;свой снимок;25;"Фотореалистичная предметная фотография для каталога. Подкадр F00274-i (25 из 501 позиций кадра F00274). Отличие от соседних подкадров: до 0,75 кВт; габариты 450–1100 мм (до метра). Что в кадре: вентилятор осевой, до 0,75 кВт, габариты 450–1100 мм (до метра). Как выглядит: осевой вентилятор: круглая обечайка с крыльчаткой и решеткой, двигатель по центру. По данным позиций кадра: тип — осевой (92 %); форма корпуса — круглый; исполнение — общего назначения. Масштаб: наружный диаметр около 550 мм (медиана по позициям) — крупное изделие, до метра. Ракурс и композиция: 3/4 немного сверху, изделие целиком по центру, занимает около 70 % кадра. Фон: светлый нейтральный бесшовный #F4F6F9 без текстуры и горизонта. Свет: мягкий студийный из большого софтбокса, мягкая тень под предметом, резкость по всему предмету. Не должно быть: чужих логотипов, названий заводов и брендов, водяных знаков, надписей и любого текста, людей и рук, лишних предметов. Итог: квадрат 1200×1200 px, WebP.";"Photorealistic catalog product photo. Distinctive for this variant: up to 0.75 kW; 450-1100 mm, up to one metre. Axial fan. Axial fan, round casing with propeller blades and guard. Type: axial; housing shape: round. Scale: outer diameter about 550 mm, large item, up to one metre. Three-quarter view from slightly above, whole item centred, filling about 70% of the frame. Plain seamless light neutral background #F4F6F9, no texture, no horizon line. Soft large-softbox studio lighting, soft contact shadow underneath, sharp focus across the whole item, photorealistic e-commerce catalog product photo, high detail, 85mm lens look, square 1:1, 1200x1200.";text, letters, numbers, logo, brand name, manufacturer marking, watermark, printed label, people, hands, faces, multiple products, cluttered background, props, distorted geometry, extra parts, cartoon, illustration, CGI look, blur, low resolution;текст, буквы, цифры, логотип, бренд, заводская маркировка, водяной знак, этикетка с надписями, люди, руки, лица, несколько предметов, захламленный фон, реквизит, искаженная геометрия, лишние детали, мультяшный стиль, иллюстрация, вид 3D-рендера, размытие, низкое разрешение;https://backend.cable.ru/uploads/catalog/01-ywf-65ddbae6290a7.jpg;https://backend.cable.ru/uploads/catalog/01-fan-bo-13-284-65dd9dc20f19e.jpg;https://backend.cable.ru/uploads/catalog/01-vs-65ddbae58b4be.jpg;;;3 фото подкадра;https://cable.ru/fans/fans-ventilyator_ywf_k_4d_550.php;https://cable.ru/fans/fans-ventilyator_vo_13_284_5__0_37_kvt_1500_ob_min.php;https://cable.ru/fans/fans-vs_10_400_6_3_0_75_kvt_1500_ob_min.php;генерация;"Генерация по промпту; за основу — готовый снимок кадра F00274 (тот же ракурс, свет, фон), меняется только отличие подкадра.";photos/F00274-i.webp
F00274-j;F00274;2;6668;Вентиляторы;Вентилятор осевой;вентилятор осевой;"тип — аксиальный, осевой; 3–7,5 кВт; габариты 1,1–2,6 м (с человека)";вентилятор осевой;аксиальный, осевой;1,1–2,6 м (с человека);3–7,5 кВт;свой снимок;24;"Фотореалистичная предметная фотография для каталога. Подкадр F00274-j (24 из 501 позиций кадра F00274). Отличие от соседних подкадров: тип — аксиальный, осевой; 3–7,5 кВт; габариты 1,1–2,6 м (с человека). Что в кадре: вентилятор осевой, аксиальный, 3–7,5 кВт, габариты 1,1–2,6 м (с человека). Как выглядит: осевой вентилятор: круглая обечайка с крыльчаткой и решеткой, двигатель по центру. По данным позиций кадра: тип — аксиальный, осевой; форма корпуса — круглый; исполнение — общего назначения. Масштаб: наружный диаметр около 1185 мм (медиана по позициям) — крупное оборудование ростом примерно с человека. Ракурс и композиция: 3/4 немного сверху, изделие целиком по центру, занимает около 70 % кадра. Фон: светлый нейтральный бесшовный #F4F6F9 без текстуры и горизонта. Свет: мягкий студийный из большого софтбокса, мягкая тень под предметом, резкость по всему предмету. Не должно быть: чужих логотипов, названий заводов и брендов, водяных знаков, надписей и любого текста, людей и рук, лишних предметов. Итог: квадрат 1200×1200 px, WebP.";"Photorealistic catalog product photo. Distinctive for this variant: 3-7.5 kW; 1.1-2.6 m, about human height. Axial fan. Axial fan, round casing with propeller blades and guard. Housing shape: round. Scale: outer diameter about 1185 mm, large equipment, about human height. Three-quarter view from slightly above, whole item centred, filling about 70% of the frame. Plain seamless light neutral background #F4F6F9, no texture, no horizon line. Soft large-softbox studio lighting, soft contact shadow underneath, sharp focus across the whole item, photorealistic e-commerce catalog product photo, high detail, 85mm lens look, square 1:1, 1200x1200.";text, letters, numbers, logo, brand name, manufacturer marking, watermark, printed label, people, hands, faces, multiple products, cluttered background, props, distorted geometry, extra parts, cartoon, illustration, CGI look, blur, low resolution;текст, буквы, цифры, логотип, бренд, заводская маркировка, водяной знак, этикетка с надписями, люди, руки, лица, несколько предметов, захламленный фон, реквизит, искаженная геометрия, лишние детали, мультяшный стиль, иллюстрация, вид 3D-рендера, размытие, низкое разрешение;https://backend.cable.ru/uploads/catalog/01-fan-bo-65dd9d69b77be.jpg;https://backend.cable.ru/uploads/catalog/01-fan-bo-06-300-65dd9d68adb73.jpg;https://backend.cable.ru/uploads/catalog/02-fan-bo-25-188-65ddac56a24fc.jpg;;;3 фото подкадра;https://cable.ru/fans/fans-ventilyator_vo_11_2__3_kvt_750_ob_min.php;https://cable.ru/fans/fans-ventilyator_vo_06_300_12_5__3_0_kvt_750_ob_min.php;https://cable.ru/fans/fans-ventilyator_vo_25_188_11_2__5_5_kvt_1500_ob_min.php;генерация;"Генерация по промпту; за основу — готовый снимок кадра F00274 (тот же ракурс, свет, фон), меняется только отличие подкадра.";photos/F00274-j.webp
F00274-k;F00274;2;7978;Вентиляторы;Вентилятор осевой;вентилятор осевой;"11–22 кВт; габариты 1,1–2,6 м (с человека)";вентилятор осевой;;1,1–2,6 м (с человека);11–22 кВт;свой снимок;20;"Фотореалистичная предметная фотография для каталога. Подкадр F00274-k (20 из 501 позиций кадра F00274). Отличие от соседних подкадров: 11–22 кВт; габариты 1,1–2,6 м (с человека). Что в кадре: вентилятор осевой, 11–22 кВт, габариты 1,1–2,6 м (с человека). Как выглядит: осевой вентилятор: круглая обечайка с крыльчаткой и решеткой, двигатель по центру. По данным позиций кадра: тип — осевой; форма корпуса — круглый; исполнение — общего назначения. Масштаб: наружный диаметр около 1250 мм (медиана по позициям) — крупное оборудование ростом примерно с человека. Ракурс и композиция: 3/4 немного сверху, изделие целиком по центру, занимает около 70 % кадра. Фон: светлый нейтральный бесшовный #F4F6F9 без текстуры и горизонта. Свет: мягкий студийный из большого софтбокса, мягкая тень под предметом, резкость по всему предмету. Не должно быть: чужих логотипов, названий заводов и брендов, водяных знаков, надписей и любого текста, людей и рук, лишних предметов. Итог: квадрат 1200×1200 px, WebP.";"Photorealistic catalog product photo. Distinctive for this variant: 11-22 kW; 1.1-2.6 m, about human height. Axial fan. Axial fan, round casing with propeller blades and guard. Type: axial; housing shape: round. Scale: outer diameter about 1250 mm, large equipment, about human height. Three-quarter view from slightly above, whole item centred, filling about 70% of the frame. Plain seamless light neutral background #F4F6F9, no texture, no horizon line. Soft large-softbox studio lighting, soft contact shadow underneath, sharp focus across the whole item, photorealistic e-commerce catalog product photo, high detail, 85mm lens look, square 1:1, 1200x1200.";text, letters, numbers, logo, brand name, manufacturer marking, watermark, printed label, people, hands, faces, multiple products, cluttered background, props, distorted geometry, extra parts, cartoon, illustration, CGI look, blur, low resolution;текст, буквы, цифры, логотип, бренд, заводская маркировка, водяной знак, этикетка с надписями, люди, руки, лица, несколько предметов, захламленный фон, реквизит, искаженная геометрия, лишние детали, мультяшный стиль, иллюстрация, вид 3D-рендера, размытие, низкое разрешение;https://backend.cable.ru/uploads/catalog/01-fan-bo-21-12-65dd9de91988e.jpg;https://backend.cable.ru/uploads/catalog/01-fan-bo-13-284-65dd9dc20f19e.jpg;https://backend.cable.ru/uploads/catalog/01-fan-bo-30-160-65dd9de5dcc2a.jpg;;;3 фото подкадра;https://cable.ru/fans/fans-ventilyator_vo_21_12_11_2__11_kvt_1500_ob_min.php;https://cable.ru/fans/fans-ventilyator_vo_13_284_12_5__11_kvt_1000_ob_min.php;https://cable.ru/fans/fans-ventilyator_vo_30_160_11_2__11_kvt_1000_ob_min.php;генерация;"Генерация по промпту; за основу — готовый снимок кадра F00274 (тот же ракурс, свет, фон), меняется только отличие подкадра.";photos/F00274-k.webp
F00274-l;F00274;3;9331;Вентиляторы;Вентилятор осевой;вентилятор осевой;"тип — аксиальный, осевой; 11–22 кВт; габариты 1,1–2,6 м (с человека)";вентилятор осевой;аксиальный, осевой;1,1–2,6 м (с человека);11–22 кВт;свой снимок;17;"Фотореалистичная предметная фотография для каталога. Подкадр F00274-l (17 из 501 позиций кадра F00274). Отличие от соседних подкадров: тип — аксиальный, осевой; 11–22 кВт; габариты 1,1–2,6 м (с человека). Что в кадре: вентилятор осевой, аксиальный, 11–22 кВт, габариты 1,1–2,6 м (с человека). Как выглядит: осевой вентилятор: круглая обечайка с крыльчаткой и решеткой, двигатель по центру. По данным позиций кадра: тип — аксиальный, осевой; форма корпуса — круглый; исполнение — общего назначения. Масштаб: наружный диаметр около 1250 мм (медиана по позициям) — крупное оборудование ростом примерно с человека. Ракурс и композиция: 3/4 немного сверху, изделие целиком по центру, занимает около 70 % кадра. Фон: светлый нейтральный бесшовный #F4F6F9 без текстуры и горизонта. Свет: мягкий студийный из большого софтбокса, мягкая тень под предметом, резкость по всему предмету. Не должно быть: чужих логотипов, названий заводов и брендов, водяных знаков, надписей и любого текста, людей и рук, лишних предметов. Итог: квадрат 1200×1200 px, WebP.";"Photorealistic catalog product photo. Distinctive for this variant: 11-22 kW; 1.1-2.6 m, about human height. Axial fan. Axial fan, round casing with propeller blades and guard. Housing shape: round. Scale: outer diameter about 1250 mm, large equipment, about human height. Three-quarter view from slightly above, whole item centred, filling about 70% of the frame. Plain seamless light neutral background #F4F6F9, no texture, no horizon line. Soft large-softbox studio lighting, soft contact shadow underneath, sharp focus across the whole item, photorealistic e-commerce catalog product photo, high detail, 85mm lens look, square 1:1, 1200x1200.";text, letters, numbers, logo, brand name, manufacturer marking, watermark, printed label, people, hands, faces, multiple products, cluttered background, props, distorted geometry, extra parts, cartoon, illustration, CGI look, blur, low resolution;текст, буквы, цифры, логотип, бренд, заводская маркировка, водяной знак, этикетка с надписями, люди, руки, лица, несколько предметов, захламленный фон, реквизит, искаженная геометрия, лишние детали, мультяшный стиль, иллюстрация, вид 3D-рендера, размытие, низкое разрешение;https://backend.cable.ru/uploads/catalog/01-fan-bo-65dd9d69b77be.jpg;https://backend.cable.ru/uploads/catalog/02-fan-bo-25-188-65ddac56a24fc.jpg;;;;2 фото подкадра;https://cable.ru/fans/fans-ventilyator_vo_12_5__11_kvt_750_ob_min.php;https://cable.ru/fans/fans-ventilyator_vo_25_188_12_5__11_kvt_1500_ob_min.php;https://cable.ru/fans/fans-ventilyator_vo_12_5__22_kvt_1000_ob_min.php;генерация;"Генерация по промпту; за основу — готовый снимок кадра F00274 (тот же ракурс, свет, фон), меняется только отличие подкадра.";photos/F00274-l.webp
F00274-m;F00274;3;10415;Вентиляторы;Вентилятор осевой;вентилятор осевой;"тип — аксиальный, осевой; 11–22 кВт; габариты 450–1100 мм (до метра)";вентилятор осевой;аксиальный, осевой;450–1100 мм (до метра);11–22 кВт;свой снимок;15;"Фотореалистичная предметная фотография для каталога. Подкадр F00274-m (15 из 501 позиций кадра F00274). Отличие от соседних подкадров: тип — аксиальный, осевой; 11–22 кВт; габариты 450–1100 мм (до метра). Что в кадре: вентилятор осевой, аксиальный, 11–22 кВт, габариты 450–1100 мм (до метра). Как выглядит: осевой вентилятор: круглая обечайка с крыльчаткой и решеткой, двигатель по центру. По данным позиций кадра: тип — аксиальный, осевой; форма корпуса — круглый; исполнение — общего назначения. Масштаб: наружный диаметр около 900 мм (медиана по позициям) — крупное изделие, до метра. Ракурс и композиция: 3/4 немного сверху, изделие целиком по центру, занимает около 70 % кадра. Фон: светлый нейтральный бесшовный #F4F6F9 без текстуры и горизонта. Свет: мягкий студийный из большого софтбокса, мягкая тень под предметом, резкость по всему предмету. Не должно быть: чужих логотипов, названий заводов и брендов, водяных знаков, надписей и любого текста, людей и рук, лишних предметов. Итог: квадрат 1200×1200 px, WebP.";"Photorealistic catalog product photo. Distinctive for this variant: 11-22 kW; 450-1100 mm, up to one metre. Axial fan. Axial fan, round casing with propeller blades and guard. Housing shape: round. Scale: outer diameter about 900 mm, large item, up to one metre. Three-quarter view from slightly above, whole item centred, filling about 70% of the frame. Plain seamless light neutral background #F4F6F9, no texture, no horizon line. Soft large-softbox studio lighting, soft contact shadow underneath, sharp focus across the whole item, photorealistic e-commerce catalog product photo, high detail, 85mm lens look, square 1:1, 1200x1200.";text, letters, numbers, logo, brand name, manufacturer marking, watermark, printed label, people, hands, faces, multiple products, cluttered background, props, distorted geometry, extra parts, cartoon, illustration, CGI look, blur, low resolution;текст, буквы, цифры, логотип, бренд, заводская маркировка, водяной знак, этикетка с надписями, люди, руки, лица, несколько предметов, захламленный фон, реквизит, искаженная геометрия, лишние детали, мультяшный стиль, иллюстрация, вид 3D-рендера, размытие, низкое разрешение;https://backend.cable.ru/uploads/catalog/01-fan-bo-65dd9d69b77be.jpg;https://backend.cable.ru/uploads/catalog/02-fan-bo-25-188-65ddac56a24fc.jpg;;;;2 фото подкадра;https://cable.ru/fans/fans-ventilyator_vo_7_1__11_kvt_3000_ob_min.php;https://cable.ru/fans/fans-ventilyator_vo_25_188_8__11_kvt_1500_ob_min.php;https://cable.ru/fans/fans-ventilyator_vo_9_0__15_kvt_1500_ob_min.php;генерация;"Генерация по промпту; за основу — готовый снимок кадра F00274 (тот же ракурс, свет, фон), меняется только отличие подкадра.";photos/F00274-m.webp
F00274-n;F00274;3;16160;Вентиляторы;Вентилятор осевой;вентилятор осевой;"тип — аксиальный, осевой; 1–2,2 кВт; габариты 1,1–2,6 м (с человека)";вентилятор осевой;аксиальный, осевой;1,1–2,6 м (с человека);1–2,2 кВт;свой снимок;9;"Фотореалистичная предметная фотография для каталога. Подкадр F00274-n (9 из 501 позиций кадра F00274). Отличие от соседних подкадров: тип — аксиальный, осевой; 1–2,2 кВт; габариты 1,1–2,6 м (с человека). Что в кадре: вентилятор осевой, аксиальный, 1–2,2 кВт, габариты 1,1–2,6 м (с человека). Как выглядит: осевой вентилятор: круглая обечайка с крыльчаткой и решеткой, двигатель по центру. По данным позиций кадра: тип — аксиальный, осевой; форма корпуса — круглый; исполнение — общего назначения. Масштаб: наружный диаметр около 1120 мм (медиана по позициям) — крупное оборудование ростом примерно с человека. Ракурс и композиция: 3/4 немного сверху, изделие целиком по центру, занимает около 70 % кадра. Фон: светлый нейтральный бесшовный #F4F6F9 без текстуры и горизонта. Свет: мягкий студийный из большого софтбокса, мягкая тень под предметом, резкость по всему предмету. Не должно быть: чужих логотипов, названий заводов и брендов, водяных знаков, надписей и любого текста, людей и рук, лишних предметов. Итог: квадрат 1200×1200 px, WebP.";"Photorealistic catalog product photo. Distinctive for this variant: 1-2.2 kW; 1.1-2.6 m, about human height. Axial fan. Axial fan, round casing with propeller blades and guard. Housing shape: round. Scale: outer diameter about 1120 mm, large equipment, about human height. Three-quarter view from slightly above, whole item centred, filling about 70% of the frame. Plain seamless light neutral background #F4F6F9, no texture, no horizon line. Soft large-softbox studio lighting, soft contact shadow underneath, sharp focus across the whole item, photorealistic e-commerce catalog product photo, high detail, 85mm lens look, square 1:1, 1200x1200.";text, letters, numbers, logo, brand name, manufacturer marking, watermark, printed label, people, hands, faces, multiple products, cluttered background, props, distorted geometry, extra parts, cartoon, illustration, CGI look, blur, low resolution;текст, буквы, цифры, логотип, бренд, заводская маркировка, водяной знак, этикетка с надписями, люди, руки, лица, несколько предметов, захламленный фон, реквизит, искаженная геометрия, лишние детали, мультяшный стиль, иллюстрация, вид 3D-рендера, размытие, низкое разрешение;https://backend.cable.ru/uploads/catalog/01-fan-bo-65dd9d69b77be.jpg;;;;;1 фото подкадра;https://cable.ru/fans/fans-ventilyator_vo_11_2__1_1_kvt_750_ob_min.php;https://cable.ru/fans/fans-ventilyator_vo_12_5__1_5_kvt_750_ob_min.php;https://cable.ru/fans/fans-ventilyator_vo_12_5__2_2_kvt_750_ob_min.php;генерация;"Генерация по промпту; за основу — готовый снимок кадра F00274 (тот же ракурс, свет, фон), меняется только отличие подкадра.";photos/F00274-n.webp
F00274-o;F00274;3;17656;Вентиляторы;Вентилятор осевой;вентилятор осевой;у позиций разные: тип, мощность, размер;вентилятор осевой;;;;свой снимок;8;"Фотореалистичная предметная фотография для каталога. Подкадр F00274-o (8 из 501 позиций кадра F00274). Отличие от соседних подкадров: у позиций разные: тип, мощность, размер. Что в кадре: вентилятор осевой. Как выглядит: осевой вентилятор: круглая обечайка с крыльчаткой и решеткой, двигатель по центру. По данным позиций кадра: тип — аксиальный, осевой (57 %); форма корпуса — круглый; исполнение — общего назначения (75 %). Масштаб: наружный диаметр около 1060 мм (медиана по позициям) — крупное изделие, до метра. Ракурс и композиция: 3/4 немного сверху, изделие целиком по центру, занимает около 70 % кадра. Фон: светлый нейтральный бесшовный #F4F6F9 без текстуры и горизонта. Свет: мягкий студийный из большого софтбокса, мягкая тень под предметом, резкость по всему предмету. Не должно быть: чужих логотипов, названий заводов и брендов, водяных знаков, надписей и любого текста, людей и рук, лишних предметов. Итог: квадрат 1200×1200 px, WebP.";Photorealistic catalog product photo. Axial fan. Axial fan, round casing with propeller blades and guard. Housing shape: round. Scale: outer diameter about 1060 mm, large item, up to one metre. Three-quarter view from slightly above, whole item centred, filling about 70% of the frame. Plain seamless light neutral background #F4F6F9, no texture, no horizon line. Soft large-softbox studio lighting, soft contact shadow underneath, sharp focus across the whole item, photorealistic e-commerce catalog product photo, high detail, 85mm lens look, square 1:1, 1200x1200.;text, letters, numbers, logo, brand name, manufacturer marking, watermark, printed label, people, hands, faces, multiple products, cluttered background, props, distorted geometry, extra parts, cartoon, illustration, CGI look, blur, low resolution;текст, буквы, цифры, логотип, бренд, заводская маркировка, водяной знак, этикетка с надписями, люди, руки, лица, несколько предметов, захламленный фон, реквизит, искаженная геометрия, лишние детали, мультяшный стиль, иллюстрация, вид 3D-рендера, размытие, низкое разрешение;https://backend.cable.ru/uploads/catalog/01-fan-bo-65dd9d69b77be.jpg;https://backend.cable.ru/uploads/catalog/01-vme-65ddbae5dd21e.jpg;https://backend.cable.ru/uploads/catalog/01-vo-65ddbae42f7fc.jpg;https://backend.cable.ru/uploads/catalog/01-vs-65ddbae58b4be.jpg;;4 фото подкадра;https://cable.ru/fans/fans-ventilyator_vo_4_5__3_kvt_3000_ob_min.php;https://cable.ru/fans/fans-vme_12_110_kvt_1500_ob_min.php;https://cable.ru/fans/fans-vo_21_12_4_0_1_1_kvt_3000_ob_min.php;генерация;"Генерация по промпту; за основу — готовый снимок кадра F00274 (тот же ракурс, свет, фон), меняется только отличие подкадра.";photos/F00274-o.webp
F00274-p;F00274;3;17657;Вентиляторы;Вентилятор осевой;вентилятор осевой;"1–2,2 кВт; габариты 130–450 мм (с обувную коробку)";вентилятор осевой;;130–450 мм (с обувную коробку);1–2,2 кВт;свой снимок;8;"Фотореалистичная предметная фотография для каталога. Подкадр F00274-p (8 из 501 позиций кадра F00274). Отличие от соседних подкадров: 1–2,2 кВт; габариты 130–450 мм (с обувную коробку). Что в кадре: вентилятор осевой, 1–2,2 кВт, габариты 130–450 мм (с обувную коробку). Как выглядит: осевой вентилятор: круглая обечайка с крыльчаткой и решеткой, двигатель по центру. По данным позиций кадра: тип — осевой; форма корпуса — круглый; исполнение — общего назначения. Масштаб: наружный диаметр около 400 мм (медиана по позициям) — размером примерно с обувную коробку. Ракурс и композиция: 3/4 немного сверху, изделие целиком по центру, занимает около 70 % кадра. Фон: светлый нейтральный бесшовный #F4F6F9 без текстуры и горизонта. Свет: мягкий студийный из большого софтбокса, мягкая тень под предметом, резкость по всему предмету. Не должно быть: чужих логотипов, названий заводов и брендов, водяных знаков, надписей и любого текста, людей и рук, лишних предметов. Итог: квадрат 1200×1200 px, WebP.";"Photorealistic catalog product photo. Distinctive for this variant: 1-2.2 kW; 130-450 mm, shoebox size. Axial fan. Axial fan, round casing with propeller blades and guard. Type: axial; housing shape: round. Scale: outer diameter about 400 mm, about shoebox size. Three-quarter view from slightly above, whole item centred, filling about 70% of the frame. Plain seamless light neutral background #F4F6F9, no texture, no horizon line. Soft large-softbox studio lighting, soft contact shadow underneath, sharp focus across the whole item, photorealistic e-commerce catalog product photo, high detail, 85mm lens look, square 1:1, 1200x1200.";text, letters, numbers, logo, brand name, manufacturer marking, watermark, printed label, people, hands, faces, multiple products, cluttered background, props, distorted geometry, extra parts, cartoon, illustration, CGI look, blur, low resolution;текст, буквы, цифры, логотип, бренд, заводская маркировка, водяной знак, этикетка с надписями, люди, руки, лица, несколько предметов, захламленный фон, реквизит, искаженная геометрия, лишние детали, мультяшный стиль, иллюстрация, вид 3D-рендера, размытие, низкое разрешение;https://backend.cable.ru/uploads/catalog/01-fan-bo-13-284-65dd9dc20f19e.jpg;https://backend.cable.ru/uploads/catalog/01-vo-65ddbae42f7fc.jpg;;;;2 фото подкадра;https://cable.ru/fans/fans-ventilyator_vo_13_284_4__1_1_kvt_3000_ob_min.php;https://cable.ru/fans/fans-vo_21_12_4_0_1_5_kvt_3000_ob_min.php;https://cable.ru/fans/fans-ventilyator_vo_13_284_4__1_5_kvt_3000_ob_min.php;генерация;"Генерация по промпту; за основу — готовый снимок кадра F00274 (тот же ракурс, свет, фон), меняется только отличие подкадра.";photos/F00274-p.webp
F00274-q;F00274;3;17658;Вентиляторы;Вентилятор осевой;вентилятор осевой;"30–75 кВт; габариты 1,1–2,6 м (с человека)";вентилятор осевой;;1,1–2,6 м (с человека);30–75 кВт;свой снимок;8;"Фотореалистичная предметная фотография для каталога. Подкадр F00274-q (8 из 501 позиций кадра F00274). Отличие от соседних подкадров: 30–75 кВт; габариты 1,1–2,6 м (с человека). Что в кадре: вентилятор осевой, 30–75 кВт, габариты 1,1–2,6 м (с человека). Как выглядит: осевой вентилятор: круглая обечайка с крыльчаткой и решеткой, двигатель по центру. По данным позиций кадра: тип — осевой; форма корпуса — круглый; исполнение — общего назначения. Масштаб: наружный диаметр около 1250 мм (медиана по позициям) — крупное оборудование ростом примерно с человека. Ракурс и композиция: 3/4 немного сверху, изделие целиком по центру, занимает около 70 % кадра. Фон: светлый нейтральный бесшовный #F4F6F9 без текстуры и горизонта. Свет: мягкий студийный из большого софтбокса, мягкая тень под предметом, резкость по всему предмету. Не должно быть: чужих логотипов, названий заводов и брендов, водяных знаков, надписей и любого текста, людей и рук, лишних предметов. Итог: квадрат 1200×1200 px, WebP.";"Photorealistic catalog product photo. Distinctive for this variant: 30-75 kW; 1.1-2.6 m, about human height. Axial fan. Axial fan, round casing with propeller blades and guard. Type: axial; housing shape: round. Scale: outer diameter about 1250 mm, large equipment, about human height. Three-quarter view from slightly above, whole item centred, filling about 70% of the frame. Plain seamless light neutral background #F4F6F9, no texture, no horizon line. Soft large-softbox studio lighting, soft contact shadow underneath, sharp focus across the whole item, photorealistic e-commerce catalog product photo, high detail, 85mm lens look, square 1:1, 1200x1200.";text, letters, numbers, logo, brand name, manufacturer marking, watermark, printed label, people, hands, faces, multiple products, cluttered background, props, distorted geometry, extra parts, cartoon, illustration, CGI look, blur, low resolution;текст, буквы, цифры, логотип, бренд, заводская маркировка, водяной знак, этикетка с надписями, люди, руки, лица, несколько предметов, захламленный фон, реквизит, искаженная геометрия, лишние детали, мультяшный стиль, иллюстрация, вид 3D-рендера, размытие, низкое разрешение;https://backend.cable.ru/uploads/catalog/01-fan-bo-21-12-65dd9de91988e.jpg;https://backend.cable.ru/uploads/catalog/01-fan-bo-13-284-65dd9dc20f19e.jpg;https://backend.cable.ru/uploads/catalog/01-fan-bo-30-160-65dd9de5dcc2a.jpg;;;3 фото подкадра;https://cable.ru/fans/fans-ventilyator_vo_21_12_11_2__30_kvt_1500_ob_min.php;https://cable.ru/fans/fans-ventilyator_vo_13_284_12_5__30_kvt_1000_ob_min.php;https://cable.ru/fans/fans-ventilyator_vo_30_160_12_5__37_kvt_1000_ob_min.php;генерация;"Генерация по промпту; за основу — готовый снимок кадра F00274 (тот же ракурс, свет, фон), меняется только отличие подкадра.";photos/F00274-q.webp
F00274-r;F00274;3;17659;Вентиляторы;Вентилятор осевой;вентилятор осевой;"30–75 кВт; габариты 450–1100 мм (до метра)";вентилятор осевой;;450–1100 мм (до метра);30–75 кВт;свой снимок;8;"Фотореалистичная предметная фотография для каталога. Подкадр F00274-r (8 из 501 позиций кадра F00274). Отличие от соседних подкадров: 30–75 кВт; габариты 450–1100 мм (до метра). Что в кадре: вентилятор осевой, 30–75 кВт, габариты 450–1100 мм (до метра). Как выглядит: осевой вентилятор: круглая обечайка с крыльчаткой и решеткой, двигатель по центру. По данным позиций кадра: тип — осевой; форма корпуса — круглый; исполнение — общего назначения (62 %). Масштаб: наружный диаметр около 900 мм (медиана по позициям) — крупное изделие, до метра. Ракурс и композиция: 3/4 немного сверху, изделие целиком по центру, занимает около 70 % кадра. Фон: светлый нейтральный бесшовный #F4F6F9 без текстуры и горизонта. Свет: мягкий студийный из большого софтбокса, мягкая тень под предметом, резкость по всему предмету. Не должно быть: чужих логотипов, названий заводов и брендов, водяных знаков, надписей и любого текста, людей и рук, лишних предметов. Итог: квадрат 1200×1200 px, WebP.";"Photorealistic catalog product photo. Distinctive for this variant: 30-75 kW; 450-1100 mm, up to one metre. Axial fan. Axial fan, round casing with propeller blades and guard. Type: axial; housing shape: round. Scale: outer diameter about 900 mm, large item, up to one metre. Three-quarter view from slightly above, whole item centred, filling about 70% of the frame. Plain seamless light neutral background #F4F6F9, no texture, no horizon line. Soft large-softbox studio lighting, soft contact shadow underneath, sharp focus across the whole item, photorealistic e-commerce catalog product photo, high detail, 85mm lens look, square 1:1, 1200x1200.";text, letters, numbers, logo, brand name, manufacturer marking, watermark, printed label, people, hands, faces, multiple products, cluttered background, props, distorted geometry, extra parts, cartoon, illustration, CGI look, blur, low resolution;текст, буквы, цифры, логотип, бренд, заводская маркировка, водяной знак, этикетка с надписями, люди, руки, лица, несколько предметов, захламленный фон, реквизит, искаженная геометрия, лишние детали, мультяшный стиль, иллюстрация, вид 3D-рендера, размытие, низкое разрешение;https://backend.cable.ru/uploads/catalog/01-vme-65ddbae5dd21e.jpg;https://backend.cable.ru/uploads/catalog/01-fan-bo-21-12-65dd9de91988e.jpg;https://backend.cable.ru/uploads/catalog/01-fan-bo-13-284-65dd9dc20f19e.jpg;https://backend.cable.ru/uploads/catalog/01-fan-bo-30-160-65dd9de5dcc2a.jpg;;4 фото подкадра;https://cable.ru/fans/fans-vme_6_25_kvt_3000_ob_min.php;https://cable.ru/fans/fans-ventilyator_vo_21_12_8__30_kvt_3000_ob_min.php;https://cable.ru/fans/fans-ventilyator_vo_13_284_10__30_kvt_1500_ob_min.php;генерация;"Генерация по промпту; за основу — готовый снимок кадра F00274 (тот же ракурс, свет, фон), меняется только отличие подкадра.";photos/F00274-r.webp
F00274-s;F00274;3;17660;Вентиляторы;Вентилятор осевой;вентилятор осевой;"3–7,5 кВт; габариты 1,1–2,6 м (с человека)";вентилятор осевой;;1,1–2,6 м (с человека);3–7,5 кВт;свой снимок;8;"Фотореалистичная предметная фотография для каталога. Подкадр F00274-s (8 из 501 позиций кадра F00274). Отличие от соседних подкадров: 3–7,5 кВт; габариты 1,1–2,6 м (с человека). Что в кадре: вентилятор осевой, 3–7,5 кВт, габариты 1,1–2,6 м (с человека). Как выглядит: осевой вентилятор: круглая обечайка с крыльчаткой и решеткой, двигатель по центру. По данным позиций кадра: тип — осевой; форма корпуса — круглый; исполнение — общего назначения. Масштаб: наружный диаметр около 1250 мм (медиана по позициям) — крупное оборудование ростом примерно с человека. Ракурс и композиция: 3/4 немного сверху, изделие целиком по центру, занимает около 70 % кадра. Фон: светлый нейтральный бесшовный #F4F6F9 без текстуры и горизонта. Свет: мягкий студийный из большого софтбокса, мягкая тень под предметом, резкость по всему предмету. Не должно быть: чужих логотипов, названий заводов и брендов, водяных знаков, надписей и любого текста, людей и рук, лишних предметов. Итог: квадрат 1200×1200 px, WebP.";"Photorealistic catalog product photo. Distinctive for this variant: 3-7.5 kW; 1.1-2.6 m, about human height. Axial fan. Axial fan, round casing with propeller blades and guard. Type: axial; housing shape: round. Scale: outer diameter about 1250 mm, large equipment, about human height. Three-quarter view from slightly above, whole item centred, filling about 70% of the frame. Plain seamless light neutral background #F4F6F9, no texture, no horizon line. Soft large-softbox studio lighting, soft contact shadow underneath, sharp focus across the whole item, photorealistic e-commerce catalog product photo, high detail, 85mm lens look, square 1:1, 1200x1200.";text, letters, numbers, logo, brand name, manufacturer marking, watermark, printed label, people, hands, faces, multiple products, cluttered background, props, distorted geometry, extra parts, cartoon, illustration, CGI look, blur, low resolution;текст, буквы, цифры, логотип, бренд, заводская маркировка, водяной знак, этикетка с надписями, люди, руки, лица, несколько предметов, захламленный фон, реквизит, искаженная геометрия, лишние детали, мультяшный стиль, иллюстрация, вид 3D-рендера, размытие, низкое разрешение;https://backend.cable.ru/uploads/catalog/01-fan-bo-13-284-65dd9dc20f19e.jpg;https://backend.cable.ru/uploads/catalog/01-fan-bo-21-12-65dd9de91988e.jpg;https://backend.cable.ru/uploads/catalog/01-fan-bo-30-160-65dd9de5dcc2a.jpg;;;3 фото подкадра;https://cable.ru/fans/fans-ventilyator_vo_13_284_12_5__3_kvt_750_ob_min.php;https://cable.ru/fans/fans-ventilyator_vo_21_12_12_5__4_kvt_1000_ob_min.php;https://cable.ru/fans/fans-ventilyator_vo_30_160_11_2__5_5_kvt_1000_ob_min.php;генерация;"Генерация по промпту; за основу — готовый снимок кадра F00274 (тот же ракурс, свет, фон), меняется только отличие подкадра.";photos/F00274-s.webp
F00274-t;F00274;3;17661;Вентиляторы;Вентилятор осевой;вентилятор осевой;"тип — аксиальный, осевой; 1–2,2 кВт; габариты 130–450 мм (с обувную коробку)";вентилятор осевой;аксиальный, осевой;130–450 мм (с обувную коробку);1–2,2 кВт;свой снимок;8;"Фотореалистичная предметная фотография для каталога. Подкадр F00274-t (8 из 501 позиций кадра F00274). Отличие от соседних подкадров: тип — аксиальный, осевой; 1–2,2 кВт; габариты 130–450 мм (с обувную коробку). Что в кадре: вентилятор осевой, аксиальный, 1–2,2 кВт, габариты 130–450 мм (с обувную коробку). Как выглядит: осевой вентилятор: круглая обечайка с крыльчаткой и решеткой, двигатель по центру. По данным позиций кадра: тип — аксиальный, осевой; форма корпуса — круглый; исполнение — общего назначения. Масштаб: наружный диаметр около 425 мм (медиана по позициям) — размером примерно с обувную коробку. Ракурс и композиция: 3/4 немного сверху, изделие целиком по центру, занимает около 70 % кадра. Фон: светлый нейтральный бесшовный #F4F6F9 без текстуры и горизонта. Свет: мягкий студийный из большого софтбокса, мягкая тень под предметом, резкость по всему предмету. Не должно быть: чужих логотипов, названий заводов и брендов, водяных знаков, надписей и любого текста, людей и рук, лишних предметов. Итог: квадрат 1200×1200 px, WebP.";"Photorealistic catalog product photo. Distinctive for this variant: 1-2.2 kW; 130-450 mm, shoebox size. Axial fan. Axial fan, round casing with propeller blades and guard. Housing shape: round. Scale: outer diameter about 425 mm, about shoebox size. Three-quarter view from slightly above, whole item centred, filling about 70% of the frame. Plain seamless light neutral background #F4F6F9, no texture, no horizon line. Soft large-softbox studio lighting, soft contact shadow underneath, sharp focus across the whole item, photorealistic e-commerce catalog product photo, high detail, 85mm lens look, square 1:1, 1200x1200.";text, letters, numbers, logo, brand name, manufacturer marking, watermark, printed label, people, hands, faces, multiple products, cluttered background, props, distorted geometry, extra parts, cartoon, illustration, CGI look, blur, low resolution;текст, буквы, цифры, логотип, бренд, заводская маркировка, водяной знак, этикетка с надписями, люди, руки, лица, несколько предметов, захламленный фон, реквизит, искаженная геометрия, лишние детали, мультяшный стиль, иллюстрация, вид 3D-рендера, размытие, низкое разрешение;https://backend.cable.ru/uploads/catalog/02-fan-bo-65dd9d698e919.jpg;https://backend.cable.ru/uploads/catalog/01-fan-bo-65dd9d69b77be.jpg;https://backend.cable.ru/uploads/catalog/01-fan-bo-06-300-65dd9d68adb73.jpg;;;3 фото подкадра;https://cable.ru/fans/fans-ventilyator_vo_4_0__1_1_kvt_3000_ob_min.php;https://cable.ru/fans/fans-ventilyator_vo_4_5__1_1_kvt_1500_ob_min.php;https://cable.ru/fans/fans-ventilyator_vo_06_300_4__1_10_kvt_3000_ob_min.php;генерация;"Генерация по промпту; за основу — готовый снимок кадра F00274 (тот же ракурс, свет, фон), меняется только отличие подкадра.";photos/F00274-t.webp
F00274-u;F00274;3;19974;Вентиляторы;Вентилятор осевой;вентилятор осевой;"тип — аксиальный, осевой; 30–75 кВт; габариты 1,1–2,6 м (с человека)";вентилятор осевой;аксиальный, осевой;1,1–2,6 м (с человека);30–75 кВт;свой снимок;7;"Фотореалистичная предметная фотография для каталога. Подкадр F00274-u (7 из 501 позиций кадра F00274). Отличие от соседних подкадров: тип — аксиальный, осевой; 30–75 кВт; габариты 1,1–2,6 м (с человека). Что в кадре: вентилятор осевой, аксиальный, 30–75 кВт, габариты 1,1–2,6 м (с человека). Как выглядит: осевой вентилятор: круглая обечайка с крыльчаткой и решеткой, двигатель по центру. По данным позиций кадра: тип — аксиальный, осевой; форма корпуса — круглый; исполнение — общего назначения. Масштаб: наружный диаметр около 1250 мм (медиана по позициям) — крупное оборудование ростом примерно с человека. Ракурс и композиция: 3/4 немного сверху, изделие целиком по центру, занимает около 70 % кадра. Фон: светлый нейтральный бесшовный #F4F6F9 без текстуры и горизонта. Свет: мягкий студийный из большого софтбокса, мягкая тень под предметом, резкость по всему предмету. Не должно быть: чужих логотипов, названий заводов и брендов, водяных знаков, надписей и любого текста, людей и рук, лишних предметов. Итог: квадрат 1200×1200 px, WebP.";"Photorealistic catalog product photo. Distinctive for this variant: 30-75 kW; 1.1-2.6 m, about human height. Axial fan. Axial fan, round casing with propeller blades and guard. Housing shape: round. Scale: outer diameter about 1250 mm, large equipment, about human height. Three-quarter view from slightly above, whole item centred, filling about 70% of the frame. Plain seamless light neutral background #F4F6F9, no texture, no horizon line. Soft large-softbox studio lighting, soft contact shadow underneath, sharp focus across the whole item, photorealistic e-commerce catalog product photo, high detail, 85mm lens look, square 1:1, 1200x1200.";text, letters, numbers, logo, brand name, manufacturer marking, watermark, printed label, people, hands, faces, multiple products, cluttered background, props, distorted geometry, extra parts, cartoon, illustration, CGI look, blur, low resolution;текст, буквы, цифры, логотип, бренд, заводская маркировка, водяной знак, этикетка с надписями, люди, руки, лица, несколько предметов, захламленный фон, реквизит, искаженная геометрия, лишние детали, мультяшный стиль, иллюстрация, вид 3D-рендера, размытие, низкое разрешение;https://backend.cable.ru/uploads/catalog/01-fan-bo-65dd9d69b77be.jpg;;;;;1 фото подкадра;https://cable.ru/fans/fans-ventilyator_vo_11_2__30_kvt_1500_ob_min.php;https://cable.ru/fans/fans-ventilyator_vo_12_5__75_kvt_1500_ob_min.php;https://cable.ru/fans/fans-ventilyator_vo_12_5__55_kvt_1500_ob_min.php;генерация;"Генерация по промпту; за основу — готовый снимок кадра F00274 (тот же ракурс, свет, фон), меняется только отличие подкадра.";photos/F00274-u.webp
F00274-v;F00274;4;25510;Вентиляторы;Вентилятор осевой;вентилятор осевой;"3–7,5 кВт; габариты 130–450 мм (с обувную коробку)";вентилятор осевой;;130–450 мм (с обувную коробку);3–7,5 кВт;свой снимок;5;"Фотореалистичная предметная фотография для каталога. Подкадр F00274-v (5 из 501 позиций кадра F00274). Отличие от соседних подкадров: 3–7,5 кВт; габариты 130–450 мм (с обувную коробку). Что в кадре: вентилятор осевой, 3–7,5 кВт, габариты 130–450 мм (с обувную коробку). Как выглядит: осевой вентилятор: круглая обечайка с крыльчаткой и решеткой, двигатель по центру. По данным позиций кадра: тип — осевой; форма корпуса — круглый; исполнение — общего назначения. Масштаб: наружный диаметр около 450 мм (медиана по позициям) — крупное изделие, до метра. Ракурс и композиция: 3/4 немного сверху, изделие целиком по центру, занимает около 70 % кадра. Фон: светлый нейтральный бесшовный #F4F6F9 без текстуры и горизонта. Свет: мягкий студийный из большого софтбокса, мягкая тень под предметом, резкость по всему предмету. Не должно быть: чужих логотипов, названий заводов и брендов, водяных знаков, надписей и любого текста, людей и рук, лишних предметов. Итог: квадрат 1200×1200 px, WebP.";"Photorealistic catalog product photo. Distinctive for this variant: 3-7.5 kW; 130-450 mm, shoebox size. Axial fan. Axial fan, round casing with propeller blades and guard. Type: axial; housing shape: round. Scale: outer diameter about 450 mm, large item, up to one metre. Three-quarter view from slightly above, whole item centred, filling about 70% of the frame. Plain seamless light neutral background #F4F6F9, no texture, no horizon line. Soft large-softbox studio lighting, soft contact shadow underneath, sharp focus across the whole item, photorealistic e-commerce catalog product photo, high detail, 85mm lens look, square 1:1, 1200x1200.";text, letters, numbers, logo, brand name, manufacturer marking, watermark, printed label, people, hands, faces, multiple products, cluttered background, props, distorted geometry, extra parts, cartoon, illustration, CGI look, blur, low resolution;текст, буквы, цифры, логотип, бренд, заводская маркировка, водяной знак, этикетка с надписями, люди, руки, лица, несколько предметов, захламленный фон, реквизит, искаженная геометрия, лишние детали, мультяшный стиль, иллюстрация, вид 3D-рендера, размытие, низкое разрешение;https://backend.cable.ru/uploads/catalog/01-fan-bo-13-284-65dd9dc20f19e.jpg;https://backend.cable.ru/uploads/catalog/01-vo-65ddbae42f7fc.jpg;;;;2 фото подкадра;https://cable.ru/fans/fans-ventilyator_vo_13_284_4__3_kvt_3000_ob_min.php;https://cable.ru/fans/fans-vo_21_12_4_0_3_kvt_3000_ob_min.php;https://cable.ru/fans/fans-vo_21_12_4_5_4_kvt_3000_ob_min.php;генерация;"Генерация по промпту; за основу — готовый снимок кадра F00274 (тот же ракурс, свет, фон), меняется только отличие подкадра.";photos/F00274-v.webp
F00277-a;F00277;2;2240;Вентиляторы;Вентилятор крышный;вентилятор крышный;"тип — аксиальный, осевой; 3–7,5 кВт; габариты 450–1100 мм (до метра)";вентилятор крышный;аксиальный, осевой;450–1100 мм (до метра);3–7,5 кВт;свой снимок;67;"Фотореалистичная предметная фотография для каталога. Подкадр F00277-a (67 из 494 позиций кадра F00277). Отличие от соседних подкадров: тип — аксиальный, осевой; 3–7,5 кВт; габариты 450–1100 мм (до метра). Что в кадре: вентилятор крышный, аксиальный, осевой, 3–7,5 кВт, габариты 450–1100 мм (до метра). Как выглядит: вентилятор: корпус-улитка или кольцевой корпус с рабочим колесом и лопатками, электродвигатель. По данным позиций кадра: тип — аксиальный, осевой; исполнение — общего назначения. Масштаб: наружный диаметр около 800 мм (медиана по позициям) — крупное изделие, до метра. Ракурс и композиция: 3/4 немного сверху, изделие целиком по центру, занимает около 70 % кадра. Фон: светлый нейтральный бесшовный #F4F6F9 без текстуры и горизонта. Свет: мягкий студийный из большого софтбокса, мягкая тень под предметом, резкость по всему предмету. Не должно быть: чужих логотипов, названий заводов и брендов, водяных знаков, надписей и любого текста, людей и рук, лишних предметов. Итог: квадрат 1200×1200 px, WebP.";"Photorealistic catalog product photo. Distinctive for this variant: 3-7.5 kW; 450-1100 mm, up to one metre. Roof fan. Fan, scroll or ring housing with impeller blades and electric motor. Scale: outer diameter about 800 mm, large item, up to one metre. Three-quarter view from slightly above, whole item centred, filling about 70% of the frame. Plain seamless light neutral background #F4F6F9, no texture, no horizon line. Soft large-softbox studio lighting, soft contact shadow underneath, sharp focus across the whole item, photorealistic e-commerce catalog product photo, high detail, 85mm lens look, square 1:1, 1200x1200.";text, letters, numbers, logo, brand name, manufacturer marking, watermark, printed label, people, hands, faces, multiple products, cluttered background, props, distorted geometry, extra parts, cartoon, illustration, CGI look, blur, low resolution;текст, буквы, цифры, логотип, бренд, заводская маркировка, водяной знак, этикетка с надписями, люди, руки, лица, несколько предметов, захламленный фон, реквизит, искаженная геометрия, лишние детали, мультяшный стиль, иллюстрация, вид 3D-рендера, размытие, низкое разрешение;https://backend.cable.ru/uploads/catalog/02-fan-bkopv-21-12-65dd9de6eef0c.jpg;https://backend.cable.ru/uploads/catalog/01-fan-bkopv-30-160-65dd9de59b544.jpg;https://backend.cable.ru/uploads/catalog/02-fan-bkopv-25-188-65ddac56ed121.jpg;;;3 фото подкадра;https://cable.ru/fans/fans-ventilyator_vkopv_21_12_5__3_kvt_3000_ob_min.php;https://cable.ru/fans/fans-ventilyator_vkopv_13_284_5__3_kvt_3000_ob_min.php;https://cable.ru/fans/fans-ventilyator_vkopv_25_188_8__5_5_kvt_1500_ob_min.php;генерация;"Генерация по промпту; за основу — готовый снимок кадра F00277 (тот же ракурс, свет, фон), меняется только отличие подкадра.";photos/F00277-a.webp
F00277-b;F00277;2;2864;Вентиляторы;Вентилятор крышный;вентилятор крышный;"тип — радиальный, центробежный; 3–7,5 кВт; габариты 450–1100 мм (до метра)";вентилятор крышный;радиальный, центробежный;450–1100 мм (до метра);3–7,5 кВт;свой снимок;54;"Фотореалистичная предметная фотография для каталога. Подкадр F00277-b (54 из 494 позиций кадра F00277). Отличие от соседних подкадров: тип — радиальный, центробежный; 3–7,5 кВт; габариты 450–1100 мм (до метра). Что в кадре: вентилятор крышный, радиальный, центробежный, 3–7,5 кВт, габариты 450–1100 мм (до метра). Как выглядит: вентилятор: корпус-улитка или кольцевой корпус с рабочим колесом и лопатками, электродвигатель. По данным позиций кадра: тип — радиальный, центробежный; исполнение — общего назначения. Масштаб: наружный диаметр около 800 мм (медиана по позициям) — крупное изделие, до метра. Ракурс и композиция: 3/4 немного сверху, изделие целиком по центру, занимает около 70 % кадра. Фон: светлый нейтральный бесшовный #F4F6F9 без текстуры и горизонта. Свет: мягкий студийный из большого софтбокса, мягкая тень под предметом, резкость по всему предмету. Не должно быть: чужих логотипов, названий заводов и брендов, водяных знаков, надписей и любого текста, людей и рук, лишних предметов. Итог: квадрат 1200×1200 px, WebP.";"Photorealistic catalog product photo. Distinctive for this variant: type centrifugal radial; 3-7.5 kW; 450-1100 mm, up to one metre. Roof fan. Fan, scroll or ring housing with impeller blades and electric motor. Type: centrifugal radial. Scale: outer diameter about 800 mm, large item, up to one metre. Three-quarter view from slightly above, whole item centred, filling about 70% of the frame. Plain seamless light neutral background #F4F6F9, no texture, no horizon line. Soft large-softbox studio lighting, soft contact shadow underneath, sharp focus across the whole item, photorealistic e-commerce catalog product photo, high detail, 85mm lens look, square 1:1, 1200x1200.";text, letters, numbers, logo, brand name, manufacturer marking, watermark, printed label, people, hands, faces, multiple products, cluttered background, props, distorted geometry, extra parts, cartoon, illustration, CGI look, blur, low resolution;текст, буквы, цифры, логотип, бренд, заводская маркировка, водяной знак, этикетка с надписями, люди, руки, лица, несколько предметов, захламленный фон, реквизит, искаженная геометрия, лишние детали, мультяшный стиль, иллюстрация, вид 3D-рендера, размытие, низкое разрешение;https://backend.cable.ru/uploads/catalog/01-fan-vsr-65dd9d7426348.jpg;https://backend.cable.ru/uploads/catalog/02-fan-vsrf-65dd9de87c649.jpg;https://backend.cable.ru/uploads/catalog/01-fan-vsrs-65dd9de8182f9.jpg;;;3 фото подкадра;https://cable.ru/fans/fans-ventilyator_vkr_5__3_kvt_1500_ob_min.php;https://cable.ru/fans/fans-ventilyator_vkrf_8__3_kvt_750_ob_min.php;https://cable.ru/fans/fans-ventilyator_vkrs_8__3_kvt_750_ob_min.php;генерация;"Генерация по промпту; за основу — готовый снимок кадра F00277 (тот же ракурс, свет, фон), меняется только отличие подкадра.";photos/F00277-b.webp
F00277-c;F00277;2;4057;Вентиляторы;Вентилятор крышный;вентилятор крышный;"тип — аксиальный, осевой; 11–22 кВт; габариты 450–1100 мм (до метра)";вентилятор крышный;аксиальный, осевой;450–1100 мм (до метра);11–22 кВт;свой снимок;39;"Фотореалистичная предметная фотография для каталога. Подкадр F00277-c (39 из 494 позиций кадра F00277). Отличие от соседних подкадров: тип — аксиальный, осевой; 11–22 кВт; габариты 450–1100 мм (до метра). Что в кадре: вентилятор крышный, аксиальный, осевой, 11–22 кВт, габариты 450–1100 мм (до метра). Как выглядит: вентилятор: корпус-улитка или кольцевой корпус с рабочим колесом и лопатками, электродвигатель. По данным позиций кадра: тип — аксиальный, осевой; исполнение — общего назначения. Масштаб: наружный диаметр около 900 мм (медиана по позициям) — крупное изделие, до метра. Ракурс и композиция: 3/4 немного сверху, изделие целиком по центру, занимает около 70 % кадра. Фон: светлый нейтральный бесшовный #F4F6F9 без текстуры и горизонта. Свет: мягкий студийный из большого софтбокса, мягкая тень под предметом, резкость по всему предмету. Не должно быть: чужих логотипов, названий заводов и брендов, водяных знаков, надписей и любого текста, людей и рук, лишних предметов. Итог: квадрат 1200×1200 px, WebP.";"Photorealistic catalog product photo. Distinctive for this variant: 11-22 kW; 450-1100 mm, up to one metre. Roof fan. Fan, scroll or ring housing with impeller blades and electric motor. Scale: outer diameter about 900 mm, large item, up to one metre. Three-quarter view from slightly above, whole item centred, filling about 70% of the frame. Plain seamless light neutral background #F4F6F9, no texture, no horizon line. Soft large-softbox studio lighting, soft contact shadow underneath, sharp focus across the whole item, photorealistic e-commerce catalog product photo, high detail, 85mm lens look, square 1:1, 1200x1200.";text, letters, numbers, logo, brand name, manufacturer marking, watermark, printed label, people, hands, faces, multiple products, cluttered background, props, distorted geometry, extra parts, cartoon, illustration, CGI look, blur, low resolution;текст, буквы, цифры, логотип, бренд, заводская маркировка, водяной знак, этикетка с надписями, люди, руки, лица, несколько предметов, захламленный фон, реквизит, искаженная геометрия, лишние детали, мультяшный стиль, иллюстрация, вид 3D-рендера, размытие, низкое разрешение;https://backend.cable.ru/uploads/catalog/02-fan-bkopv-21-12-65dd9de6eef0c.jpg;https://backend.cable.ru/uploads/catalog/01-fan-bkopv-30-160-65dd9de59b544.jpg;https://backend.cable.ru/uploads/catalog/02-fan-bkopv-25-188-65ddac56ed121.jpg;;;3 фото подкадра;https://cable.ru/fans/fans-ventilyator_vkopv_21_12_8__11_kvt_1500_ob_min.php;https://cable.ru/fans/fans-ventilyator_vkopv_13_284_5__11_kvt_3000_ob_min.php;https://cable.ru/fans/fans-ventilyator_vkopv_25_188_8__11_kvt_1500_ob_min.php;генерация;"Генерация по промпту; за основу — готовый снимок кадра F00277 (тот же ракурс, свет, фон), меняется только отличие подкадра.";photos/F00277-c.webp
F00277-d;F00277;2;4591;Вентиляторы;Вентилятор крышный;вентилятор крышный;"тип — радиальный, центробежный; 1–2,2 кВт; габариты 450–1100 мм (до метра)";вентилятор крышный;радиальный, центробежный;450–1100 мм (до метра);1–2,2 кВт;свой снимок;35;"Фотореалистичная предметная фотография для каталога. Подкадр F00277-d (35 из 494 позиций кадра F00277). Отличие от соседних подкадров: тип — радиальный, центробежный; 1–2,2 кВт; габариты 450–1100 мм (до метра). Что в кадре: вентилятор крышный, радиальный, центробежный, 1–2,2 кВт, габариты 450–1100 мм (до метра). Как выглядит: вентилятор: корпус-улитка или кольцевой корпус с рабочим колесом и лопатками, электродвигатель. По данным позиций кадра: тип — радиальный, центробежный; исполнение — общего назначения. Масштаб: наружный диаметр около 560 мм (медиана по позициям) — крупное изделие, до метра. Ракурс и композиция: 3/4 немного сверху, изделие целиком по центру, занимает около 70 % кадра. Фон: светлый нейтральный бесшовный #F4F6F9 без текстуры и горизонта. Свет: мягкий студийный из большого софтбокса, мягкая тень под предметом, резкость по всему предмету. Не должно быть: чужих логотипов, названий заводов и брендов, водяных знаков, надписей и любого текста, людей и рук, лишних предметов. Итог: квадрат 1200×1200 px, WebP.";"Photorealistic catalog product photo. Distinctive for this variant: type centrifugal radial; 1-2.2 kW; 450-1100 mm, up to one metre. Roof fan. Fan, scroll or ring housing with impeller blades and electric motor. Type: centrifugal radial. Scale: outer diameter about 560 mm, large item, up to one metre. Three-quarter view from slightly above, whole item centred, filling about 70% of the frame. Plain seamless light neutral background #F4F6F9, no texture, no horizon line. Soft large-softbox studio lighting, soft contact shadow underneath, sharp focus across the whole item, photorealistic e-commerce catalog product photo, high detail, 85mm lens look, square 1:1, 1200x1200.";text, letters, numbers, logo, brand name, manufacturer marking, watermark, printed label, people, hands, faces, multiple products, cluttered background, props, distorted geometry, extra parts, cartoon, illustration, CGI look, blur, low resolution;текст, буквы, цифры, логотип, бренд, заводская маркировка, водяной знак, этикетка с надписями, люди, руки, лица, несколько предметов, захламленный фон, реквизит, искаженная геометрия, лишние детали, мультяшный стиль, иллюстрация, вид 3D-рендера, размытие, низкое разрешение;https://backend.cable.ru/uploads/catalog/01-fan-vsr-65dd9d7426348.jpg;https://backend.cable.ru/uploads/catalog/02-fan-vsrf-65dd9de87c649.jpg;https://backend.cable.ru/uploads/catalog/01-fan-vsrs-65dd9de8182f9.jpg;;;3 фото подкадра;https://cable.ru/fans/fans-ventilyator_vkr_5__1_1_kvt_1000_ob_min.php;https://cable.ru/fans/fans-ventilyator_vkrf_8__1_5_kvt_750_ob_min.php;https://cable.ru/fans/fans-ventilyator_vkrs_5__1_1_kvt_1500_ob_min.php;генерация;"Генерация по промпту; за основу — готовый снимок кадра F00277 (тот же ракурс, свет, фон), меняется только отличие подкадра.";photos/F00277-d.webp
F00277-e;F00277;2;5220;Вентиляторы;Вентилятор крышный;вентилятор крышный;"тип — радиальный, центробежный; до 0,75 кВт; габариты 130–450 мм (с обувную коробку)";вентилятор крышный;радиальный, центробежный;130–450 мм (с обувную коробку);до 0,75 кВт;свой снимок;31;"Фотореалистичная предметная фотография для каталога. Подкадр F00277-e (31 из 494 позиций кадра F00277). Отличие от соседних подкадров: тип — радиальный, центробежный; до 0,75 кВт; габариты 130–450 мм (с обувную коробку). Что в кадре: вентилятор крышный, радиальный, центробежный, до 0,75 кВт, габариты 130–450 мм (с обувную коробку). Как выглядит: вентилятор: корпус-улитка или кольцевой корпус с рабочим колесом и лопатками, электродвигатель. По данным позиций кадра: тип — радиальный, центробежный; исполнение — общего назначения. Масштаб: наружный диаметр около 400 мм (медиана по позициям) — размером примерно с обувную коробку. Ракурс и композиция: 3/4 немного сверху, изделие целиком по центру, занимает около 70 % кадра. Фон: светлый нейтральный бесшовный #F4F6F9 без текстуры и горизонта. Свет: мягкий студийный из большого софтбокса, мягкая тень под предметом, резкость по всему предмету. Не должно быть: чужих логотипов, названий заводов и брендов, водяных знаков, надписей и любого текста, людей и рук, лишних предметов. Итог: квадрат 1200×1200 px, WebP.";"Photorealistic catalog product photo. Distinctive for this variant: type centrifugal radial; up to 0.75 kW; 130-450 mm, shoebox size. Roof fan. Fan, scroll or ring housing with impeller blades and electric motor. Type: centrifugal radial. Scale: outer diameter about 400 mm, about shoebox size. Three-quarter view from slightly above, whole item centred, filling about 70% of the frame. Plain seamless light neutral background #F4F6F9, no texture, no horizon line. Soft large-softbox studio lighting, soft contact shadow underneath, sharp focus across the whole item, photorealistic e-commerce catalog product photo, high detail, 85mm lens look, square 1:1, 1200x1200.";text, letters, numbers, logo, brand name, manufacturer marking, watermark, printed label, people, hands, faces, multiple products, cluttered background, props, distorted geometry, extra parts, cartoon, illustration, CGI look, blur, low resolution;текст, буквы, цифры, логотип, бренд, заводская маркировка, водяной знак, этикетка с надписями, люди, руки, лица, несколько предметов, захламленный фон, реквизит, искаженная геометрия, лишние детали, мультяшный стиль, иллюстрация, вид 3D-рендера, размытие, низкое разрешение;https://backend.cable.ru/uploads/catalog/01-fan-vsr-65dd9d7426348.jpg;https://backend.cable.ru/uploads/catalog/01-fan-vsrs-65dd9de8182f9.jpg;https://backend.cable.ru/uploads/catalog/02-fan-vsrf-65dd9de87c649.jpg;;;3 фото подкадра;https://cable.ru/fans/fans-ventilyator_vkr_4__0_18_kvt_1000_ob_min.php;https://cable.ru/fans/fans-ventilyator_vkrs_4__0_37_kvt_1500_ob_min.php;https://cable.ru/fans/fans-ventilyator_vkrf_4_0__0_25_kvt_1500_ob_min.php;генерация;"Генерация по промпту; за основу — готовый снимок кадра F00277 (тот же ракурс, свет, фон), меняется только отличие подкадра.";photos/F00277-e.webp
F00277-f;F00277;2;5399;Вентиляторы;Вентилятор крышный;вентилятор крышный;"тип — радиальный, центробежный; 11–22 кВт; габариты 450–1100 мм (до метра)";вентилятор крышный;радиальный, центробежный;450–1100 мм (до метра);11–22 кВт;свой снимок;30;"Фотореалистичная предметная фотография для каталога. Подкадр F00277-f (30 из 494 позиций кадра F00277). Отличие от соседних подкадров: тип — радиальный, центробежный; 11–22 кВт; габариты 450–1100 мм (до метра). Что в кадре: вентилятор крышный, радиальный, центробежный, 11–22 кВт, габариты 450–1100 мм (до метра). Как выглядит: вентилятор: корпус-улитка или кольцевой корпус с рабочим колесом и лопатками, электродвигатель. По данным позиций кадра: тип — радиальный, центробежный; исполнение — общего назначения. Масштаб: наружный диаметр около 900 мм (медиана по позициям) — крупное изделие, до метра. Ракурс и композиция: 3/4 немного сверху, изделие целиком по центру, занимает около 70 % кадра. Фон: светлый нейтральный бесшовный #F4F6F9 без текстуры и горизонта. Свет: мягкий студийный из большого софтбокса, мягкая тень под предметом, резкость по всему предмету. Не должно быть: чужих логотипов, названий заводов и брендов, водяных знаков, надписей и любого текста, людей и рук, лишних предметов. Итог: квадрат 1200×1200 px, WebP.";"Photorealistic catalog product photo. Distinctive for this variant: type centrifugal radial; 11-22 kW; 450-1100 mm, up to one metre. Roof fan. Fan, scroll or ring housing with impeller blades and electric motor. Type: centrifugal radial. Scale: outer diameter about 900 mm, large item, up to one metre. Three-quarter view from slightly above, whole item centred, filling about 70% of the frame. Plain seamless light neutral background #F4F6F9, no texture, no horizon line. Soft large-softbox studio lighting, soft contact shadow underneath, sharp focus across the whole item, photorealistic e-commerce catalog product photo, high detail, 85mm lens look, square 1:1, 1200x1200.";text, letters, numbers, logo, brand name, manufacturer marking, watermark, printed label, people, hands, faces, multiple products, cluttered background, props, distorted geometry, extra parts, cartoon, illustration, CGI look, blur, low resolution;текст, буквы, цифры, логотип, бренд, заводская маркировка, водяной знак, этикетка с надписями, люди, руки, лица, несколько предметов, захламленный фон, реквизит, искаженная геометрия, лишние детали, мультяшный стиль, иллюстрация, вид 3D-рендера, размытие, низкое разрешение;https://backend.cable.ru/uploads/catalog/01-fan-vsr-65dd9d7426348.jpg;https://backend.cable.ru/uploads/catalog/02-fan-vsrf-65dd9de87c649.jpg;https://backend.cable.ru/uploads/catalog/01-fan-vsrs-65dd9de8182f9.jpg;;;3 фото подкадра;https://cable.ru/fans/fans-ventilyator_vkr_10__11_kvt_750_ob_min.php;https://cable.ru/fans/fans-ventilyator_vkrf_8__11_kvt_1500_ob_min.php;https://cable.ru/fans/fans-ventilyator_vkrs_8__15_kvt_1500_ob_min.php;генерация;"Генерация по промпту; за основу — готовый снимок кадра F00277 (тот же ракурс, свет, фон), меняется только отличие подкадра.";photos/F00277-f.webp
F00277-g;F00277;2;7279;Вентиляторы;Вентилятор крышный;вентилятор крышный;"тип — аксиальный, осевой; 11–22 кВт; габариты 1,1–2,6 м (с человека)";вентилятор крышный;аксиальный, осевой;1,1–2,6 м (с человека);11–22 кВт;свой снимок;22;"Фотореалистичная предметная фотография для каталога. Подкадр F00277-g (22 из 494 позиций кадра F00277). Отличие от соседних подкадров: тип — аксиальный, осевой; 11–22 кВт; габариты 1,1–2,6 м (с человека). Что в кадре: вентилятор крышный, аксиальный, осевой, 11–22 кВт, габариты 1,1–2,6 м (с человека). Как выглядит: вентилятор: корпус-улитка или кольцевой корпус с рабочим колесом и лопатками, электродвигатель. По данным позиций кадра: тип — аксиальный, осевой; исполнение — общего назначения. Масштаб: наружный диаметр около 1250 мм (медиана по позициям) — крупное оборудование ростом примерно с человека. Ракурс и композиция: 3/4 немного сверху, изделие целиком по центру, занимает около 70 % кадра. Фон: светлый нейтральный бесшовный #F4F6F9 без текстуры и горизонта. Свет: мягкий студийный из большого софтбокса, мягкая тень под предметом, резкость по всему предмету. Не должно быть: чужих логотипов, названий заводов и брендов, водяных знаков, надписей и любого текста, людей и рук, лишних предметов. Итог: квадрат 1200×1200 px, WebP.";"Photorealistic catalog product photo. Distinctive for this variant: 11-22 kW; 1.1-2.6 m, about human height. Roof fan. Fan, scroll or ring housing with impeller blades and electric motor. Scale: outer diameter about 1250 mm, large equipment, about human height. Three-quarter view from slightly above, whole item centred, filling about 70% of the frame. Plain seamless light neutral background #F4F6F9, no texture, no horizon line. Soft large-softbox studio lighting, soft contact shadow underneath, sharp focus across the whole item, photorealistic e-commerce catalog product photo, high detail, 85mm lens look, square 1:1, 1200x1200.";text, letters, numbers, logo, brand name, manufacturer marking, watermark, printed label, people, hands, faces, multiple products, cluttered background, props, distorted geometry, extra parts, cartoon, illustration, CGI look, blur, low resolution;текст, буквы, цифры, логотип, бренд, заводская маркировка, водяной знак, этикетка с надписями, люди, руки, лица, несколько предметов, захламленный фон, реквизит, искаженная геометрия, лишние детали, мультяшный стиль, иллюстрация, вид 3D-рендера, размытие, низкое разрешение;https://backend.cable.ru/uploads/catalog/02-fan-bkopv-21-12-65dd9de6eef0c.jpg;https://backend.cable.ru/uploads/catalog/01-fan-bkopv-30-160-65dd9de59b544.jpg;https://backend.cable.ru/uploads/catalog/02-fan-bkopv-25-188-65ddac56ed121.jpg;;;3 фото подкадра;https://cable.ru/fans/fans-ventilyator_vkopv_21_12_11_2__11_kvt_1500_ob_min.php;https://cable.ru/fans/fans-ventilyator_vkopv_13_284_12_5__11_kvt_1000_ob_min.php;https://cable.ru/fans/fans-ventilyator_vkopv_25_188_12_5__11_kvt_1000_ob_min.php;генерация;"Генерация по промпту; за основу — готовый снимок кадра F00277 (тот же ракурс, свет, фон), меняется только отличие подкадра.";photos/F00277-g.webp
F00277-h;F00277;2;7619;Вентиляторы;Вентилятор крышный;вентилятор крышный;"тип — аксиальный, осевой; 1–2,2 кВт; габариты 450–1100 мм (до метра)";вентилятор крышный;аксиальный, осевой;450–1100 мм (до метра);1–2,2 кВт;свой снимок;21;"Фотореалистичная предметная фотография для каталога. Подкадр F00277-h (21 из 494 позиций кадра F00277). Отличие от соседних подкадров: тип — аксиальный, осевой; 1–2,2 кВт; габариты 450–1100 мм (до метра). Что в кадре: вентилятор крышный, аксиальный, осевой, 1–2,2 кВт, габариты 450–1100 мм (до метра). Как выглядит: вентилятор: корпус-улитка или кольцевой корпус с рабочим колесом и лопатками, электродвигатель. По данным позиций кадра: тип — аксиальный, осевой; исполнение — общего назначения. Масштаб: наружный диаметр около 630 мм (медиана по позициям) — крупное изделие, до метра. Ракурс и композиция: 3/4 немного сверху, изделие целиком по центру, занимает около 70 % кадра. Фон: светлый нейтральный бесшовный #F4F6F9 без текстуры и горизонта. Свет: мягкий студийный из большого софтбокса, мягкая тень под предметом, резкость по всему предмету. Не должно быть: чужих логотипов, названий заводов и брендов, водяных знаков, надписей и любого текста, людей и рук, лишних предметов. Итог: квадрат 1200×1200 px, WebP.";"Photorealistic catalog product photo. Distinctive for this variant: 1-2.2 kW; 450-1100 mm, up to one metre. Roof fan. Fan, scroll or ring housing with impeller blades and electric motor. Scale: outer diameter about 630 mm, large item, up to one metre. Three-quarter view from slightly above, whole item centred, filling about 70% of the frame. Plain seamless light neutral background #F4F6F9, no texture, no horizon line. Soft large-softbox studio lighting, soft contact shadow underneath, sharp focus across the whole item, photorealistic e-commerce catalog product photo, high detail, 85mm lens look, square 1:1, 1200x1200.";text, letters, numbers, logo, brand name, manufacturer marking, watermark, printed label, people, hands, faces, multiple products, cluttered background, props, distorted geometry, extra parts, cartoon, illustration, CGI look, blur, low resolution;текст, буквы, цифры, логотип, бренд, заводская маркировка, водяной знак, этикетка с надписями, люди, руки, лица, несколько предметов, захламленный фон, реквизит, искаженная геометрия, лишние детали, мультяшный стиль, иллюстрация, вид 3D-рендера, размытие, низкое разрешение;https://backend.cable.ru/uploads/catalog/02-fan-bkopv-21-12-65dd9de6eef0c.jpg;https://backend.cable.ru/uploads/catalog/01-fan-bkopv-30-160-65dd9de59b544.jpg;;;;2 фото подкадра;https://cable.ru/fans/fans-ventilyator_vkopv_21_12_5__1_1_kvt_3000_ob_min.php;https://cable.ru/fans/fans-ventilyator_vkopv_13_284_5__1_1_kvt_1500_ob_min.php;https://cable.ru/fans/fans-ventilyator_vkopv_21_12_8__2_2_kvt_1500_ob_min.php;генерация;"Генерация по промпту; за основу — готовый снимок кадра F00277 (тот же ракурс, свет, фон), меняется только отличие подкадра.";photos/F00277-h.webp
F00277-i;F00277;3;8342;Вентиляторы;Вентилятор крышный;вентилятор крышный;"тип — радиальный, центробежный; 11–22 кВт; габариты 1,1–2,6 м (с человека)";вентилятор крышный;радиальный, центробежный;1,1–2,6 м (с человека);11–22 кВт;свой снимок;19;"Фотореалистичная предметная фотография для каталога. Подкадр F00277-i (19 из 494 позиций кадра F00277). Отличие от соседних подкадров: тип — радиальный, центробежный; 11–22 кВт; габариты 1,1–2,6 м (с человека). Что в кадре: вентилятор крышный, радиальный, центробежный, 11–22 кВт, габариты 1,1–2,6 м (с человека). Как выглядит: вентилятор: корпус-улитка или кольцевой корпус с рабочим колесом и лопатками, электродвигатель. По данным позиций кадра: тип — радиальный, центробежный; исполнение — общего назначения. Масштаб: наружный диаметр около 1120 мм (медиана по позициям) — крупное оборудование ростом примерно с человека. Ракурс и композиция: 3/4 немного сверху, изделие целиком по центру, занимает около 70 % кадра. Фон: светлый нейтральный бесшовный #F4F6F9 без текстуры и горизонта. Свет: мягкий студийный из большого софтбокса, мягкая тень под предметом, резкость по всему предмету. Не должно быть: чужих логотипов, названий заводов и брендов, водяных знаков, надписей и любого текста, людей и рук, лишних предметов. Итог: квадрат 1200×1200 px, WebP.";"Photorealistic catalog product photo. Distinctive for this variant: type centrifugal radial; 11-22 kW; 1.1-2.6 m, about human height. Roof fan. Fan, scroll or ring housing with impeller blades and electric motor. Type: centrifugal radial. Scale: outer diameter about 1120 mm, large equipment, about human height. Three-quarter view from slightly above, whole item centred, filling about 70% of the frame. Plain seamless light neutral background #F4F6F9, no texture, no horizon line. Soft large-softbox studio lighting, soft contact shadow underneath, sharp focus across the whole item, photorealistic e-commerce catalog product photo, high detail, 85mm lens look, square 1:1, 1200x1200.";text, letters, numbers, logo, brand name, manufacturer marking, watermark, printed label, people, hands, faces, multiple products, cluttered background, props, distorted geometry, extra parts, cartoon, illustration, CGI look, blur, low resolution;текст, буквы, цифры, логотип, бренд, заводская маркировка, водяной знак, этикетка с надписями, люди, руки, лица, несколько предметов, захламленный фон, реквизит, искаженная геометрия, лишние детали, мультяшный стиль, иллюстрация, вид 3D-рендера, размытие, низкое разрешение;https://backend.cable.ru/uploads/catalog/01-fan-vsr-65dd9d7426348.jpg;https://backend.cable.ru/uploads/catalog/02-fan-vsrf-65dd9de87c649.jpg;https://backend.cable.ru/uploads/catalog/01-fan-vsrs-65dd9de8182f9.jpg;;;3 фото подкадра;https://cable.ru/fans/fans-ventilyator_vkr_11_2__11_kvt_750_ob_min.php;https://cable.ru/fans/fans-ventilyator_vkrf_11_2__11_kvt_750_ob_min.php;https://cable.ru/fans/fans-ventilyator_vkrs_11_2__11_kvt_750_ob_min.php;генерация;"Генерация по промпту; за основу — готовый снимок кадра F00277 (тот же ракурс, свет, фон), меняется только отличие подкадра.";photos/F00277-i.webp
F00277-j;F00277;3;11002;Вентиляторы;Вентилятор крышный;вентилятор крышный;"тип — радиальный, центробежный; 3–7,5 кВт; габариты 130–450 мм (с обувную коробку)";вентилятор крышный;радиальный, центробежный;130–450 мм (с обувную коробку);3–7,5 кВт;свой снимок;14;"Фотореалистичная предметная фотография для каталога. Подкадр F00277-j (14 из 494 позиций кадра F00277). Отличие от соседних подкадров: тип — радиальный, центробежный; 3–7,5 кВт; габариты 130–450 мм (с обувную коробку). Что в кадре: вентилятор крышный, радиальный, центробежный, 3–7,5 кВт, габариты 130–450 мм (с обувную коробку). Как выглядит: вентилятор: корпус-улитка или кольцевой корпус с рабочим колесом и лопатками, электродвигатель. По данным позиций кадра: тип — радиальный, центробежный; исполнение — общего назначения. Масштаб: наружный диаметр около 400 мм (медиана по позициям) — размером примерно с обувную коробку. Ракурс и композиция: 3/4 немного сверху, изделие целиком по центру, занимает около 70 % кадра. Фон: светлый нейтральный бесшовный #F4F6F9 без текстуры и горизонта. Свет: мягкий студийный из большого софтбокса, мягкая тень под предметом, резкость по всему предмету. Не должно быть: чужих логотипов, названий заводов и брендов, водяных знаков, надписей и любого текста, людей и рук, лишних предметов. Итог: квадрат 1200×1200 px, WebP.";"Photorealistic catalog product photo. Distinctive for this variant: type centrifugal radial; 3-7.5 kW; 130-450 mm, shoebox size. Roof fan. Fan, scroll or ring housing with impeller blades and electric motor. Type: centrifugal radial. Scale: outer diameter about 400 mm, about shoebox size. Three-quarter view from slightly above, whole item centred, filling about 70% of the frame. Plain seamless light neutral background #F4F6F9, no texture, no horizon line. Soft large-softbox studio lighting, soft contact shadow underneath, sharp focus across the whole item, photorealistic e-commerce catalog product photo, high detail, 85mm lens look, square 1:1, 1200x1200.";text, letters, numbers, logo, brand name, manufacturer marking, watermark, printed label, people, hands, faces, multiple products, cluttered background, props, distorted geometry, extra parts, cartoon, illustration, CGI look, blur, low resolution;текст, буквы, цифры, логотип, бренд, заводская маркировка, водяной знак, этикетка с надписями, люди, руки, лица, несколько предметов, захламленный фон, реквизит, искаженная геометрия, лишние детали, мультяшный стиль, иллюстрация, вид 3D-рендера, размытие, низкое разрешение;https://backend.cable.ru/uploads/catalog/01-fan-vsrs-65dd9de8182f9.jpg;https://backend.cable.ru/uploads/catalog/02-fan-vsrf-65dd9de87c649.jpg;https://backend.cable.ru/uploads/catalog/01-fan-vsr-65dd9d7426348.jpg;;;3 фото подкадра;https://cable.ru/fans/fans-ventilyator_vkrs_4__3_kvt_3000_ob_min.php;https://cable.ru/fans/fans-ventilyator_vkrf_4_0__3_kvt_3000_ob_min.php;https://cable.ru/fans/fans-ventilyator_vkr_4_5__5_5_kvt_3000_ob_min.php;генерация;"Генерация по промпту; за основу — готовый снимок кадра F00277 (тот же ракурс, свет, фон), меняется только отличие подкадра.";photos/F00277-j.webp
F00277-k;F00277;3;11749;Вентиляторы;Вентилятор крышный;вентилятор крышный;"тип — радиальный; 3–7,5 кВт; габариты 450–1100 мм (до метра)";вентилятор крышный;радиальный;450–1100 мм (до метра);3–7,5 кВт;свой снимок;13;"Фотореалистичная предметная фотография для каталога. Подкадр F00277-k (13 из 494 позиций кадра F00277). Отличие от соседних подкадров: тип — радиальный; 3–7,5 кВт; габариты 450–1100 мм (до метра). Что в кадре: вентилятор крышный, радиальный, 3–7,5 кВт, габариты 450–1100 мм (до метра). Как выглядит: вентилятор: корпус-улитка или кольцевой корпус с рабочим колесом и лопатками, электродвигатель. По данным позиций кадра: тип — радиальный; форма корпуса — круглый; исполнение — противопожарный. Масштаб: наружный диаметр около 800 мм (медиана по позициям) — крупное изделие, до метра. Ракурс и композиция: 3/4 немного сверху, изделие целиком по центру, занимает около 70 % кадра. Фон: светлый нейтральный бесшовный #F4F6F9 без текстуры и горизонта. Свет: мягкий студийный из большого софтбокса, мягкая тень под предметом, резкость по всему предмету. Не должно быть: чужих логотипов, названий заводов и брендов, водяных знаков, надписей и любого текста, людей и рук, лишних предметов. Итог: квадрат 1200×1200 px, WebP.";"Photorealistic catalog product photo. Distinctive for this variant: type radial; 3-7.5 kW; 450-1100 mm, up to one metre. Roof fan. Fan, scroll or ring housing with impeller blades and electric motor. Type: radial; housing shape: round. Scale: outer diameter about 800 mm, large item, up to one metre. Three-quarter view from slightly above, whole item centred, filling about 70% of the frame. Plain seamless light neutral background #F4F6F9, no texture, no horizon line. Soft large-softbox studio lighting, soft contact shadow underneath, sharp focus across the whole item, photorealistic e-commerce catalog product photo, high detail, 85mm lens look, square 1:1, 1200x1200.";text, letters, numbers, logo, brand name, manufacturer marking, watermark, printed label, people, hands, faces, multiple products, cluttered background, props, distorted geometry, extra parts, cartoon, illustration, CGI look, blur, low resolution;текст, буквы, цифры, логотип, бренд, заводская маркировка, водяной знак, этикетка с надписями, люди, руки, лица, несколько предметов, захламленный фон, реквизит, искаженная геометрия, лишние детали, мультяшный стиль, иллюстрация, вид 3D-рендера, размытие, низкое разрешение;https://backend.cable.ru/uploads/catalog/01-vkrfm-65ddbae3ba093.jpg;https://backend.cable.ru/uploads/catalog/vkrf-6-3-65ddbde700c72.jpg;;;;2 фото подкадра;https://cable.ru/fans/fans-vkrfm_du_9_0_3_kvt_750_ob_min.php;https://cable.ru/fans/fans-krishnii_ventilyator_vkrf_6_3_rv9_du_5_5_kvt_1500_ob_min.php;https://cable.ru/fans/fans-vkrfm_du_9_0_4_kvt_750_ob_min.php;генерация;"Генерация по промпту; за основу — готовый снимок кадра F00277 (тот же ракурс, свет, фон), меняется только отличие подкадра.";photos/F00277-k.webp
F00277-l;F00277;3;13721;Вентиляторы;Вентилятор крышный;вентилятор крышный;"тип — радиальный, центробежный; до 0,75 кВт; габариты 450–1100 мм (до метра)";вентилятор крышный;радиальный, центробежный;450–1100 мм (до метра);до 0,75 кВт;свой снимок;11;"Фотореалистичная предметная фотография для каталога. Подкадр F00277-l (11 из 494 позиций кадра F00277). Отличие от соседних подкадров: тип — радиальный, центробежный; до 0,75 кВт; габариты 450–1100 мм (до метра). Что в кадре: вентилятор крышный, радиальный, центробежный, до 0,75 кВт, габариты 450–1100 мм (до метра). Как выглядит: вентилятор: корпус-улитка или кольцевой корпус с рабочим колесом и лопатками, электродвигатель. По данным позиций кадра: тип — радиальный, центробежный; исполнение — общего назначения. Масштаб: наружный диаметр около 560 мм (медиана по позициям) — крупное изделие, до метра. Ракурс и композиция: 3/4 немного сверху, изделие целиком по центру, занимает около 70 % кадра. Фон: светлый нейтральный бесшовный #F4F6F9 без текстуры и горизонта. Свет: мягкий студийный из большого софтбокса, мягкая тень под предметом, резкость по всему предмету. Не должно быть: чужих логотипов, названий заводов и брендов, водяных знаков, надписей и любого текста, людей и рук, лишних предметов. Итог: квадрат 1200×1200 px, WebP.";"Photorealistic catalog product photo. Distinctive for this variant: type centrifugal radial; up to 0.75 kW; 450-1100 mm, up to one metre. Roof fan. Fan, scroll or ring housing with impeller blades and electric motor. Type: centrifugal radial. Scale: outer diameter about 560 mm, large item, up to one metre. Three-quarter view from slightly above, whole item centred, filling about 70% of the frame. Plain seamless light neutral background #F4F6F9, no texture, no horizon line. Soft large-softbox studio lighting, soft contact shadow underneath, sharp focus across the whole item, photorealistic e-commerce catalog product photo, high detail, 85mm lens look, square 1:1, 1200x1200.";text, letters, numbers, logo, brand name, manufacturer marking, watermark, printed label, people, hands, faces, multiple products, cluttered background, props, distorted geometry, extra parts, cartoon, illustration, CGI look, blur, low resolution;текст, буквы, цифры, логотип, бренд, заводская маркировка, водяной знак, этикетка с надписями, люди, руки, лица, несколько предметов, захламленный фон, реквизит, искаженная геометрия, лишние детали, мультяшный стиль, иллюстрация, вид 3D-рендера, размытие, низкое разрешение;https://backend.cable.ru/uploads/catalog/01-fan-vsr-65dd9d7426348.jpg;https://backend.cable.ru/uploads/catalog/02-fan-vsrf-65dd9de87c649.jpg;https://backend.cable.ru/uploads/catalog/01-fan-vsrs-65dd9de8182f9.jpg;;;3 фото подкадра;https://cable.ru/fans/fans-ventilyator_vkr_5__0_37_kvt_1000_ob_min.php;https://cable.ru/fans/fans-ventilyator_vkrf_5__0_37_kvt_1000_ob_min.php;https://cable.ru/fans/fans-ventilyator_vkrs_5_6__0_55_kvt_1000_ob_min.php;генерация;"Генерация по промпту; за основу — готовый снимок кадра F00277 (тот же ракурс, свет, фон), меняется только отличие подкадра.";photos/F00277-l.webp
F00277-m;F00277;3;14738;Вентиляторы;Вентилятор крышный;вентилятор крышный;"тип — аксиальный, осевой; 3–7,5 кВт; габариты 1,1–2,6 м (с человека)";вентилятор крышный;аксиальный, осевой;1,1–2,6 м (с человека);3–7,5 кВт;свой снимок;10;"Фотореалистичная предметная фотография для каталога. Подкадр F00277-m (10 из 494 позиций кадра F00277). Отличие от соседних подкадров: тип — аксиальный, осевой; 3–7,5 кВт; габариты 1,1–2,6 м (с человека). Что в кадре: вентилятор крышный, аксиальный, осевой, 3–7,5 кВт, габариты 1,1–2,6 м (с человека). Как выглядит: вентилятор: корпус-улитка или кольцевой корпус с рабочим колесом и лопатками, электродвигатель. По данным позиций кадра: тип — аксиальный, осевой; исполнение — общего назначения. Масштаб: наружный диаметр около 1185 мм (медиана по позициям) — крупное оборудование ростом примерно с человека. Ракурс и композиция: 3/4 немного сверху, изделие целиком по центру, занимает около 70 % кадра. Фон: светлый нейтральный бесшовный #F4F6F9 без текстуры и горизонта. Свет: мягкий студийный из большого софтбокса, мягкая тень под предметом, резкость по всему предмету. Не должно быть: чужих логотипов, названий заводов и брендов, водяных знаков, надписей и любого текста, людей и рук, лишних предметов. Итог: квадрат 1200×1200 px, WebP.";"Photorealistic catalog product photo. Distinctive for this variant: 3-7.5 kW; 1.1-2.6 m, about human height. Roof fan. Fan, scroll or ring housing with impeller blades and electric motor. Scale: outer diameter about 1185 mm, large equipment, about human height. Three-quarter view from slightly above, whole item centred, filling about 70% of the frame. Plain seamless light neutral background #F4F6F9, no texture, no horizon line. Soft large-softbox studio lighting, soft contact shadow underneath, sharp focus across the whole item, photorealistic e-commerce catalog product photo, high detail, 85mm lens look, square 1:1, 1200x1200.";text, letters, numbers, logo, brand name, manufacturer marking, watermark, printed label, people, hands, faces, multiple products, cluttered background, props, distorted geometry, extra parts, cartoon, illustration, CGI look, blur, low resolution;текст, буквы, цифры, логотип, бренд, заводская маркировка, водяной знак, этикетка с надписями, люди, руки, лица, несколько предметов, захламленный фон, реквизит, искаженная геометрия, лишние детали, мультяшный стиль, иллюстрация, вид 3D-рендера, размытие, низкое разрешение;https://backend.cable.ru/uploads/catalog/01-fan-bkopv-30-160-65dd9de59b544.jpg;https://backend.cable.ru/uploads/catalog/02-fan-bkopv-21-12-65dd9de6eef0c.jpg;https://backend.cable.ru/uploads/catalog/02-fan-bkopv-25-188-65ddac56ed121.jpg;;;3 фото подкадра;https://cable.ru/fans/fans-ventilyator_vkopv_13_284_12_5__3_kvt_700_ob_min.php;https://cable.ru/fans/fans-ventilyator_vkopv_21_12_12_5__4_kvt_1000_ob_min.php;https://cable.ru/fans/fans-ventilyator_vkopv_25_188_11_2__5_5_kvt_1000_ob_min.php;генерация;"Генерация по промпту; за основу — готовый снимок кадра F00277 (тот же ракурс, свет, фон), меняется только отличие подкадра.";photos/F00277-m.webp
F00277-n;F00277;3;14739;Вентиляторы;Вентилятор крышный;вентилятор крышный;"тип — радиальный, центробежный; 1–2,2 кВт; габариты 130–450 мм (с обувную коробку)";вентилятор крышный;радиальный, центробежный;130–450 мм (с обувную коробку);1–2,2 кВт;свой снимок;10;"Фотореалистичная предметная фотография для каталога. Подкадр F00277-n (10 из 494 позиций кадра F00277). Отличие от соседних подкадров: тип — радиальный, центробежный; 1–2,2 кВт; габариты 130–450 мм (с обувную коробку). Что в кадре: вентилятор крышный, радиальный, центробежный, 1–2,2 кВт, габариты 130–450 мм (с обувную коробку). Как выглядит: вентилятор: корпус-улитка или кольцевой корпус с рабочим колесом и лопатками, электродвигатель. По данным позиций кадра: тип — радиальный, центробежный; исполнение — общего назначения. Масштаб: наружный диаметр около 355 мм (медиана по позициям) — размером примерно с обувную коробку. Ракурс и композиция: 3/4 немного сверху, изделие целиком по центру, занимает около 70 % кадра. Фон: светлый нейтральный бесшовный #F4F6F9 без текстуры и горизонта. Свет: мягкий студийный из большого софтбокса, мягкая тень под предметом, резкость по всему предмету. Не должно быть: чужих логотипов, названий заводов и брендов, водяных знаков, надписей и любого текста, людей и рук, лишних предметов. Итог: квадрат 1200×1200 px, WebP.";"Photorealistic catalog product photo. Distinctive for this variant: type centrifugal radial; 1-2.2 kW; 130-450 mm, shoebox size. Roof fan. Fan, scroll or ring housing with impeller blades and electric motor. Type: centrifugal radial. Scale: outer diameter about 355 mm, about shoebox size. Three-quarter view from slightly above, whole item centred, filling about 70% of the frame. Plain seamless light neutral background #F4F6F9, no texture, no horizon line. Soft large-softbox studio lighting, soft contact shadow underneath, sharp focus across the whole item, photorealistic e-commerce catalog product photo, high detail, 85mm lens look, square 1:1, 1200x1200.";text, letters, numbers, logo, brand name, manufacturer marking, watermark, printed label, people, hands, faces, multiple products, cluttered background, props, distorted geometry, extra parts, cartoon, illustration, CGI look, blur, low resolution;текст, буквы, цифры, логотип, бренд, заводская маркировка, водяной знак, этикетка с надписями, люди, руки, лица, несколько предметов, захламленный фон, реквизит, искаженная геометрия, лишние детали, мультяшный стиль, иллюстрация, вид 3D-рендера, размытие, низкое разрешение;https://backend.cable.ru/uploads/catalog/01-fan-vsr-65dd9d7426348.jpg;https://backend.cable.ru/uploads/catalog/02-fan-vsrf-65dd9de87c649.jpg;https://backend.cable.ru/uploads/catalog/01-fan-vsrs-65dd9de8182f9.jpg;;;3 фото подкадра;https://cable.ru/fans/fans-ventilyator_vkr_4_5__1_1_kvt_1500_ob_min.php;https://cable.ru/fans/fans-ventilyator_vkrf_4_5__1_1_kvt_1500_ob_min.php;https://cable.ru/fans/fans-ventilyator_vkrs_4_5__1_1_kvt_1500_ob_min.php;генерация;"Генерация по промпту; за основу — готовый снимок кадра F00277 (тот же ракурс, свет, фон), меняется только отличие подкадра.";photos/F00277-n.webp
F00277-o;F00277;3;16161;Вентиляторы;Вентилятор крышный;вентилятор крышный;"тип — радиальный, центробежный; 30–75 кВт; габариты 1,1–2,6 м (с человека)";вентилятор крышный;радиальный, центробежный;1,1–2,6 м (с человека);30–75 кВт;свой снимок;9;"Фотореалистичная предметная фотография для каталога. Подкадр F00277-o (9 из 494 позиций кадра F00277). Отличие от соседних подкадров: тип — радиальный, центробежный; 30–75 кВт; габариты 1,1–2,6 м (с человека). Что в кадре: вентилятор крышный, радиальный, центробежный, 30–75 кВт, габариты 1,1–2,6 м (с человека). Как выглядит: вентилятор: корпус-улитка или кольцевой корпус с рабочим колесом и лопатками, электродвигатель. По данным позиций кадра: тип — радиальный, центробежный; исполнение — общего назначения. Масштаб: наружный диаметр около 1250 мм (медиана по позициям) — крупное оборудование ростом примерно с человека. Ракурс и композиция: 3/4 немного сверху, изделие целиком по центру, занимает около 70 % кадра. Фон: светлый нейтральный бесшовный #F4F6F9 без текстуры и горизонта. Свет: мягкий студийный из большого софтбокса, мягкая тень под предметом, резкость по всему предмету. Не должно быть: чужих логотипов, названий заводов и брендов, водяных знаков, надписей и любого текста, людей и рук, лишних предметов. Итог: квадрат 1200×1200 px, WebP.";"Photorealistic catalog product photo. Distinctive for this variant: type centrifugal radial; 30-75 kW; 1.1-2.6 m, about human height. Roof fan. Fan, scroll or ring housing with impeller blades and electric motor. Type: centrifugal radial. Scale: outer diameter about 1250 mm, large equipment, about human height. Three-quarter view from slightly above, whole item centred, filling about 70% of the frame. Plain seamless light neutral background #F4F6F9, no texture, no horizon line. Soft large-softbox studio lighting, soft contact shadow underneath, sharp focus across the whole item, photorealistic e-commerce catalog product photo, high detail, 85mm lens look, square 1:1, 1200x1200.";text, letters, numbers, logo, brand name, manufacturer marking, watermark, printed label, people, hands, faces, multiple products, cluttered background, props, distorted geometry, extra parts, cartoon, illustration, CGI look, blur, low resolution;текст, буквы, цифры, логотип, бренд, заводская маркировка, водяной знак, этикетка с надписями, люди, руки, лица, несколько предметов, захламленный фон, реквизит, искаженная геометрия, лишние детали, мультяшный стиль, иллюстрация, вид 3D-рендера, размытие, низкое разрешение;https://backend.cable.ru/uploads/catalog/01-fan-vsr-65dd9d7426348.jpg;https://backend.cable.ru/uploads/catalog/02-fan-vsrf-65dd9de87c649.jpg;https://backend.cable.ru/uploads/catalog/01-fan-vsrs-65dd9de8182f9.jpg;;;3 фото подкадра;https://cable.ru/fans/fans-ventilyator_vkr_11_2__30_kvt_1000_ob_min.php;https://cable.ru/fans/fans-ventilyator_vkrf_11_2__30_kvt_1000_ob_min.php;https://cable.ru/fans/fans-ventilyator_vkrs_11_2__30_kvt_1000_ob_min.php;генерация;"Генерация по промпту; за основу — готовый снимок кадра F00277 (тот же ракурс, свет, фон), меняется только отличие подкадра.";photos/F00277-o.webp
F00277-p;F00277;3;16162;Вентиляторы;Вентилятор крышный;вентилятор крышный;"тип — радиальный; 11–22 кВт; габариты 450–1100 мм (до метра)";вентилятор крышный;радиальный;450–1100 мм (до метра);11–22 кВт;свой снимок;9;"Фотореалистичная предметная фотография для каталога. Подкадр F00277-p (9 из 494 позиций кадра F00277). Отличие от соседних подкадров: тип — радиальный; 11–22 кВт; габариты 450–1100 мм (до метра). Что в кадре: вентилятор крышный, радиальный, 11–22 кВт, габариты 450–1100 мм (до метра). Как выглядит: вентилятор: корпус-улитка или кольцевой корпус с рабочим колесом и лопатками, электродвигатель. По данным позиций кадра: тип — радиальный; форма корпуса — круглый; исполнение — противопожарный. Масштаб: наружный диаметр около 900 мм (медиана по позициям) — крупное изделие, до метра. Ракурс и композиция: 3/4 немного сверху, изделие целиком по центру, занимает около 70 % кадра. Фон: светлый нейтральный бесшовный #F4F6F9 без текстуры и горизонта. Свет: мягкий студийный из большого софтбокса, мягкая тень под предметом, резкость по всему предмету. Не должно быть: чужих логотипов, названий заводов и брендов, водяных знаков, надписей и любого текста, людей и рук, лишних предметов. Итог: квадрат 1200×1200 px, WebP.";"Photorealistic catalog product photo. Distinctive for this variant: type radial; 11-22 kW; 450-1100 mm, up to one metre. Roof fan. Fan, scroll or ring housing with impeller blades and electric motor. Type: radial; housing shape: round. Scale: outer diameter about 900 mm, large item, up to one metre. Three-quarter view from slightly above, whole item centred, filling about 70% of the frame. Plain seamless light neutral background #F4F6F9, no texture, no horizon line. Soft large-softbox studio lighting, soft contact shadow underneath, sharp focus across the whole item, photorealistic e-commerce catalog product photo, high detail, 85mm lens look, square 1:1, 1200x1200.";text, letters, numbers, logo, brand name, manufacturer marking, watermark, printed label, people, hands, faces, multiple products, cluttered background, props, distorted geometry, extra parts, cartoon, illustration, CGI look, blur, low resolution;текст, буквы, цифры, логотип, бренд, заводская маркировка, водяной знак, этикетка с надписями, люди, руки, лица, несколько предметов, захламленный фон, реквизит, искаженная геометрия, лишние детали, мультяшный стиль, иллюстрация, вид 3D-рендера, размытие, низкое разрешение;https://backend.cable.ru/uploads/catalog/01-vkrfm-65ddbae3ba093.jpg;;;;;1 фото подкадра;https://cable.ru/fans/fans-vkrfm_du_7_1_11_kvt_1500_ob_min.php;https://cable.ru/fans/fans-vkrfm_du_9_0_22_kvt_1500_ob_min.php;https://cable.ru/fans/fans-vkrfm_du_9_0_11_kvt_1000_ob_min.php;генерация;"Генерация по промпту; за основу — готовый снимок кадра F00277 (тот же ракурс, свет, фон), меняется только отличие подкадра.";photos/F00277-p.webp
F00277-q;F00277;3;17662;Вентиляторы;Вентилятор крышный;вентилятор крышный;у позиций разные: тип, мощность, размер;вентилятор крышный;;;;свой снимок;8;"Фотореалистичная предметная фотография для каталога. Подкадр F00277-q (8 из 494 позиций кадра F00277). Отличие от соседних подкадров: у позиций разные: тип, мощность, размер. Что в кадре: вентилятор крышный. Как выглядит: вентилятор: корпус-улитка или кольцевой корпус с рабочим колесом и лопатками, электродвигатель. По данным позиций кадра: тип — радиальный (50 %); форма корпуса — круглый (75 %); исполнение — противопожарный (75 %). Масштаб: наружный диаметр около 450 мм (медиана по позициям) — крупное изделие, до метра. Ракурс и композиция: 3/4 немного сверху, изделие целиком по центру, занимает около 70 % кадра. Фон: светлый нейтральный бесшовный #F4F6F9 без текстуры и горизонта. Свет: мягкий студийный из большого софтбокса, мягкая тень под предметом, резкость по всему предмету. Не должно быть: чужих логотипов, названий заводов и брендов, водяных знаков, надписей и любого текста, людей и рук, лишних предметов. Итог: квадрат 1200×1200 px, WebP.";"Photorealistic catalog product photo. Roof fan. Fan, scroll or ring housing with impeller blades and electric motor. Type: radial; housing shape: round. Scale: outer diameter about 450 mm, large item, up to one metre. Three-quarter view from slightly above, whole item centred, filling about 70% of the frame. Plain seamless light neutral background #F4F6F9, no texture, no horizon line. Soft large-softbox studio lighting, soft contact shadow underneath, sharp focus across the whole item, photorealistic e-commerce catalog product photo, high detail, 85mm lens look, square 1:1, 1200x1200.";text, letters, numbers, logo, brand name, manufacturer marking, watermark, printed label, people, hands, faces, multiple products, cluttered background, props, distorted geometry, extra parts, cartoon, illustration, CGI look, blur, low resolution;текст, буквы, цифры, логотип, бренд, заводская маркировка, водяной знак, этикетка с надписями, люди, руки, лица, несколько предметов, захламленный фон, реквизит, искаженная геометрия, лишние детали, мультяшный стиль, иллюстрация, вид 3D-рендера, размытие, низкое разрешение;https://backend.cable.ru/uploads/catalog/01-vkrf-65ddbae37fdb0.jpg;https://backend.cable.ru/uploads/catalog/01-vkrs-65ddbae3506a0.jpg;https://backend.cable.ru/uploads/catalog/01-vkrfm-65ddbae3ba093.jpg;https://backend.cable.ru/uploads/catalog/02-vkopv-65ddbae4d696b.jpg;https://backend.cable.ru/uploads/catalog/01-vkopv-65ddbae46a006.jpg;;https://cable.ru/fans/fans-vkrf_9_30_kvt_1500_ob_min.php;https://cable.ru/fans/fans-vkrs_4_5_5_kvt_3000_ob_min.php;https://cable.ru/fans/fans-vkrfm_du_9_0_30_kvt_1500_ob_min.php;генерация;"Генерация по промпту; за основу — готовый снимок кадра F00277 (тот же ракурс, свет, фон), меняется только отличие подкадра.";photos/F00277-q.webp
F00277-r;F00277;3;17663;Вентиляторы;Вентилятор крышный;вентилятор крышный;"тип — аксиальный, осевой; габариты 130–450 мм (с обувную коробку); у позиций разные: мощность";вентилятор крышный;аксиальный, осевой;;;свой снимок;8;"Фотореалистичная предметная фотография для каталога. Подкадр F00277-r (8 из 494 позиций кадра F00277). Отличие от соседних подкадров: тип — аксиальный, осевой; габариты 130–450 мм (с обувную коробку); у позиций разные: мощность. Что в кадре: вентилятор крышный, аксиальный, осевой, габариты 130–450 мм (с обувную коробку). Как выглядит: вентилятор: корпус-улитка или кольцевой корпус с рабочим колесом и лопатками, электродвигатель. По данным позиций кадра: тип — аксиальный, осевой; исполнение — общего назначения. Масштаб: наружный диаметр около 400 мм (медиана по позициям) — размером примерно с обувную коробку. Ракурс и композиция: 3/4 немного сверху, изделие целиком по центру, занимает около 70 % кадра. Фон: светлый нейтральный бесшовный #F4F6F9 без текстуры и горизонта. Свет: мягкий студийный из большого софтбокса, мягкая тень под предметом, резкость по всему предмету. Не должно быть: чужих логотипов, названий заводов и брендов, водяных знаков, надписей и любого текста, людей и рук, лишних предметов. Итог: квадрат 1200×1200 px, WebP.";Photorealistic catalog product photo. Distinctive for this variant: 130-450 mm, shoebox size. Roof fan. Fan, scroll or ring housing with impeller blades and electric motor. Scale: outer diameter about 400 mm, about shoebox size. Three-quarter view from slightly above, whole item centred, filling about 70% of the frame. Plain seamless light neutral background #F4F6F9, no texture, no horizon line. Soft large-softbox studio lighting, soft contact shadow underneath, sharp focus across the whole item, photorealistic e-commerce catalog product photo, high detail, 85mm lens look, square 1:1, 1200x1200.;text, letters, numbers, logo, brand name, manufacturer marking, watermark, printed label, people, hands, faces, multiple products, cluttered background, props, distorted geometry, extra parts, cartoon, illustration, CGI look, blur, low resolution;текст, буквы, цифры, логотип, бренд, заводская маркировка, водяной знак, этикетка с надписями, люди, руки, лица, несколько предметов, захламленный фон, реквизит, искаженная геометрия, лишние детали, мультяшный стиль, иллюстрация, вид 3D-рендера, размытие, низкое разрешение;https://backend.cable.ru/uploads/catalog/01-fan-bkopv-30-160-65dd9de59b544.jpg;;;;;1 фото подкадра;https://cable.ru/fans/fans-ventilyator_vkopv_13_284_4__3_kvt_3000_ob_min.php;https://cable.ru/fans/fans-ventilyator_vkopv_13_284_4__1_5kvt_3000_ob_min.php;https://cable.ru/fans/fans-ventilyator_vkopv_13_284_4__2_2_kvt_3000_ob_min.php;генерация;"Генерация по промпту; за основу — готовый снимок кадра F00277 (тот же ракурс, свет, фон), меняется только отличие подкадра.";photos/F00277-r.webp
F00277-s;F00277;3;17664;Вентиляторы;Вентилятор крышный;вентилятор крышный;"тип — аксиальный, осевой; 30–75 кВт; габариты 1,1–2,6 м (с человека)";вентилятор крышный;аксиальный, осевой;1,1–2,6 м (с человека);30–75 кВт;свой снимок;8;"Фотореалистичная предметная фотография для каталога. Подкадр F00277-s (8 из 494 позиций кадра F00277). Отличие от соседних подкадров: тип — аксиальный, осевой; 30–75 кВт; габариты 1,1–2,6 м (с человека). Что в кадре: вентилятор крышный, аксиальный, осевой, 30–75 кВт, габариты 1,1–2,6 м (с человека). Как выглядит: вентилятор: корпус-улитка или кольцевой корпус с рабочим колесом и лопатками, электродвигатель. По данным позиций кадра: тип — аксиальный, осевой; исполнение — общего назначения. Масштаб: наружный диаметр около 1250 мм (медиана по позициям) — крупное оборудование ростом примерно с человека. Ракурс и композиция: 3/4 немного сверху, изделие целиком по центру, занимает около 70 % кадра. Фон: светлый нейтральный бесшовный #F4F6F9 без текстуры и горизонта. Свет: мягкий студийный из большого софтбокса, мягкая тень под предметом, резкость по всему предмету. Не должно быть: чужих логотипов, названий заводов и брендов, водяных знаков, надписей и любого текста, людей и рук, лишних предметов. Итог: квадрат 1200×1200 px, WebP.";"Photorealistic catalog product photo. Distinctive for this variant: 30-75 kW; 1.1-2.6 m, about human height. Roof fan. Fan, scroll or ring housing with impeller blades and electric motor. Scale: outer diameter about 1250 mm, large equipment, about human height. Three-quarter view from slightly above, whole item centred, filling about 70% of the frame. Plain seamless light neutral background #F4F6F9, no texture, no horizon line. Soft large-softbox studio lighting, soft contact shadow underneath, sharp focus across the whole item, photorealistic e-commerce catalog product photo, high detail, 85mm lens look, square 1:1, 1200x1200.";text, letters, numbers, logo, brand name, manufacturer marking, watermark, printed label, people, hands, faces, multiple products, cluttered background, props, distorted geometry, extra parts, cartoon, illustration, CGI look, blur, low resolution;текст, буквы, цифры, логотип, бренд, заводская маркировка, водяной знак, этикетка с надписями, люди, руки, лица, несколько предметов, захламленный фон, реквизит, искаженная геометрия, лишние детали, мультяшный стиль, иллюстрация, вид 3D-рендера, размытие, низкое разрешение;https://backend.cable.ru/uploads/catalog/02-fan-bkopv-21-12-65dd9de6eef0c.jpg;https://backend.cable.ru/uploads/catalog/01-fan-bkopv-30-160-65dd9de59b544.jpg;;;;2 фото подкадра;https://cable.ru/fans/fans-ventilyator_vkopv_21_12_11_2__30_kvt_1500_ob_min.php;https://cable.ru/fans/fans-ventilyator_vkopv_13_284_12_5__30_kvt_1000_ob_min.php;https://cable.ru/fans/fans-ventilyator_vkopv_21_12_12_5__45_kvt_1500_ob_min.php;генерация;"Генерация по промпту; за основу — готовый снимок кадра F00277 (тот же ракурс, свет, фон), меняется только отличие подкадра.";photos/F00277-s.webp
F00277-t;F00277;3;17665;Вентиляторы;Вентилятор крышный;вентилятор крышный;"тип — радиальный, центробежный; у позиций разные: мощность, размер";вентилятор крышный;радиальный, центробежный;;;свой снимок;8;"Фотореалистичная предметная фотография для каталога. Подкадр F00277-t (8 из 494 позиций кадра F00277). Отличие от соседних подкадров: тип — радиальный, центробежный; у позиций разные: мощность, размер. Что в кадре: вентилятор крышный, радиальный, центробежный. Как выглядит: вентилятор: корпус-улитка или кольцевой корпус с рабочим колесом и лопатками, электродвигатель. По данным позиций кадра: тип — радиальный, центробежный; исполнение — общего назначения. Масштаб: наружный диаметр около 950 мм (медиана по позициям) — крупное изделие, до метра. Ракурс и композиция: 3/4 немного сверху, изделие целиком по центру, занимает около 70 % кадра. Фон: светлый нейтральный бесшовный #F4F6F9 без текстуры и горизонта. Свет: мягкий студийный из большого софтбокса, мягкая тень под предметом, резкость по всему предмету. Не должно быть: чужих логотипов, названий заводов и брендов, водяных знаков, надписей и любого текста, людей и рук, лишних предметов. Итог: квадрат 1200×1200 px, WebP.";Photorealistic catalog product photo. Distinctive for this variant: type centrifugal radial. Roof fan. Fan, scroll or ring housing with impeller blades and electric motor. Type: centrifugal radial. Scale: outer diameter about 950 mm, large item, up to one metre. Three-quarter view from slightly above, whole item centred, filling about 70% of the frame. Plain seamless light neutral background #F4F6F9, no texture, no horizon line. Soft large-softbox studio lighting, soft contact shadow underneath, sharp focus across the whole item, photorealistic e-commerce catalog product photo, high detail, 85mm lens look, square 1:1, 1200x1200.;text, letters, numbers, logo, brand name, manufacturer marking, watermark, printed label, people, hands, faces, multiple products, cluttered background, props, distorted geometry, extra parts, cartoon, illustration, CGI look, blur, low resolution;текст, буквы, цифры, логотип, бренд, заводская маркировка, водяной знак, этикетка с надписями, люди, руки, лица, несколько предметов, захламленный фон, реквизит, искаженная геометрия, лишние детали, мультяшный стиль, иллюстрация, вид 3D-рендера, размытие, низкое разрешение;https://backend.cable.ru/uploads/catalog/01-fan-vsr-65dd9d7426348.jpg;https://backend.cable.ru/uploads/catalog/01-fan-vsrs-65dd9de8182f9.jpg;;;;2 фото подкадра;https://cable.ru/fans/fans-ventilyator_vkr_8__2_2_kvt_750_ob_min.php;https://cable.ru/fans/fans-ventilyator_vkrs_9__30_kvt_1500_ob_min.php;https://cable.ru/fans/fans-ventilyator_vkr_8__30_kvt_1500_ob_min.php;генерация;"Генерация по промпту; за основу — готовый снимок кадра F00277 (тот же ракурс, свет, фон), меняется только отличие подкадра.";photos/F00277-t.webp
F00277-u;F00277;3;19976;Вентиляторы;Вентилятор крышный;вентилятор крышный;"тип — аксиальный, осевой; до 0,75 кВт; габариты 450–1100 мм (до метра)";вентилятор крышный;аксиальный, осевой;450–1100 мм (до метра);до 0,75 кВт;свой снимок;7;"Фотореалистичная предметная фотография для каталога. Подкадр F00277-u (7 из 494 позиций кадра F00277). Отличие от соседних подкадров: тип — аксиальный, осевой; до 0,75 кВт; габариты 450–1100 мм (до метра). Что в кадре: вентилятор крышный, аксиальный, осевой, до 0,75 кВт, габариты 450–1100 мм (до метра). Как выглядит: вентилятор: корпус-улитка или кольцевой корпус с рабочим колесом и лопатками, электродвигатель. По данным позиций кадра: тип — аксиальный, осевой; исполнение — общего назначения. Масштаб: наружный диаметр около 630 мм (медиана по позициям) — крупное изделие, до метра. Ракурс и композиция: 3/4 немного сверху, изделие целиком по центру, занимает около 70 % кадра. Фон: светлый нейтральный бесшовный #F4F6F9 без текстуры и горизонта. Свет: мягкий студийный из большого софтбокса, мягкая тень под предметом, резкость по всему предмету. Не должно быть: чужих логотипов, названий заводов и брендов, водяных знаков, надписей и любого текста, людей и рук, лишних предметов. Итог: квадрат 1200×1200 px, WebP.";"Photorealistic catalog product photo. Distinctive for this variant: up to 0.75 kW; 450-1100 mm, up to one metre. Roof fan. Fan, scroll or ring housing with impeller blades and electric motor. Scale: outer diameter about 630 mm, large item, up to one metre. Three-quarter view from slightly above, whole item centred, filling about 70% of the frame. Plain seamless light neutral background #F4F6F9, no texture, no horizon line. Soft large-softbox studio lighting, soft contact shadow underneath, sharp focus across the whole item, photorealistic e-commerce catalog product photo, high detail, 85mm lens look, square 1:1, 1200x1200.";text, letters, numbers, logo, brand name, manufacturer marking, watermark, printed label, people, hands, faces, multiple products, cluttered background, props, distorted geometry, extra parts, cartoon, illustration, CGI look, blur, low resolution;текст, буквы, цифры, логотип, бренд, заводская маркировка, водяной знак, этикетка с надписями, люди, руки, лица, несколько предметов, захламленный фон, реквизит, искаженная геометрия, лишние детали, мультяшный стиль, иллюстрация, вид 3D-рендера, размытие, низкое разрешение;https://backend.cable.ru/uploads/catalog/01-fan-bkopv-30-160-65dd9de59b544.jpg;;;;;1 фото подкадра;https://cable.ru/fans/fans-ventilyator_vkopv_13_284_5__0_37_kvt_1500_ob_min.php;https://cable.ru/fans/fans-ventilyator_vkopv_13_284_8__0_75_kvt_1000_ob_min.php;https://cable.ru/fans/fans-ventilyator_vkopv_13_284_5__0_55_kvt_1500_ob_min.php;генерация;"Генерация по промпту; за основу — готовый снимок кадра F00277 (тот же ракурс, свет, фон), меняется только отличие подкадра.";photos/F00277-u.webp
F00277-v;F00277;3;19977;Вентиляторы;Вентилятор крышный;вентилятор крышный;"тип — радиальный; 1–2,2 кВт; габариты 450–1100 мм (до метра)";вентилятор крышный;радиальный;450–1100 мм (до метра);1–2,2 кВт;свой снимок;7;"Фотореалистичная предметная фотография для каталога. Подкадр F00277-v (7 из 494 позиций кадра F00277). Отличие от соседних подкадров: тип — радиальный; 1–2,2 кВт; габариты 450–1100 мм (до метра). Что в кадре: вентилятор крышный, радиальный, 1–2,2 кВт, габариты 450–1100 мм (до метра). Как выглядит: вентилятор: корпус-улитка или кольцевой корпус с рабочим колесом и лопатками, электродвигатель. По данным позиций кадра: тип — радиальный; форма корпуса — круглый; исполнение — противопожарный. Масштаб: наружный диаметр около 710 мм (медиана по позициям) — крупное изделие, до метра. Ракурс и композиция: 3/4 немного сверху, изделие целиком по центру, занимает около 70 % кадра. Фон: светлый нейтральный бесшовный #F4F6F9 без текстуры и горизонта. Свет: мягкий студийный из большого софтбокса, мягкая тень под предметом, резкость по всему предмету. Не должно быть: чужих логотипов, названий заводов и брендов, водяных знаков, надписей и любого текста, людей и рук, лишних предметов. Итог: квадрат 1200×1200 px, WebP.";"Photorealistic catalog product photo. Distinctive for this variant: type radial; 1-2.2 kW; 450-1100 mm, up to one metre. Roof fan. Fan, scroll or ring housing with impeller blades and electric motor. Type: radial; housing shape: round. Scale: outer diameter about 710 mm, large item, up to one metre. Three-quarter view from slightly above, whole item centred, filling about 70% of the frame. Plain seamless light neutral background #F4F6F9, no texture, no horizon line. Soft large-softbox studio lighting, soft contact shadow underneath, sharp focus across the whole item, photorealistic e-commerce catalog product photo, high detail, 85mm lens look, square 1:1, 1200x1200.";text, letters, numbers, logo, brand name, manufacturer marking, watermark, printed label, people, hands, faces, multiple products, cluttered background, props, distorted geometry, extra parts, cartoon, illustration, CGI look, blur, low resolution;текст, буквы, цифры, логотип, бренд, заводская маркировка, водяной знак, этикетка с надписями, люди, руки, лица, несколько предметов, захламленный фон, реквизит, искаженная геометрия, лишние детали, мультяшный стиль, иллюстрация, вид 3D-рендера, размытие, низкое разрешение;https://backend.cable.ru/uploads/catalog/01-vkrfm-65ddbae3ba093.jpg;;;;;1 фото подкадра;https://cable.ru/fans/fans-vkrfm_du_7_1_1_1_kvt_750_ob_min.php;https://cable.ru/fans/fans-vkrfm_du_9_0_2_2_kvt_750_ob_min.php;https://cable.ru/fans/fans-vkrfm_du_8_0_2_2_kvt_750_ob_min.php;генерация;"Генерация по промпту; за основу — готовый снимок кадра F00277 (тот же ракурс, свет, фон), меняется только отличие подкадра.";photos/F00277-v.webp
F00277-w;F00277;4;22082;Вентиляторы;Вентилятор крышный;вентилятор крышный;"тип — общего назначения; у позиций разные: мощность, размер";вентилятор крышный;общего назначения;;;свой снимок;6;"Фотореалистичная предметная фотография для каталога. Подкадр F00277-w (6 из 494 позиций кадра F00277). Отличие от соседних подкадров: тип — общего назначения; у позиций разные: мощность, размер. Что в кадре: вентилятор крышный, общего назначения. Как выглядит: вентилятор: корпус-улитка или кольцевой корпус с рабочим колесом и лопатками, электродвигатель. По данным позиций кадра: форма корпуса — прямоугольный; исполнение — общего назначения. Масштаб: наружный диаметр около 530 мм (медиана по позициям) — крупное изделие, до метра. Ракурс и композиция: 3/4 немного сверху, изделие целиком по центру, занимает около 70 % кадра. Фон: светлый нейтральный бесшовный #F4F6F9 без текстуры и горизонта. Свет: мягкий студийный из большого софтбокса, мягкая тень под предметом, резкость по всему предмету. Не должно быть: чужих логотипов, названий заводов и брендов, водяных знаков, надписей и любого текста, людей и рук, лишних предметов. Итог: квадрат 1200×1200 px, WebP.";Photorealistic catalog product photo. Roof fan. Fan, scroll or ring housing with impeller blades and electric motor. Scale: outer diameter about 530 mm, large item, up to one metre. Three-quarter view from slightly above, whole item centred, filling about 70% of the frame. Plain seamless light neutral background #F4F6F9, no texture, no horizon line. Soft large-softbox studio lighting, soft contact shadow underneath, sharp focus across the whole item, photorealistic e-commerce catalog product photo, high detail, 85mm lens look, square 1:1, 1200x1200.;text, letters, numbers, logo, brand name, manufacturer marking, watermark, printed label, people, hands, faces, multiple products, cluttered background, props, distorted geometry, extra parts, cartoon, illustration, CGI look, blur, low resolution;текст, буквы, цифры, логотип, бренд, заводская маркировка, водяной знак, этикетка с надписями, люди, руки, лица, несколько предметов, захламленный фон, реквизит, искаженная геометрия, лишние детали, мультяшный стиль, иллюстрация, вид 3D-рендера, размытие, низкое разрешение;https://backend.cable.ru/uploads/catalog/01-vmk-65ddbae3ea5fb.jpg;;;;;1 фото подкадра;https://cable.ru/fans/fans-vmk_560_4d_2_2_kvt_1250_ob_min.php;https://cable.ru/fans/fans-vmk_630_4d_3_9_kvt_1330_ob_min.php;https://cable.ru/fans/fans-vmk_500_4d_1_56_kvt_1330_ob_min.php;генерация;"Генерация по промпту; за основу — готовый снимок кадра F00277 (тот же ракурс, свет, фон), меняется только отличие подкадра.";photos/F00277-w.webp
F00277-x;F00277;4;22083;Вентиляторы;Вентилятор крышный;вентилятор крышный;"тип — общего назначения; до 0,75 кВт; габариты 130–450 мм (с обувную коробку)";вентилятор крышный;общего назначения;130–450 мм (с обувную коробку);до 0,75 кВт;свой снимок;6;"Фотореалистичная предметная фотография для каталога. Подкадр F00277-x (6 из 494 позиций кадра F00277). Отличие от соседних подкадров: тип — общего назначения; до 0,75 кВт; габариты 130–450 мм (с обувную коробку). Что в кадре: вентилятор крышный, общего назначения, до 0,75 кВт, габариты 130–450 мм (с обувную коробку). Как выглядит: вентилятор: корпус-улитка или кольцевой корпус с рабочим колесом и лопатками, электродвигатель. По данным позиций кадра: форма корпуса — прямоугольный; исполнение — общего назначения. Масштаб: наружный диаметр около 355 мм (медиана по позициям) — размером примерно с обувную коробку. Ракурс и композиция: 3/4 немного сверху, изделие целиком по центру, занимает около 70 % кадра. Фон: светлый нейтральный бесшовный #F4F6F9 без текстуры и горизонта. Свет: мягкий студийный из большого софтбокса, мягкая тень под предметом, резкость по всему предмету. Не должно быть: чужих логотипов, названий заводов и брендов, водяных знаков, надписей и любого текста, людей и рук, лишних предметов. Итог: квадрат 1200×1200 px, WebP.";"Photorealistic catalog product photo. Distinctive for this variant: up to 0.75 kW; 130-450 mm, shoebox size. Roof fan. Fan, scroll or ring housing with impeller blades and electric motor. Scale: outer diameter about 355 mm, about shoebox size. Three-quarter view from slightly above, whole item centred, filling about 70% of the frame. Plain seamless light neutral background #F4F6F9, no texture, no horizon line. Soft large-softbox studio lighting, soft contact shadow underneath, sharp focus across the whole item, photorealistic e-commerce catalog product photo, high detail, 85mm lens look, square 1:1, 1200x1200.";text, letters, numbers, logo, brand name, manufacturer marking, watermark, printed label, people, hands, faces, multiple products, cluttered background, props, distorted geometry, extra parts, cartoon, illustration, CGI look, blur, low resolution;текст, буквы, цифры, логотип, бренд, заводская маркировка, водяной знак, этикетка с надписями, люди, руки, лица, несколько предметов, захламленный фон, реквизит, искаженная геометрия, лишние детали, мультяшный стиль, иллюстрация, вид 3D-рендера, размытие, низкое разрешение;https://backend.cable.ru/uploads/catalog/01-vmk-65ddbae3ea5fb.jpg;;;;;1 фото подкадра;https://cable.ru/fans/fans-vmk_310_4d_0_15_kvt_1400_ob_min.php;https://cable.ru/fans/fans-vmk_400_4e_0_56_kvt_1350_ob_min.php;https://cable.ru/fans/fans-vmk_400_4d_0_54_kvt_1350_ob_min.php;генерация;"Генерация по промпту; за основу — готовый снимок кадра F00277 (тот же ракурс, свет, фон), меняется только отличие подкадра.";photos/F00277-x.webp
F00277-y;F00277;4;22084;Вентиляторы;Вентилятор крышный;вентилятор крышный;"тип — осевой; 1–2,2 кВт; габариты 130–450 мм (с обувную коробку)";вентилятор крышный;осевой;130–450 мм (с обувную коробку);1–2,2 кВт;свой снимок;6;"Фотореалистичная предметная фотография для каталога. Подкадр F00277-y (6 из 494 позиций кадра F00277). Отличие от соседних подкадров: тип — осевой; 1–2,2 кВт; габариты 130–450 мм (с обувную коробку). Что в кадре: вентилятор крышный, осевой, 1–2,2 кВт, габариты 130–450 мм (с обувную коробку). Как выглядит: вентилятор: корпус-улитка или кольцевой корпус с рабочим колесом и лопатками, электродвигатель. По данным позиций кадра: тип — осевой; исполнение — противопожарный. Масштаб: наружный диаметр около 425 мм (медиана по позициям) — размером примерно с обувную коробку. Ракурс и композиция: 3/4 немного сверху, изделие целиком по центру, занимает около 70 % кадра. Фон: светлый нейтральный бесшовный #F4F6F9 без текстуры и горизонта. Свет: мягкий студийный из большого софтбокса, мягкая тень под предметом, резкость по всему предмету. Не должно быть: чужих логотипов, названий заводов и брендов, водяных знаков, надписей и любого текста, людей и рук, лишних предметов. Итог: квадрат 1200×1200 px, WebP.";"Photorealistic catalog product photo. Distinctive for this variant: type axial; 1-2.2 kW; 130-450 mm, shoebox size. Roof fan. Fan, scroll or ring housing with impeller blades and electric motor. Type: axial. Scale: outer diameter about 425 mm, about shoebox size. Three-quarter view from slightly above, whole item centred, filling about 70% of the frame. Plain seamless light neutral background #F4F6F9, no texture, no horizon line. Soft large-softbox studio lighting, soft contact shadow underneath, sharp focus across the whole item, photorealistic e-commerce catalog product photo, high detail, 85mm lens look, square 1:1, 1200x1200.";text, letters, numbers, logo, brand name, manufacturer marking, watermark, printed label, people, hands, faces, multiple products, cluttered background, props, distorted geometry, extra parts, cartoon, illustration, CGI look, blur, low resolution;текст, буквы, цифры, логотип, бренд, заводская маркировка, водяной знак, этикетка с надписями, люди, руки, лица, несколько предметов, захламленный фон, реквизит, искаженная геометрия, лишние детали, мультяшный стиль, иллюстрация, вид 3D-рендера, размытие, низкое разрешение;https://backend.cable.ru/uploads/catalog/02-vkopv-65ddbae4d696b.jpg;https://backend.cable.ru/uploads/catalog/01-vkopv-65ddbae46a006.jpg;;;;2 фото подкадра;https://cable.ru/fans/fans-vkopv_21_12_4_0_1_1_kvt_3000_ob_min.php;https://cable.ru/fans/fans-vkopv_21_12_4_0_1_5_kvt_3000_ob_min.php;https://cable.ru/fans/fans-vkopv_21_12_4_5_2_2_kvt_3000_ob_min.php;генерация;"Генерация по промпту; за основу — готовый снимок кадра F00277 (тот же ракурс, свет, фон), меняется только отличие подкадра.";photos/F00277-y.webp
F00277-z;F00277;4;22085;Вентиляторы;Вентилятор крышный;вентилятор крышный;"тип — радиальный; 11–22 кВт; габариты 1,1–2,6 м (с человека)";вентилятор крышный;радиальный;1,1–2,6 м (с человека);11–22 кВт;свой снимок;6;"Фотореалистичная предметная фотография для каталога. Подкадр F00277-z (6 из 494 позиций кадра F00277). Отличие от соседних подкадров: тип — радиальный; 11–22 кВт; габариты 1,1–2,6 м (с человека). Что в кадре: вентилятор крышный, радиальный, 11–22 кВт, габариты 1,1–2,6 м (с человека). Как выглядит: вентилятор: корпус-улитка или кольцевой корпус с рабочим колесом и лопатками, электродвигатель. По данным позиций кадра: тип — радиальный; форма корпуса — круглый (83 %); исполнение — противопожарный (83 %). Масштаб: наружный диаметр около 1250 мм (медиана по позициям) — крупное оборудование ростом примерно с человека. Ракурс и композиция: 3/4 немного сверху, изделие целиком по центру, занимает около 70 % кадра. Фон: светлый нейтральный бесшовный #F4F6F9 без текстуры и горизонта. Свет: мягкий студийный из большого софтбокса, мягкая тень под предметом, резкость по всему предмету. Не должно быть: чужих логотипов, названий заводов и брендов, водяных знаков, надписей и любого текста, людей и рук, лишних предметов. Итог: квадрат 1200×1200 px, WebP.";"Photorealistic catalog product photo. Distinctive for this variant: type radial; 11-22 kW; 1.1-2.6 m, about human height. Roof fan. Fan, scroll or ring housing with impeller blades and electric motor. Type: radial; housing shape: round. Scale: outer diameter about 1250 mm, large equipment, about human height. Three-quarter view from slightly above, whole item centred, filling about 70% of the frame. Plain seamless light neutral background #F4F6F9, no texture, no horizon line. Soft large-softbox studio lighting, soft contact shadow underneath, sharp focus across the whole item, photorealistic e-commerce catalog product photo, high detail, 85mm lens look, square 1:1, 1200x1200.";text, letters, numbers, logo, brand name, manufacturer marking, watermark, printed label, people, hands, faces, multiple products, cluttered background, props, distorted geometry, extra parts, cartoon, illustration, CGI look, blur, low resolution;текст, буквы, цифры, логотип, бренд, заводская маркировка, водяной знак, этикетка с надписями, люди, руки, лица, несколько предметов, захламленный фон, реквизит, искаженная геометрия, лишние детали, мультяшный стиль, иллюстрация, вид 3D-рендера, размытие, низкое разрешение;https://backend.cable.ru/uploads/catalog/01-vkrf-65ddbae37fdb0.jpg;https://backend.cable.ru/uploads/catalog/01-vkrfm-65ddbae3ba093.jpg;;;;2 фото подкадра;https://cable.ru/fans/fans-vkrf_12_5_18_5_kvt_750_ob_min.php;https://cable.ru/fans/fans-vkrfm_du_12_5_15_kvt_750_ob_min.php;https://cable.ru/fans/fans-vkrfm_du_12_5_22_kvt_750_ob_min.php;генерация;"Генерация по промпту; за основу — готовый снимок кадра F00277 (тот же ракурс, свет, фон), меняется только отличие подкадра.";photos/F00277-z.webp
F00277-aa;F00277;4;25511;Вентиляторы;Вентилятор крышный;вентилятор крышный;"тип — аксиальный, осевой; 30–75 кВт; габариты 450–1100 мм (до метра)";вентилятор крышный;аксиальный, осевой;450–1100 мм (до метра);30–75 кВт;свой снимок;5;"Фотореалистичная предметная фотография для каталога. Подкадр F00277-aa (5 из 494 позиций кадра F00277). Отличие от соседних подкадров: тип — аксиальный, осевой; 30–75 кВт; габариты 450–1100 мм (до метра). Что в кадре: вентилятор крышный, аксиальный, осевой, 30–75 кВт, габариты 450–1100 мм (до метра). Как выглядит: вентилятор: корпус-улитка или кольцевой корпус с рабочим колесом и лопатками, электродвигатель. По данным позиций кадра: тип — аксиальный, осевой; исполнение — общего назначения. Масштаб: наружный диаметр около 1000 мм (медиана по позициям) — крупное изделие, до метра. Ракурс и композиция: 3/4 немного сверху, изделие целиком по центру, занимает около 70 % кадра. Фон: светлый нейтральный бесшовный #F4F6F9 без текстуры и горизонта. Свет: мягкий студийный из большого софтбокса, мягкая тень под предметом, резкость по всему предмету. Не должно быть: чужих логотипов, названий заводов и брендов, водяных знаков, надписей и любого текста, людей и рук, лишних предметов. Итог: квадрат 1200×1200 px, WebP.";"Photorealistic catalog product photo. Distinctive for this variant: 30-75 kW; 450-1100 mm, up to one metre. Roof fan. Fan, scroll or ring housing with impeller blades and electric motor. Scale: outer diameter about 1000 mm, large item, up to one metre. Three-quarter view from slightly above, whole item centred, filling about 70% of the frame. Plain seamless light neutral background #F4F6F9, no texture, no horizon line. Soft large-softbox studio lighting, soft contact shadow underneath, sharp focus across the whole item, photorealistic e-commerce catalog product photo, high detail, 85mm lens look, square 1:1, 1200x1200.";text, letters, numbers, logo, brand name, manufacturer marking, watermark, printed label, people, hands, faces, multiple products, cluttered background, props, distorted geometry, extra parts, cartoon, illustration, CGI look, blur, low resolution;текст, буквы, цифры, логотип, бренд, заводская маркировка, водяной знак, этикетка с надписями, люди, руки, лица, несколько предметов, захламленный фон, реквизит, искаженная геометрия, лишние детали, мультяшный стиль, иллюстрация, вид 3D-рендера, размытие, низкое разрешение;https://backend.cable.ru/uploads/catalog/02-fan-bkopv-21-12-65dd9de6eef0c.jpg;https://backend.cable.ru/uploads/catalog/01-fan-bkopv-30-160-65dd9de59b544.jpg;;;;2 фото подкадра;https://cable.ru/fans/fans-ventilyator_vkopv_21_12_8__30_kvt_3000_ob_min.php;https://cable.ru/fans/fans-ventilyator_vkopv_13_284_10__30_kvt_1500_ob_min.php;https://cable.ru/fans/fans-ventilyator_vkopv_21_12_10__30_kvt_1500_ob_min.php;генерация;"Генерация по промпту; за основу — готовый снимок кадра F00277 (тот же ракурс, свет, фон), меняется только отличие подкадра.";photos/F00277-aa.webp
F00277-ab;F00277;4;25512;Вентиляторы;Вентилятор крышный;вентилятор крышный;"тип — радиальный, центробежный; 11–22 кВт; у позиций разные: размер";вентилятор крышный;радиальный, центробежный;;11–22 кВт;свой снимок;5;"Фотореалистичная предметная фотография для каталога. Подкадр F00277-ab (5 из 494 позиций кадра F00277). Отличие от соседних подкадров: тип — радиальный, центробежный; 11–22 кВт; у позиций разные: размер. Что в кадре: вентилятор крышный, радиальный, центробежный, 11–22 кВт. Как выглядит: вентилятор: корпус-улитка или кольцевой корпус с рабочим колесом и лопатками, электродвигатель. По данным позиций кадра: тип — радиальный, центробежный; исполнение — общего назначения. Масштаб: наружный диаметр около 450 мм (медиана по позициям) — крупное изделие, до метра. Ракурс и композиция: 3/4 немного сверху, изделие целиком по центру, занимает около 70 % кадра. Фон: светлый нейтральный бесшовный #F4F6F9 без текстуры и горизонта. Свет: мягкий студийный из большого софтбокса, мягкая тень под предметом, резкость по всему предмету. Не должно быть: чужих логотипов, названий заводов и брендов, водяных знаков, надписей и любого текста, людей и рук, лишних предметов. Итог: квадрат 1200×1200 px, WebP.";"Photorealistic catalog product photo. Distinctive for this variant: type centrifugal radial; 11-22 kW. Roof fan. Fan, scroll or ring housing with impeller blades and electric motor. Type: centrifugal radial. Scale: outer diameter about 450 mm, large item, up to one metre. Three-quarter view from slightly above, whole item centred, filling about 70% of the frame. Plain seamless light neutral background #F4F6F9, no texture, no horizon line. Soft large-softbox studio lighting, soft contact shadow underneath, sharp focus across the whole item, photorealistic e-commerce catalog product photo, high detail, 85mm lens look, square 1:1, 1200x1200.";text, letters, numbers, logo, brand name, manufacturer marking, watermark, printed label, people, hands, faces, multiple products, cluttered background, props, distorted geometry, extra parts, cartoon, illustration, CGI look, blur, low resolution;текст, буквы, цифры, логотип, бренд, заводская маркировка, водяной знак, этикетка с надписями, люди, руки, лица, несколько предметов, захламленный фон, реквизит, искаженная геометрия, лишние детали, мультяшный стиль, иллюстрация, вид 3D-рендера, размытие, низкое разрешение;https://backend.cable.ru/uploads/catalog/01-fan-vsr-65dd9d7426348.jpg;https://backend.cable.ru/uploads/catalog/02-fan-vsrf-65dd9de87c649.jpg;https://backend.cable.ru/uploads/catalog/01-fan-vsrs-65dd9de8182f9.jpg;;;3 фото подкадра;https://cable.ru/fans/fans-ventilyator_vkr_8__15_kvt_1500_ob_min.php;https://cable.ru/fans/fans-ventilyator_vkrf_4_5__11_kvt_3000_ob_min.php;https://cable.ru/fans/fans-ventilyator_vkrs_4_5__11_kvt_3000_ob_min.php;генерация;"Генерация по промпту; за основу — готовый снимок кадра F00277 (тот же ракурс, свет, фон), меняется только отличие подкадра.";photos/F00277-ab.webp
F00277-ac;F00277;4;25513;Вентиляторы;Вентилятор крышный;вентилятор крышный;"тип — радиальный, центробежный; 3–7,5 кВт";вентилятор крышный;радиальный, центробежный;;3–7,5 кВт;свой снимок;5;"Фотореалистичная предметная фотография для каталога. Подкадр F00277-ac (5 из 494 позиций кадра F00277). Отличие от соседних подкадров: тип — радиальный, центробежный; 3–7,5 кВт. Что в кадре: вентилятор крышный, радиальный, центробежный, 3–7,5 кВт. Как выглядит: вентилятор: корпус-улитка или кольцевой корпус с рабочим колесом и лопатками, электродвигатель. По данным позиций кадра: тип — радиальный, центробежный; исполнение — общего назначения. Ракурс и композиция: 3/4 немного сверху, изделие целиком по центру, занимает около 70 % кадра. Фон: светлый нейтральный бесшовный #F4F6F9 без текстуры и горизонта. Свет: мягкий студийный из большого софтбокса, мягкая тень под предметом, резкость по всему предмету. Не должно быть: чужих логотипов, названий заводов и брендов, водяных знаков, надписей и любого текста, людей и рук, лишних предметов. Итог: квадрат 1200×1200 px, WebP.";"Photorealistic catalog product photo. Distinctive for this variant: type centrifugal radial; 3-7.5 kW. Roof fan. Fan, scroll or ring housing with impeller blades and electric motor. Type: centrifugal radial. Three-quarter view from slightly above, whole item centred, filling about 70% of the frame. Plain seamless light neutral background #F4F6F9, no texture, no horizon line. Soft large-softbox studio lighting, soft contact shadow underneath, sharp focus across the whole item, photorealistic e-commerce catalog product photo, high detail, 85mm lens look, square 1:1, 1200x1200.";text, letters, numbers, logo, brand name, manufacturer marking, watermark, printed label, people, hands, faces, multiple products, cluttered background, props, distorted geometry, extra parts, cartoon, illustration, CGI look, blur, low resolution;текст, буквы, цифры, логотип, бренд, заводская маркировка, водяной знак, этикетка с надписями, люди, руки, лица, несколько предметов, захламленный фон, реквизит, искаженная геометрия, лишние детали, мультяшный стиль, иллюстрация, вид 3D-рендера, размытие, низкое разрешение;https://backend.cable.ru/uploads/catalog/01-fan-vsr-65dd9d7426348.jpg;;;;;1 фото подкадра;https://cable.ru/fans/fans-ventilyator_vkr_8__3_kvt_750_ob_min.php;https://cable.ru/fans/fans-ventilyator_vkr_9__4_kvt_750_ob_min.php;https://cable.ru/fans/fans-ventilyator_vkr_9__3_kvt_750_ob_min.php;генерация;"Генерация по промпту; за основу — готовый снимок кадра F00277 (тот же ракурс, свет, фон), меняется только отличие подкадра.";photos/F00277-ac.webp
F00277-ad;F00277;4;25514;Вентиляторы;Вентилятор крышный;вентилятор крышный;"тип — радиальный, центробежный; 3–7,5 кВт; габариты 1,1–2,6 м (с человека)";вентилятор крышный;радиальный, центробежный;1,1–2,6 м (с человека);3–7,5 кВт;свой снимок;5;"Фотореалистичная предметная фотография для каталога. Подкадр F00277-ad (5 из 494 позиций кадра F00277). Отличие от соседних подкадров: тип — радиальный, центробежный; 3–7,5 кВт; габариты 1,1–2,6 м (с человека). Что в кадре: вентилятор крышный, радиальный, центробежный, 3–7,5 кВт, габариты 1,1–2,6 м (с человека). Как выглядит: вентилятор: корпус-улитка или кольцевой корпус с рабочим колесом и лопатками, электродвигатель. По данным позиций кадра: тип — радиальный, центробежный; исполнение — общего назначения. Масштаб: наружный диаметр около 1250 мм (медиана по позициям) — крупное оборудование ростом примерно с человека. Ракурс и композиция: 3/4 немного сверху, изделие целиком по центру, занимает около 70 % кадра. Фон: светлый нейтральный бесшовный #F4F6F9 без текстуры и горизонта. Свет: мягкий студийный из большого софтбокса, мягкая тень под предметом, резкость по всему предмету. Не должно быть: чужих логотипов, названий заводов и брендов, водяных знаков, надписей и любого текста, людей и рук, лишних предметов. Итог: квадрат 1200×1200 px, WebP.";"Photorealistic catalog product photo. Distinctive for this variant: type centrifugal radial; 3-7.5 kW; 1.1-2.6 m, about human height. Roof fan. Fan, scroll or ring housing with impeller blades and electric motor. Type: centrifugal radial. Scale: outer diameter about 1250 mm, large equipment, about human height. Three-quarter view from slightly above, whole item centred, filling about 70% of the frame. Plain seamless light neutral background #F4F6F9, no texture, no horizon line. Soft large-softbox studio lighting, soft contact shadow underneath, sharp focus across the whole item, photorealistic e-commerce catalog product photo, high detail, 85mm lens look, square 1:1, 1200x1200.";text, letters, numbers, logo, brand name, manufacturer marking, watermark, printed label, people, hands, faces, multiple products, cluttered background, props, distorted geometry, extra parts, cartoon, illustration, CGI look, blur, low resolution;текст, буквы, цифры, логотип, бренд, заводская маркировка, водяной знак, этикетка с надписями, люди, руки, лица, несколько предметов, захламленный фон, реквизит, искаженная геометрия, лишние детали, мультяшный стиль, иллюстрация, вид 3D-рендера, размытие, низкое разрешение;https://backend.cable.ru/uploads/catalog/01-fan-vsr-65dd9d7426348.jpg;https://backend.cable.ru/uploads/catalog/02-fan-vsrf-65dd9de87c649.jpg;;;;2 фото подкадра;https://cable.ru/fans/fans-ventilyator_vkr_11_2__7_5_kvt_750_ob_min.php;https://cable.ru/fans/fans-ventilyator_vkrf_11_2__7_5_kvt_750_ob_min.php;https://cable.ru/fans/fans-ventilyator_vkr_12_5__4_kvt_350_ob_min__shema_1.php;генерация;"Генерация по промпту; за основу — готовый снимок кадра F00277 (тот же ракурс, свет, фон), меняется только отличие подкадра.";photos/F00277-ad.webp
F00277-ae;F00277;4;25515;Вентиляторы;Вентилятор крышный;вентилятор крышный;"тип — радиальный; 30–75 кВт; габариты 1,1–2,6 м (с человека)";вентилятор крышный;радиальный;1,1–2,6 м (с человека);30–75 кВт;свой снимок;5;"Фотореалистичная предметная фотография для каталога. Подкадр F00277-ae (5 из 494 позиций кадра F00277). Отличие от соседних подкадров: тип — радиальный; 30–75 кВт; габариты 1,1–2,6 м (с человека). Что в кадре: вентилятор крышный, радиальный, 30–75 кВт, габариты 1,1–2,6 м (с человека). Как выглядит: вентилятор: корпус-улитка или кольцевой корпус с рабочим колесом и лопатками, электродвигатель. По данным позиций кадра: тип — радиальный; форма корпуса — круглый (80 %); исполнение — противопожарный (80 %). Масштаб: наружный диаметр около 1250 мм (медиана по позициям) — крупное оборудование ростом примерно с человека. Ракурс и композиция: 3/4 немного сверху, изделие целиком по центру, занимает около 70 % кадра. Фон: светлый нейтральный бесшовный #F4F6F9 без текстуры и горизонта. Свет: мягкий студийный из большого софтбокса, мягкая тень под предметом, резкость по всему предмету. Не должно быть: чужих логотипов, названий заводов и брендов, водяных знаков, надписей и любого текста, людей и рук, лишних предметов. Итог: квадрат 1200×1200 px, WebP.";"Photorealistic catalog product photo. Distinctive for this variant: type radial; 30-75 kW; 1.1-2.6 m, about human height. Roof fan. Fan, scroll or ring housing with impeller blades and electric motor. Type: radial; housing shape: round. Scale: outer diameter about 1250 mm, large equipment, about human height. Three-quarter view from slightly above, whole item centred, filling about 70% of the frame. Plain seamless light neutral background #F4F6F9, no texture, no horizon line. Soft large-softbox studio lighting, soft contact shadow underneath, sharp focus across the whole item, photorealistic e-commerce catalog product photo, high detail, 85mm lens look, square 1:1, 1200x1200.";text, letters, numbers, logo, brand name, manufacturer marking, watermark, printed label, people, hands, faces, multiple products, cluttered background, props, distorted geometry, extra parts, cartoon, illustration, CGI look, blur, low resolution;текст, буквы, цифры, логотип, бренд, заводская маркировка, водяной знак, этикетка с надписями, люди, руки, лица, несколько предметов, захламленный фон, реквизит, искаженная геометрия, лишние детали, мультяшный стиль, иллюстрация, вид 3D-рендера, размытие, низкое разрешение;https://backend.cable.ru/uploads/catalog/01-vkrf-65ddbae37fdb0.jpg;https://backend.cable.ru/uploads/catalog/01-vkrfm-65ddbae3ba093.jpg;;;;2 фото подкадра;https://cable.ru/fans/fans-vkrf_12_5_55_kvt_1000_ob_min.php;https://cable.ru/fans/fans-vkrfm_du_11_2_30_kvt_1000_ob_min.php;https://cable.ru/fans/fans-vkrfm_du_12_5_45_kvt_1000_ob_min.php;генерация;"Генерация по промпту; за основу — готовый снимок кадра F00277 (тот же ракурс, свет, фон), меняется только отличие подкадра.";photos/F00277-ae.webp
F00277-af;F00277;4;25516;Вентиляторы;Вентилятор крышный;вентилятор крышный;"тип — радиальный; до 0,75 кВт; габариты 130–450 мм (с обувную коробку)";вентилятор крышный;радиальный;130–450 мм (с обувную коробку);до 0,75 кВт;свой снимок;5;"Фотореалистичная предметная фотография для каталога. Подкадр F00277-af (5 из 494 позиций кадра F00277). Отличие от соседних подкадров: тип — радиальный; до 0,75 кВт; габариты 130–450 мм (с обувную коробку). Что в кадре: вентилятор крышный, радиальный, до 0,75 кВт, габариты 130–450 мм (с обувную коробку). Как выглядит: вентилятор: корпус-улитка или кольцевой корпус с рабочим колесом и лопатками, электродвигатель. По данным позиций кадра: тип — радиальный; форма корпуса — круглый; исполнение — общего назначения. Масштаб: наружный диаметр около 315 мм (медиана по позициям) — размером примерно с обувную коробку. Ракурс и композиция: 3/4 немного сверху, изделие целиком по центру, занимает около 70 % кадра. Фон: светлый нейтральный бесшовный #F4F6F9 без текстуры и горизонта. Свет: мягкий студийный из большого софтбокса, мягкая тень под предметом, резкость по всему предмету. Не должно быть: чужих логотипов, названий заводов и брендов, водяных знаков, надписей и любого текста, людей и рук, лишних предметов. Итог: квадрат 1200×1200 px, WebP.";"Photorealistic catalog product photo. Distinctive for this variant: type radial; up to 0.75 kW; 130-450 mm, shoebox size. Roof fan. Fan, scroll or ring housing with impeller blades and electric motor. Type: radial; housing shape: round. Scale: outer diameter about 315 mm, about shoebox size. Three-quarter view from slightly above, whole item centred, filling about 70% of the frame. Plain seamless light neutral background #F4F6F9, no texture, no horizon line. Soft large-softbox studio lighting, soft contact shadow underneath, sharp focus across the whole item, photorealistic e-commerce catalog product photo, high detail, 85mm lens look, square 1:1, 1200x1200.";text, letters, numbers, logo, brand name, manufacturer marking, watermark, printed label, people, hands, faces, multiple products, cluttered background, props, distorted geometry, extra parts, cartoon, illustration, CGI look, blur, low resolution;текст, буквы, цифры, логотип, бренд, заводская маркировка, водяной знак, этикетка с надписями, люди, руки, лица, несколько предметов, захламленный фон, реквизит, искаженная геометрия, лишние детали, мультяшный стиль, иллюстрация, вид 3D-рендера, размытие, низкое разрешение;https://backend.cable.ru/uploads/catalog/01-vkr-65ddbae324741.jpg;;;;;1 фото подкадра;https://cable.ru/fans/fans-vkr_3_15_0_18_kvt_1500_ob_min.php;https://cable.ru/fans/fans-vkr_3_15_0_75_kvt_1500_ob_min.php;https://cable.ru/fans/fans-vkr_3_15_0_37_kvt_1500_ob_min.php;генерация;"Генерация по промпту; за основу — готовый снимок кадра F00277 (тот же ракурс, свет, фон), меняется только отличие подкадра.";photos/F00277-af.webp
F00675-a;F00675;2;2244;Вентиляторы;Вентилятор канальный;вентилятор канальный;"тип — радиальный, центробежный; до 0,75 кВт";вентилятор канальный;радиальный, центробежный;;до 0,75 кВт;свой снимок;67;"Фотореалистичная предметная фотография для каталога. Подкадр F00675-a (67 из 209 позиций кадра F00675). Отличие от соседних подкадров: тип — радиальный, центробежный; до 0,75 кВт. Что в кадре: вентилятор канальный, радиальный, центробежный, до 0,75 кВт. Как выглядит: вентилятор: корпус-улитка или кольцевой корпус с рабочим колесом и лопатками, электродвигатель. По данным позиций кадра: тип — радиальный, центробежный; форма корпуса — прямоугольный; исполнение — общего назначения. Масштаб: масса около 18,1 кг (медиана по позициям). Ракурс и композиция: 3/4 немного сверху, изделие целиком по центру, занимает около 70 % кадра. Фон: светлый нейтральный бесшовный #F4F6F9 без текстуры и горизонта. Свет: мягкий студийный из большого софтбокса, мягкая тень под предметом, резкость по всему предмету. Не должно быть: чужих логотипов, названий заводов и брендов, водяных знаков, надписей и любого текста, людей и рук, лишних предметов. Итог: квадрат 1200×1200 px, WebP.";"Photorealistic catalog product photo. Distinctive for this variant: type centrifugal radial; up to 0.75 kW. Duct fan. Fan, scroll or ring housing with impeller blades and electric motor. Type: centrifugal radial. Scale: weight about 18.1 kg. Three-quarter view from slightly above, whole item centred, filling about 70% of the frame. Plain seamless light neutral background #F4F6F9, no texture, no horizon line. Soft large-softbox studio lighting, soft contact shadow underneath, sharp focus across the whole item, photorealistic e-commerce catalog product photo, high detail, 85mm lens look, square 1:1, 1200x1200.";text, letters, numbers, logo, brand name, manufacturer marking, watermark, printed label, people, hands, faces, multiple products, cluttered background, props, distorted geometry, extra parts, cartoon, illustration, CGI look, blur, low resolution;текст, буквы, цифры, логотип, бренд, заводская маркировка, водяной знак, этикетка с надписями, люди, руки, лица, несколько предметов, захламленный фон, реквизит, искаженная геометрия, лишние детали, мультяшный стиль, иллюстрация, вид 3D-рендера, размытие, низкое разрешение;https://backend.cable.ru/uploads/catalog/01-fan-vcp-65dd9dc10aaf2.jpg;https://backend.cable.ru/uploads/catalog/04-fan-vcp-65dd9dc1e7b68.jpg;https://backend.cable.ru/uploads/catalog/01-fan-vkp-65dd9d9474522.jpg;https://backend.cable.ru/uploads/catalog/03-fan-vkp-65dd9d94b7d12.jpg;https://backend.cable.ru/uploads/catalog/02-fan-vkp-65dd9d94959d8.jpg;;https://cable.ru/fans/fans-ventilyator_vcp_40_20_20_gq_4d.php;https://cable.ru/fans/fans-ventilyator_vcp_60_35_31_gq_6e.php;https://cable.ru/fans/fans-ventilyator_vkp_40_20_4d__380v.php;генерация;"Генерация по промпту; за основу — готовый снимок кадра F00675 (тот же ракурс, свет, фон), меняется только отличие подкадра.";photos/F00675-a.webp
F00675-b;F00675;2;2671;Вентиляторы;Вентилятор канальный;вентилятор канальный;"тип — радиальный, центробежный; 1–2,2 кВт; у позиций разные: размер";вентилятор канальный;радиальный, центробежный;;1–2,2 кВт;свой снимок;58;"Фотореалистичная предметная фотография для каталога. Подкадр F00675-b (58 из 209 позиций кадра F00675). Отличие от соседних подкадров: тип — радиальный, центробежный; 1–2,2 кВт; у позиций разные: размер. Что в кадре: вентилятор канальный, радиальный, центробежный, 1–2,2 кВт. Как выглядит: вентилятор: корпус-улитка или кольцевой корпус с рабочим колесом и лопатками, электродвигатель. По данным позиций кадра: тип — радиальный, центробежный; форма корпуса — прямоугольный; исполнение — общего назначения. Масштаб: наружный диаметр около 450 мм (медиана по позициям) — крупное изделие, до метра. Ракурс и композиция: 3/4 немного сверху, изделие целиком по центру, занимает около 70 % кадра. Фон: светлый нейтральный бесшовный #F4F6F9 без текстуры и горизонта. Свет: мягкий студийный из большого софтбокса, мягкая тень под предметом, резкость по всему предмету. Не должно быть: чужих логотипов, названий заводов и брендов, водяных знаков, надписей и любого текста, людей и рук, лишних предметов. Итог: квадрат 1200×1200 px, WebP.";"Photorealistic catalog product photo. Distinctive for this variant: type centrifugal radial; 1-2.2 kW. Duct fan. Fan, scroll or ring housing with impeller blades and electric motor. Type: centrifugal radial. Scale: outer diameter about 450 mm, large item, up to one metre. Three-quarter view from slightly above, whole item centred, filling about 70% of the frame. Plain seamless light neutral background #F4F6F9, no texture, no horizon line. Soft large-softbox studio lighting, soft contact shadow underneath, sharp focus across the whole item, photorealistic e-commerce catalog product photo, high detail, 85mm lens look, square 1:1, 1200x1200.";text, letters, numbers, logo, brand name, manufacturer marking, watermark, printed label, people, hands, faces, multiple products, cluttered background, props, distorted geometry, extra parts, cartoon, illustration, CGI look, blur, low resolution;текст, буквы, цифры, логотип, бренд, заводская маркировка, водяной знак, этикетка с надписями, люди, руки, лица, несколько предметов, захламленный фон, реквизит, искаженная геометрия, лишние детали, мультяшный стиль, иллюстрация, вид 3D-рендера, размытие, низкое разрешение;https://backend.cable.ru/uploads/catalog/01-fan-vcp-65dd9dc10aaf2.jpg;https://backend.cable.ru/uploads/catalog/04-fan-vcp-65dd9dc1e7b68.jpg;https://backend.cable.ru/uploads/catalog/01-fan-vkp-65dd9d9474522.jpg;https://backend.cable.ru/uploads/catalog/02-fan-vkp-65dd9d94959d8.jpg;https://backend.cable.ru/uploads/catalog/03-fan-vkp-65dd9d94b7d12.jpg;;https://cable.ru/fans/fans-ventilyator_vcp_50_30_25_gq_4d.php;https://cable.ru/fans/fans-ventilyator_vcp_60_35_31_gq_4d.php;https://cable.ru/fans/fans-ventilyator_vkp_50_30_4d__380v.php;генерация;"Генерация по промпту; за основу — готовый снимок кадра F00675 (тот же ракурс, свет, фон), меняется только отличие подкадра.";photos/F00675-b.webp
F00675-c;F00675;2;4888;Вентиляторы;Вентилятор канальный;вентилятор канальный;"тип — радиальный, центробежный; 3–7,5 кВт; у позиций разные: размер";вентилятор канальный;радиальный, центробежный;;3–7,5 кВт;свой снимок;33;"Фотореалистичная предметная фотография для каталога. Подкадр F00675-c (33 из 209 позиций кадра F00675). Отличие от соседних подкадров: тип — радиальный, центробежный; 3–7,5 кВт; у позиций разные: размер. Что в кадре: вентилятор канальный, радиальный, центробежный, 3–7,5 кВт. Как выглядит: вентилятор: корпус-улитка или кольцевой корпус с рабочим колесом и лопатками, электродвигатель. По данным позиций кадра: тип — радиальный, центробежный; форма корпуса — прямоугольный; исполнение — общего назначения. Масштаб: наружный диаметр около 450 мм (медиана по позициям) — крупное изделие, до метра. Ракурс и композиция: 3/4 немного сверху, изделие целиком по центру, занимает около 70 % кадра. Фон: светлый нейтральный бесшовный #F4F6F9 без текстуры и горизонта. Свет: мягкий студийный из большого софтбокса, мягкая тень под предметом, резкость по всему предмету. Не должно быть: чужих логотипов, названий заводов и брендов, водяных знаков, надписей и любого текста, людей и рук, лишних предметов. Итог: квадрат 1200×1200 px, WebP.";"Photorealistic catalog product photo. Distinctive for this variant: type centrifugal radial; 3-7.5 kW. Duct fan. Fan, scroll or ring housing with impeller blades and electric motor. Type: centrifugal radial. Scale: outer diameter about 450 mm, large item, up to one metre. Three-quarter view from slightly above, whole item centred, filling about 70% of the frame. Plain seamless light neutral background #F4F6F9, no texture, no horizon line. Soft large-softbox studio lighting, soft contact shadow underneath, sharp focus across the whole item, photorealistic e-commerce catalog product photo, high detail, 85mm lens look, square 1:1, 1200x1200.";text, letters, numbers, logo, brand name, manufacturer marking, watermark, printed label, people, hands, faces, multiple products, cluttered background, props, distorted geometry, extra parts, cartoon, illustration, CGI look, blur, low resolution;текст, буквы, цифры, логотип, бренд, заводская маркировка, водяной знак, этикетка с надписями, люди, руки, лица, несколько предметов, захламленный фон, реквизит, искаженная геометрия, лишние детали, мультяшный стиль, иллюстрация, вид 3D-рендера, размытие, низкое разрешение;https://backend.cable.ru/uploads/catalog/04-fan-vcp-65dd9dc1e7b68.jpg;https://backend.cable.ru/uploads/catalog/01-fan-vcp-65dd9dc10aaf2.jpg;https://backend.cable.ru/uploads/catalog/03-fan-vkp-65dd9d94b7d12.jpg;https://backend.cable.ru/uploads/catalog/02-fan-vkp-65dd9d94959d8.jpg;https://backend.cable.ru/uploads/catalog/01-fan-vkp-65dd9d9474522.jpg;;https://cable.ru/fans/fans-ventilyator_vcp_60_35_31_gq_4e.php;https://cable.ru/fans/fans-ventilyator_vcp_70_40_35_gq_4d.php;https://cable.ru/fans/fans-ventilyator_vkp_70_40_4d__380v.php;генерация;"Генерация по промпту; за основу — готовый снимок кадра F00675 (тот же ракурс, свет, фон), меняется только отличие подкадра.";photos/F00675-c.webp
F00675-d;F00675;3;8049;Вентиляторы;Вентилятор канальный;вентилятор канальный;"тип — аксиальный, осевой; до 0,75 кВт; у позиций разные: размер";вентилятор канальный;аксиальный, осевой;;до 0,75 кВт;свой снимок;20;"Фотореалистичная предметная фотография для каталога. Подкадр F00675-d (20 из 209 позиций кадра F00675). Отличие от соседних подкадров: тип — аксиальный, осевой; до 0,75 кВт; у позиций разные: размер. Что в кадре: вентилятор канальный, аксиальный, осевой, до 0,75 кВт. Как выглядит: вентилятор: корпус-улитка или кольцевой корпус с рабочим колесом и лопатками, электродвигатель. По данным позиций кадра: тип — аксиальный, осевой; форма корпуса — круглый; исполнение — общего назначения. Масштаб: наружный диаметр около 100 мм (медиана по позициям) — помещается в ладони. Ракурс и композиция: 3/4 немного сверху, изделие целиком по центру, занимает около 70 % кадра. Фон: светлый нейтральный бесшовный #F4F6F9 без текстуры и горизонта. Свет: мягкий студийный из большого софтбокса, мягкая тень под предметом, резкость по всему предмету. Не должно быть: чужих логотипов, названий заводов и брендов, водяных знаков, надписей и любого текста, людей и рук, лишних предметов. Итог: квадрат 1200×1200 px, WebP.";Photorealistic catalog product photo. Distinctive for this variant: up to 0.75 kW. Duct fan. Fan, scroll or ring housing with impeller blades and electric motor. Housing shape: round. Scale: outer diameter about 100 mm, fits in a palm. Three-quarter view from slightly above, whole item centred, filling about 70% of the frame. Plain seamless light neutral background #F4F6F9, no texture, no horizon line. Soft large-softbox studio lighting, soft contact shadow underneath, sharp focus across the whole item, photorealistic e-commerce catalog product photo, high detail, 85mm lens look, square 1:1, 1200x1200.;text, letters, numbers, logo, brand name, manufacturer marking, watermark, printed label, people, hands, faces, multiple products, cluttered background, props, distorted geometry, extra parts, cartoon, illustration, CGI look, blur, low resolution;текст, буквы, цифры, логотип, бренд, заводская маркировка, водяной знак, этикетка с надписями, люди, руки, лица, несколько предметов, захламленный фон, реквизит, искаженная геометрия, лишние детали, мультяшный стиль, иллюстрация, вид 3D-рендера, размытие, низкое разрешение;https://backend.cable.ru/uploads/catalog/01-fan-vkk-65dd9d9401021.jpg;https://backend.cable.ru/uploads/catalog/01-fan-vc-65dd9d93d0b5c.jpg;;;;2 фото подкадра;https://cable.ru/fans/fans-ventilyator_vkk_100m.php;https://cable.ru/fans/fans-ventilyator_vc_100_s_kronshteinom.php;https://cable.ru/fans/fans-ventilyator_vkk_250m.php;генерация;"Генерация по промпту; за основу — готовый снимок кадра F00675 (тот же ракурс, свет, фон), меняется только отличие подкадра.";photos/F00675-d.webp
F00675-e;F00675;3;10497;Вентиляторы;Вентилятор канальный;вентилятор канальный;"тип — общего назначения; до 0,75 кВт; габариты 130–450 мм (с обувную коробку)";вентилятор канальный;общего назначения;130–450 мм (с обувную коробку);до 0,75 кВт;свой снимок;15;"Фотореалистичная предметная фотография для каталога. Подкадр F00675-e (15 из 209 позиций кадра F00675). Отличие от соседних подкадров: тип — общего назначения; до 0,75 кВт; габариты 130–450 мм (с обувную коробку). Что в кадре: вентилятор канальный, общего назначения, до 0,75 кВт, габариты 130–450 мм (с обувную коробку). Как выглядит: вентилятор: корпус-улитка или кольцевой корпус с рабочим колесом и лопатками, электродвигатель. По данным позиций кадра: форма корпуса — прямоугольный; исполнение — общего назначения. Масштаб: наружный диаметр около 250 мм (медиана по позициям) — размером примерно с обувную коробку. Ракурс и композиция: 3/4 немного сверху, изделие целиком по центру, занимает около 70 % кадра. Фон: светлый нейтральный бесшовный #F4F6F9 без текстуры и горизонта. Свет: мягкий студийный из большого софтбокса, мягкая тень под предметом, резкость по всему предмету. Не должно быть: чужих логотипов, названий заводов и брендов, водяных знаков, надписей и любого текста, людей и рук, лишних предметов. Итог: квадрат 1200×1200 px, WebP.";"Photorealistic catalog product photo. Distinctive for this variant: up to 0.75 kW; 130-450 mm, shoebox size. Duct fan. Fan, scroll or ring housing with impeller blades and electric motor. Scale: outer diameter about 250 mm, about shoebox size. Three-quarter view from slightly above, whole item centred, filling about 70% of the frame. Plain seamless light neutral background #F4F6F9, no texture, no horizon line. Soft large-softbox studio lighting, soft contact shadow underneath, sharp focus across the whole item, photorealistic e-commerce catalog product photo, high detail, 85mm lens look, square 1:1, 1200x1200.";text, letters, numbers, logo, brand name, manufacturer marking, watermark, printed label, people, hands, faces, multiple products, cluttered background, props, distorted geometry, extra parts, cartoon, illustration, CGI look, blur, low resolution;текст, буквы, цифры, логотип, бренд, заводская маркировка, водяной знак, этикетка с надписями, люди, руки, лица, несколько предметов, захламленный фон, реквизит, искаженная геометрия, лишние детали, мультяшный стиль, иллюстрация, вид 3D-рендера, размытие, низкое разрешение;https://backend.cable.ru/uploads/catalog/01-vkpn-65ddbae71d068.jpg;;;;;1 фото подкадра;https://cable.ru/fans/fans-vkpn_40_20_2d_2.php;https://cable.ru/fans/fans-vkpn_70_40_4d_4.php;https://cable.ru/fans/fans-vkpn_40_20_2e_2.php;генерация;"Генерация по промпту; за основу — готовый снимок кадра F00675 (тот же ракурс, свет, фон), меняется только отличие подкадра.";photos/F00675-e.webp
F00675-f;F00675;4;22719;Вентиляторы;Вентилятор канальный;вентилятор канальный;"тип — общего назначения; у позиций разные: мощность, размер";вентилятор канальный;общего назначения;;;свой снимок;6;"Фотореалистичная предметная фотография для каталога. Подкадр F00675-f (6 из 209 позиций кадра F00675). Отличие от соседних подкадров: тип — общего назначения; у позиций разные: мощность, размер. Что в кадре: вентилятор канальный, общего назначения. Как выглядит: вентилятор: корпус-улитка или кольцевой корпус с рабочим колесом и лопатками, электродвигатель. По данным позиций кадра: форма корпуса — прямоугольный; исполнение — общего назначения. Масштаб: наружный диаметр около 402 мм (медиана по позициям) — размером примерно с обувную коробку. Ракурс и композиция: 3/4 немного сверху, изделие целиком по центру, занимает около 70 % кадра. Фон: светлый нейтральный бесшовный #F4F6F9 без текстуры и горизонта. Свет: мягкий студийный из большого софтбокса, мягкая тень под предметом, резкость по всему предмету. Не должно быть: чужих логотипов, названий заводов и брендов, водяных знаков, надписей и любого текста, людей и рук, лишних предметов. Итог: квадрат 1200×1200 px, WebP.";Photorealistic catalog product photo. Duct fan. Fan, scroll or ring housing with impeller blades and electric motor. Scale: outer diameter about 402 mm, about shoebox size. Three-quarter view from slightly above, whole item centred, filling about 70% of the frame. Plain seamless light neutral background #F4F6F9, no texture, no horizon line. Soft large-softbox studio lighting, soft contact shadow underneath, sharp focus across the whole item, photorealistic e-commerce catalog product photo, high detail, 85mm lens look, square 1:1, 1200x1200.;text, letters, numbers, logo, brand name, manufacturer marking, watermark, printed label, people, hands, faces, multiple products, cluttered background, props, distorted geometry, extra parts, cartoon, illustration, CGI look, blur, low resolution;текст, буквы, цифры, логотип, бренд, заводская маркировка, водяной знак, этикетка с надписями, люди, руки, лица, несколько предметов, захламленный фон, реквизит, искаженная геометрия, лишние детали, мультяшный стиль, иллюстрация, вид 3D-рендера, размытие, низкое разрешение;https://backend.cable.ru/uploads/catalog/01-vkpn-65ddbae71d068.jpg;;;;;1 фото подкадра;https://cable.ru/fans/fans-vkpn_80_50_4d_5.php;https://cable.ru/fans/fans-vkpn_80_50_4d_4_5.php;https://cable.ru/fans/fans-vkpn_50_30_2d_2_8.php;генерация;"Генерация по промпту; за основу — готовый снимок кадра F00675 (тот же ракурс, свет, фон), меняется только отличие подкадра.";photos/F00675-f.webp
F00675-g;F00675;4;26032;Вентиляторы;Вентилятор канальный;вентилятор канальный;"до 0,75 кВт; у позиций разные: тип";вентилятор канальный;;;;свой снимок;5;"Фотореалистичная предметная фотография для каталога. Подкадр F00675-g (5 из 209 позиций кадра F00675). Отличие от соседних подкадров: до 0,75 кВт; у позиций разные: тип. Что в кадре: вентилятор канальный, до 0,75 кВт. Как выглядит: вентилятор: корпус-улитка или кольцевой корпус с рабочим колесом и лопатками, электродвигатель. По данным позиций кадра: тип — осевой (80 %); форма корпуса — круглый. Ракурс и композиция: 3/4 немного сверху, изделие целиком по центру, занимает около 70 % кадра. Фон: светлый нейтральный бесшовный #F4F6F9 без текстуры и горизонта. Свет: мягкий студийный из большого софтбокса, мягкая тень под предметом, резкость по всему предмету. Не должно быть: чужих логотипов, названий заводов и брендов, водяных знаков, надписей и любого текста, людей и рук, лишних предметов. Итог: квадрат 1200×1200 px, WebP.";"Photorealistic catalog product photo. Distinctive for this variant: up to 0.75 kW. Duct fan. Fan, scroll or ring housing with impeller blades and electric motor. Type: axial; housing shape: round. Three-quarter view from slightly above, whole item centred, filling about 70% of the frame. Plain seamless light neutral background #F4F6F9, no texture, no horizon line. Soft large-softbox studio lighting, soft contact shadow underneath, sharp focus across the whole item, photorealistic e-commerce catalog product photo, high detail, 85mm lens look, square 1:1, 1200x1200.";text, letters, numbers, logo, brand name, manufacturer marking, watermark, printed label, people, hands, faces, multiple products, cluttered background, props, distorted geometry, extra parts, cartoon, illustration, CGI look, blur, low resolution;текст, буквы, цифры, логотип, бренд, заводская маркировка, водяной знак, этикетка с надписями, люди, руки, лица, несколько предметов, захламленный фон, реквизит, искаженная геометрия, лишние детали, мультяшный стиль, иллюстрация, вид 3D-рендера, размытие, низкое разрешение;https://backend.cable.ru/uploads/catalog/ff80dba4434c7e2598e08b0636dad8d7-2026-04-03-14-53-39-69cfaa43ebdb0.jpg;https://backend.cable.ru/uploads/catalog/83310b7567943c71837741f9ed2e6e0c-2026-04-03-14-53-41-69cfaa45955b2.jpg;https://backend.cable.ru/uploads/catalog/820f82601761d6d7b1d7e8af1ea27a7b-2026-04-03-14-52-02-69cfa9e25d528.jpg;;;3 фото подкадра;https://cable.ru/fans/related-ventilyator_kanalnii_tdm_electric_vko_100_osevoi_sq1807_1801.php;https://cable.ru/fans/related-ventilyator_kanalnii_tdm_electric_vko_125_osevoi_sq1807_1802.php;https://cable.ru/fans/related-ventilyator_kanalnii_tdm_electric_vk_160_tsentrobejnii_sq1807_0503.php;генерация;"Генерация по промпту; за основу — готовый снимок кадра F00675 (тот же ракурс, свет, фон), меняется только отличие подкадра.";photos/F00675-g.webp
F00675-h;F00675;4;26033;Вентиляторы;Вентилятор канальный;вентилятор канальный;"тип — аксиальный, осевой; до 0,75 кВт; габариты 130–450 мм (с обувную коробку)";вентилятор канальный;аксиальный, осевой;130–450 мм (с обувную коробку);до 0,75 кВт;свой снимок;5;"Фотореалистичная предметная фотография для каталога. Подкадр F00675-h (5 из 209 позиций кадра F00675). Отличие от соседних подкадров: тип — аксиальный, осевой; до 0,75 кВт; габариты 130–450 мм (с обувную коробку). Что в кадре: вентилятор канальный, аксиальный, осевой, до 0,75 кВт, габариты 130–450 мм (с обувную коробку). Как выглядит: вентилятор: корпус-улитка или кольцевой корпус с рабочим колесом и лопатками, электродвигатель. По данным позиций кадра: тип — аксиальный, осевой; форма корпуса — круглый; исполнение — общего назначения. Масштаб: наружный диаметр около 315 мм (медиана по позициям) — размером примерно с обувную коробку. Ракурс и композиция: 3/4 немного сверху, изделие целиком по центру, занимает около 70 % кадра. Фон: светлый нейтральный бесшовный #F4F6F9 без текстуры и горизонта. Свет: мягкий студийный из большого софтбокса, мягкая тень под предметом, резкость по всему предмету. Не должно быть: чужих логотипов, названий заводов и брендов, водяных знаков, надписей и любого текста, людей и рук, лишних предметов. Итог: квадрат 1200×1200 px, WebP.";"Photorealistic catalog product photo. Distinctive for this variant: up to 0.75 kW; 130-450 mm, shoebox size. Duct fan. Fan, scroll or ring housing with impeller blades and electric motor. Housing shape: round. Scale: outer diameter about 315 mm, about shoebox size. Three-quarter view from slightly above, whole item centred, filling about 70% of the frame. Plain seamless light neutral background #F4F6F9, no texture, no horizon line. Soft large-softbox studio lighting, soft contact shadow underneath, sharp focus across the whole item, photorealistic e-commerce catalog product photo, high detail, 85mm lens look, square 1:1, 1200x1200.";text, letters, numbers, logo, brand name, manufacturer marking, watermark, printed label, people, hands, faces, multiple products, cluttered background, props, distorted geometry, extra parts, cartoon, illustration, CGI look, blur, low resolution;текст, буквы, цифры, логотип, бренд, заводская маркировка, водяной знак, этикетка с надписями, люди, руки, лица, несколько предметов, захламленный фон, реквизит, искаженная геометрия, лишние детали, мультяшный стиль, иллюстрация, вид 3D-рендера, размытие, низкое разрешение;https://backend.cable.ru/uploads/catalog/01-fan-vc-65dd9d93d0b5c.jpg;https://backend.cable.ru/uploads/catalog/02-fan-vkk-65dd9d94248fc.jpg;;;;2 фото подкадра;https://cable.ru/fans/fans-ventilyator_vc_315.php;https://cable.ru/fans/fans-ventilyator_vkk_315.php;https://cable.ru/fans/fans-ventilyator_vkk_315m.php;генерация;"Генерация по промпту; за основу — готовый снимок кадра F00675 (тот же ракурс, свет, фон), меняется только отличие подкадра.";photos/F00675-h.webp
F01029-a;F01029;1;1267;Вентиляторы;Вентилятор;вентилятор;"вид изделия — вентилятор; у позиций разные: тип";вентилятор;;;;свой снимок;113;"Фотореалистичная предметная фотография для каталога. Подкадр F01029-a (113 из 123 позиций кадра F01029). Отличие от соседних подкадров: вид изделия — вентилятор; у позиций разные: тип. Что в кадре: вентилятор. Как выглядит: вентилятор: корпус-улитка или кольцевой корпус с рабочим колесом и лопатками, электродвигатель. По данным позиций кадра: форма корпуса — квадратная (68 %). Ракурс и композиция: 3/4 немного сверху, изделие целиком по центру, занимает около 70 % кадра. Фон: светлый нейтральный бесшовный #F4F6F9 без текстуры и горизонта. Свет: мягкий студийный из большого софтбокса, мягкая тень под предметом, резкость по всему предмету. Не должно быть: чужих логотипов, названий заводов и брендов, водяных знаков, надписей и любого текста, людей и рук, лишних предметов. Итог: квадрат 1200×1200 px, WebP.";Photorealistic catalog product photo. Distinctive for this variant: fan. Fan. Fan, scroll or ring housing with impeller blades and electric motor. Three-quarter view from slightly above, whole item centred, filling about 70% of the frame. Plain seamless light neutral background #F4F6F9, no texture, no horizon line. Soft large-softbox studio lighting, soft contact shadow underneath, sharp focus across the whole item, photorealistic e-commerce catalog product photo, high detail, 85mm lens look, square 1:1, 1200x1200.;text, letters, numbers, logo, brand name, manufacturer marking, watermark, printed label, people, hands, faces, multiple products, cluttered background, props, distorted geometry, extra parts, cartoon, illustration, CGI look, blur, low resolution;текст, буквы, цифры, логотип, бренд, заводская маркировка, водяной знак, этикетка с надписями, люди, руки, лица, несколько предметов, захламленный фон, реквизит, искаженная геометрия, лишние детали, мультяшный стиль, иллюстрация, вид 3D-рендера, размытие, низкое разрешение;https://backend.cable.ru/uploads/catalog/4eca9d5655aec37b0f76af1a1f51682b-2026-04-08-11-22-17-69d610399c78b.jpg;https://backend.cable.ru/uploads/catalog/2b4cc927e8a5e7a1a9c0795e31d1363f-2026-04-08-11-22-22-69d6103f1bbb8.jpg;https://backend.cable.ru/uploads/catalog/4f27196d51a4c15cafbed73d5b6daa93-2026-04-03-14-53-22-69cfaa32bbb3f.jpg;https://backend.cable.ru/uploads/catalog/4ff5ab7f3d5f1fc3d3e405216ab8af85-2026-04-03-14-53-24-69cfaa34d0d18.jpg;https://backend.cable.ru/uploads/catalog/7b231c216731ff88bbf9421feb68a985-2026-04-03-14-52-18-69cfa9f285a54.jpg;;https://cable.ru/fans/fans-reshetka_nerazemnaya_tdm_electric_175h175mm_sq1807_0027.php;https://cable.ru/fans/fans-reshetka_radiatornaya_tdm_electric_370h130mm_sq1807_0091.php;https://cable.ru/fans/related-troinik_tdm_electric_dlya_kruglogo_vozduhovoda_d100mm_sq1807_1715.php;генерация;"Генерация по промпту; за основу — готовый снимок кадра F01029 (тот же ракурс, свет, фон), меняется только отличие подкадра.";photos/F01029-a.webp
F01029-b;F01029;4;20555;Вентиляторы;Вентилятор;вентилятор;"вид изделия — вентилятор; тип — гофрированный";вентилятор;гофрированный;;;свой снимок;7;"Фотореалистичная предметная фотография для каталога. Подкадр F01029-b (7 из 123 позиций кадра F01029). Отличие от соседних подкадров: вид изделия — вентилятор; тип — гофрированный. Что в кадре: вентилятор, гофрированный. Как выглядит: вентилятор: корпус-улитка или кольцевой корпус с рабочим колесом и лопатками, электродвигатель. По данным позиций кадра: тип — гофрированный. Ракурс и композиция: 3/4 немного сверху, изделие целиком по центру, занимает около 70 % кадра. Фон: светлый нейтральный бесшовный #F4F6F9 без текстуры и горизонта. Свет: мягкий студийный из большого софтбокса, мягкая тень под предметом, резкость по всему предмету. Не должно быть: чужих логотипов, названий заводов и брендов, водяных знаков, надписей и любого текста, людей и рук, лишних предметов. Итог: квадрат 1200×1200 px, WebP.";Photorealistic catalog product photo. Distinctive for this variant: fan. Fan. Fan, scroll or ring housing with impeller blades and electric motor. Three-quarter view from slightly above, whole item centred, filling about 70% of the frame. Plain seamless light neutral background #F4F6F9, no texture, no horizon line. Soft large-softbox studio lighting, soft contact shadow underneath, sharp focus across the whole item, photorealistic e-commerce catalog product photo, high detail, 85mm lens look, square 1:1, 1200x1200.;text, letters, numbers, logo, brand name, manufacturer marking, watermark, printed label, people, hands, faces, multiple products, cluttered background, props, distorted geometry, extra parts, cartoon, illustration, CGI look, blur, low resolution;текст, буквы, цифры, логотип, бренд, заводская маркировка, водяной знак, этикетка с надписями, люди, руки, лица, несколько предметов, захламленный фон, реквизит, искаженная геометрия, лишние детали, мультяшный стиль, иллюстрация, вид 3D-рендера, размытие, низкое разрешение;https://backend.cable.ru/uploads/catalog/a110db3f0a86bac3827e2046ab174323-2026-04-03-14-52-04-69cfa9e5356e7.jpg;;;;;1 фото подкадра;https://cable.ru/fans/related-vozduhovod_gofrirovannii_tdm_electric_alyuminievii_d100mm_sq1807_0064.php;https://cable.ru/fans/related-vozduhovod_gofrirovannii_tdm_electric_alyuminievii_d125mm_sq1807_0068.php;https://cable.ru/fans/related-vozduhovod_gofrirovannii_tdm_electric_alyuminievii_d115mm_sq1807_0066.php;генерация;"Генерация по промпту; за основу — готовый снимок кадра F01029 (тот же ракурс, свет, фон), меняется только отличие подкадра.";photos/F01029-b.webp
F01029-c;F01029;5;28108;Вентиляторы;Вентилятор;вентилятор;прочие позиции кадра;;;;;прочие позиции кадра — снимок кадра;3;"Фотореалистичная предметная фотография для каталога. Подкадр F01029-c — прочие позиции кадра F01029 (3 из 123), у которых нет общего заметного отличия от остальных 2 подкадров кадра; снимок как у кадра F01029. Что в кадре: вентилятор, вентилятор бытовой. Как выглядит: вентилятор: корпус-улитка или кольцевой корпус с рабочим колесом и лопатками, электродвигатель. По данным позиций кадра: исполнение — бытовое. Ракурс и композиция: 3/4 немного сверху, изделие целиком по центру, занимает около 70 % кадра. Фон: светлый нейтральный бесшовный #F4F6F9 без текстуры и горизонта. Свет: мягкий студийный из большого софтбокса, мягкая тень под предметом, резкость по всему предмету. Не должно быть: чужих логотипов, названий заводов и брендов, водяных знаков, надписей и любого текста, людей и рук, лишних предметов. Итог: квадрат 1200×1200 px, WebP.";Photorealistic catalog product photo. Fan. Fan, scroll or ring housing with impeller blades and electric motor. Three-quarter view from slightly above, whole item centred, filling about 70% of the frame. Plain seamless light neutral background #F4F6F9, no texture, no horizon line. Soft large-softbox studio lighting, soft contact shadow underneath, sharp focus across the whole item, photorealistic e-commerce catalog product photo, high detail, 85mm lens look, square 1:1, 1200x1200.;text, letters, numbers, logo, brand name, manufacturer marking, watermark, printed label, people, hands, faces, multiple products, cluttered background, props, distorted geometry, extra parts, cartoon, illustration, CGI look, blur, low resolution;текст, буквы, цифры, логотип, бренд, заводская маркировка, водяной знак, этикетка с надписями, люди, руки, лица, несколько предметов, захламленный фон, реквизит, искаженная геометрия, лишние детали, мультяшный стиль, иллюстрация, вид 3D-рендера, размытие, низкое разрешение;https://backend.cable.ru/uploads/catalog/347db1ea57cff42e32761a9c23c6420c-2026-04-03-14-53-50-69cfaa4f2bf56.jpg;https://backend.cable.ru/uploads/catalog/8c7c38e990df15e37bc4f22625fc06aa-2026-04-03-14-53-52-69cfaa50cffd2.jpg;;;;2 фото подкадра;https://cable.ru/fans/related-ventilyator_bitovoi_tdm_electric_narodnii_100mm_nastennii_sq1807_0201.php;https://cable.ru/fans/related-ventilyator_bitovoi_tdm_electric_narodnii_125mm_nastennii_sq1807_0202.php;https://cable.ru/fans/related-ventilyator_bitovoi_tdm_electric_narodnii_150mm_nastennii_sq1807_0203.php;снимок кадра;Отдельный снимок не нужен: на эти позиции встает снимок кадра F01029 (файл photos/F01029.webp).;— (используется photos/F01029.webp)
F01037-a;F01037;2;3095;Вентиляторы;Вентилятор дутьевой;вентилятор дутьевой;габариты 1,1–2,6 м (с человека);вентилятор дутьевой;радиальный, центробежный;1,1–2,6 м (с человека);;свой снимок;50;"Фотореалистичная предметная фотография для каталога. Подкадр F01037-a (50 из 121 позиций кадра F01037). Отличие от соседних подкадров: габариты 1,1–2,6 м (с человека). Что в кадре: вентилятор дутьевой, габариты 1,1–2,6 м (с человека). Как выглядит: вентилятор: корпус-улитка или кольцевой корпус с рабочим колесом и лопатками, электродвигатель. По данным позиций кадра: тип — радиальный, центробежный; форма корпуса — улитка; исполнение — общего назначения. Масштаб: наружный диаметр около 1800 мм (медиана по позициям) — крупное оборудование ростом примерно с человека. Ракурс и композиция: 3/4 немного сверху, изделие целиком по центру, занимает около 70 % кадра. Фон: светлый нейтральный бесшовный #F4F6F9 без текстуры и горизонта. Свет: мягкий студийный из большого софтбокса, мягкая тень под предметом, резкость по всему предмету. Не должно быть: чужих логотипов, названий заводов и брендов, водяных знаков, надписей и любого текста, людей и рук, лишних предметов. Итог: квадрат 1200×1200 px, WebP.";Photorealistic catalog product photo. Distinctive for this variant: 1.1-2.6 m, about human height. Blower fan. Fan, scroll or ring housing with impeller blades and electric motor. Type: centrifugal radial. Scale: outer diameter about 1800 mm, large equipment, about human height. Three-quarter view from slightly above, whole item centred, filling about 70% of the frame. Plain seamless light neutral background #F4F6F9, no texture, no horizon line. Soft large-softbox studio lighting, soft contact shadow underneath, sharp focus across the whole item, photorealistic e-commerce catalog product photo, high detail, 85mm lens look, square 1:1, 1200x1200.;text, letters, numbers, logo, brand name, manufacturer marking, watermark, printed label, people, hands, faces, multiple products, cluttered background, props, distorted geometry, extra parts, cartoon, illustration, CGI look, blur, low resolution;текст, буквы, цифры, логотип, бренд, заводская маркировка, водяной знак, этикетка с надписями, люди, руки, лица, несколько предметов, захламленный фон, реквизит, искаженная геометрия, лишние детали, мультяшный стиль, иллюстрация, вид 3D-рендера, размытие, низкое разрешение;https://backend.cable.ru/uploads/catalog/01-fan-vr-8075-65dd9d59369fa.jpg;https://backend.cable.ru/uploads/catalog/02-smoke-d-65dd9d7c01090.jpg;https://backend.cable.ru/uploads/catalog/01-smoke-d-65dd9d7bd1a29.jpg;https://backend.cable.ru/uploads/catalog/01-smoke-dn-65dd9d7c8e9d9.jpg;;4 фото подкадра;https://cable.ru/fans/fans-vd_12.php;https://cable.ru/fans/fans-vd_18.php;https://cable.ru/fans/fans-vd_20.php;генерация;"Генерация по промпту; за основу — готовый снимок кадра F01037 (тот же ракурс, свет, фон), меняется только отличие подкадра.";photos/F01037-a.webp
F01037-b;F01037;3;10554;Вентиляторы;Вентилятор дутьевой;вентилятор дутьевой;"11–22 кВт; габариты 450–1100 мм (до метра)";вентилятор дутьевой;радиальный, центробежный;450–1100 мм (до метра);11–22 кВт;свой снимок;15;"Фотореалистичная предметная фотография для каталога. Подкадр F01037-b (15 из 121 позиций кадра F01037). Отличие от соседних подкадров: 11–22 кВт; габариты 450–1100 мм (до метра). Что в кадре: вентилятор дутьевой, 11–22 кВт, габариты 450–1100 мм (до метра). Как выглядит: вентилятор: корпус-улитка или кольцевой корпус с рабочим колесом и лопатками, электродвигатель. По данным позиций кадра: тип — радиальный, центробежный; форма корпуса — улитка; исполнение — общего назначения. Масштаб: наружный диаметр около 900 мм (медиана по позициям) — крупное изделие, до метра. Ракурс и композиция: 3/4 немного сверху, изделие целиком по центру, занимает около 70 % кадра. Фон: светлый нейтральный бесшовный #F4F6F9 без текстуры и горизонта. Свет: мягкий студийный из большого софтбокса, мягкая тень под предметом, резкость по всему предмету. Не должно быть: чужих логотипов, названий заводов и брендов, водяных знаков, надписей и любого текста, людей и рук, лишних предметов. Итог: квадрат 1200×1200 px, WebP.";"Photorealistic catalog product photo. Distinctive for this variant: 11-22 kW; 450-1100 mm, up to one metre. Blower fan. Fan, scroll or ring housing with impeller blades and electric motor. Type: centrifugal radial. Scale: outer diameter about 900 mm, large item, up to one metre. Three-quarter view from slightly above, whole item centred, filling about 70% of the frame. Plain seamless light neutral background #F4F6F9, no texture, no horizon line. Soft large-softbox studio lighting, soft contact shadow underneath, sharp focus across the whole item, photorealistic e-commerce catalog product photo, high detail, 85mm lens look, square 1:1, 1200x1200.";text, letters, numbers, logo, brand name, manufacturer marking, watermark, printed label, people, hands, faces, multiple products, cluttered background, props, distorted geometry, extra parts, cartoon, illustration, CGI look, blur, low resolution;текст, буквы, цифры, логотип, бренд, заводская маркировка, водяной знак, этикетка с надписями, люди, руки, лица, несколько предметов, захламленный фон, реквизит, искаженная геометрия, лишние детали, мультяшный стиль, иллюстрация, вид 3D-рендера, размытие, низкое разрешение;https://backend.cable.ru/uploads/catalog/01-smoke-dn-65dd9d7c8e9d9.jpg;;;;;1 фото подкадра;https://cable.ru/fans/fans-ventilyator_vdn_8__15_kvt_1500_ob_min.php;https://cable.ru/fans/fans-ventilyator_vdn_9__15_kvt_1500_ob_min.php;https://cable.ru/fans/fans-ventilyator_vdn_9__11_kvt_1000_ob_min.php;генерация;"Генерация по промпту; за основу — готовый снимок кадра F01037 (тот же ракурс, свет, фон), меняется только отличие подкадра.";photos/F01037-b.webp
F01037-c;F01037;3;12915;Вентиляторы;Вентилятор дутьевой;вентилятор дутьевой;"30–75 кВт; габариты 1,1–2,6 м (с человека)";вентилятор дутьевой;радиальный, центробежный;1,1–2,6 м (с человека);30–75 кВт;свой снимок;12;"Фотореалистичная предметная фотография для каталога. Подкадр F01037-c (12 из 121 позиций кадра F01037). Отличие от соседних подкадров: 30–75 кВт; габариты 1,1–2,6 м (с человека). Что в кадре: вентилятор дутьевой, 30–75 кВт, габариты 1,1–2,6 м (с человека). Как выглядит: вентилятор: корпус-улитка или кольцевой корпус с рабочим колесом и лопатками, электродвигатель. По данным позиций кадра: тип — радиальный, центробежный; форма корпуса — улитка; исполнение — общего назначения. Масштаб: наружный диаметр около 1250 мм (медиана по позициям) — крупное оборудование ростом примерно с человека. Ракурс и композиция: 3/4 немного сверху, изделие целиком по центру, занимает около 70 % кадра. Фон: светлый нейтральный бесшовный #F4F6F9 без текстуры и горизонта. Свет: мягкий студийный из большого софтбокса, мягкая тень под предметом, резкость по всему предмету. Не должно быть: чужих логотипов, названий заводов и брендов, водяных знаков, надписей и любого текста, людей и рук, лишних предметов. Итог: квадрат 1200×1200 px, WebP.";"Photorealistic catalog product photo. Distinctive for this variant: 30-75 kW; 1.1-2.6 m, about human height. Blower fan. Fan, scroll or ring housing with impeller blades and electric motor. Type: centrifugal radial. Scale: outer diameter about 1250 mm, large equipment, about human height. Three-quarter view from slightly above, whole item centred, filling about 70% of the frame. Plain seamless light neutral background #F4F6F9, no texture, no horizon line. Soft large-softbox studio lighting, soft contact shadow underneath, sharp focus across the whole item, photorealistic e-commerce catalog product photo, high detail, 85mm lens look, square 1:1, 1200x1200.";text, letters, numbers, logo, brand name, manufacturer marking, watermark, printed label, people, hands, faces, multiple products, cluttered background, props, distorted geometry, extra parts, cartoon, illustration, CGI look, blur, low resolution;текст, буквы, цифры, логотип, бренд, заводская маркировка, водяной знак, этикетка с надписями, люди, руки, лица, несколько предметов, захламленный фон, реквизит, искаженная геометрия, лишние детали, мультяшный стиль, иллюстрация, вид 3D-рендера, размытие, низкое разрешение;https://backend.cable.ru/uploads/catalog/01-smoke-dn-65dd9d7c8e9d9.jpg;;;;;1 фото подкадра;https://cable.ru/fans/fans-vdn_12_5_55_kvt_1500_ob_min.php;https://cable.ru/fans/fans-ventilyator_vdn_12_5__75_kvt_1500_ob_min.php;https://cable.ru/fans/fans-ventilyator_vdn_12_5__30_kvt_1000_ob_min.php;генерация;"Генерация по промпту; за основу — готовый снимок кадра F01037 (тот же ракурс, свет, фон), меняется только отличие подкадра.";photos/F01037-c.webp
F01037-d;F01037;3;12916;Вентиляторы;Вентилятор дутьевой;вентилятор дутьевой;габариты 450–1100 мм (до метра);вентилятор дутьевой;радиальный, центробежный;450–1100 мм (до метра);;свой снимок;12;"Фотореалистичная предметная фотография для каталога. Подкадр F01037-d (12 из 121 позиций кадра F01037). Отличие от соседних подкадров: габариты 450–1100 мм (до метра). Что в кадре: вентилятор дутьевой, габариты 450–1100 мм (до метра). Как выглядит: вентилятор: корпус-улитка или кольцевой корпус с рабочим колесом и лопатками, электродвигатель. По данным позиций кадра: тип — радиальный, центробежный; форма корпуса — улитка; исполнение — общего назначения. Масштаб: наружный диаметр около 850 мм (медиана по позициям) — крупное изделие, до метра. Ракурс и композиция: 3/4 немного сверху, изделие целиком по центру, занимает около 70 % кадра. Фон: светлый нейтральный бесшовный #F4F6F9 без текстуры и горизонта. Свет: мягкий студийный из большого софтбокса, мягкая тень под предметом, резкость по всему предмету. Не должно быть: чужих логотипов, названий заводов и брендов, водяных знаков, надписей и любого текста, людей и рук, лишних предметов. Итог: квадрат 1200×1200 px, WebP.";Photorealistic catalog product photo. Distinctive for this variant: 450-1100 mm, up to one metre. Blower fan. Fan, scroll or ring housing with impeller blades and electric motor. Type: centrifugal radial. Scale: outer diameter about 850 mm, large item, up to one metre. Three-quarter view from slightly above, whole item centred, filling about 70% of the frame. Plain seamless light neutral background #F4F6F9, no texture, no horizon line. Soft large-softbox studio lighting, soft contact shadow underneath, sharp focus across the whole item, photorealistic e-commerce catalog product photo, high detail, 85mm lens look, square 1:1, 1200x1200.;text, letters, numbers, logo, brand name, manufacturer marking, watermark, printed label, people, hands, faces, multiple products, cluttered background, props, distorted geometry, extra parts, cartoon, illustration, CGI look, blur, low resolution;текст, буквы, цифры, логотип, бренд, заводская маркировка, водяной знак, этикетка с надписями, люди, руки, лица, несколько предметов, захламленный фон, реквизит, искаженная геометрия, лишние детали, мультяшный стиль, иллюстрация, вид 3D-рендера, размытие, низкое разрешение;https://backend.cable.ru/uploads/catalog/01-smoke-dn-65dd9d7c8e9d9.jpg;https://backend.cable.ru/uploads/catalog/02-smoke-dn-65dd9d7cbe5bc.jpg;;;;2 фото подкадра;https://cable.ru/fans/fans-vdn_8.php;https://cable.ru/fans/fans-vdn_6_3.php;https://cable.ru/fans/fans-vdn_9.php;генерация;"Генерация по промпту; за основу — готовый снимок кадра F01037 (тот же ракурс, свет, фон), меняется только отличие подкадра.";photos/F01037-d.webp
F01037-e;F01037;3;13958;Вентиляторы;Вентилятор дутьевой;вентилятор дутьевой;у позиций разные: мощность, размер;вентилятор дутьевой;радиальный, центробежный;;;свой снимок;11;"Фотореалистичная предметная фотография для каталога. Подкадр F01037-e (11 из 121 позиций кадра F01037). Отличие от соседних подкадров: у позиций разные: мощность, размер. Что в кадре: вентилятор дутьевой. Как выглядит: вентилятор: корпус-улитка или кольцевой корпус с рабочим колесом и лопатками, электродвигатель. По данным позиций кадра: тип — радиальный, центробежный; форма корпуса — улитка; исполнение — общего назначения. Масштаб: наружный диаметр около 1120 мм (медиана по позициям) — крупное оборудование ростом примерно с человека. Ракурс и композиция: 3/4 немного сверху, изделие целиком по центру, занимает около 70 % кадра. Фон: светлый нейтральный бесшовный #F4F6F9 без текстуры и горизонта. Свет: мягкий студийный из большого софтбокса, мягкая тень под предметом, резкость по всему предмету. Не должно быть: чужих логотипов, названий заводов и брендов, водяных знаков, надписей и любого текста, людей и рук, лишних предметов. Итог: квадрат 1200×1200 px, WebP.";Photorealistic catalog product photo. Blower fan. Fan, scroll or ring housing with impeller blades and electric motor. Type: centrifugal radial. Scale: outer diameter about 1120 mm, large equipment, about human height. Three-quarter view from slightly above, whole item centred, filling about 70% of the frame. Plain seamless light neutral background #F4F6F9, no texture, no horizon line. Soft large-softbox studio lighting, soft contact shadow underneath, sharp focus across the whole item, photorealistic e-commerce catalog product photo, high detail, 85mm lens look, square 1:1, 1200x1200.;text, letters, numbers, logo, brand name, manufacturer marking, watermark, printed label, people, hands, faces, multiple products, cluttered background, props, distorted geometry, extra parts, cartoon, illustration, CGI look, blur, low resolution;текст, буквы, цифры, логотип, бренд, заводская маркировка, водяной знак, этикетка с надписями, люди, руки, лица, несколько предметов, захламленный фон, реквизит, искаженная геометрия, лишние детали, мультяшный стиль, иллюстрация, вид 3D-рендера, размытие, низкое разрешение;https://backend.cable.ru/uploads/catalog/02-smoke-d-65dd9d7c01090.jpg;https://backend.cable.ru/uploads/catalog/01-smoke-d-65dd9d7bd1a29.jpg;https://backend.cable.ru/uploads/catalog/01-smoke-dn-65dd9d7c8e9d9.jpg;;;3 фото подкадра;https://cable.ru/fans/fans-vd_2_5.php;https://cable.ru/fans/fans-vd_2_7.php;https://cable.ru/fans/fans-ventilyator_vdn_10__30_kvt_1500_ob_min.php;генерация;"Генерация по промпту; за основу — готовый снимок кадра F01037 (тот же ракурс, свет, фон), меняется только отличие подкадра.";photos/F01037-e.webp
F01037-f;F01037;3;15154;Вентиляторы;Вентилятор дутьевой;вентилятор дутьевой;"3–7,5 кВт; габариты 130–450 мм (с обувную коробку)";вентилятор дутьевой;радиальный, центробежный;130–450 мм (с обувную коробку);3–7,5 кВт;свой снимок;10;"Фотореалистичная предметная фотография для каталога. Подкадр F01037-f (10 из 121 позиций кадра F01037). Отличие от соседних подкадров: 3–7,5 кВт; габариты 130–450 мм (с обувную коробку). Что в кадре: вентилятор дутьевой, 3–7,5 кВт, габариты 130–450 мм (с обувную коробку). Как выглядит: вентилятор: корпус-улитка или кольцевой корпус с рабочим колесом и лопатками, электродвигатель. По данным позиций кадра: тип — радиальный, центробежный; форма корпуса — улитка; исполнение — общего назначения. Масштаб: наружный диаметр около 350 мм (медиана по позициям) — размером примерно с обувную коробку. Ракурс и композиция: 3/4 немного сверху, изделие целиком по центру, занимает около 70 % кадра. Фон: светлый нейтральный бесшовный #F4F6F9 без текстуры и горизонта. Свет: мягкий студийный из большого софтбокса, мягкая тень под предметом, резкость по всему предмету. Не должно быть: чужих логотипов, названий заводов и брендов, водяных знаков, надписей и любого текста, людей и рук, лишних предметов. Итог: квадрат 1200×1200 px, WebP.";"Photorealistic catalog product photo. Distinctive for this variant: 3-7.5 kW; 130-450 mm, shoebox size. Blower fan. Fan, scroll or ring housing with impeller blades and electric motor. Type: centrifugal radial. Scale: outer diameter about 350 mm, about shoebox size. Three-quarter view from slightly above, whole item centred, filling about 70% of the frame. Plain seamless light neutral background #F4F6F9, no texture, no horizon line. Soft large-softbox studio lighting, soft contact shadow underneath, sharp focus across the whole item, photorealistic e-commerce catalog product photo, high detail, 85mm lens look, square 1:1, 1200x1200.";text, letters, numbers, logo, brand name, manufacturer marking, watermark, printed label, people, hands, faces, multiple products, cluttered background, props, distorted geometry, extra parts, cartoon, illustration, CGI look, blur, low resolution;текст, буквы, цифры, логотип, бренд, заводская маркировка, водяной знак, этикетка с надписями, люди, руки, лица, несколько предметов, захламленный фон, реквизит, искаженная геометрия, лишние детали, мультяшный стиль, иллюстрация, вид 3D-рендера, размытие, низкое разрешение;https://backend.cable.ru/uploads/catalog/02-smoke-d-65dd9d7c01090.jpg;https://backend.cable.ru/uploads/catalog/01-fan-vr-8075-65dd9d59369fa.jpg;https://backend.cable.ru/uploads/catalog/01-smoke-d-65dd9d7bd1a29.jpg;;;3 фото подкадра;https://cable.ru/fans/fans-vd_2_5_4_kvt_3000_ob_min.php;https://cable.ru/fans/fans-vd_3_5_3_kvt_1500_ob_min.php;https://cable.ru/fans/fans-ventilyator_vd_2_7__3_kvt_3000_ob_min.php;генерация;"Генерация по промпту; за основу — готовый снимок кадра F01037 (тот же ракурс, свет, фон), меняется только отличие подкадра.";photos/F01037-f.webp
F01037-g;F01037;4;23099;Вентиляторы;Вентилятор дутьевой;вентилятор дутьевой;"3–7,5 кВт; габариты 450–1100 мм (до метра)";вентилятор дутьевой;радиальный, центробежный;450–1100 мм (до метра);3–7,5 кВт;свой снимок;6;"Фотореалистичная предметная фотография для каталога. Подкадр F01037-g (6 из 121 позиций кадра F01037). Отличие от соседних подкадров: 3–7,5 кВт; габариты 450–1100 мм (до метра). Что в кадре: вентилятор дутьевой, 3–7,5 кВт, габариты 450–1100 мм (до метра). Как выглядит: вентилятор: корпус-улитка или кольцевой корпус с рабочим колесом и лопатками, электродвигатель. По данным позиций кадра: тип — радиальный, центробежный; форма корпуса — улитка; исполнение — общего назначения. Масштаб: наружный диаметр около 630 мм (медиана по позициям) — крупное изделие, до метра. Ракурс и композиция: 3/4 немного сверху, изделие целиком по центру, занимает около 70 % кадра. Фон: светлый нейтральный бесшовный #F4F6F9 без текстуры и горизонта. Свет: мягкий студийный из большого софтбокса, мягкая тень под предметом, резкость по всему предмету. Не должно быть: чужих логотипов, названий заводов и брендов, водяных знаков, надписей и любого текста, людей и рук, лишних предметов. Итог: квадрат 1200×1200 px, WebP.";"Photorealistic catalog product photo. Distinctive for this variant: 3-7.5 kW; 450-1100 mm, up to one metre. Blower fan. Fan, scroll or ring housing with impeller blades and electric motor. Type: centrifugal radial. Scale: outer diameter about 630 mm, large item, up to one metre. Three-quarter view from slightly above, whole item centred, filling about 70% of the frame. Plain seamless light neutral background #F4F6F9, no texture, no horizon line. Soft large-softbox studio lighting, soft contact shadow underneath, sharp focus across the whole item, photorealistic e-commerce catalog product photo, high detail, 85mm lens look, square 1:1, 1200x1200.";text, letters, numbers, logo, brand name, manufacturer marking, watermark, printed label, people, hands, faces, multiple products, cluttered background, props, distorted geometry, extra parts, cartoon, illustration, CGI look, blur, low resolution;текст, буквы, цифры, логотип, бренд, заводская маркировка, водяной знак, этикетка с надписями, люди, руки, лица, несколько предметов, захламленный фон, реквизит, искаженная геометрия, лишние детали, мультяшный стиль, иллюстрация, вид 3D-рендера, размытие, низкое разрешение;https://backend.cable.ru/uploads/catalog/02-smoke-dn-65dd9d7cbe5bc.jpg;;;;;1 фото подкадра;https://cable.ru/fans/fans-ventilyator_vdn_6_3__4_kvt_1000_ob_min.php;https://cable.ru/fans/fans-ventilyator_vdn_6_3__5_5_kvt_1500_ob_min.php;https://cable.ru/fans/fans-ventilyator_vdn_6_3__4_kvt_1000_ob_min__shema_5.php;генерация;"Генерация по промпту; за основу — готовый снимок кадра F01037 (тот же ракурс, свет, фон), меняется только отличие подкадра.";photos/F01037-g.webp
F01037-h;F01037;4;26398;Вентиляторы;Вентилятор дутьевой;вентилятор дутьевой;"1–2,2 кВт; габариты 130–450 мм (с обувную коробку)";вентилятор дутьевой;радиальный, центробежный;130–450 мм (с обувную коробку);1–2,2 кВт;свой снимок;5;"Фотореалистичная предметная фотография для каталога. Подкадр F01037-h (5 из 121 позиций кадра F01037). Отличие от соседних подкадров: 1–2,2 кВт; габариты 130–450 мм (с обувную коробку). Что в кадре: вентилятор дутьевой, 1–2,2 кВт, габариты 130–450 мм (с обувную коробку). Как выглядит: вентилятор: корпус-улитка или кольцевой корпус с рабочим колесом и лопатками, электродвигатель. По данным позиций кадра: тип — радиальный, центробежный; форма корпуса — улитка; исполнение — общего назначения. Масштаб: наружный диаметр около 350 мм (медиана по позициям) — размером примерно с обувную коробку. Ракурс и композиция: 3/4 немного сверху, изделие целиком по центру, занимает около 70 % кадра. Фон: светлый нейтральный бесшовный #F4F6F9 без текстуры и горизонта. Свет: мягкий студийный из большого софтбокса, мягкая тень под предметом, резкость по всему предмету. Не должно быть: чужих логотипов, названий заводов и брендов, водяных знаков, надписей и любого текста, людей и рук, лишних предметов. Итог: квадрат 1200×1200 px, WebP.";"Photorealistic catalog product photo. Distinctive for this variant: 1-2.2 kW; 130-450 mm, shoebox size. Blower fan. Fan, scroll or ring housing with impeller blades and electric motor. Type: centrifugal radial. Scale: outer diameter about 350 mm, about shoebox size. Three-quarter view from slightly above, whole item centred, filling about 70% of the frame. Plain seamless light neutral background #F4F6F9, no texture, no horizon line. Soft large-softbox studio lighting, soft contact shadow underneath, sharp focus across the whole item, photorealistic e-commerce catalog product photo, high detail, 85mm lens look, square 1:1, 1200x1200.";text, letters, numbers, logo, brand name, manufacturer marking, watermark, printed label, people, hands, faces, multiple products, cluttered background, props, distorted geometry, extra parts, cartoon, illustration, CGI look, blur, low resolution;текст, буквы, цифры, логотип, бренд, заводская маркировка, водяной знак, этикетка с надписями, люди, руки, лица, несколько предметов, захламленный фон, реквизит, искаженная геометрия, лишние детали, мультяшный стиль, иллюстрация, вид 3D-рендера, размытие, низкое разрешение;https://backend.cable.ru/uploads/catalog/02-smoke-d-65dd9d7c01090.jpg;https://backend.cable.ru/uploads/catalog/01-smoke-d-65dd9d7bd1a29.jpg;https://backend.cable.ru/uploads/catalog/01-fan-vr-8075-65dd9d59369fa.jpg;;;3 фото подкадра;https://cable.ru/fans/fans-vd_2_7_1_5_kvt_1500_ob_min.php;https://cable.ru/fans/fans-ventilyator_vd_2_7__1_5_kvt_3000_ob_min.php;https://cable.ru/fans/fans-vd_3_5_2_2_kvt_1500_ob_min_shema_3.php;генерация;"Генерация по промпту; за основу — готовый снимок кадра F01037 (тот же ракурс, свет, фон), меняется только отличие подкадра.";photos/F01037-h.webp
F01094-a;F01094;2;4314;Вентиляторы;Дымосос;дымосос;габариты 1,1–2,6 м (с человека);дымосос;радиальный, центробежный;1,1–2,6 м (с человека);;свой снимок;37;"Фотореалистичная предметная фотография для каталога. Подкадр F01094-a (37 из 115 позиций кадра F01094). Отличие от соседних подкадров: габариты 1,1–2,6 м (с человека). Что в кадре: дымосос, габариты 1,1–2,6 м (с человека). Как выглядит: дымосос в типичном для этого вида исполнении (группа «Вентиляторы с диаметром рабочего колеса 2200 мм»); форму, пропорции и детали — как у типичного изделия этого вида. По данным позиций кадра: тип — радиальный, центробежный; форма корпуса — улитка; исполнение — общего назначения. Масштаб: наружный диаметр около 1800 мм (медиана по позициям) — крупное оборудование ростом примерно с человека. Ракурс и композиция: 3/4 немного сверху, изделие целиком по центру, занимает около 70 % кадра. Фон: светлый нейтральный бесшовный #F4F6F9 без текстуры и горизонта. Свет: мягкий студийный из большого софтбокса, мягкая тень под предметом, резкость по всему предмету. Не должно быть: чужих логотипов, названий заводов и брендов, водяных знаков, надписей и любого текста, людей и рук, лишних предметов. Итог: квадрат 1200×1200 px, WebP.";Photorealistic catalog product photo. Distinctive for this variant: 1.1-2.6 m, about human height. Smoke exhaust fan. Smoke exhaust fan in its typical standard design. Type: centrifugal radial. Scale: outer diameter about 1800 mm, large equipment, about human height. Three-quarter view from slightly above, whole item centred, filling about 70% of the frame. Plain seamless light neutral background #F4F6F9, no texture, no horizon line. Soft large-softbox studio lighting, soft contact shadow underneath, sharp focus across the whole item, photorealistic e-commerce catalog product photo, high detail, 85mm lens look, square 1:1, 1200x1200.;text, letters, numbers, logo, brand name, manufacturer marking, watermark, printed label, people, hands, faces, multiple products, cluttered background, props, distorted geometry, extra parts, cartoon, illustration, CGI look, blur, low resolution;текст, буквы, цифры, логотип, бренд, заводская маркировка, водяной знак, этикетка с надписями, люди, руки, лица, несколько предметов, захламленный фон, реквизит, искаженная геометрия, лишние детали, мультяшный стиль, иллюстрация, вид 3D-рендера, размытие, низкое разрешение;https://backend.cable.ru/uploads/catalog/01-smoke-dn-65dd9d7c8e9d9.jpg;https://backend.cable.ru/uploads/catalog/dymosos-dn-65ddbde6856b7.jpg;https://backend.cable.ru/uploads/catalog/01-smoke-d-65dd9d7bd1a29.jpg;;;3 фото подкадра;https://cable.ru/fans/fans-dimosos_dn_13.php;https://cable.ru/fans/fans-dn_15.php;https://cable.ru/fans/fans-dimosos_d_12_shema_3.php;генерация;"Генерация по промпту; за основу — готовый снимок кадра F01094 (тот же ракурс, свет, фон), меняется только отличие подкадра.";photos/F01094-a.webp
F01094-b;F01094;3;10561;Вентиляторы;Дымосос;дымосос;"11–22 кВт; габариты 450–1100 мм (до метра)";дымосос;радиальный, центробежный;450–1100 мм (до метра);11–22 кВт;свой снимок;15;"Фотореалистичная предметная фотография для каталога. Подкадр F01094-b (15 из 115 позиций кадра F01094). Отличие от соседних подкадров: 11–22 кВт; габариты 450–1100 мм (до метра). Что в кадре: дымосос, 11–22 кВт, габариты 450–1100 мм (до метра). Как выглядит: дымосос в типичном для этого вида исполнении (группа «Вентиляторы с диаметром рабочего колеса 800 мм»); форму, пропорции и детали — как у типичного изделия этого вида. По данным позиций кадра: тип — радиальный, центробежный; форма корпуса — улитка; исполнение — общего назначения. Масштаб: наружный диаметр около 900 мм (медиана по позициям) — крупное изделие, до метра. Ракурс и композиция: 3/4 немного сверху, изделие целиком по центру, занимает около 70 % кадра. Фон: светлый нейтральный бесшовный #F4F6F9 без текстуры и горизонта. Свет: мягкий студийный из большого софтбокса, мягкая тень под предметом, резкость по всему предмету. Не должно быть: чужих логотипов, названий заводов и брендов, водяных знаков, надписей и любого текста, людей и рук, лишних предметов. Итог: квадрат 1200×1200 px, WebP.";"Photorealistic catalog product photo. Distinctive for this variant: 11-22 kW; 450-1100 mm, up to one metre. Smoke exhaust fan. Smoke exhaust fan in its typical standard design. Type: centrifugal radial. Scale: outer diameter about 900 mm, large item, up to one metre. Three-quarter view from slightly above, whole item centred, filling about 70% of the frame. Plain seamless light neutral background #F4F6F9, no texture, no horizon line. Soft large-softbox studio lighting, soft contact shadow underneath, sharp focus across the whole item, photorealistic e-commerce catalog product photo, high detail, 85mm lens look, square 1:1, 1200x1200.";text, letters, numbers, logo, brand name, manufacturer marking, watermark, printed label, people, hands, faces, multiple products, cluttered background, props, distorted geometry, extra parts, cartoon, illustration, CGI look, blur, low resolution;текст, буквы, цифры, логотип, бренд, заводская маркировка, водяной знак, этикетка с надписями, люди, руки, лица, несколько предметов, захламленный фон, реквизит, искаженная геометрия, лишние детали, мультяшный стиль, иллюстрация, вид 3D-рендера, размытие, низкое разрешение;https://backend.cable.ru/uploads/catalog/01-smoke-dn-65dd9d7c8e9d9.jpg;https://backend.cable.ru/uploads/catalog/dymosos-dn-65ddbde6856b7.jpg;;;;2 фото подкадра;https://cable.ru/fans/fans-dimosos_dn_8__11_kvt_1000_ob_min.php;https://cable.ru/fans/fans-dimosos_dn_8_15_kvt_1500_ob_min_prav.php;https://cable.ru/fans/fans-dimosos_dn_9__15_kvt_1500_ob_min.php;генерация;"Генерация по промпту; за основу — готовый снимок кадра F01094 (тот же ракурс, свет, фон), меняется только отличие подкадра.";photos/F01094-b.webp
F01094-c;F01094;3;10562;Вентиляторы;Дымосос;дымосос;габариты 450–1100 мм (до метра);дымосос;радиальный, центробежный;450–1100 мм (до метра);;свой снимок;15;"Фотореалистичная предметная фотография для каталога. Подкадр F01094-c (15 из 115 позиций кадра F01094). Отличие от соседних подкадров: габариты 450–1100 мм (до метра). Что в кадре: дымосос, габариты 450–1100 мм (до метра). Как выглядит: дымосос в типичном для этого вида исполнении (группа «Вентиляторы с диаметром рабочего колеса 1100 мм»); форму, пропорции и детали — как у типичного изделия этого вида. По данным позиций кадра: тип — радиальный, центробежный; форма корпуса — улитка; исполнение — общего назначения. Масштаб: наружный диаметр около 900 мм (медиана по позициям) — крупное изделие, до метра. Ракурс и композиция: 3/4 немного сверху, изделие целиком по центру, занимает около 70 % кадра. Фон: светлый нейтральный бесшовный #F4F6F9 без текстуры и горизонта. Свет: мягкий студийный из большого софтбокса, мягкая тень под предметом, резкость по всему предмету. Не должно быть: чужих логотипов, названий заводов и брендов, водяных знаков, надписей и любого текста, людей и рук, лишних предметов. Итог: квадрат 1200×1200 px, WebP.";Photorealistic catalog product photo. Distinctive for this variant: 450-1100 mm, up to one metre. Smoke exhaust fan. Smoke exhaust fan in its typical standard design. Type: centrifugal radial. Scale: outer diameter about 900 mm, large item, up to one metre. Three-quarter view from slightly above, whole item centred, filling about 70% of the frame. Plain seamless light neutral background #F4F6F9, no texture, no horizon line. Soft large-softbox studio lighting, soft contact shadow underneath, sharp focus across the whole item, photorealistic e-commerce catalog product photo, high detail, 85mm lens look, square 1:1, 1200x1200.;text, letters, numbers, logo, brand name, manufacturer marking, watermark, printed label, people, hands, faces, multiple products, cluttered background, props, distorted geometry, extra parts, cartoon, illustration, CGI look, blur, low resolution;текст, буквы, цифры, логотип, бренд, заводская маркировка, водяной знак, этикетка с надписями, люди, руки, лица, несколько предметов, захламленный фон, реквизит, искаженная геометрия, лишние детали, мультяшный стиль, иллюстрация, вид 3D-рендера, размытие, низкое разрешение;https://backend.cable.ru/uploads/catalog/dymosos-dn-65ddbde6856b7.jpg;https://backend.cable.ru/uploads/catalog/01-smoke-dn-65dd9d7c8e9d9.jpg;;;;2 фото подкадра;https://cable.ru/fans/fans-dn_8.php;https://cable.ru/fans/fans-dn_11.php;https://cable.ru/fans/fans-dn_9.php;генерация;"Генерация по промпту; за основу — готовый снимок кадра F01094 (тот же ракурс, свет, фон), меняется только отличие подкадра.";photos/F01094-c.webp
F01094-d;F01094;3;11238;Вентиляторы;Дымосос;дымосос;у позиций разные: мощность, размер;дымосос;радиальный, центробежный;;;свой снимок;14;"Фотореалистичная предметная фотография для каталога. Подкадр F01094-d (14 из 115 позиций кадра F01094). Отличие от соседних подкадров: у позиций разные: мощность, размер. Что в кадре: дымосос. Как выглядит: дымосос в типичном для этого вида исполнении (группа «Вентиляторы с диаметром рабочего колеса 1250 мм»); форму, пропорции и детали — как у типичного изделия этого вида. По данным позиций кадра: тип — радиальный, центробежный; форма корпуса — улитка; исполнение — общего назначения. Масштаб: наружный диаметр около 1060 мм (медиана по позициям) — крупное изделие, до метра. Ракурс и композиция: 3/4 немного сверху, изделие целиком по центру, занимает около 70 % кадра. Фон: светлый нейтральный бесшовный #F4F6F9 без текстуры и горизонта. Свет: мягкий студийный из большого софтбокса, мягкая тень под предметом, резкость по всему предмету. Не должно быть: чужих логотипов, названий заводов и брендов, водяных знаков, надписей и любого текста, людей и рук, лишних предметов. Итог: квадрат 1200×1200 px, WebP.";Photorealistic catalog product photo. Smoke exhaust fan. Smoke exhaust fan in its typical standard design. Type: centrifugal radial. Scale: outer diameter about 1060 mm, large item, up to one metre. Three-quarter view from slightly above, whole item centred, filling about 70% of the frame. Plain seamless light neutral background #F4F6F9, no texture, no horizon line. Soft large-softbox studio lighting, soft contact shadow underneath, sharp focus across the whole item, photorealistic e-commerce catalog product photo, high detail, 85mm lens look, square 1:1, 1200x1200.;text, letters, numbers, logo, brand name, manufacturer marking, watermark, printed label, people, hands, faces, multiple products, cluttered background, props, distorted geometry, extra parts, cartoon, illustration, CGI look, blur, low resolution;текст, буквы, цифры, логотип, бренд, заводская маркировка, водяной знак, этикетка с надписями, люди, руки, лица, несколько предметов, захламленный фон, реквизит, искаженная геометрия, лишние детали, мультяшный стиль, иллюстрация, вид 3D-рендера, размытие, низкое разрешение;https://backend.cable.ru/uploads/catalog/dymosos-d-65ddbde650999.jpg;https://backend.cable.ru/uploads/catalog/01-smoke-d-65dd9d7bd1a29.jpg;https://backend.cable.ru/uploads/catalog/01-smoke-dn-65dd9d7c8e9d9.jpg;;;3 фото подкадра;https://cable.ru/fans/fans-d_2_5.php;https://cable.ru/fans/fans-d_3_5_shema_3.php;https://cable.ru/fans/fans-dimosos_dn_10__30_kvt_1500_ob_min.php;генерация;"Генерация по промпту; за основу — готовый снимок кадра F01094 (тот же ракурс, свет, фон), меняется только отличие подкадра.";photos/F01094-d.webp
F01094-e;F01094;3;12951;Вентиляторы;Дымосос;дымосос;"30–75 кВт; габариты 1,1–2,6 м (с человека)";дымосос;радиальный, центробежный;1,1–2,6 м (с человека);30–75 кВт;свой снимок;12;"Фотореалистичная предметная фотография для каталога. Подкадр F01094-e (12 из 115 позиций кадра F01094). Отличие от соседних подкадров: 30–75 кВт; габариты 1,1–2,6 м (с человека). Что в кадре: дымосос, 30–75 кВт, габариты 1,1–2,6 м (с человека). Как выглядит: дымосос в типичном для этого вида исполнении (группа «Вентиляторы с диаметром рабочего колеса 1250 мм»); форму, пропорции и детали — как у типичного изделия этого вида. По данным позиций кадра: тип — радиальный, центробежный; форма корпуса — улитка; исполнение — общего назначения. Масштаб: наружный диаметр около 1250 мм (медиана по позициям) — крупное оборудование ростом примерно с человека. Ракурс и композиция: 3/4 немного сверху, изделие целиком по центру, занимает около 70 % кадра. Фон: светлый нейтральный бесшовный #F4F6F9 без текстуры и горизонта. Свет: мягкий студийный из большого софтбокса, мягкая тень под предметом, резкость по всему предмету. Не должно быть: чужих логотипов, названий заводов и брендов, водяных знаков, надписей и любого текста, людей и рук, лишних предметов. Итог: квадрат 1200×1200 px, WebP.";"Photorealistic catalog product photo. Distinctive for this variant: 30-75 kW; 1.1-2.6 m, about human height. Smoke exhaust fan. Smoke exhaust fan in its typical standard design. Type: centrifugal radial. Scale: outer diameter about 1250 mm, large equipment, about human height. Three-quarter view from slightly above, whole item centred, filling about 70% of the frame. Plain seamless light neutral background #F4F6F9, no texture, no horizon line. Soft large-softbox studio lighting, soft contact shadow underneath, sharp focus across the whole item, photorealistic e-commerce catalog product photo, high detail, 85mm lens look, square 1:1, 1200x1200.";text, letters, numbers, logo, brand name, manufacturer marking, watermark, printed label, people, hands, faces, multiple products, cluttered background, props, distorted geometry, extra parts, cartoon, illustration, CGI look, blur, low resolution;текст, буквы, цифры, логотип, бренд, заводская маркировка, водяной знак, этикетка с надписями, люди, руки, лица, несколько предметов, захламленный фон, реквизит, искаженная геометрия, лишние детали, мультяшный стиль, иллюстрация, вид 3D-рендера, размытие, низкое разрешение;https://backend.cable.ru/uploads/catalog/01-smoke-dn-65dd9d7c8e9d9.jpg;;;;;1 фото подкадра;https://cable.ru/fans/fans-dimosos_dn_11_2__45_kvt_1500_ob_min.php;https://cable.ru/fans/fans-dimosos_dn_12_5__75_kvt_1500_ob_min.php;https://cable.ru/fans/fans-dimosos_dn_12_5__30_kvt_1000_ob_min.php;генерация;"Генерация по промпту; за основу — готовый снимок кадра F01094 (тот же ракурс, свет, фон), меняется только отличие подкадра.";photos/F01094-e.webp
F01094-f;F01094;3;15174;Вентиляторы;Дымосос;дымосос;"3–7,5 кВт; габариты 130–450 мм (с обувную коробку)";дымосос;радиальный, центробежный;130–450 мм (с обувную коробку);3–7,5 кВт;свой снимок;10;"Фотореалистичная предметная фотография для каталога. Подкадр F01094-f (10 из 115 позиций кадра F01094). Отличие от соседних подкадров: 3–7,5 кВт; габариты 130–450 мм (с обувную коробку). Что в кадре: дымосос, 3–7,5 кВт, габариты 130–450 мм (с обувную коробку). Как выглядит: дымосос в типичном для этого вида исполнении (группа «Вентиляторы с диаметром рабочего колеса 350 мм»); форму, пропорции и детали — как у типичного изделия этого вида. По данным позиций кадра: тип — радиальный, центробежный; форма корпуса — улитка; исполнение — общего назначения. Масштаб: наружный диаметр около 350 мм (медиана по позициям) — размером примерно с обувную коробку. Ракурс и композиция: 3/4 немного сверху, изделие целиком по центру, занимает около 70 % кадра. Фон: светлый нейтральный бесшовный #F4F6F9 без текстуры и горизонта. Свет: мягкий студийный из большого софтбокса, мягкая тень под предметом, резкость по всему предмету. Не должно быть: чужих логотипов, названий заводов и брендов, водяных знаков, надписей и любого текста, людей и рук, лишних предметов. Итог: квадрат 1200×1200 px, WebP.";"Photorealistic catalog product photo. Distinctive for this variant: 3-7.5 kW; 130-450 mm, shoebox size. Smoke exhaust fan. Smoke exhaust fan in its typical standard design. Type: centrifugal radial. Scale: outer diameter about 350 mm, about shoebox size. Three-quarter view from slightly above, whole item centred, filling about 70% of the frame. Plain seamless light neutral background #F4F6F9, no texture, no horizon line. Soft large-softbox studio lighting, soft contact shadow underneath, sharp focus across the whole item, photorealistic e-commerce catalog product photo, high detail, 85mm lens look, square 1:1, 1200x1200.";text, letters, numbers, logo, brand name, manufacturer marking, watermark, printed label, people, hands, faces, multiple products, cluttered background, props, distorted geometry, extra parts, cartoon, illustration, CGI look, blur, low resolution;текст, буквы, цифры, логотип, бренд, заводская маркировка, водяной знак, этикетка с надписями, люди, руки, лица, несколько предметов, захламленный фон, реквизит, искаженная геометрия, лишние детали, мультяшный стиль, иллюстрация, вид 3D-рендера, размытие, низкое разрешение;https://backend.cable.ru/uploads/catalog/01-smoke-d-65dd9d7bd1a29.jpg;https://backend.cable.ru/uploads/catalog/03-smoke-d-65dd9d7c2e849.jpg;https://backend.cable.ru/uploads/catalog/dymosos-d-65ddbde650999.jpg;;;3 фото подкадра;https://cable.ru/fans/fans-d_2_5_4_kvt_3000_ob_min.php;https://cable.ru/fans/fans-dimosos_d_3_5__5_5_kvt_3000_ob_min.php;https://cable.ru/fans/fans-dimosos_d_3_5_3_kvt_1500_ob_min_prav.php;генерация;"Генерация по промпту; за основу — готовый снимок кадра F01094 (тот же ракурс, свет, фон), меняется только отличие подкадра.";photos/F01094-f.webp
F01094-g;F01094;4;20581;Вентиляторы;Дымосос;дымосос;"3–7,5 кВт; габариты 450–1100 мм (до метра)";дымосос;радиальный, центробежный;450–1100 мм (до метра);3–7,5 кВт;свой снимок;7;"Фотореалистичная предметная фотография для каталога. Подкадр F01094-g (7 из 115 позиций кадра F01094). Отличие от соседних подкадров: 3–7,5 кВт; габариты 450–1100 мм (до метра). Что в кадре: дымосос, 3–7,5 кВт, габариты 450–1100 мм (до метра). Как выглядит: дымосос в типичном для этого вида исполнении (группа «Вентиляторы с диаметром рабочего колеса 630 мм»); форму, пропорции и детали — как у типичного изделия этого вида. По данным позиций кадра: тип — радиальный, центробежный; форма корпуса — улитка; исполнение — общего назначения. Масштаб: наружный диаметр около 630 мм (медиана по позициям) — крупное изделие, до метра. Ракурс и композиция: 3/4 немного сверху, изделие целиком по центру, занимает около 70 % кадра. Фон: светлый нейтральный бесшовный #F4F6F9 без текстуры и горизонта. Свет: мягкий студийный из большого софтбокса, мягкая тень под предметом, резкость по всему предмету. Не должно быть: чужих логотипов, названий заводов и брендов, водяных знаков, надписей и любого текста, людей и рук, лишних предметов. Итог: квадрат 1200×1200 px, WebP.";"Photorealistic catalog product photo. Distinctive for this variant: 3-7.5 kW; 450-1100 mm, up to one metre. Smoke exhaust fan. Smoke exhaust fan in its typical standard design. Type: centrifugal radial. Scale: outer diameter about 630 mm, large item, up to one metre. Three-quarter view from slightly above, whole item centred, filling about 70% of the frame. Plain seamless light neutral background #F4F6F9, no texture, no horizon line. Soft large-softbox studio lighting, soft contact shadow underneath, sharp focus across the whole item, photorealistic e-commerce catalog product photo, high detail, 85mm lens look, square 1:1, 1200x1200.";text, letters, numbers, logo, brand name, manufacturer marking, watermark, printed label, people, hands, faces, multiple products, cluttered background, props, distorted geometry, extra parts, cartoon, illustration, CGI look, blur, low resolution;текст, буквы, цифры, логотип, бренд, заводская маркировка, водяной знак, этикетка с надписями, люди, руки, лица, несколько предметов, захламленный фон, реквизит, искаженная геометрия, лишние детали, мультяшный стиль, иллюстрация, вид 3D-рендера, размытие, низкое разрешение;https://backend.cable.ru/uploads/catalog/dymosos-dn-65ddbde6856b7.jpg;https://backend.cable.ru/uploads/catalog/01-smoke-dn-65dd9d7c8e9d9.jpg;;;;2 фото подкадра;https://cable.ru/fans/fans-dimosos_dn_6_3_5_5_kvt_1500_ob_min_lev.php;https://cable.ru/fans/fans-dimosos_dn_6_3__4_kvt_1000_ob_min__shema_5.php;https://cable.ru/fans/fans-dimosos_dn_6_3__5_5_kvt_1500_ob_min__shema_3.php;генерация;"Генерация по промпту; за основу — готовый снимок кадра F01094 (тот же ракурс, свет, фон), меняется только отличие подкадра.";photos/F01094-g.webp
F01094-h;F01094;4;26424;Вентиляторы;Дымосос;дымосос;"1–2,2 кВт; габариты 130–450 мм (с обувную коробку)";дымосос;радиальный, центробежный;130–450 мм (с обувную коробку);1–2,2 кВт;свой снимок;5;"Фотореалистичная предметная фотография для каталога. Подкадр F01094-h (5 из 115 позиций кадра F01094). Отличие от соседних подкадров: 1–2,2 кВт; габариты 130–450 мм (с обувную коробку). Что в кадре: дымосос, 1–2,2 кВт, габариты 130–450 мм (с обувную коробку). Как выглядит: дымосос в типичном для этого вида исполнении (группа «Вентиляторы с диаметром рабочего колеса 350 мм»); форму, пропорции и детали — как у типичного изделия этого вида. По данным позиций кадра: тип — радиальный, центробежный; форма корпуса — улитка; исполнение — общего назначения. Масштаб: наружный диаметр около 350 мм (медиана по позициям) — размером примерно с обувную коробку. Ракурс и композиция: 3/4 немного сверху, изделие целиком по центру, занимает около 70 % кадра. Фон: светлый нейтральный бесшовный #F4F6F9 без текстуры и горизонта. Свет: мягкий студийный из большого софтбокса, мягкая тень под предметом, резкость по всему предмету. Не должно быть: чужих логотипов, названий заводов и брендов, водяных знаков, надписей и любого текста, людей и рук, лишних предметов. Итог: квадрат 1200×1200 px, WebP.";"Photorealistic catalog product photo. Distinctive for this variant: 1-2.2 kW; 130-450 mm, shoebox size. Smoke exhaust fan. Smoke exhaust fan in its typical standard design. Type: centrifugal radial. Scale: outer diameter about 350 mm, about shoebox size. Three-quarter view from slightly above, whole item centred, filling about 70% of the frame. Plain seamless light neutral background #F4F6F9, no texture, no horizon line. Soft large-softbox studio lighting, soft contact shadow underneath, sharp focus across the whole item, photorealistic e-commerce catalog product photo, high detail, 85mm lens look, square 1:1, 1200x1200.";text, letters, numbers, logo, brand name, manufacturer marking, watermark, printed label, people, hands, faces, multiple products, cluttered background, props, distorted geometry, extra parts, cartoon, illustration, CGI look, blur, low resolution;текст, буквы, цифры, логотип, бренд, заводская маркировка, водяной знак, этикетка с надписями, люди, руки, лица, несколько предметов, захламленный фон, реквизит, искаженная геометрия, лишние детали, мультяшный стиль, иллюстрация, вид 3D-рендера, размытие, низкое разрешение;https://backend.cable.ru/uploads/catalog/01-smoke-d-65dd9d7bd1a29.jpg;https://backend.cable.ru/uploads/catalog/03-smoke-d-65dd9d7c2e849.jpg;;;;2 фото подкадра;https://cable.ru/fans/fans-d_2_7_1_5_kvt_1500_ob_min.php;https://cable.ru/fans/fans-dimosos_d_3_5__2_2_kvt_1500_ob_min.php;https://cable.ru/fans/fans-dimosos_d_2_7__1_5_kvt_3000_ob_min.php;генерация;"Генерация по промпту; за основу — готовый снимок кадра F01094 (тот же ракурс, свет, фон), меняется только отличие подкадра.";photos/F01094-h.webp
F03685-a;F03685;3;13408;Вентиляторы;Вентилятор мельничный;вентилятор мельничный;весь кадр;;;;;весь кадр — снимок кадра;12;"Фотореалистичная предметная фотография для каталога. Подкадр F03685-a — весь кадр F03685 (12 поз.): позиций мало или на фото они одинаковы. Что в кадре: вентилятор мельничный. Как выглядит: вентилятор: корпус-улитка или кольцевой корпус с рабочим колесом и лопатками, электродвигатель. По данным позиций кадра: форма корпуса — улитка; исполнение — общего назначения. Масштаб: наружный диаметр около 1750 мм (медиана по позициям) — крупное оборудование ростом примерно с человека. Ракурс и композиция: 3/4 немного сверху, изделие целиком по центру, занимает около 70 % кадра. Фон: светлый нейтральный бесшовный #F4F6F9 без текстуры и горизонта. Свет: мягкий студийный из большого софтбокса, мягкая тень под предметом, резкость по всему предмету. Не должно быть: чужих логотипов, названий заводов и брендов, водяных знаков, надписей и любого текста, людей и рук, лишних предметов. Итог: квадрат 1200×1200 px, WebP.";Photorealistic catalog product photo. Mill fan. Fan, scroll or ring housing with impeller blades and electric motor. Scale: outer diameter about 1750 mm, large equipment, about human height. Three-quarter view from slightly above, whole item centred, filling about 70% of the frame. Plain seamless light neutral background #F4F6F9, no texture, no horizon line. Soft large-softbox studio lighting, soft contact shadow underneath, sharp focus across the whole item, photorealistic e-commerce catalog product photo, high detail, 85mm lens look, square 1:1, 1200x1200.;text, letters, numbers, logo, brand name, manufacturer marking, watermark, printed label, people, hands, faces, multiple products, cluttered background, props, distorted geometry, extra parts, cartoon, illustration, CGI look, blur, low resolution;текст, буквы, цифры, логотип, бренд, заводская маркировка, водяной знак, этикетка с надписями, люди, руки, лица, несколько предметов, захламленный фон, реквизит, искаженная геометрия, лишние детали, мультяшный стиль, иллюстрация, вид 3D-рендера, размытие, низкое разрешение;https://backend.cable.ru/uploads/catalog/01-vm-65ddbae69cfc8.jpg;;;;;1 фото подкадра;https://cable.ru/fans/fans-vm_15.php;https://cable.ru/fans/fans-vm_20.php;https://cable.ru/fans/fans-vm_18.php;снимок кадра;Отдельный снимок не нужен: на эти позиции встает снимок кадра F03685 (файл photos/F03685.webp).;— (используется photos/F03685.webp)
