Код подкадра;Кадр (parent);Приоритет;Ранг;Раздел;Группа кадра (что на фото);Вид изделия;кадр: признаки;Отличие подкадра;вид изделия;материал;Тип подкадра;Позиций;Описание RU;Промпт EN;Негатив EN;Негатив RU;Метод;Как сделать;Имя файла
F00365-a;F00365;1;597;Рукава;Рукав;рукав;;"вид изделия — рукав; у позиций разные: материал";рукав;;свой снимок;224;"Фотореалистичная предметная фотография для каталога. Подкадр F00365-a (224 из 366 позиций кадра F00365). Отличие от соседних подкадров: вид изделия — рукав; у позиций разные: материал. Что в кадре: рукав. Как выглядит: рукав (шланг): гибкий рукав из резины или ПВХ, отрезок свернут кольцом, концы с фитингами по данным. По данным позиций кадра: тип — рукав; вид — высокого давления (83 %). Ракурс и композиция: 3/4 немного сверху, изделие целиком по центру, занимает около 70 % кадра; рукав свернут свободным кольцом, концы с фитингами на переднем плане. Фон: светлый нейтральный бесшовный #F4F6F9 без текстуры и горизонта. Свет: мягкий студийный из большого софтбокса, мягкая тень под предметом, резкость по всему предмету. Не должно быть: чужих логотипов, названий заводов и брендов, водяных знаков, надписей и любого текста, людей и рук, лишних предметов. Итог: квадрат 1200×1200 px, WebP.";"Photorealistic catalog product photo. Distinctive for this variant: hose. Hose. Hose, flexible rubber or PVC tube coiled in a ring, end fittings per data. Type: hose. Three-quarter view from slightly above, whole item centred, filling about 70% of the frame; hose in a loose coil, end fittings in front. Plain seamless light neutral background #F4F6F9, no texture, no horizon line. Soft large-softbox studio lighting, soft contact shadow underneath, sharp focus across the whole item, photorealistic e-commerce catalog product photo, high detail, 85mm lens look, square 1:1, 1200x1200.";text, letters, numbers, logo, brand name, manufacturer marking, watermark, printed label, people, hands, faces, multiple products, cluttered background, props, distorted geometry, extra parts, cartoon, illustration, CGI look, blur, low resolution;текст, буквы, цифры, логотип, бренд, заводская маркировка, водяной знак, этикетка с надписями, люди, руки, лица, несколько предметов, захламленный фон, реквизит, искаженная геометрия, лишние детали, мультяшный стиль, иллюстрация, вид 3D-рендера, размытие, низкое разрешение;генерация;"Генерация по промпту; за основу — готовый снимок кадра F00365 (тот же ракурс, свет, фон), меняется только отличие подкадра.";photos/F00365-a.webp
F00365-b;F00365;2;1545;Рукава;Рукав;рукав;;"вид изделия — рукав; материал — резина";рукав;резина;свой снимок;94;"Фотореалистичная предметная фотография для каталога. Подкадр F00365-b (94 из 366 позиций кадра F00365). Отличие от соседних подкадров: вид изделия — рукав; материал — резина. Что в кадре: рукав, резина. Как выглядит: рукав (шланг): гибкий рукав из резины или ПВХ, отрезок свернут кольцом, концы с фитингами по данным. По данным позиций кадра: материал — каучук, резина (50 %); тип — рукав; исполнение — высокого давления, ударопрочный (57 %). Ракурс и композиция: 3/4 немного сверху, изделие целиком по центру, занимает около 70 % кадра; рукав свернут свободным кольцом, концы с фитингами на переднем плане. Фон: светлый нейтральный бесшовный #F4F6F9 без текстуры и горизонта. Свет: мягкий студийный из большого софтбокса, мягкая тень под предметом, резкость по всему предмету. Не должно быть: чужих логотипов, названий заводов и брендов, водяных знаков, надписей и любого текста, людей и рук, лишних предметов. Итог: квадрат 1200×1200 px, WebP.";"Photorealistic catalog product photo. Distinctive for this variant: hose; material rubber. Hose. Hose, flexible rubber or PVC tube coiled in a ring, end fittings per data. Material: rubber; type: hose. Three-quarter view from slightly above, whole item centred, filling about 70% of the frame; hose in a loose coil, end fittings in front. Plain seamless light neutral background #F4F6F9, no texture, no horizon line. Soft large-softbox studio lighting, soft contact shadow underneath, sharp focus across the whole item, photorealistic e-commerce catalog product photo, high detail, 85mm lens look, square 1:1, 1200x1200.";text, letters, numbers, logo, brand name, manufacturer marking, watermark, printed label, people, hands, faces, multiple products, cluttered background, props, distorted geometry, extra parts, cartoon, illustration, CGI look, blur, low resolution;текст, буквы, цифры, логотип, бренд, заводская маркировка, водяной знак, этикетка с надписями, люди, руки, лица, несколько предметов, захламленный фон, реквизит, искаженная геометрия, лишние детали, мультяшный стиль, иллюстрация, вид 3D-рендера, размытие, низкое разрешение;генерация;"Генерация по промпту; за основу — готовый снимок кадра F00365 (тот же ракурс, свет, фон), меняется только отличие подкадра.";photos/F00365-b.webp
F00365-c;F00365;3;13765;Рукава;Рукав;рукав;;"вид изделия — рукав термозащитный; материал — резина";рукав термозащитный;резина;свой снимок;11;"Фотореалистичная предметная фотография для каталога. Подкадр F00365-c (11 из 366 позиций кадра F00365). Отличие от соседних подкадров: вид изделия — рукав термозащитный; материал — резина. Что в кадре: рукав, рукав термозащитный, резина. Как выглядит: рукав (шланг): гибкий рукав из резины или ПВХ, отрезок свернут кольцом, концы с фитингами по данным. По данным позиций кадра: материал — каучук, резина, силикон; тип — рукав, шланг; вид — напорно-всасывающий. Ракурс и композиция: 3/4 немного сверху, изделие целиком по центру, занимает около 70 % кадра; рукав свернут свободным кольцом, концы с фитингами на переднем плане. Фон: светлый нейтральный бесшовный #F4F6F9 без текстуры и горизонта. Свет: мягкий студийный из большого софтбокса, мягкая тень под предметом, резкость по всему предмету. Не должно быть: чужих логотипов, названий заводов и брендов, водяных знаков, надписей и любого текста, людей и рук, лишних предметов. Итог: квадрат 1200×1200 px, WebP.";"Photorealistic catalog product photo. Distinctive for this variant: material rubber. Hose. Hose, flexible rubber or PVC tube coiled in a ring, end fittings per data. Material: rubber, silicone; type: hose hose; kind: suction and delivery. Three-quarter view from slightly above, whole item centred, filling about 70% of the frame; hose in a loose coil, end fittings in front. Plain seamless light neutral background #F4F6F9, no texture, no horizon line. Soft large-softbox studio lighting, soft contact shadow underneath, sharp focus across the whole item, photorealistic e-commerce catalog product photo, high detail, 85mm lens look, square 1:1, 1200x1200.";text, letters, numbers, logo, brand name, manufacturer marking, watermark, printed label, people, hands, faces, multiple products, cluttered background, props, distorted geometry, extra parts, cartoon, illustration, CGI look, blur, low resolution;текст, буквы, цифры, логотип, бренд, заводская маркировка, водяной знак, этикетка с надписями, люди, руки, лица, несколько предметов, захламленный фон, реквизит, искаженная геометрия, лишние детали, мультяшный стиль, иллюстрация, вид 3D-рендера, размытие, низкое разрешение;генерация;"Генерация по промпту; за основу — готовый снимок кадра F00365 (тот же ракурс, свет, фон), меняется только отличие подкадра.";photos/F00365-c.webp
F00365-d;F00365;3;17750;Рукава;Рукав;рукав;;"вид изделия — рукав штукатурный; у позиций разные: материал";рукав штукатурный;;свой снимок;8;"Фотореалистичная предметная фотография для каталога. Подкадр F00365-d (8 из 366 позиций кадра F00365). Отличие от соседних подкадров: вид изделия — рукав штукатурный; у позиций разные: материал. Что в кадре: рукав, рукав штукатурный. Как выглядит: рукав (шланг): гибкий рукав из резины или ПВХ, отрезок свернут кольцом, концы с фитингами по данным. По данным позиций кадра: тип — рукав (88 %). Ракурс и композиция: 3/4 немного сверху, изделие целиком по центру, занимает около 70 % кадра; рукав свернут свободным кольцом, концы с фитингами на переднем плане. Фон: светлый нейтральный бесшовный #F4F6F9 без текстуры и горизонта. Свет: мягкий студийный из большого софтбокса, мягкая тень под предметом, резкость по всему предмету. Не должно быть: чужих логотипов, названий заводов и брендов, водяных знаков, надписей и любого текста, людей и рук, лишних предметов. Итог: квадрат 1200×1200 px, WebP.";"Photorealistic catalog product photo. Hose. Hose, flexible rubber or PVC tube coiled in a ring, end fittings per data. Type: hose. Three-quarter view from slightly above, whole item centred, filling about 70% of the frame; hose in a loose coil, end fittings in front. Plain seamless light neutral background #F4F6F9, no texture, no horizon line. Soft large-softbox studio lighting, soft contact shadow underneath, sharp focus across the whole item, photorealistic e-commerce catalog product photo, high detail, 85mm lens look, square 1:1, 1200x1200.";text, letters, numbers, logo, brand name, manufacturer marking, watermark, printed label, people, hands, faces, multiple products, cluttered background, props, distorted geometry, extra parts, cartoon, illustration, CGI look, blur, low resolution;текст, буквы, цифры, логотип, бренд, заводская маркировка, водяной знак, этикетка с надписями, люди, руки, лица, несколько предметов, захламленный фон, реквизит, искаженная геометрия, лишние детали, мультяшный стиль, иллюстрация, вид 3D-рендера, размытие, низкое разрешение;генерация;"Генерация по промпту; за основу — готовый снимок кадра F00365 (тот же ракурс, свет, фон), меняется только отличие подкадра.";photos/F00365-d.webp
F00365-e;F00365;3;20073;Рукава;Рукав;рукав;;прочие позиции кадра;;;прочие позиции кадра — снимок кадра;7;"Фотореалистичная предметная фотография для каталога. Подкадр F00365-e — прочие позиции кадра F00365 (7 из 366), у которых нет общего заметного отличия от остальных 8 подкадров кадра; снимок как у кадра F00365. Что в кадре: рукав. Как выглядит: рукав (шланг): гибкий рукав из резины или ПВХ, отрезок свернут кольцом, концы с фитингами по данным. По данным позиций кадра: материал — резина (67 %); тип — рукав (71 %). Ракурс и композиция: 3/4 немного сверху, изделие целиком по центру, занимает около 70 % кадра; рукав свернут свободным кольцом, концы с фитингами на переднем плане. Фон: светлый нейтральный бесшовный #F4F6F9 без текстуры и горизонта. Свет: мягкий студийный из большого софтбокса, мягкая тень под предметом, резкость по всему предмету. Не должно быть: чужих логотипов, названий заводов и брендов, водяных знаков, надписей и любого текста, людей и рук, лишних предметов. Итог: квадрат 1200×1200 px, WebP.";"Photorealistic catalog product photo. Hose. Hose, flexible rubber or PVC tube coiled in a ring, end fittings per data. Material: rubber; type: hose. Three-quarter view from slightly above, whole item centred, filling about 70% of the frame; hose in a loose coil, end fittings in front. Plain seamless light neutral background #F4F6F9, no texture, no horizon line. Soft large-softbox studio lighting, soft contact shadow underneath, sharp focus across the whole item, photorealistic e-commerce catalog product photo, high detail, 85mm lens look, square 1:1, 1200x1200.";text, letters, numbers, logo, brand name, manufacturer marking, watermark, printed label, people, hands, faces, multiple products, cluttered background, props, distorted geometry, extra parts, cartoon, illustration, CGI look, blur, low resolution;текст, буквы, цифры, логотип, бренд, заводская маркировка, водяной знак, этикетка с надписями, люди, руки, лица, несколько предметов, захламленный фон, реквизит, искаженная геометрия, лишние детали, мультяшный стиль, иллюстрация, вид 3D-рендера, размытие, низкое разрешение;снимок кадра;Отдельный снимок не нужен: на эти позиции встает снимок кадра F00365 (файл photos/F00365.webp).;— (используется photos/F00365.webp)
F00365-f;F00365;4;22210;Рукава;Рукав;рукав;;вид изделия — рукав кислотощелочестойкий;рукав кислотощелочестойкий;;свой снимок;6;"Фотореалистичная предметная фотография для каталога. Подкадр F00365-f (6 из 366 позиций кадра F00365). Отличие от соседних подкадров: вид изделия — рукав кислотощелочестойкий. Что в кадре: рукав, рукав кислотощелочестойкий. Как выглядит: рукав (шланг): гибкий рукав из резины или ПВХ, отрезок свернут кольцом, концы с фитингами по данным. По данным позиций кадра: тип — рукав; вид — напорно-всасывающий (83 %). Ракурс и композиция: 3/4 немного сверху, изделие целиком по центру, занимает около 70 % кадра; рукав свернут свободным кольцом, концы с фитингами на переднем плане. Фон: светлый нейтральный бесшовный #F4F6F9 без текстуры и горизонта. Свет: мягкий студийный из большого софтбокса, мягкая тень под предметом, резкость по всему предмету. Не должно быть: чужих логотипов, названий заводов и брендов, водяных знаков, надписей и любого текста, людей и рук, лишних предметов. Итог: квадрат 1200×1200 px, WebP.";"Photorealistic catalog product photo. Hose. Hose, flexible rubber or PVC tube coiled in a ring, end fittings per data. Type: hose; kind: suction and delivery. Three-quarter view from slightly above, whole item centred, filling about 70% of the frame; hose in a loose coil, end fittings in front. Plain seamless light neutral background #F4F6F9, no texture, no horizon line. Soft large-softbox studio lighting, soft contact shadow underneath, sharp focus across the whole item, photorealistic e-commerce catalog product photo, high detail, 85mm lens look, square 1:1, 1200x1200.";text, letters, numbers, logo, brand name, manufacturer marking, watermark, printed label, people, hands, faces, multiple products, cluttered background, props, distorted geometry, extra parts, cartoon, illustration, CGI look, blur, low resolution;текст, буквы, цифры, логотип, бренд, заводская маркировка, водяной знак, этикетка с надписями, люди, руки, лица, несколько предметов, захламленный фон, реквизит, искаженная геометрия, лишние детали, мультяшный стиль, иллюстрация, вид 3D-рендера, размытие, низкое разрешение;генерация;"Генерация по промпту; за основу — готовый снимок кадра F00365 (тот же ракурс, свет, фон), меняется только отличие подкадра.";photos/F00365-f.webp
F00365-g;F00365;4;22211;Рукава;Рукав;рукав;;"вид изделия — рукав химический; материал — полиэтилен";рукав химический;полиэтилен;свой снимок;6;"Фотореалистичная предметная фотография для каталога. Подкадр F00365-g (6 из 366 позиций кадра F00365). Отличие от соседних подкадров: вид изделия — рукав химический; материал — полиэтилен. Что в кадре: рукав, рукав химический, полиэтилен. Как выглядит: рукав (шланг): гибкий рукав из резины или ПВХ, отрезок свернут кольцом, концы с фитингами по данным. По данным позиций кадра: материал — каучук, полиэтилен, резина; тип — рукав, шланг; вид — напорно-всасывающий. Ракурс и композиция: 3/4 немного сверху, изделие целиком по центру, занимает около 70 % кадра; рукав свернут свободным кольцом, концы с фитингами на переднем плане. Фон: светлый нейтральный бесшовный #F4F6F9 без текстуры и горизонта. Свет: мягкий студийный из большого софтбокса, мягкая тень под предметом, резкость по всему предмету. Не должно быть: чужих логотипов, названий заводов и брендов, водяных знаков, надписей и любого текста, людей и рук, лишних предметов. Итог: квадрат 1200×1200 px, WebP.";"Photorealistic catalog product photo. Distinctive for this variant: chemical hose; material polyethylene. Hose. Hose, flexible rubber or PVC tube coiled in a ring, end fittings per data. Material: polyethylene, rubber; type: hose hose; kind: suction and delivery. Three-quarter view from slightly above, whole item centred, filling about 70% of the frame; hose in a loose coil, end fittings in front. Plain seamless light neutral background #F4F6F9, no texture, no horizon line. Soft large-softbox studio lighting, soft contact shadow underneath, sharp focus across the whole item, photorealistic e-commerce catalog product photo, high detail, 85mm lens look, square 1:1, 1200x1200.";text, letters, numbers, logo, brand name, manufacturer marking, watermark, printed label, people, hands, faces, multiple products, cluttered background, props, distorted geometry, extra parts, cartoon, illustration, CGI look, blur, low resolution;текст, буквы, цифры, логотип, бренд, заводская маркировка, водяной знак, этикетка с надписями, люди, руки, лица, несколько предметов, захламленный фон, реквизит, искаженная геометрия, лишние детали, мультяшный стиль, иллюстрация, вид 3D-рендера, размытие, низкое разрешение;генерация;"Генерация по промпту; за основу — готовый снимок кадра F00365 (тот же ракурс, свет, фон), меняется только отличие подкадра.";photos/F00365-g.webp
F00365-h;F00365;4;25655;Рукава;Рукав;рукав;;"вид изделия — рукав вакуумный; материал — ПВХ";рукав вакуумный;ПВХ;свой снимок;5;"Фотореалистичная предметная фотография для каталога. Подкадр F00365-h (5 из 366 позиций кадра F00365). Отличие от соседних подкадров: вид изделия — рукав вакуумный; материал — ПВХ. Что в кадре: рукав, рукав вакуумный, ПВХ. Как выглядит: рукав (шланг): гибкий рукав из резины или ПВХ, отрезок свернут кольцом, концы с фитингами по данным. По данным позиций кадра: материал — pvc, пвх (80 %); тип — рукав, шланг; вид — напорно-всасывающий. Ракурс и композиция: 3/4 немного сверху, изделие целиком по центру, занимает около 70 % кадра; рукав свернут свободным кольцом, концы с фитингами на переднем плане. Фон: светлый нейтральный бесшовный #F4F6F9 без текстуры и горизонта. Свет: мягкий студийный из большого софтбокса, мягкая тень под предметом, резкость по всему предмету. Не должно быть: чужих логотипов, названий заводов и брендов, водяных знаков, надписей и любого текста, людей и рук, лишних предметов. Итог: квадрат 1200×1200 px, WebP.";"Photorealistic catalog product photo. Distinctive for this variant: vacuum hose; material PVC. Hose. Hose, flexible rubber or PVC tube coiled in a ring, end fittings per data. Material: PVC; type: hose hose; kind: suction and delivery. Three-quarter view from slightly above, whole item centred, filling about 70% of the frame; hose in a loose coil, end fittings in front. Plain seamless light neutral background #F4F6F9, no texture, no horizon line. Soft large-softbox studio lighting, soft contact shadow underneath, sharp focus across the whole item, photorealistic e-commerce catalog product photo, high detail, 85mm lens look, square 1:1, 1200x1200.";text, letters, numbers, logo, brand name, manufacturer marking, watermark, printed label, people, hands, faces, multiple products, cluttered background, props, distorted geometry, extra parts, cartoon, illustration, CGI look, blur, low resolution;текст, буквы, цифры, логотип, бренд, заводская маркировка, водяной знак, этикетка с надписями, люди, руки, лица, несколько предметов, захламленный фон, реквизит, искаженная геометрия, лишние детали, мультяшный стиль, иллюстрация, вид 3D-рендера, размытие, низкое разрешение;генерация;"Генерация по промпту; за основу — готовый снимок кадра F00365 (тот же ракурс, свет, фон), меняется только отличие подкадра.";photos/F00365-h.webp
F00365-i;F00365;4;25656;Рукава;Рукав;рукав;;"вид изделия — рукав универсальный; материал — резина";рукав универсальный;резина;свой снимок;5;"Фотореалистичная предметная фотография для каталога. Подкадр F00365-i (5 из 366 позиций кадра F00365). Отличие от соседних подкадров: вид изделия — рукав универсальный; материал — резина. Что в кадре: рукав, рукав универсальный, резина. Как выглядит: рукав (шланг): гибкий рукав из резины или ПВХ, отрезок свернут кольцом, концы с фитингами по данным. По данным позиций кадра: материал — каучук, резина; тип — рукав, шланг; вид — напорно-всасывающий. Ракурс и композиция: 3/4 немного сверху, изделие целиком по центру, занимает около 70 % кадра; рукав свернут свободным кольцом, концы с фитингами на переднем плане. Фон: светлый нейтральный бесшовный #F4F6F9 без текстуры и горизонта. Свет: мягкий студийный из большого софтбокса, мягкая тень под предметом, резкость по всему предмету. Не должно быть: чужих логотипов, названий заводов и брендов, водяных знаков, надписей и любого текста, людей и рук, лишних предметов. Итог: квадрат 1200×1200 px, WebP.";"Photorealistic catalog product photo. Distinctive for this variant: universal hose; material rubber. Hose. Hose, flexible rubber or PVC tube coiled in a ring, end fittings per data. Material: rubber; type: hose hose; kind: suction and delivery. Three-quarter view from slightly above, whole item centred, filling about 70% of the frame; hose in a loose coil, end fittings in front. Plain seamless light neutral background #F4F6F9, no texture, no horizon line. Soft large-softbox studio lighting, soft contact shadow underneath, sharp focus across the whole item, photorealistic e-commerce catalog product photo, high detail, 85mm lens look, square 1:1, 1200x1200.";text, letters, numbers, logo, brand name, manufacturer marking, watermark, printed label, people, hands, faces, multiple products, cluttered background, props, distorted geometry, extra parts, cartoon, illustration, CGI look, blur, low resolution;текст, буквы, цифры, логотип, бренд, заводская маркировка, водяной знак, этикетка с надписями, люди, руки, лица, несколько предметов, захламленный фон, реквизит, искаженная геометрия, лишние детали, мультяшный стиль, иллюстрация, вид 3D-рендера, размытие, низкое разрешение;генерация;"Генерация по промпту; за основу — готовый снимок кадра F00365 (тот же ракурс, свет, фон), меняется только отличие подкадра.";photos/F00365-i.webp
F00429-a;F00429;1;577;Рукава;Воздуховод гибкий;воздуховод гибкий;;материал — полиуретан;воздуховод гибкий;полиуретан;свой снимок;230;"Фотореалистичная предметная фотография для каталога. Подкадр F00429-a (230 из 308 позиций кадра F00429). Отличие от соседних подкадров: материал — полиуретан. Что в кадре: воздуховод гибкий, полиуретан. Как выглядит: воздуховод: круглая или прямоугольная труба из оцинкованной стали. По данным позиций кадра: материал — pu, pur, пу, полиуретан; форма — спиральный; тип — рукав, шланг; вид — напорно-всасывающий. Ракурс и композиция: 3/4 немного сверху, изделие целиком по центру, занимает около 70 % кадра. Фон: светлый нейтральный бесшовный #F4F6F9 без текстуры и горизонта. Свет: мягкий студийный из большого софтбокса, мягкая тень под предметом, резкость по всему предмету. Не должно быть: чужих логотипов, названий заводов и брендов, водяных знаков, надписей и любого текста, людей и рук, лишних предметов. Итог: квадрат 1200×1200 px, WebP.";"Photorealistic catalog product photo. Distinctive for this variant: material polyurethane. Flexible air duct. Galvanised steel duct. Material: polyurethane; shape: spiral; type: hose hose; kind: suction and delivery. Three-quarter view from slightly above, whole item centred, filling about 70% of the frame. Plain seamless light neutral background #F4F6F9, no texture, no horizon line. Soft large-softbox studio lighting, soft contact shadow underneath, sharp focus across the whole item, photorealistic e-commerce catalog product photo, high detail, 85mm lens look, square 1:1, 1200x1200.";text, letters, numbers, logo, brand name, manufacturer marking, watermark, printed label, people, hands, faces, multiple products, cluttered background, props, distorted geometry, extra parts, cartoon, illustration, CGI look, blur, low resolution;текст, буквы, цифры, логотип, бренд, заводская маркировка, водяной знак, этикетка с надписями, люди, руки, лица, несколько предметов, захламленный фон, реквизит, искаженная геометрия, лишние детали, мультяшный стиль, иллюстрация, вид 3D-рендера, размытие, низкое разрешение;генерация;"Генерация по промпту; за основу — готовый снимок кадра F00429 (тот же ракурс, свет, фон), меняется только отличие подкадра.";photos/F00429-a.webp
F00429-b;F00429;2;1905;Рукава;Воздуховод гибкий;воздуховод гибкий;;материал — ПВХ;воздуховод гибкий;ПВХ;свой снимок;78;"Фотореалистичная предметная фотография для каталога. Подкадр F00429-b (78 из 308 позиций кадра F00429). Отличие от соседних подкадров: материал — ПВХ. Что в кадре: воздуховод гибкий, ПВХ. Как выглядит: воздуховод: круглая или прямоугольная труба из оцинкованной стали. По данным позиций кадра: материал — pvc, пвх (64 %); форма — спиральный; тип — шланг (76 %); вид — напорно-всасывающий. Ракурс и композиция: 3/4 немного сверху, изделие целиком по центру, занимает около 70 % кадра. Фон: светлый нейтральный бесшовный #F4F6F9 без текстуры и горизонта. Свет: мягкий студийный из большого софтбокса, мягкая тень под предметом, резкость по всему предмету. Не должно быть: чужих логотипов, названий заводов и брендов, водяных знаков, надписей и любого текста, людей и рук, лишних предметов. Итог: квадрат 1200×1200 px, WebP.";"Photorealistic catalog product photo. Distinctive for this variant: material PVC. Flexible air duct. Galvanised steel duct. Material: PVC; shape: spiral; type: hose; kind: suction and delivery. Three-quarter view from slightly above, whole item centred, filling about 70% of the frame. Plain seamless light neutral background #F4F6F9, no texture, no horizon line. Soft large-softbox studio lighting, soft contact shadow underneath, sharp focus across the whole item, photorealistic e-commerce catalog product photo, high detail, 85mm lens look, square 1:1, 1200x1200.";text, letters, numbers, logo, brand name, manufacturer marking, watermark, printed label, people, hands, faces, multiple products, cluttered background, props, distorted geometry, extra parts, cartoon, illustration, CGI look, blur, low resolution;текст, буквы, цифры, логотип, бренд, заводская маркировка, водяной знак, этикетка с надписями, люди, руки, лица, несколько предметов, захламленный фон, реквизит, искаженная геометрия, лишние детали, мультяшный стиль, иллюстрация, вид 3D-рендера, размытие, низкое разрешение;генерация;"Генерация по промпту; за основу — готовый снимок кадра F00429 (тот же ракурс, свет, фон), меняется только отличие подкадра.";photos/F00429-b.webp
F00522-a;F00522;1;1016;Рукава;Шланг высокотемпературный;шланг высокотемпературный;;материал — не указан;шланг высокотемпературный;;свой снимок;137;"Фотореалистичная предметная фотография для каталога. Подкадр F00522-a (137 из 259 позиций кадра F00522). Отличие от соседних подкадров: материал — не указан. Что в кадре: шланг высокотемпературный. Как выглядит: шланг: гибкий рукав, свернутый кольцом, концы с фитингами. По данным позиций кадра: материал — высокотемпературная ткань (80 %); форма — спиральный; тип — шланг; вид — напорно-всасывающий. Ракурс и композиция: 3/4 немного сверху, изделие целиком по центру, занимает около 70 % кадра; шланг свернут свободным кольцом, концы на переднем плане. Фон: светлый нейтральный бесшовный #F4F6F9 без текстуры и горизонта. Свет: мягкий студийный из большого софтбокса, мягкая тень под предметом, резкость по всему предмету. Не должно быть: чужих логотипов, названий заводов и брендов, водяных знаков, надписей и любого текста, людей и рук, лишних предметов. Итог: квадрат 1200×1200 px, WebP.";"Photorealistic catalog product photo. High-temperature hose. Hose coiled in a ring with end fittings. Material: fabric; shape: spiral; type: hose; kind: suction and delivery. Three-quarter view from slightly above, whole item centred, filling about 70% of the frame; hose in a loose coil, ends in front. Plain seamless light neutral background #F4F6F9, no texture, no horizon line. Soft large-softbox studio lighting, soft contact shadow underneath, sharp focus across the whole item, photorealistic e-commerce catalog product photo, high detail, 85mm lens look, square 1:1, 1200x1200.";text, letters, numbers, logo, brand name, manufacturer marking, watermark, printed label, people, hands, faces, multiple products, cluttered background, props, distorted geometry, extra parts, cartoon, illustration, CGI look, blur, low resolution;текст, буквы, цифры, логотип, бренд, заводская маркировка, водяной знак, этикетка с надписями, люди, руки, лица, несколько предметов, захламленный фон, реквизит, искаженная геометрия, лишние детали, мультяшный стиль, иллюстрация, вид 3D-рендера, размытие, низкое разрешение;генерация;"Генерация по промпту; за основу — готовый снимок кадра F00522 (тот же ракурс, свет, фон), меняется только отличие подкадра.";photos/F00522-a.webp
F00522-b;F00522;1;1164;Рукава;Шланг высокотемпературный;шланг высокотемпературный;;материал — сталь;шланг высокотемпературный;сталь;свой снимок;122;"Фотореалистичная предметная фотография для каталога. Подкадр F00522-b (122 из 259 позиций кадра F00522). Отличие от соседних подкадров: материал — сталь. Что в кадре: шланг высокотемпературный, сталь. Как выглядит: шланг: гибкий рукав, свернутый кольцом, концы с фитингами. По данным позиций кадра: материал — высокотемпературная ткань, стальная нить; форма — спиральный; тип — шланг; вид — напорно-всасывающий. Ракурс и композиция: 3/4 немного сверху, изделие целиком по центру, занимает около 70 % кадра; шланг свернут свободным кольцом, концы на переднем плане. Фон: светлый нейтральный бесшовный #F4F6F9 без текстуры и горизонта. Свет: мягкий студийный из большого софтбокса, мягкая тень под предметом, резкость по всему предмету. Не должно быть: чужих логотипов, названий заводов и брендов, водяных знаков, надписей и любого текста, людей и рук, лишних предметов. Итог: квадрат 1200×1200 px, WebP.";"Photorealistic catalog product photo. Distinctive for this variant: material steel. High-temperature hose. Hose coiled in a ring with end fittings. Material: steel, fabric; shape: spiral; type: hose; kind: suction and delivery. Three-quarter view from slightly above, whole item centred, filling about 70% of the frame; hose in a loose coil, ends in front. Plain seamless light neutral background #F4F6F9, no texture, no horizon line. Soft large-softbox studio lighting, soft contact shadow underneath, sharp focus across the whole item, photorealistic e-commerce catalog product photo, high detail, 85mm lens look, square 1:1, 1200x1200.";text, letters, numbers, logo, brand name, manufacturer marking, watermark, printed label, people, hands, faces, multiple products, cluttered background, props, distorted geometry, extra parts, cartoon, illustration, CGI look, blur, low resolution;текст, буквы, цифры, логотип, бренд, заводская маркировка, водяной знак, этикетка с надписями, люди, руки, лица, несколько предметов, захламленный фон, реквизит, искаженная геометрия, лишние детали, мультяшный стиль, иллюстрация, вид 3D-рендера, размытие, низкое разрешение;генерация;"Генерация по промпту; за основу — готовый снимок кадра F00522 (тот же ракурс, свет, фон), меняется только отличие подкадра.";photos/F00522-b.webp
F00566-a;F00566;1;552;Рукава;Рукав напорный;рукав напорный;;материал — резина;рукав напорный;резина;свой снимок;236;"Фотореалистичная предметная фотография для каталога. Подкадр F00566-a (236 из 246 позиций кадра F00566). Отличие от соседних подкадров: материал — резина. Что в кадре: рукав напорный, резина. Как выглядит: рукав (шланг): гибкий рукав из резины или ПВХ, отрезок свернут кольцом, концы с фитингами по данным. По данным позиций кадра: материал — резина; покрытие — текстильный слой; тип — рукав; вид — напорный. Ракурс и композиция: 3/4 немного сверху, изделие целиком по центру, занимает около 70 % кадра; рукав свернут свободным кольцом, концы с фитингами на переднем плане. Фон: светлый нейтральный бесшовный #F4F6F9 без текстуры и горизонта. Свет: мягкий студийный из большого софтбокса, мягкая тень под предметом, резкость по всему предмету. Не должно быть: чужих логотипов, названий заводов и брендов, водяных знаков, надписей и любого текста, людей и рук, лишних предметов. Итог: квадрат 1200×1200 px, WebP.";"Photorealistic catalog product photo. Distinctive for this variant: material rubber. Pressure hose. Hose, flexible rubber or PVC tube coiled in a ring, end fittings per data. Material: rubber; type: hose; kind: pressure. Three-quarter view from slightly above, whole item centred, filling about 70% of the frame; hose in a loose coil, end fittings in front. Plain seamless light neutral background #F4F6F9, no texture, no horizon line. Soft large-softbox studio lighting, soft contact shadow underneath, sharp focus across the whole item, photorealistic e-commerce catalog product photo, high detail, 85mm lens look, square 1:1, 1200x1200.";text, letters, numbers, logo, brand name, manufacturer marking, watermark, printed label, people, hands, faces, multiple products, cluttered background, props, distorted geometry, extra parts, cartoon, illustration, CGI look, blur, low resolution;текст, буквы, цифры, логотип, бренд, заводская маркировка, водяной знак, этикетка с надписями, люди, руки, лица, несколько предметов, захламленный фон, реквизит, искаженная геометрия, лишние детали, мультяшный стиль, иллюстрация, вид 3D-рендера, размытие, низкое разрешение;генерация;"Генерация по промпту; за основу — готовый снимок кадра F00566 (тот же ракурс, свет, фон), меняется только отличие подкадра.";photos/F00566-a.webp
F00566-b;F00566;3;14932;Рукава;Рукав напорный;рукав напорный;;материал — ПВХ;рукав напорный;ПВХ;свой снимок;10;"Фотореалистичная предметная фотография для каталога. Подкадр F00566-b (10 из 246 позиций кадра F00566). Отличие от соседних подкадров: материал — ПВХ. Что в кадре: рукав напорный, ПВХ. Как выглядит: рукав (шланг): гибкий рукав из резины или ПВХ, отрезок свернут кольцом, концы с фитингами по данным. По данным позиций кадра: материал — pvc, пвх; тип — рукав; вид — напорный; исполнение — длинномерный, морозостойкий, прозрачный. Ракурс и композиция: 3/4 немного сверху, изделие целиком по центру, занимает около 70 % кадра; рукав свернут свободным кольцом, концы с фитингами на переднем плане. Фон: светлый нейтральный бесшовный #F4F6F9 без текстуры и горизонта. Свет: мягкий студийный из большого софтбокса, мягкая тень под предметом, резкость по всему предмету. Не должно быть: чужих логотипов, названий заводов и брендов, водяных знаков, надписей и любого текста, людей и рук, лишних предметов. Итог: квадрат 1200×1200 px, WebP.";"Photorealistic catalog product photo. Distinctive for this variant: material PVC. Pressure hose. Hose, flexible rubber or PVC tube coiled in a ring, end fittings per data. Material: PVC; type: hose; kind: pressure. Three-quarter view from slightly above, whole item centred, filling about 70% of the frame; hose in a loose coil, end fittings in front. Plain seamless light neutral background #F4F6F9, no texture, no horizon line. Soft large-softbox studio lighting, soft contact shadow underneath, sharp focus across the whole item, photorealistic e-commerce catalog product photo, high detail, 85mm lens look, square 1:1, 1200x1200.";text, letters, numbers, logo, brand name, manufacturer marking, watermark, printed label, people, hands, faces, multiple products, cluttered background, props, distorted geometry, extra parts, cartoon, illustration, CGI look, blur, low resolution;текст, буквы, цифры, логотип, бренд, заводская маркировка, водяной знак, этикетка с надписями, люди, руки, лица, несколько предметов, захламленный фон, реквизит, искаженная геометрия, лишние детали, мультяшный стиль, иллюстрация, вид 3D-рендера, размытие, низкое разрешение;генерация;"Генерация по промпту; за основу — готовый снимок кадра F00566 (тот же ракурс, свет, фон), меняется только отличие подкадра.";photos/F00566-b.webp
F00576-a;F00576;2;1340;Рукава;Шланг;шланг;;"вид изделия — шланг; материал — стекло";шланг;стекло;свой снимок;107;"Фотореалистичная предметная фотография для каталога. Подкадр F00576-a (107 из 243 позиций кадра F00576). Отличие от соседних подкадров: вид изделия — шланг; материал — стекло. Что в кадре: шланг, стекло. Как выглядит: шланг: гибкий рукав, свернутый кольцом, концы с фитингами. По данным позиций кадра: материал — hypalon, ptfe, стеклоткань (42 %); форма — спиральный; тип — шланг; вид — напорно-всасывающий. Ракурс и композиция: 3/4 немного сверху, изделие целиком по центру, занимает около 70 % кадра; шланг свернут свободным кольцом, концы на переднем плане. Фон: светлый нейтральный бесшовный #F4F6F9 без текстуры и горизонта. Свет: мягкий студийный из большого софтбокса, мягкая тень под предметом, резкость по всему предмету. Не должно быть: чужих логотипов, названий заводов и брендов, водяных знаков, надписей и любого текста, людей и рук, лишних предметов. Итог: квадрат 1200×1200 px, WebP.";"Photorealistic catalog product photo. Distinctive for this variant: hose; material glass. Hose. Hose coiled in a ring with end fittings. Material: glass, fabric; shape: spiral; type: hose; kind: suction and delivery. Three-quarter view from slightly above, whole item centred, filling about 70% of the frame; hose in a loose coil, ends in front. Plain seamless light neutral background #F4F6F9, no texture, no horizon line. Soft large-softbox studio lighting, soft contact shadow underneath, sharp focus across the whole item, photorealistic e-commerce catalog product photo, high detail, 85mm lens look, square 1:1, 1200x1200.";text, letters, numbers, logo, brand name, manufacturer marking, watermark, printed label, people, hands, faces, multiple products, cluttered background, props, distorted geometry, extra parts, cartoon, illustration, CGI look, blur, low resolution;текст, буквы, цифры, логотип, бренд, заводская маркировка, водяной знак, этикетка с надписями, люди, руки, лица, несколько предметов, захламленный фон, реквизит, искаженная геометрия, лишние детали, мультяшный стиль, иллюстрация, вид 3D-рендера, размытие, низкое разрешение;генерация;"Генерация по промпту; за основу — готовый снимок кадра F00576 (тот же ракурс, свет, фон), меняется только отличие подкадра.";photos/F00576-a.webp
F00576-b;F00576;2;2665;Рукава;Шланг;шланг;;вид изделия — шланг;шланг;;свой снимок;58;"Фотореалистичная предметная фотография для каталога. Подкадр F00576-b (58 из 243 позиций кадра F00576). Отличие от соседних подкадров: вид изделия — шланг. Что в кадре: шланг. Как выглядит: шланг: гибкий рукав, свернутый кольцом, концы с фитингами. По данным позиций кадра: материал — ptfe, винитерм, ткань; форма — спиральный; тип — шланг; вид — напорно-всасывающий (74 %). Ракурс и композиция: 3/4 немного сверху, изделие целиком по центру, занимает около 70 % кадра; шланг свернут свободным кольцом, концы на переднем плане. Фон: светлый нейтральный бесшовный #F4F6F9 без текстуры и горизонта. Свет: мягкий студийный из большого софтбокса, мягкая тень под предметом, резкость по всему предмету. Не должно быть: чужих логотипов, названий заводов и брендов, водяных знаков, надписей и любого текста, людей и рук, лишних предметов. Итог: квадрат 1200×1200 px, WebP.";"Photorealistic catalog product photo. Distinctive for this variant: hose. Hose. Hose coiled in a ring with end fittings. Material: fabric; shape: spiral; type: hose; kind: suction and delivery. Three-quarter view from slightly above, whole item centred, filling about 70% of the frame; hose in a loose coil, ends in front. Plain seamless light neutral background #F4F6F9, no texture, no horizon line. Soft large-softbox studio lighting, soft contact shadow underneath, sharp focus across the whole item, photorealistic e-commerce catalog product photo, high detail, 85mm lens look, square 1:1, 1200x1200.";text, letters, numbers, logo, brand name, manufacturer marking, watermark, printed label, people, hands, faces, multiple products, cluttered background, props, distorted geometry, extra parts, cartoon, illustration, CGI look, blur, low resolution;текст, буквы, цифры, логотип, бренд, заводская маркировка, водяной знак, этикетка с надписями, люди, руки, лица, несколько предметов, захламленный фон, реквизит, искаженная геометрия, лишние детали, мультяшный стиль, иллюстрация, вид 3D-рендера, размытие, низкое разрешение;генерация;"Генерация по промпту; за основу — готовый снимок кадра F00576 (тот же ракурс, свет, фон), меняется только отличие подкадра.";photos/F00576-b.webp
F00576-c;F00576;2;3083;Рукава;Шланг;шланг;;"вид изделия — шланг; материал — ПВХ";шланг;ПВХ;свой снимок;50;"Фотореалистичная предметная фотография для каталога. Подкадр F00576-c (50 из 243 позиций кадра F00576). Отличие от соседних подкадров: вид изделия — шланг; материал — ПВХ. Что в кадре: шланг, ПВХ. Как выглядит: шланг: гибкий рукав, свернутый кольцом, концы с фитингами. По данным позиций кадра: материал — pvc, пвх (56 %); форма — спиральный; тип — рукав, шланг (56 %); вид — напорно-всасывающий; исполнение — антистатический, вытяжной, гибкий, термостойкий (56 %). Ракурс и композиция: 3/4 немного сверху, изделие целиком по центру, занимает около 70 % кадра; шланг свернут свободным кольцом, концы на переднем плане. Фон: светлый нейтральный бесшовный #F4F6F9 без текстуры и горизонта. Свет: мягкий студийный из большого софтбокса, мягкая тень под предметом, резкость по всему предмету. Не должно быть: чужих логотипов, названий заводов и брендов, водяных знаков, надписей и любого текста, людей и рук, лишних предметов. Итог: квадрат 1200×1200 px, WebP.";"Photorealistic catalog product photo. Distinctive for this variant: hose; material PVC. Hose. Hose coiled in a ring with end fittings. Material: PVC; shape: spiral; type: hose hose; kind: suction and delivery. Three-quarter view from slightly above, whole item centred, filling about 70% of the frame; hose in a loose coil, ends in front. Plain seamless light neutral background #F4F6F9, no texture, no horizon line. Soft large-softbox studio lighting, soft contact shadow underneath, sharp focus across the whole item, photorealistic e-commerce catalog product photo, high detail, 85mm lens look, square 1:1, 1200x1200.";text, letters, numbers, logo, brand name, manufacturer marking, watermark, printed label, people, hands, faces, multiple products, cluttered background, props, distorted geometry, extra parts, cartoon, illustration, CGI look, blur, low resolution;текст, буквы, цифры, логотип, бренд, заводская маркировка, водяной знак, этикетка с надписями, люди, руки, лица, несколько предметов, захламленный фон, реквизит, искаженная геометрия, лишние детали, мультяшный стиль, иллюстрация, вид 3D-рендера, размытие, низкое разрешение;генерация;"Генерация по промпту; за основу — готовый снимок кадра F00576 (тот же ракурс, свет, фон), меняется только отличие подкадра.";photos/F00576-c.webp
F00576-d;F00576;3;13844;Рукава;Шланг;шланг;;"вид изделия — шланг семяпроводный; материал — ПВХ";шланг семяпроводный;ПВХ;свой снимок;11;"Фотореалистичная предметная фотография для каталога. Подкадр F00576-d (11 из 243 позиций кадра F00576). Отличие от соседних подкадров: вид изделия — шланг семяпроводный; материал — ПВХ. Что в кадре: шланг, шланг семяпроводный, ПВХ. Как выглядит: шланг: гибкий рукав, свернутый кольцом, концы с фитингами. По данным позиций кадра: материал — pvc, пвх; форма — гофрированный; тип — шланг; вид — напорно-всасывающий. Ракурс и композиция: 3/4 немного сверху, изделие целиком по центру, занимает около 70 % кадра; шланг свернут свободным кольцом, концы на переднем плане. Фон: светлый нейтральный бесшовный #F4F6F9 без текстуры и горизонта. Свет: мягкий студийный из большого софтбокса, мягкая тень под предметом, резкость по всему предмету. Не должно быть: чужих логотипов, названий заводов и брендов, водяных знаков, надписей и любого текста, людей и рук, лишних предметов. Итог: квадрат 1200×1200 px, WebP.";"Photorealistic catalog product photo. Distinctive for this variant: material PVC. Hose. Hose coiled in a ring with end fittings. Material: PVC; type: hose; kind: suction and delivery. Three-quarter view from slightly above, whole item centred, filling about 70% of the frame; hose in a loose coil, ends in front. Plain seamless light neutral background #F4F6F9, no texture, no horizon line. Soft large-softbox studio lighting, soft contact shadow underneath, sharp focus across the whole item, photorealistic e-commerce catalog product photo, high detail, 85mm lens look, square 1:1, 1200x1200.";text, letters, numbers, logo, brand name, manufacturer marking, watermark, printed label, people, hands, faces, multiple products, cluttered background, props, distorted geometry, extra parts, cartoon, illustration, CGI look, blur, low resolution;текст, буквы, цифры, логотип, бренд, заводская маркировка, водяной знак, этикетка с надписями, люди, руки, лица, несколько предметов, захламленный фон, реквизит, искаженная геометрия, лишние детали, мультяшный стиль, иллюстрация, вид 3D-рендера, размытие, низкое разрешение;генерация;"Генерация по промпту; за основу — готовый снимок кадра F00576 (тот же ракурс, свет, фон), меняется только отличие подкадра.";photos/F00576-d.webp
F00576-e;F00576;4;20285;Рукава;Шланг;шланг;;"вид изделия — шланг гофрированный; материал — ПВХ";шланг гофрированный;ПВХ;свой снимок;7;"Фотореалистичная предметная фотография для каталога. Подкадр F00576-e (7 из 243 позиций кадра F00576). Отличие от соседних подкадров: вид изделия — шланг гофрированный; материал — ПВХ. Что в кадре: шланг, шланг гофрированный, ПВХ. Как выглядит: шланг: гибкий рукав, свернутый кольцом, концы с фитингами. По данным позиций кадра: материал — pvc, пвх; форма — гофрированный; тип — шланг; вид — напорно-всасывающий (43 %); исполнение — морозостойкий. Ракурс и композиция: 3/4 немного сверху, изделие целиком по центру, занимает около 70 % кадра; шланг свернут свободным кольцом, концы на переднем плане. Фон: светлый нейтральный бесшовный #F4F6F9 без текстуры и горизонта. Свет: мягкий студийный из большого софтбокса, мягкая тень под предметом, резкость по всему предмету. Не должно быть: чужих логотипов, названий заводов и брендов, водяных знаков, надписей и любого текста, людей и рук, лишних предметов. Итог: квадрат 1200×1200 px, WebP.";"Photorealistic catalog product photo. Distinctive for this variant: material PVC. Hose. Hose coiled in a ring with end fittings. Material: PVC; type: hose; kind: suction and delivery. Three-quarter view from slightly above, whole item centred, filling about 70% of the frame; hose in a loose coil, ends in front. Plain seamless light neutral background #F4F6F9, no texture, no horizon line. Soft large-softbox studio lighting, soft contact shadow underneath, sharp focus across the whole item, photorealistic e-commerce catalog product photo, high detail, 85mm lens look, square 1:1, 1200x1200.";text, letters, numbers, logo, brand name, manufacturer marking, watermark, printed label, people, hands, faces, multiple products, cluttered background, props, distorted geometry, extra parts, cartoon, illustration, CGI look, blur, low resolution;текст, буквы, цифры, логотип, бренд, заводская маркировка, водяной знак, этикетка с надписями, люди, руки, лица, несколько предметов, захламленный фон, реквизит, искаженная геометрия, лишние детали, мультяшный стиль, иллюстрация, вид 3D-рендера, размытие, низкое разрешение;генерация;"Генерация по промпту; за основу — готовый снимок кадра F00576 (тот же ракурс, свет, фон), меняется только отличие подкадра.";photos/F00576-e.webp
F00576-f;F00576;4;20286;Рукава;Шланг;шланг;;"вид изделия — шланг кислородный; материал — резина";шланг кислородный;резина;свой снимок;7;"Фотореалистичная предметная фотография для каталога. Подкадр F00576-f (7 из 243 позиций кадра F00576). Отличие от соседних подкадров: вид изделия — шланг кислородный; материал — резина. Что в кадре: шланг, шланг кислородный, резина. Как выглядит: шланг: гибкий рукав, свернутый кольцом, концы с фитингами. По данным позиций кадра: материал — резина; тип — шланг. Ракурс и композиция: 3/4 немного сверху, изделие целиком по центру, занимает около 70 % кадра; шланг свернут свободным кольцом, концы на переднем плане. Фон: светлый нейтральный бесшовный #F4F6F9 без текстуры и горизонта. Свет: мягкий студийный из большого софтбокса, мягкая тень под предметом, резкость по всему предмету. Не должно быть: чужих логотипов, названий заводов и брендов, водяных знаков, надписей и любого текста, людей и рук, лишних предметов. Итог: квадрат 1200×1200 px, WebP.";"Photorealistic catalog product photo. Distinctive for this variant: material rubber. Hose. Hose coiled in a ring with end fittings. Material: rubber; type: hose. Three-quarter view from slightly above, whole item centred, filling about 70% of the frame; hose in a loose coil, ends in front. Plain seamless light neutral background #F4F6F9, no texture, no horizon line. Soft large-softbox studio lighting, soft contact shadow underneath, sharp focus across the whole item, photorealistic e-commerce catalog product photo, high detail, 85mm lens look, square 1:1, 1200x1200.";text, letters, numbers, logo, brand name, manufacturer marking, watermark, printed label, people, hands, faces, multiple products, cluttered background, props, distorted geometry, extra parts, cartoon, illustration, CGI look, blur, low resolution;текст, буквы, цифры, логотип, бренд, заводская маркировка, водяной знак, этикетка с надписями, люди, руки, лица, несколько предметов, захламленный фон, реквизит, искаженная геометрия, лишние детали, мультяшный стиль, иллюстрация, вид 3D-рендера, размытие, низкое разрешение;генерация;"Генерация по промпту; за основу — готовый снимок кадра F00576 (тот же ракурс, свет, фон), меняется только отличие подкадра.";photos/F00576-f.webp
F00576-g;F00576;5;28082;Рукава;Шланг;шланг;;прочие позиции кадра;;;прочие позиции кадра — снимок кадра;3;"Фотореалистичная предметная фотография для каталога. Подкадр F00576-g — прочие позиции кадра F00576 (3 из 243), у которых нет общего заметного отличия от остальных 6 подкадров кадра; снимок как у кадра F00576. Что в кадре: шланг, шланг напорно-всасывающий. Как выглядит: шланг: гибкий рукав, свернутый кольцом, концы с фитингами. По данным позиций кадра: материал — pvc, пвх (67 %); форма — спиральный; тип — шланг; вид — напорно-всасывающий. Ракурс и композиция: 3/4 немного сверху, изделие целиком по центру, занимает около 70 % кадра; шланг свернут свободным кольцом, концы на переднем плане. Фон: светлый нейтральный бесшовный #F4F6F9 без текстуры и горизонта. Свет: мягкий студийный из большого софтбокса, мягкая тень под предметом, резкость по всему предмету. Не должно быть: чужих логотипов, названий заводов и брендов, водяных знаков, надписей и любого текста, людей и рук, лишних предметов. Итог: квадрат 1200×1200 px, WebP.";"Photorealistic catalog product photo. Hose. Hose coiled in a ring with end fittings. Material: PVC; shape: spiral; type: hose; kind: suction and delivery. Three-quarter view from slightly above, whole item centred, filling about 70% of the frame; hose in a loose coil, ends in front. Plain seamless light neutral background #F4F6F9, no texture, no horizon line. Soft large-softbox studio lighting, soft contact shadow underneath, sharp focus across the whole item, photorealistic e-commerce catalog product photo, high detail, 85mm lens look, square 1:1, 1200x1200.";text, letters, numbers, logo, brand name, manufacturer marking, watermark, printed label, people, hands, faces, multiple products, cluttered background, props, distorted geometry, extra parts, cartoon, illustration, CGI look, blur, low resolution;текст, буквы, цифры, логотип, бренд, заводская маркировка, водяной знак, этикетка с надписями, люди, руки, лица, несколько предметов, захламленный фон, реквизит, искаженная геометрия, лишние детали, мультяшный стиль, иллюстрация, вид 3D-рендера, размытие, низкое разрешение;снимок кадра;Отдельный снимок не нужен: на эти позиции встает снимок кадра F00576 (файл photos/F00576.webp).;— (используется photos/F00576.webp)
F00928-a;F00928;2;1329;Рукава;Камлок;камлок;;материал — алюминий;камлок;алюминий;свой снимок;108;"Фотореалистичная предметная фотография для каталога. Подкадр F00928-a (108 из 137 позиций кадра F00928). Отличие от соседних подкадров: материал — алюминий. Что в кадре: камлок, алюминий. Как выглядит: быстроразъемная муфта камлок: латунь/алюминий/нержавеющая сталь с рычагами-кулачками. По данным позиций кадра: материал — алюминий; тип — камлок; вид — брс. Ракурс и композиция: 3/4 немного сверху, изделие целиком по центру, занимает около 70 % кадра. Фон: светлый нейтральный бесшовный #F4F6F9 без текстуры и горизонта. Свет: мягкий студийный из большого софтбокса, мягкая тень под предметом, резкость по всему предмету. Не должно быть: чужих логотипов, названий заводов и брендов, водяных знаков, надписей и любого текста, людей и рук, лишних предметов. Итог: квадрат 1200×1200 px, WebP.";"Photorealistic catalog product photo. Distinctive for this variant: material aluminium. Camlock coupling. Camlock coupling with cam arms, aluminium, brass or stainless. Material: aluminium; type: camlock coupling; kind: quick coupling. Three-quarter view from slightly above, whole item centred, filling about 70% of the frame. Plain seamless light neutral background #F4F6F9, no texture, no horizon line. Soft large-softbox studio lighting, soft contact shadow underneath, sharp focus across the whole item, photorealistic e-commerce catalog product photo, high detail, 85mm lens look, square 1:1, 1200x1200.";text, letters, numbers, logo, brand name, manufacturer marking, watermark, printed label, people, hands, faces, multiple products, cluttered background, props, distorted geometry, extra parts, cartoon, illustration, CGI look, blur, low resolution;текст, буквы, цифры, логотип, бренд, заводская маркировка, водяной знак, этикетка с надписями, люди, руки, лица, несколько предметов, захламленный фон, реквизит, искаженная геометрия, лишние детали, мультяшный стиль, иллюстрация, вид 3D-рендера, размытие, низкое разрешение;генерация;"Генерация по промпту; за основу — готовый снимок кадра F00928 (тот же ракурс, свет, фон), меняется только отличие подкадра.";photos/F00928-a.webp
F00928-b;F00928;3;8921;Рукава;Камлок;камлок;;материал — полипропилен;камлок;полипропилен;свой снимок;18;"Фотореалистичная предметная фотография для каталога. Подкадр F00928-b (18 из 137 позиций кадра F00928). Отличие от соседних подкадров: материал — полипропилен. Что в кадре: камлок, полипропилен. Как выглядит: быстроразъемная муфта камлок: латунь/алюминий/нержавеющая сталь с рычагами-кулачками. По данным позиций кадра: материал — полипропилен; тип — камлок; вид — брс; соединение — ниппель с хвостовиком (40 %). Ракурс и композиция: 3/4 немного сверху, изделие целиком по центру, занимает около 70 % кадра. Фон: светлый нейтральный бесшовный #F4F6F9 без текстуры и горизонта. Свет: мягкий студийный из большого софтбокса, мягкая тень под предметом, резкость по всему предмету. Не должно быть: чужих логотипов, названий заводов и брендов, водяных знаков, надписей и любого текста, людей и рук, лишних предметов. Итог: квадрат 1200×1200 px, WebP.";"Photorealistic catalog product photo. Distinctive for this variant: material polypropylene. Camlock coupling. Camlock coupling with cam arms, aluminium, brass or stainless. Material: polypropylene; type: camlock coupling; kind: quick coupling. Three-quarter view from slightly above, whole item centred, filling about 70% of the frame. Plain seamless light neutral background #F4F6F9, no texture, no horizon line. Soft large-softbox studio lighting, soft contact shadow underneath, sharp focus across the whole item, photorealistic e-commerce catalog product photo, high detail, 85mm lens look, square 1:1, 1200x1200.";text, letters, numbers, logo, brand name, manufacturer marking, watermark, printed label, people, hands, faces, multiple products, cluttered background, props, distorted geometry, extra parts, cartoon, illustration, CGI look, blur, low resolution;текст, буквы, цифры, логотип, бренд, заводская маркировка, водяной знак, этикетка с надписями, люди, руки, лица, несколько предметов, захламленный фон, реквизит, искаженная геометрия, лишние детали, мультяшный стиль, иллюстрация, вид 3D-рендера, размытие, низкое разрешение;генерация;"Генерация по промпту; за основу — готовый снимок кадра F00928 (тот же ракурс, свет, фон), меняется только отличие подкадра.";photos/F00928-b.webp
F00928-c;F00928;3;16491;Рукава;Камлок;камлок;;материал — латунь;камлок;латунь;свой снимок;9;"Фотореалистичная предметная фотография для каталога. Подкадр F00928-c (9 из 137 позиций кадра F00928). Отличие от соседних подкадров: материал — латунь. Что в кадре: камлок, латунь. Как выглядит: быстроразъемная муфта камлок: латунь/алюминий/нержавеющая сталь с рычагами-кулачками. По данным позиций кадра: материал — латунь; тип — камлок; вид — брс. Ракурс и композиция: 3/4 немного сверху, изделие целиком по центру, занимает около 70 % кадра. Фон: светлый нейтральный бесшовный #F4F6F9 без текстуры и горизонта. Свет: мягкий студийный из большого софтбокса, мягкая тень под предметом, резкость по всему предмету. Не должно быть: чужих логотипов, названий заводов и брендов, водяных знаков, надписей и любого текста, людей и рук, лишних предметов. Итог: квадрат 1200×1200 px, WebP.";"Photorealistic catalog product photo. Distinctive for this variant: material brass. Camlock coupling. Camlock coupling with cam arms, aluminium, brass or stainless. Material: brass; type: camlock coupling; kind: quick coupling. Three-quarter view from slightly above, whole item centred, filling about 70% of the frame. Plain seamless light neutral background #F4F6F9, no texture, no horizon line. Soft large-softbox studio lighting, soft contact shadow underneath, sharp focus across the whole item, photorealistic e-commerce catalog product photo, high detail, 85mm lens look, square 1:1, 1200x1200.";text, letters, numbers, logo, brand name, manufacturer marking, watermark, printed label, people, hands, faces, multiple products, cluttered background, props, distorted geometry, extra parts, cartoon, illustration, CGI look, blur, low resolution;текст, буквы, цифры, логотип, бренд, заводская маркировка, водяной знак, этикетка с надписями, люди, руки, лица, несколько предметов, захламленный фон, реквизит, искаженная геометрия, лишние детали, мультяшный стиль, иллюстрация, вид 3D-рендера, размытие, низкое разрешение;генерация;"Генерация по промпту; за основу — готовый снимок кадра F00928 (тот же ракурс, свет, фон), меняется только отличие подкадра.";photos/F00928-c.webp
F00928-d;F00928;5;28401;Рукава;Камлок;камлок;;прочие позиции кадра;;;прочие позиции кадра — снимок кадра;2;"Фотореалистичная предметная фотография для каталога. Подкадр F00928-d — прочие позиции кадра F00928 (2 из 137), у которых нет общего заметного отличия от остальных 3 подкадров кадра; снимок как у кадра F00928. Что в кадре: камлок, нержавеющая сталь. Как выглядит: быстроразъемная муфта камлок: латунь/алюминий/нержавеющая сталь с рычагами-кулачками. По данным позиций кадра: материал — нержавеющая сталь; тип — камлок; вид — брс; соединение — фланец. Ракурс и композиция: 3/4 немного сверху, изделие целиком по центру, занимает около 70 % кадра. Фон: светлый нейтральный бесшовный #F4F6F9 без текстуры и горизонта. Свет: мягкий студийный из большого софтбокса, мягкая тень под предметом, резкость по всему предмету. Не должно быть: чужих логотипов, названий заводов и брендов, водяных знаков, надписей и любого текста, людей и рук, лишних предметов. Итог: квадрат 1200×1200 px, WebP.";"Photorealistic catalog product photo. Camlock coupling. Camlock coupling with cam arms, aluminium, brass or stainless. Material: stainless steel; type: camlock coupling; kind: quick coupling; connection: flange. Three-quarter view from slightly above, whole item centred, filling about 70% of the frame. Plain seamless light neutral background #F4F6F9, no texture, no horizon line. Soft large-softbox studio lighting, soft contact shadow underneath, sharp focus across the whole item, photorealistic e-commerce catalog product photo, high detail, 85mm lens look, square 1:1, 1200x1200.";text, letters, numbers, logo, brand name, manufacturer marking, watermark, printed label, people, hands, faces, multiple products, cluttered background, props, distorted geometry, extra parts, cartoon, illustration, CGI look, blur, low resolution;текст, буквы, цифры, логотип, бренд, заводская маркировка, водяной знак, этикетка с надписями, люди, руки, лица, несколько предметов, захламленный фон, реквизит, искаженная геометрия, лишние детали, мультяшный стиль, иллюстрация, вид 3D-рендера, размытие, низкое разрешение;снимок кадра;Отдельный снимок не нужен: на эти позиции встает снимок кадра F00928 (файл photos/F00928.webp).;— (используется photos/F00928.webp)
F01039-a;F01039;2;1301;Рукава;Рукав напорно-всасывающий;рукав напорно-всасывающий;;материал — резина;рукав напорно-всасывающий;резина;свой снимок;110;"Фотореалистичная предметная фотография для каталога. Подкадр F01039-a (110 из 121 позиций кадра F01039). Отличие от соседних подкадров: материал — резина. Что в кадре: рукав напорно-всасывающий, резина. Как выглядит: рукав (шланг): гибкий рукав из резины или ПВХ, отрезок свернут кольцом, концы с фитингами по данным. По данным позиций кадра: материал — резина (93 %); тип — рукав; вид — напорно-всасывающий. Ракурс и композиция: 3/4 немного сверху, изделие целиком по центру, занимает около 70 % кадра; рукав свернут свободным кольцом, концы с фитингами на переднем плане. Фон: светлый нейтральный бесшовный #F4F6F9 без текстуры и горизонта. Свет: мягкий студийный из большого софтбокса, мягкая тень под предметом, резкость по всему предмету. Не должно быть: чужих логотипов, названий заводов и брендов, водяных знаков, надписей и любого текста, людей и рук, лишних предметов. Итог: квадрат 1200×1200 px, WebP.";"Photorealistic catalog product photo. Distinctive for this variant: material rubber. Suction and delivery hose. Hose, flexible rubber or PVC tube coiled in a ring, end fittings per data. Material: rubber; type: hose; kind: suction and delivery. Three-quarter view from slightly above, whole item centred, filling about 70% of the frame; hose in a loose coil, end fittings in front. Plain seamless light neutral background #F4F6F9, no texture, no horizon line. Soft large-softbox studio lighting, soft contact shadow underneath, sharp focus across the whole item, photorealistic e-commerce catalog product photo, high detail, 85mm lens look, square 1:1, 1200x1200.";text, letters, numbers, logo, brand name, manufacturer marking, watermark, printed label, people, hands, faces, multiple products, cluttered background, props, distorted geometry, extra parts, cartoon, illustration, CGI look, blur, low resolution;текст, буквы, цифры, логотип, бренд, заводская маркировка, водяной знак, этикетка с надписями, люди, руки, лица, несколько предметов, захламленный фон, реквизит, искаженная геометрия, лишние детали, мультяшный стиль, иллюстрация, вид 3D-рендера, размытие, низкое разрешение;генерация;"Генерация по промпту; за основу — готовый снимок кадра F01039 (тот же ракурс, свет, фон), меняется только отличие подкадра.";photos/F01039-a.webp
F01039-b;F01039;3;16525;Рукава;Рукав напорно-всасывающий;рукав напорно-всасывающий;;материал — ПВХ;рукав напорно-всасывающий;ПВХ;свой снимок;9;"Фотореалистичная предметная фотография для каталога. Подкадр F01039-b (9 из 121 позиций кадра F01039). Отличие от соседних подкадров: материал — ПВХ. Что в кадре: рукав напорно-всасывающий, ПВХ. Как выглядит: рукав (шланг): гибкий рукав из резины или ПВХ, отрезок свернут кольцом, концы с фитингами по данным. По данным позиций кадра: материал — pvc, пвх; тип — рукав; вид — напорно-всасывающий; исполнение — длинномерный, морозостойкий, прозрачный. Ракурс и композиция: 3/4 немного сверху, изделие целиком по центру, занимает около 70 % кадра; рукав свернут свободным кольцом, концы с фитингами на переднем плане. Фон: светлый нейтральный бесшовный #F4F6F9 без текстуры и горизонта. Свет: мягкий студийный из большого софтбокса, мягкая тень под предметом, резкость по всему предмету. Не должно быть: чужих логотипов, названий заводов и брендов, водяных знаков, надписей и любого текста, людей и рук, лишних предметов. Итог: квадрат 1200×1200 px, WebP.";"Photorealistic catalog product photo. Distinctive for this variant: material PVC. Suction and delivery hose. Hose, flexible rubber or PVC tube coiled in a ring, end fittings per data. Material: PVC; type: hose; kind: suction and delivery. Three-quarter view from slightly above, whole item centred, filling about 70% of the frame; hose in a loose coil, end fittings in front. Plain seamless light neutral background #F4F6F9, no texture, no horizon line. Soft large-softbox studio lighting, soft contact shadow underneath, sharp focus across the whole item, photorealistic e-commerce catalog product photo, high detail, 85mm lens look, square 1:1, 1200x1200.";text, letters, numbers, logo, brand name, manufacturer marking, watermark, printed label, people, hands, faces, multiple products, cluttered background, props, distorted geometry, extra parts, cartoon, illustration, CGI look, blur, low resolution;текст, буквы, цифры, логотип, бренд, заводская маркировка, водяной знак, этикетка с надписями, люди, руки, лица, несколько предметов, захламленный фон, реквизит, искаженная геометрия, лишние детали, мультяшный стиль, иллюстрация, вид 3D-рендера, размытие, низкое разрешение;генерация;"Генерация по промпту; за основу — готовый снимок кадра F01039 (тот же ракурс, свет, фон), меняется только отличие подкадра.";photos/F01039-b.webp
F01039-c;F01039;5;28408;Рукава;Рукав напорно-всасывающий;рукав напорно-всасывающий;;прочие позиции кадра;;;прочие позиции кадра — снимок кадра;2;"Фотореалистичная предметная фотография для каталога. Подкадр F01039-c — прочие позиции кадра F01039 (2 из 121), у которых нет общего заметного отличия от остальных 2 подкадров кадра; снимок как у кадра F01039. Что в кадре: рукав напорно-всасывающий. Как выглядит: рукав (шланг): гибкий рукав из резины или ПВХ, отрезок свернут кольцом, концы с фитингами по данным. По данным позиций кадра: материал — силикон, ткань; тип — рукав; вид — напорно-всасывающий (50 %); исполнение — прозрачный, термостойкий. Ракурс и композиция: 3/4 немного сверху, изделие целиком по центру, занимает около 70 % кадра; рукав свернут свободным кольцом, концы с фитингами на переднем плане. Фон: светлый нейтральный бесшовный #F4F6F9 без текстуры и горизонта. Свет: мягкий студийный из большого софтбокса, мягкая тень под предметом, резкость по всему предмету. Не должно быть: чужих логотипов, названий заводов и брендов, водяных знаков, надписей и любого текста, людей и рук, лишних предметов. Итог: квадрат 1200×1200 px, WebP.";"Photorealistic catalog product photo. Suction and delivery hose. Hose, flexible rubber or PVC tube coiled in a ring, end fittings per data. Material: silicone, fabric; type: hose; kind: suction and delivery; version: heat-resistant transparent. Three-quarter view from slightly above, whole item centred, filling about 70% of the frame; hose in a loose coil, end fittings in front. Plain seamless light neutral background #F4F6F9, no texture, no horizon line. Soft large-softbox studio lighting, soft contact shadow underneath, sharp focus across the whole item, photorealistic e-commerce catalog product photo, high detail, 85mm lens look, square 1:1, 1200x1200.";text, letters, numbers, logo, brand name, manufacturer marking, watermark, printed label, people, hands, faces, multiple products, cluttered background, props, distorted geometry, extra parts, cartoon, illustration, CGI look, blur, low resolution;текст, буквы, цифры, логотип, бренд, заводская маркировка, водяной знак, этикетка с надписями, люди, руки, лица, несколько предметов, захламленный фон, реквизит, искаженная геометрия, лишние детали, мультяшный стиль, иллюстрация, вид 3D-рендера, размытие, низкое разрешение;снимок кадра;Отдельный снимок не нужен: на эти позиции встает снимок кадра F01039 (файл photos/F01039.webp).;— (используется photos/F01039.webp)
F01348-a;F01348;2;2082;Рукава;Рукав дюритовый;рукав дюритовый;;материал — резина;рукав дюритовый;резина;свой снимок;72;"Фотореалистичная предметная фотография для каталога. Подкадр F01348-a (72 из 87 позиций кадра F01348). Отличие от соседних подкадров: материал — резина. Что в кадре: рукав дюритовый, резина. Как выглядит: рукав (шланг): гибкий рукав из резины или ПВХ, отрезок свернут кольцом, концы с фитингами по данным. По данным позиций кадра: материал — резина; покрытие — текстильный слой; тип — рукав; вид — напорно-всасывающий; исполнение — дюритовый. Ракурс и композиция: 3/4 немного сверху, изделие целиком по центру, занимает около 70 % кадра; рукав свернут свободным кольцом, концы с фитингами на переднем плане. Фон: светлый нейтральный бесшовный #F4F6F9 без текстуры и горизонта. Свет: мягкий студийный из большого софтбокса, мягкая тень под предметом, резкость по всему предмету. Не должно быть: чужих логотипов, названий заводов и брендов, водяных знаков, надписей и любого текста, людей и рук, лишних предметов. Итог: квадрат 1200×1200 px, WebP.";"Photorealistic catalog product photo. Distinctive for this variant: material rubber. Hose hose. Hose, flexible rubber or PVC tube coiled in a ring, end fittings per data. Material: rubber; type: hose; kind: suction and delivery; version: hose. Three-quarter view from slightly above, whole item centred, filling about 70% of the frame; hose in a loose coil, end fittings in front. Plain seamless light neutral background #F4F6F9, no texture, no horizon line. Soft large-softbox studio lighting, soft contact shadow underneath, sharp focus across the whole item, photorealistic e-commerce catalog product photo, high detail, 85mm lens look, square 1:1, 1200x1200.";text, letters, numbers, logo, brand name, manufacturer marking, watermark, printed label, people, hands, faces, multiple products, cluttered background, props, distorted geometry, extra parts, cartoon, illustration, CGI look, blur, low resolution;текст, буквы, цифры, логотип, бренд, заводская маркировка, водяной знак, этикетка с надписями, люди, руки, лица, несколько предметов, захламленный фон, реквизит, искаженная геометрия, лишние детали, мультяшный стиль, иллюстрация, вид 3D-рендера, размытие, низкое разрешение;генерация;"Генерация по промпту; за основу — готовый снимок кадра F01348 (тот же ракурс, свет, фон), меняется только отличие подкадра.";photos/F01348-a.webp
F01348-b;F01348;3;10605;Рукава;Рукав дюритовый;рукав дюритовый;;материал — не указан;рукав дюритовый;;свой снимок;15;"Фотореалистичная предметная фотография для каталога. Подкадр F01348-b (15 из 87 позиций кадра F01348). Отличие от соседних подкадров: материал — не указан. Что в кадре: рукав дюритовый. Как выглядит: рукав (шланг): гибкий рукав из резины или ПВХ, отрезок свернут кольцом, концы с фитингами по данным. По данным позиций кадра: тип — рукав. Ракурс и композиция: 3/4 немного сверху, изделие целиком по центру, занимает около 70 % кадра; рукав свернут свободным кольцом, концы с фитингами на переднем плане. Фон: светлый нейтральный бесшовный #F4F6F9 без текстуры и горизонта. Свет: мягкий студийный из большого софтбокса, мягкая тень под предметом, резкость по всему предмету. Не должно быть: чужих логотипов, названий заводов и брендов, водяных знаков, надписей и любого текста, людей и рук, лишних предметов. Итог: квадрат 1200×1200 px, WebP.";"Photorealistic catalog product photo. Hose hose. Hose, flexible rubber or PVC tube coiled in a ring, end fittings per data. Type: hose. Three-quarter view from slightly above, whole item centred, filling about 70% of the frame; hose in a loose coil, end fittings in front. Plain seamless light neutral background #F4F6F9, no texture, no horizon line. Soft large-softbox studio lighting, soft contact shadow underneath, sharp focus across the whole item, photorealistic e-commerce catalog product photo, high detail, 85mm lens look, square 1:1, 1200x1200.";text, letters, numbers, logo, brand name, manufacturer marking, watermark, printed label, people, hands, faces, multiple products, cluttered background, props, distorted geometry, extra parts, cartoon, illustration, CGI look, blur, low resolution;текст, буквы, цифры, логотип, бренд, заводская маркировка, водяной знак, этикетка с надписями, люди, руки, лица, несколько предметов, захламленный фон, реквизит, искаженная геометрия, лишние детали, мультяшный стиль, иллюстрация, вид 3D-рендера, размытие, низкое разрешение;генерация;"Генерация по промпту; за основу — готовый снимок кадра F01348 (тот же ракурс, свет, фон), меняется только отличие подкадра.";photos/F01348-b.webp
F01402-a;F01402;2;1942;Рукава;Рукав абразивостойкий;рукав абразивостойкий;;материал — полиуретан;рукав абразивостойкий;полиуретан;свой снимок;77;"Фотореалистичная предметная фотография для каталога. Подкадр F01402-a (77 из 82 позиций кадра F01402). Отличие от соседних подкадров: материал — полиуретан. Что в кадре: рукав абразивостойкий, полиуретан. Как выглядит: рукав (шланг): гибкий рукав из резины или ПВХ, отрезок свернут кольцом, концы с фитингами по данным. По данным позиций кадра: материал — pu, pur, пу, полиуретан; тип — рукав, шланг; вид — напорно-всасывающий. Ракурс и композиция: 3/4 немного сверху, изделие целиком по центру, занимает около 70 % кадра; рукав свернут свободным кольцом, концы с фитингами на переднем плане. Фон: светлый нейтральный бесшовный #F4F6F9 без текстуры и горизонта. Свет: мягкий студийный из большого софтбокса, мягкая тень под предметом, резкость по всему предмету. Не должно быть: чужих логотипов, названий заводов и брендов, водяных знаков, надписей и любого текста, людей и рук, лишних предметов. Итог: квадрат 1200×1200 px, WebP.";"Photorealistic catalog product photo. Distinctive for this variant: material polyurethane. Abrasion-resistant hose. Hose, flexible rubber or PVC tube coiled in a ring, end fittings per data. Material: polyurethane; type: hose hose; kind: suction and delivery. Three-quarter view from slightly above, whole item centred, filling about 70% of the frame; hose in a loose coil, end fittings in front. Plain seamless light neutral background #F4F6F9, no texture, no horizon line. Soft large-softbox studio lighting, soft contact shadow underneath, sharp focus across the whole item, photorealistic e-commerce catalog product photo, high detail, 85mm lens look, square 1:1, 1200x1200.";text, letters, numbers, logo, brand name, manufacturer marking, watermark, printed label, people, hands, faces, multiple products, cluttered background, props, distorted geometry, extra parts, cartoon, illustration, CGI look, blur, low resolution;текст, буквы, цифры, логотип, бренд, заводская маркировка, водяной знак, этикетка с надписями, люди, руки, лица, несколько предметов, захламленный фон, реквизит, искаженная геометрия, лишние детали, мультяшный стиль, иллюстрация, вид 3D-рендера, размытие, низкое разрешение;генерация;"Генерация по промпту; за основу — готовый снимок кадра F01402 (тот же ракурс, свет, фон), меняется только отличие подкадра.";photos/F01402-a.webp
F01402-b;F01402;5;26637;Рукава;Рукав абразивостойкий;рукав абразивостойкий;;материал — резина;рукав абразивостойкий;резина;свой снимок;5;"Фотореалистичная предметная фотография для каталога. Подкадр F01402-b (5 из 82 позиций кадра F01402). Отличие от соседних подкадров: материал — резина. Что в кадре: рукав абразивостойкий, резина. Как выглядит: рукав (шланг): гибкий рукав из резины или ПВХ, отрезок свернут кольцом, концы с фитингами по данным. По данным позиций кадра: материал — каучук, резина; тип — рукав, шланг; вид — напорно-всасывающий; исполнение — абразивостойкий, морозостойкий. Ракурс и композиция: 3/4 немного сверху, изделие целиком по центру, занимает около 70 % кадра; рукав свернут свободным кольцом, концы с фитингами на переднем плане. Фон: светлый нейтральный бесшовный #F4F6F9 без текстуры и горизонта. Свет: мягкий студийный из большого софтбокса, мягкая тень под предметом, резкость по всему предмету. Не должно быть: чужих логотипов, названий заводов и брендов, водяных знаков, надписей и любого текста, людей и рук, лишних предметов. Итог: квадрат 1200×1200 px, WebP.";"Photorealistic catalog product photo. Distinctive for this variant: material rubber. Abrasion-resistant hose. Hose, flexible rubber or PVC tube coiled in a ring, end fittings per data. Material: rubber; type: hose hose; kind: suction and delivery. Three-quarter view from slightly above, whole item centred, filling about 70% of the frame; hose in a loose coil, end fittings in front. Plain seamless light neutral background #F4F6F9, no texture, no horizon line. Soft large-softbox studio lighting, soft contact shadow underneath, sharp focus across the whole item, photorealistic e-commerce catalog product photo, high detail, 85mm lens look, square 1:1, 1200x1200.";text, letters, numbers, logo, brand name, manufacturer marking, watermark, printed label, people, hands, faces, multiple products, cluttered background, props, distorted geometry, extra parts, cartoon, illustration, CGI look, blur, low resolution;текст, буквы, цифры, логотип, бренд, заводская маркировка, водяной знак, этикетка с надписями, люди, руки, лица, несколько предметов, захламленный фон, реквизит, искаженная геометрия, лишние детали, мультяшный стиль, иллюстрация, вид 3D-рендера, размытие, низкое разрешение;генерация;"Генерация по промпту; за основу — готовый снимок кадра F01402 (тот же ракурс, свет, фон), меняется только отличие подкадра.";photos/F01402-b.webp
F01523-a;F01523;2;2005;Рукава;Шланг абразивостойкий;шланг абразивостойкий;;весь кадр;;;весь кадр — снимок кадра;75;"Фотореалистичная предметная фотография для каталога. Подкадр F01523-a — весь кадр F01523 (75 поз.): позиций мало или на фото они одинаковы. Что в кадре: шланг абразивостойкий. Как выглядит: шланг: гибкий рукав, свернутый кольцом, концы с фитингами. По данным позиций кадра: материал — pu, pur, пу, полиуретан; форма — спиральный; тип — рукав, шланг; вид — напорно-всасывающий. Ракурс и композиция: 3/4 немного сверху, изделие целиком по центру, занимает около 70 % кадра; шланг свернут свободным кольцом, концы на переднем плане. Фон: светлый нейтральный бесшовный #F4F6F9 без текстуры и горизонта. Свет: мягкий студийный из большого софтбокса, мягкая тень под предметом, резкость по всему предмету. Не должно быть: чужих логотипов, названий заводов и брендов, водяных знаков, надписей и любого текста, людей и рук, лишних предметов. Итог: квадрат 1200×1200 px, WebP.";"Photorealistic catalog product photo. Abrasion-resistant hose. Hose coiled in a ring with end fittings. Material: polyurethane; shape: spiral; type: hose hose; kind: suction and delivery. Three-quarter view from slightly above, whole item centred, filling about 70% of the frame; hose in a loose coil, ends in front. Plain seamless light neutral background #F4F6F9, no texture, no horizon line. Soft large-softbox studio lighting, soft contact shadow underneath, sharp focus across the whole item, photorealistic e-commerce catalog product photo, high detail, 85mm lens look, square 1:1, 1200x1200.";text, letters, numbers, logo, brand name, manufacturer marking, watermark, printed label, people, hands, faces, multiple products, cluttered background, props, distorted geometry, extra parts, cartoon, illustration, CGI look, blur, low resolution;текст, буквы, цифры, логотип, бренд, заводская маркировка, водяной знак, этикетка с надписями, люди, руки, лица, несколько предметов, захламленный фон, реквизит, искаженная геометрия, лишние детали, мультяшный стиль, иллюстрация, вид 3D-рендера, размытие, низкое разрешение;снимок кадра;Отдельный снимок не нужен: на эти позиции встает снимок кадра F01523 (файл photos/F01523.webp).;— (используется photos/F01523.webp)
F01524-a;F01524;2;2881;Рукава;Шланг пищевой;шланг пищевой;;материал — полиуретан;шланг пищевой;полиуретан;свой снимок;54;"Фотореалистичная предметная фотография для каталога. Подкадр F01524-a (54 из 75 позиций кадра F01524). Отличие от соседних подкадров: материал — полиуретан. Что в кадре: шланг пищевой, полиуретан. Как выглядит: шланг: гибкий рукав, свернутый кольцом, концы с фитингами. По данным позиций кадра: материал — pu, pur, пу, полиуретан; форма — спиральный; тип — рукав, шланг; вид — напорно-всасывающий. Ракурс и композиция: 3/4 немного сверху, изделие целиком по центру, занимает около 70 % кадра; шланг свернут свободным кольцом, концы на переднем плане. Фон: светлый нейтральный бесшовный #F4F6F9 без текстуры и горизонта. Свет: мягкий студийный из большого софтбокса, мягкая тень под предметом, резкость по всему предмету. Не должно быть: чужих логотипов, названий заводов и брендов, водяных знаков, надписей и любого текста, людей и рук, лишних предметов. Итог: квадрат 1200×1200 px, WebP.";"Photorealistic catalog product photo. Distinctive for this variant: material polyurethane. Food grade hose. Hose coiled in a ring with end fittings. Material: polyurethane; shape: spiral; type: hose hose; kind: suction and delivery. Three-quarter view from slightly above, whole item centred, filling about 70% of the frame; hose in a loose coil, ends in front. Plain seamless light neutral background #F4F6F9, no texture, no horizon line. Soft large-softbox studio lighting, soft contact shadow underneath, sharp focus across the whole item, photorealistic e-commerce catalog product photo, high detail, 85mm lens look, square 1:1, 1200x1200.";text, letters, numbers, logo, brand name, manufacturer marking, watermark, printed label, people, hands, faces, multiple products, cluttered background, props, distorted geometry, extra parts, cartoon, illustration, CGI look, blur, low resolution;текст, буквы, цифры, логотип, бренд, заводская маркировка, водяной знак, этикетка с надписями, люди, руки, лица, несколько предметов, захламленный фон, реквизит, искаженная геометрия, лишние детали, мультяшный стиль, иллюстрация, вид 3D-рендера, размытие, низкое разрешение;генерация;"Генерация по промпту; за основу — готовый снимок кадра F01524 (тот же ракурс, свет, фон), меняется только отличие подкадра.";photos/F01524-a.webp
F01524-b;F01524;3;11324;Рукава;Шланг пищевой;шланг пищевой;;материал — не указан;шланг пищевой;;свой снимок;14;"Фотореалистичная предметная фотография для каталога. Подкадр F01524-b (14 из 75 позиций кадра F01524). Отличие от соседних подкадров: материал — не указан. Что в кадре: шланг пищевой. Как выглядит: шланг: гибкий рукав, свернутый кольцом, концы с фитингами. По данным позиций кадра: материал — поливинилхлорид; тип — шланг; вид — напорный; исполнение — прозрачный. Ракурс и композиция: 3/4 немного сверху, изделие целиком по центру, занимает около 70 % кадра; шланг свернут свободным кольцом, концы на переднем плане. Фон: светлый нейтральный бесшовный #F4F6F9 без текстуры и горизонта. Свет: мягкий студийный из большого софтбокса, мягкая тень под предметом, резкость по всему предмету. Не должно быть: чужих логотипов, названий заводов и брендов, водяных знаков, надписей и любого текста, людей и рук, лишних предметов. Итог: квадрат 1200×1200 px, WebP.";"Photorealistic catalog product photo. Food grade hose. Hose coiled in a ring with end fittings. Type: hose; kind: pressure; version: transparent. Three-quarter view from slightly above, whole item centred, filling about 70% of the frame; hose in a loose coil, ends in front. Plain seamless light neutral background #F4F6F9, no texture, no horizon line. Soft large-softbox studio lighting, soft contact shadow underneath, sharp focus across the whole item, photorealistic e-commerce catalog product photo, high detail, 85mm lens look, square 1:1, 1200x1200.";text, letters, numbers, logo, brand name, manufacturer marking, watermark, printed label, people, hands, faces, multiple products, cluttered background, props, distorted geometry, extra parts, cartoon, illustration, CGI look, blur, low resolution;текст, буквы, цифры, логотип, бренд, заводская маркировка, водяной знак, этикетка с надписями, люди, руки, лица, несколько предметов, захламленный фон, реквизит, искаженная геометрия, лишние детали, мультяшный стиль, иллюстрация, вид 3D-рендера, размытие, низкое разрешение;генерация;"Генерация по промпту; за основу — готовый снимок кадра F01524 (тот же ракурс, свет, фон), меняется только отличие подкадра.";photos/F01524-b.webp
F01524-c;F01524;4;20737;Рукава;Шланг пищевой;шланг пищевой;;материал — ПВХ;шланг пищевой;ПВХ;свой снимок;7;"Фотореалистичная предметная фотография для каталога. Подкадр F01524-c (7 из 75 позиций кадра F01524). Отличие от соседних подкадров: материал — ПВХ. Что в кадре: шланг пищевой, ПВХ. Как выглядит: шланг: гибкий рукав, свернутый кольцом, концы с фитингами. По данным позиций кадра: материал — pvc, пвх; форма — гофрированный, спиральный; тип — шланг; вид — напорно-всасывающий; исполнение — гибкий, ударопрочный. Ракурс и композиция: 3/4 немного сверху, изделие целиком по центру, занимает около 70 % кадра; шланг свернут свободным кольцом, концы на переднем плане. Фон: светлый нейтральный бесшовный #F4F6F9 без текстуры и горизонта. Свет: мягкий студийный из большого софтбокса, мягкая тень под предметом, резкость по всему предмету. Не должно быть: чужих логотипов, названий заводов и брендов, водяных знаков, надписей и любого текста, людей и рук, лишних предметов. Итог: квадрат 1200×1200 px, WebP.";"Photorealistic catalog product photo. Distinctive for this variant: material PVC. Food grade hose. Hose coiled in a ring with end fittings. Material: PVC; type: hose; kind: suction and delivery. Three-quarter view from slightly above, whole item centred, filling about 70% of the frame; hose in a loose coil, ends in front. Plain seamless light neutral background #F4F6F9, no texture, no horizon line. Soft large-softbox studio lighting, soft contact shadow underneath, sharp focus across the whole item, photorealistic e-commerce catalog product photo, high detail, 85mm lens look, square 1:1, 1200x1200.";text, letters, numbers, logo, brand name, manufacturer marking, watermark, printed label, people, hands, faces, multiple products, cluttered background, props, distorted geometry, extra parts, cartoon, illustration, CGI look, blur, low resolution;текст, буквы, цифры, логотип, бренд, заводская маркировка, водяной знак, этикетка с надписями, люди, руки, лица, несколько предметов, захламленный фон, реквизит, искаженная геометрия, лишние детали, мультяшный стиль, иллюстрация, вид 3D-рендера, размытие, низкое разрешение;генерация;"Генерация по промпту; за основу — готовый снимок кадра F01524 (тот же ракурс, свет, фон), меняется только отличие подкадра.";photos/F01524-c.webp
F02073-a;F02073;2;2883;Рукава;Шланг электропроводящий;шланг электропроводящий;;весь кадр;;;весь кадр — снимок кадра;54;"Фотореалистичная предметная фотография для каталога. Подкадр F02073-a — весь кадр F02073 (54 поз.): позиций мало или на фото они одинаковы. Что в кадре: шланг электропроводящий. Как выглядит: шланг: гибкий рукав, свернутый кольцом, концы с фитингами. По данным позиций кадра: материал — pu, pur, пу, полиуретан; форма — спиральный; тип — рукав, шланг; вид — напорно-всасывающий. Ракурс и композиция: 3/4 немного сверху, изделие целиком по центру, занимает около 70 % кадра; шланг свернут свободным кольцом, концы на переднем плане. Фон: светлый нейтральный бесшовный #F4F6F9 без текстуры и горизонта. Свет: мягкий студийный из большого софтбокса, мягкая тень под предметом, резкость по всему предмету. Не должно быть: чужих логотипов, названий заводов и брендов, водяных знаков, надписей и любого текста, людей и рук, лишних предметов. Итог: квадрат 1200×1200 px, WebP.";"Photorealistic catalog product photo. Conductive hose. Hose coiled in a ring with end fittings. Material: polyurethane; shape: spiral; type: hose hose; kind: suction and delivery. Three-quarter view from slightly above, whole item centred, filling about 70% of the frame; hose in a loose coil, ends in front. Plain seamless light neutral background #F4F6F9, no texture, no horizon line. Soft large-softbox studio lighting, soft contact shadow underneath, sharp focus across the whole item, photorealistic e-commerce catalog product photo, high detail, 85mm lens look, square 1:1, 1200x1200.";text, letters, numbers, logo, brand name, manufacturer marking, watermark, printed label, people, hands, faces, multiple products, cluttered background, props, distorted geometry, extra parts, cartoon, illustration, CGI look, blur, low resolution;текст, буквы, цифры, логотип, бренд, заводская маркировка, водяной знак, этикетка с надписями, люди, руки, лица, несколько предметов, захламленный фон, реквизит, искаженная геометрия, лишние детали, мультяшный стиль, иллюстрация, вид 3D-рендера, размытие, низкое разрешение;снимок кадра;Отдельный снимок не нужен: на эти позиции встает снимок кадра F02073 (файл photos/F02073.webp).;— (используется photos/F02073.webp)
F02440-a;F02440;2;3501;Рукава;Шланг полиуретановый;шланг полиуретановый;;весь кадр;;;весь кадр — снимок кадра;45;"Фотореалистичная предметная фотография для каталога. Подкадр F02440-a — весь кадр F02440 (45 поз.): позиций мало или на фото они одинаковы. Что в кадре: шланг полиуретановый. Как выглядит: шланг: гибкий рукав, свернутый кольцом, концы с фитингами. По данным позиций кадра: материал — pu, pur, пу, полиуретан; форма — спиральный; тип — рукав, шланг; вид — напорно-всасывающий. Ракурс и композиция: 3/4 немного сверху, изделие целиком по центру, занимает около 70 % кадра; шланг свернут свободным кольцом, концы на переднем плане. Фон: светлый нейтральный бесшовный #F4F6F9 без текстуры и горизонта. Свет: мягкий студийный из большого софтбокса, мягкая тень под предметом, резкость по всему предмету. Не должно быть: чужих логотипов, названий заводов и брендов, водяных знаков, надписей и любого текста, людей и рук, лишних предметов. Итог: квадрат 1200×1200 px, WebP.";"Photorealistic catalog product photo. Polyurethane hose. Hose coiled in a ring with end fittings. Material: polyurethane; shape: spiral; type: hose hose; kind: suction and delivery. Three-quarter view from slightly above, whole item centred, filling about 70% of the frame; hose in a loose coil, ends in front. Plain seamless light neutral background #F4F6F9, no texture, no horizon line. Soft large-softbox studio lighting, soft contact shadow underneath, sharp focus across the whole item, photorealistic e-commerce catalog product photo, high detail, 85mm lens look, square 1:1, 1200x1200.";text, letters, numbers, logo, brand name, manufacturer marking, watermark, printed label, people, hands, faces, multiple products, cluttered background, props, distorted geometry, extra parts, cartoon, illustration, CGI look, blur, low resolution;текст, буквы, цифры, логотип, бренд, заводская маркировка, водяной знак, этикетка с надписями, люди, руки, лица, несколько предметов, захламленный фон, реквизит, искаженная геометрия, лишние детали, мультяшный стиль, иллюстрация, вид 3D-рендера, размытие, низкое разрешение;снимок кадра;Отдельный снимок не нужен: на эти позиции встает снимок кадра F02440 (файл photos/F02440.webp).;— (используется photos/F02440.webp)
F02531-a;F02531;2;3673;Рукава;"Камлок; нержавеющая сталь";камлок;нержавеющая сталь;весь кадр;;;весь кадр — снимок кадра;43;"Фотореалистичная предметная фотография для каталога. Подкадр F02531-a — весь кадр F02531 (43 поз.): позиций мало или на фото они одинаковы. Что в кадре: камлок, нержавеющая сталь. Как выглядит: быстроразъемная муфта камлок: латунь/алюминий/нержавеющая сталь с рычагами-кулачками. По данным позиций кадра: материал — нержавеющая сталь; тип — камлок; вид — брс. Ракурс и композиция: 3/4 немного сверху, изделие целиком по центру, занимает около 70 % кадра. Фон: светлый нейтральный бесшовный #F4F6F9 без текстуры и горизонта. Свет: мягкий студийный из большого софтбокса, мягкая тень под предметом, резкость по всему предмету. Не должно быть: чужих логотипов, названий заводов и брендов, водяных знаков, надписей и любого текста, людей и рук, лишних предметов. Итог: квадрат 1200×1200 px, WebP.";"Photorealistic catalog product photo. Camlock coupling, stainless steel. Camlock coupling with cam arms, aluminium, brass or stainless. Material: stainless steel; type: camlock coupling; kind: quick coupling. Three-quarter view from slightly above, whole item centred, filling about 70% of the frame. Plain seamless light neutral background #F4F6F9, no texture, no horizon line. Soft large-softbox studio lighting, soft contact shadow underneath, sharp focus across the whole item, photorealistic e-commerce catalog product photo, high detail, 85mm lens look, square 1:1, 1200x1200.";text, letters, numbers, logo, brand name, manufacturer marking, watermark, printed label, people, hands, faces, multiple products, cluttered background, props, distorted geometry, extra parts, cartoon, illustration, CGI look, blur, low resolution;текст, буквы, цифры, логотип, бренд, заводская маркировка, водяной знак, этикетка с надписями, люди, руки, лица, несколько предметов, захламленный фон, реквизит, искаженная геометрия, лишние детали, мультяшный стиль, иллюстрация, вид 3D-рендера, размытие, низкое разрешение;снимок кадра;Отдельный снимок не нужен: на эти позиции встает снимок кадра F02531 (файл photos/F02531.webp).;— (используется photos/F02531.webp)
F02532-a;F02532;2;5149;Рукава;Шланг спиральный;шланг спиральный;;материал — не указан;шланг спиральный;;свой снимок;32;"Фотореалистичная предметная фотография для каталога. Подкадр F02532-a (32 из 43 позиций кадра F02532). Отличие от соседних подкадров: материал — не указан. Что в кадре: шланг спиральный. Как выглядит: шланг: гибкий рукав, свернутый кольцом, концы с фитингами. По данным позиций кадра: материал — поливинилхлорид; форма — спиральный; тип — шланг; вид — напорно-всасывающий. Ракурс и композиция: 3/4 немного сверху, изделие целиком по центру, занимает около 70 % кадра; шланг свернут свободным кольцом, концы на переднем плане. Фон: светлый нейтральный бесшовный #F4F6F9 без текстуры и горизонта. Свет: мягкий студийный из большого софтбокса, мягкая тень под предметом, резкость по всему предмету. Не должно быть: чужих логотипов, названий заводов и брендов, водяных знаков, надписей и любого текста, людей и рук, лишних предметов. Итог: квадрат 1200×1200 px, WebP.";"Photorealistic catalog product photo. Spiral hose. Hose coiled in a ring with end fittings. Shape: spiral; type: hose; kind: suction and delivery. Three-quarter view from slightly above, whole item centred, filling about 70% of the frame; hose in a loose coil, ends in front. Plain seamless light neutral background #F4F6F9, no texture, no horizon line. Soft large-softbox studio lighting, soft contact shadow underneath, sharp focus across the whole item, photorealistic e-commerce catalog product photo, high detail, 85mm lens look, square 1:1, 1200x1200.";text, letters, numbers, logo, brand name, manufacturer marking, watermark, printed label, people, hands, faces, multiple products, cluttered background, props, distorted geometry, extra parts, cartoon, illustration, CGI look, blur, low resolution;текст, буквы, цифры, логотип, бренд, заводская маркировка, водяной знак, этикетка с надписями, люди, руки, лица, несколько предметов, захламленный фон, реквизит, искаженная геометрия, лишние детали, мультяшный стиль, иллюстрация, вид 3D-рендера, размытие, низкое разрешение;генерация;"Генерация по промпту; за основу — готовый снимок кадра F02532 (тот же ракурс, свет, фон), меняется только отличие подкадра.";photos/F02532-a.webp
F02532-b;F02532;3;14225;Рукава;Шланг спиральный;шланг спиральный;;материал — ПВХ;шланг спиральный;ПВХ;свой снимок;11;"Фотореалистичная предметная фотография для каталога. Подкадр F02532-b (11 из 43 позиций кадра F02532). Отличие от соседних подкадров: материал — ПВХ. Что в кадре: шланг спиральный, ПВХ. Как выглядит: шланг: гибкий рукав, свернутый кольцом, концы с фитингами. По данным позиций кадра: материал — pvc, пвх; форма — гофрированный, спиральный; тип — рукав, шланг; вид — напорно-всасывающий; исполнение — абразивостойкий, гибкий, морозостойкий, ударопрочный. Ракурс и композиция: 3/4 немного сверху, изделие целиком по центру, занимает около 70 % кадра; шланг свернут свободным кольцом, концы на переднем плане. Фон: светлый нейтральный бесшовный #F4F6F9 без текстуры и горизонта. Свет: мягкий студийный из большого софтбокса, мягкая тень под предметом, резкость по всему предмету. Не должно быть: чужих логотипов, названий заводов и брендов, водяных знаков, надписей и любого текста, людей и рук, лишних предметов. Итог: квадрат 1200×1200 px, WebP.";"Photorealistic catalog product photo. Distinctive for this variant: material PVC. Spiral hose. Hose coiled in a ring with end fittings. Material: PVC; type: hose hose; kind: suction and delivery. Three-quarter view from slightly above, whole item centred, filling about 70% of the frame; hose in a loose coil, ends in front. Plain seamless light neutral background #F4F6F9, no texture, no horizon line. Soft large-softbox studio lighting, soft contact shadow underneath, sharp focus across the whole item, photorealistic e-commerce catalog product photo, high detail, 85mm lens look, square 1:1, 1200x1200.";text, letters, numbers, logo, brand name, manufacturer marking, watermark, printed label, people, hands, faces, multiple products, cluttered background, props, distorted geometry, extra parts, cartoon, illustration, CGI look, blur, low resolution;текст, буквы, цифры, логотип, бренд, заводская маркировка, водяной знак, этикетка с надписями, люди, руки, лица, несколько предметов, захламленный фон, реквизит, искаженная геометрия, лишние детали, мультяшный стиль, иллюстрация, вид 3D-рендера, размытие, низкое разрешение;генерация;"Генерация по промпту; за основу — готовый снимок кадра F02532 (тот же ракурс, свет, фон), меняется только отличие подкадра.";photos/F02532-b.webp
F02641-a;F02641;2;3889;Рукава;Штуцер;штуцер;;весь кадр;;;весь кадр — снимок кадра;41;"Фотореалистичная предметная фотография для каталога. Подкадр F02641-a — весь кадр F02641 (41 поз.): позиций мало или на фото они одинаковы. Что в кадре: штуцер. Как выглядит: штуцер в типичном для этого вида исполнении (группа «Штуцер»); форму, пропорции и детали — как у типичного изделия этого вида. По данным позиций кадра: материал — сталь; покрытие — цинковое 9 мкм с хроматированием; тип — штуцер; вид — переходной (51 %). Ракурс и композиция: 3/4 немного сверху, изделие целиком по центру, занимает около 70 % кадра. Фон: светлый нейтральный бесшовный #F4F6F9 без текстуры и горизонта. Свет: мягкий студийный из большого софтбокса, мягкая тень под предметом, резкость по всему предмету. Не должно быть: чужих логотипов, названий заводов и брендов, водяных знаков, надписей и любого текста, людей и рук, лишних предметов. Итог: квадрат 1200×1200 px, WebP.";"Photorealistic catalog product photo. Nipple fitting. Nipple fitting in its typical standard design. Material: steel; finish: chrome-plated, zinc-plated; type: nipple fitting; kind: adapter. Three-quarter view from slightly above, whole item centred, filling about 70% of the frame. Plain seamless light neutral background #F4F6F9, no texture, no horizon line. Soft large-softbox studio lighting, soft contact shadow underneath, sharp focus across the whole item, photorealistic e-commerce catalog product photo, high detail, 85mm lens look, square 1:1, 1200x1200.";text, letters, numbers, logo, brand name, manufacturer marking, watermark, printed label, people, hands, faces, multiple products, cluttered background, props, distorted geometry, extra parts, cartoon, illustration, CGI look, blur, low resolution;текст, буквы, цифры, логотип, бренд, заводская маркировка, водяной знак, этикетка с надписями, люди, руки, лица, несколько предметов, захламленный фон, реквизит, искаженная геометрия, лишние детали, мультяшный стиль, иллюстрация, вид 3D-рендера, размытие, низкое разрешение;снимок кадра;Отдельный снимок не нужен: на эти позиции встает снимок кадра F02641 (файл photos/F02641.webp).;— (используется photos/F02641.webp)
F02712-a;F02712;2;4008;Рукава;Шланг термостойкий;шланг термостойкий;;весь кадр;;;весь кадр — снимок кадра;40;"Фотореалистичная предметная фотография для каталога. Подкадр F02712-a — весь кадр F02712 (40 поз.): позиций мало или на фото они одинаковы. Что в кадре: шланг термостойкий. Как выглядит: шланг: гибкий рукав, свернутый кольцом, концы с фитингами. По данным позиций кадра: материал — ткань, tpv; форма — спиральный; тип — шланг; вид — напорно-всасывающий. Ракурс и композиция: 3/4 немного сверху, изделие целиком по центру, занимает около 70 % кадра; шланг свернут свободным кольцом, концы на переднем плане. Фон: светлый нейтральный бесшовный #F4F6F9 без текстуры и горизонта. Свет: мягкий студийный из большого софтбокса, мягкая тень под предметом, резкость по всему предмету. Не должно быть: чужих логотипов, названий заводов и брендов, водяных знаков, надписей и любого текста, людей и рук, лишних предметов. Итог: квадрат 1200×1200 px, WebP.";"Photorealistic catalog product photo. Heat-resistant hose. Hose coiled in a ring with end fittings. Material: fabric; shape: spiral; type: hose; kind: suction and delivery. Three-quarter view from slightly above, whole item centred, filling about 70% of the frame; hose in a loose coil, ends in front. Plain seamless light neutral background #F4F6F9, no texture, no horizon line. Soft large-softbox studio lighting, soft contact shadow underneath, sharp focus across the whole item, photorealistic e-commerce catalog product photo, high detail, 85mm lens look, square 1:1, 1200x1200.";text, letters, numbers, logo, brand name, manufacturer marking, watermark, printed label, people, hands, faces, multiple products, cluttered background, props, distorted geometry, extra parts, cartoon, illustration, CGI look, blur, low resolution;текст, буквы, цифры, логотип, бренд, заводская маркировка, водяной знак, этикетка с надписями, люди, руки, лица, несколько предметов, захламленный фон, реквизит, искаженная геометрия, лишние детали, мультяшный стиль, иллюстрация, вид 3D-рендера, размытие, низкое разрешение;снимок кадра;Отдельный снимок не нужен: на эти позиции встает снимок кадра F02712 (файл photos/F02712.webp).;— (используется photos/F02712.webp)
F02741-a;F02741;2;4789;Рукава;группа «Рукава напорные»;изделия группы «Рукава напорные»;;прочие позиции кадра;;;прочие позиции кадра — снимок кадра;34;"Фотореалистичная предметная фотография для каталога. Подкадр F02741-a — прочие позиции кадра F02741 (34 из 39), у которых нет общего заметного отличия от остальных 1 подкадров кадра; снимок как у кадра F02741. Что в кадре: типичное изделие группы «Рукава напорные». Как выглядит: рукав (шланг): гибкий рукав из резины или ПВХ, отрезок свернут кольцом, концы с фитингами по данным. По данным позиций кадра: материал — силикон; тип — рукав. Ракурс и композиция: 3/4 немного сверху, изделие целиком по центру, занимает около 70 % кадра. Фон: светлый нейтральный бесшовный #F4F6F9 без текстуры и горизонта. Свет: мягкий студийный из большого софтбокса, мягкая тень под предметом, резкость по всему предмету. Не должно быть: чужих логотипов, названий заводов и брендов, водяных знаков, надписей и любого текста, людей и рук, лишних предметов. Итог: квадрат 1200×1200 px, WebP.";"Photorealistic catalog product photo. Typical product: pressure hoses. Hose, flexible rubber or PVC tube coiled in a ring, end fittings per data. Material: silicone; type: hose. Three-quarter view from slightly above, whole item centred, filling about 70% of the frame. Plain seamless light neutral background #F4F6F9, no texture, no horizon line. Soft large-softbox studio lighting, soft contact shadow underneath, sharp focus across the whole item, photorealistic e-commerce catalog product photo, high detail, 85mm lens look, square 1:1, 1200x1200.";text, letters, numbers, logo, brand name, manufacturer marking, watermark, printed label, people, hands, faces, multiple products, cluttered background, props, distorted geometry, extra parts, cartoon, illustration, CGI look, blur, low resolution;текст, буквы, цифры, логотип, бренд, заводская маркировка, водяной знак, этикетка с надписями, люди, руки, лица, несколько предметов, захламленный фон, реквизит, искаженная геометрия, лишние детали, мультяшный стиль, иллюстрация, вид 3D-рендера, размытие, низкое разрешение;снимок кадра;Отдельный снимок не нужен: на эти позиции встает снимок кадра F02741 (файл photos/F02741.webp).;— (используется photos/F02741.webp)
F02741-b;F02741;5;27241;Рукава;группа «Рукава напорные»;изделия группы «Рукава напорные»;;материал — резина;;резина;свой снимок;5;"Фотореалистичная предметная фотография для каталога. Подкадр F02741-b (5 из 39 позиций кадра F02741). Отличие от соседних подкадров: материал — резина. Что в кадре: типичное изделие группы «Рукава напорные». Как выглядит: рукав (шланг): гибкий рукав из резины или ПВХ, отрезок свернут кольцом, концы с фитингами по данным. По данным позиций кадра: материал — резина; тип — рукав. Ракурс и композиция: 3/4 немного сверху, изделие целиком по центру, занимает около 70 % кадра. Фон: светлый нейтральный бесшовный #F4F6F9 без текстуры и горизонта. Свет: мягкий студийный из большого софтбокса, мягкая тень под предметом, резкость по всему предмету. Не должно быть: чужих логотипов, названий заводов и брендов, водяных знаков, надписей и любого текста, людей и рук, лишних предметов. Итог: квадрат 1200×1200 px, WebP.";"Photorealistic catalog product photo. Distinctive for this variant: material rubber. Typical product: pressure hoses. Hose, flexible rubber or PVC tube coiled in a ring, end fittings per data. Material: rubber; type: hose. Three-quarter view from slightly above, whole item centred, filling about 70% of the frame. Plain seamless light neutral background #F4F6F9, no texture, no horizon line. Soft large-softbox studio lighting, soft contact shadow underneath, sharp focus across the whole item, photorealistic e-commerce catalog product photo, high detail, 85mm lens look, square 1:1, 1200x1200.";text, letters, numbers, logo, brand name, manufacturer marking, watermark, printed label, people, hands, faces, multiple products, cluttered background, props, distorted geometry, extra parts, cartoon, illustration, CGI look, blur, low resolution;текст, буквы, цифры, логотип, бренд, заводская маркировка, водяной знак, этикетка с надписями, люди, руки, лица, несколько предметов, захламленный фон, реквизит, искаженная геометрия, лишние детали, мультяшный стиль, иллюстрация, вид 3D-рендера, размытие, низкое разрешение;генерация;"Генерация по промпту; за основу — готовый снимок кадра F02741 (тот же ракурс, свет, фон), меняется только отличие подкадра.";photos/F02741-b.webp
F02752-a;F02752;2;4947;Рукава;Шланг силиконовый;шланг силиконовый;;материал — стекло;шланг силиконовый;стекло;свой снимок;33;"Фотореалистичная предметная фотография для каталога. Подкадр F02752-a (33 из 38 позиций кадра F02752). Отличие от соседних подкадров: материал — стекло. Что в кадре: шланг силиконовый, стекло. Как выглядит: шланг: гибкий рукав, свернутый кольцом, концы с фитингами. По данным позиций кадра: материал — силикон, стеклоткань; форма — спиральный; тип — шланг; вид — напорно-всасывающий. Ракурс и композиция: 3/4 немного сверху, изделие целиком по центру, занимает около 70 % кадра; шланг свернут свободным кольцом, концы на переднем плане. Фон: светлый нейтральный бесшовный #F4F6F9 без текстуры и горизонта. Свет: мягкий студийный из большого софтбокса, мягкая тень под предметом, резкость по всему предмету. Не должно быть: чужих логотипов, названий заводов и брендов, водяных знаков, надписей и любого текста, людей и рук, лишних предметов. Итог: квадрат 1200×1200 px, WebP.";"Photorealistic catalog product photo. Distinctive for this variant: material glass. Silicone hose. Hose coiled in a ring with end fittings. Material: glass, silicone, fabric; shape: spiral; type: hose; kind: suction and delivery. Three-quarter view from slightly above, whole item centred, filling about 70% of the frame; hose in a loose coil, ends in front. Plain seamless light neutral background #F4F6F9, no texture, no horizon line. Soft large-softbox studio lighting, soft contact shadow underneath, sharp focus across the whole item, photorealistic e-commerce catalog product photo, high detail, 85mm lens look, square 1:1, 1200x1200.";text, letters, numbers, logo, brand name, manufacturer marking, watermark, printed label, people, hands, faces, multiple products, cluttered background, props, distorted geometry, extra parts, cartoon, illustration, CGI look, blur, low resolution;текст, буквы, цифры, логотип, бренд, заводская маркировка, водяной знак, этикетка с надписями, люди, руки, лица, несколько предметов, захламленный фон, реквизит, искаженная геометрия, лишние детали, мультяшный стиль, иллюстрация, вид 3D-рендера, размытие, низкое разрешение;генерация;"Генерация по промпту; за основу — готовый снимок кадра F02752 (тот же ракурс, свет, фон), меняется только отличие подкадра.";photos/F02752-a.webp
F02752-b;F02752;5;27252;Рукава;Шланг силиконовый;шланг силиконовый;;материал — не указан;шланг силиконовый;;свой снимок;5;"Фотореалистичная предметная фотография для каталога. Подкадр F02752-b (5 из 38 позиций кадра F02752). Отличие от соседних подкадров: материал — не указан. Что в кадре: шланг силиконовый. Как выглядит: шланг: гибкий рукав, свернутый кольцом, концы с фитингами. По данным позиций кадра: материал — силикон; тип — шланг. Ракурс и композиция: 3/4 немного сверху, изделие целиком по центру, занимает около 70 % кадра; шланг свернут свободным кольцом, концы на переднем плане. Фон: светлый нейтральный бесшовный #F4F6F9 без текстуры и горизонта. Свет: мягкий студийный из большого софтбокса, мягкая тень под предметом, резкость по всему предмету. Не должно быть: чужих логотипов, названий заводов и брендов, водяных знаков, надписей и любого текста, людей и рук, лишних предметов. Итог: квадрат 1200×1200 px, WebP.";"Photorealistic catalog product photo. Silicone hose. Hose coiled in a ring with end fittings. Material: silicone; type: hose. Three-quarter view from slightly above, whole item centred, filling about 70% of the frame; hose in a loose coil, ends in front. Plain seamless light neutral background #F4F6F9, no texture, no horizon line. Soft large-softbox studio lighting, soft contact shadow underneath, sharp focus across the whole item, photorealistic e-commerce catalog product photo, high detail, 85mm lens look, square 1:1, 1200x1200.";text, letters, numbers, logo, brand name, manufacturer marking, watermark, printed label, people, hands, faces, multiple products, cluttered background, props, distorted geometry, extra parts, cartoon, illustration, CGI look, blur, low resolution;текст, буквы, цифры, логотип, бренд, заводская маркировка, водяной знак, этикетка с надписями, люди, руки, лица, несколько предметов, захламленный фон, реквизит, искаженная геометрия, лишние детали, мультяшный стиль, иллюстрация, вид 3D-рендера, размытие, низкое разрешение;генерация;"Генерация по промпту; за основу — готовый снимок кадра F02752 (тот же ракурс, свет, фон), меняется только отличие подкадра.";photos/F02752-b.webp
F02885-a;F02885;3;8550;Рукава;Шланг ассенизаторский;шланг ассенизаторский;;материал — не указан;шланг ассенизаторский;;свой снимок;19;"Фотореалистичная предметная фотография для каталога. Подкадр F02885-a (19 из 31 позиций кадра F02885). Отличие от соседних подкадров: материал — не указан. Что в кадре: шланг ассенизаторский. Как выглядит: шланг: гибкий рукав, свернутый кольцом, концы с фитингами. По данным позиций кадра: материал — поливинилхлорид; тип — шланг; вид — напорно-всасывающий; исполнение — морозостойкий. Ракурс и композиция: 3/4 немного сверху, изделие целиком по центру, занимает около 70 % кадра; шланг свернут свободным кольцом, концы на переднем плане. Фон: светлый нейтральный бесшовный #F4F6F9 без текстуры и горизонта. Свет: мягкий студийный из большого софтбокса, мягкая тень под предметом, резкость по всему предмету. Не должно быть: чужих логотипов, названий заводов и брендов, водяных знаков, надписей и любого текста, людей и рук, лишних предметов. Итог: квадрат 1200×1200 px, WebP.";"Photorealistic catalog product photo. Sewage hose. Hose coiled in a ring with end fittings. Type: hose; kind: suction and delivery. Three-quarter view from slightly above, whole item centred, filling about 70% of the frame; hose in a loose coil, ends in front. Plain seamless light neutral background #F4F6F9, no texture, no horizon line. Soft large-softbox studio lighting, soft contact shadow underneath, sharp focus across the whole item, photorealistic e-commerce catalog product photo, high detail, 85mm lens look, square 1:1, 1200x1200.";text, letters, numbers, logo, brand name, manufacturer marking, watermark, printed label, people, hands, faces, multiple products, cluttered background, props, distorted geometry, extra parts, cartoon, illustration, CGI look, blur, low resolution;текст, буквы, цифры, логотип, бренд, заводская маркировка, водяной знак, этикетка с надписями, люди, руки, лица, несколько предметов, захламленный фон, реквизит, искаженная геометрия, лишние детали, мультяшный стиль, иллюстрация, вид 3D-рендера, размытие, низкое разрешение;генерация;"Генерация по промпту; за основу — готовый снимок кадра F02885 (тот же ракурс, свет, фон), меняется только отличие подкадра.";photos/F02885-a.webp
F02885-b;F02885;3;13351;Рукава;Шланг ассенизаторский;шланг ассенизаторский;;материал — ПВХ;шланг ассенизаторский;ПВХ;свой снимок;12;"Фотореалистичная предметная фотография для каталога. Подкадр F02885-b (12 из 31 позиций кадра F02885). Отличие от соседних подкадров: материал — ПВХ. Что в кадре: шланг ассенизаторский, ПВХ. Как выглядит: шланг: гибкий рукав, свернутый кольцом, концы с фитингами. По данным позиций кадра: материал — pvc, пвх; форма — гофрированный, спиральный; тип — шланг (58 %); вид — напорно-всасывающий; исполнение — морозостойкий (58 %). Ракурс и композиция: 3/4 немного сверху, изделие целиком по центру, занимает около 70 % кадра; шланг свернут свободным кольцом, концы на переднем плане. Фон: светлый нейтральный бесшовный #F4F6F9 без текстуры и горизонта. Свет: мягкий студийный из большого софтбокса, мягкая тень под предметом, резкость по всему предмету. Не должно быть: чужих логотипов, названий заводов и брендов, водяных знаков, надписей и любого текста, людей и рук, лишних предметов. Итог: квадрат 1200×1200 px, WebP.";"Photorealistic catalog product photo. Distinctive for this variant: material PVC. Sewage hose. Hose coiled in a ring with end fittings. Material: PVC; type: hose; kind: suction and delivery. Three-quarter view from slightly above, whole item centred, filling about 70% of the frame; hose in a loose coil, ends in front. Plain seamless light neutral background #F4F6F9, no texture, no horizon line. Soft large-softbox studio lighting, soft contact shadow underneath, sharp focus across the whole item, photorealistic e-commerce catalog product photo, high detail, 85mm lens look, square 1:1, 1200x1200.";text, letters, numbers, logo, brand name, manufacturer marking, watermark, printed label, people, hands, faces, multiple products, cluttered background, props, distorted geometry, extra parts, cartoon, illustration, CGI look, blur, low resolution;текст, буквы, цифры, логотип, бренд, заводская маркировка, водяной знак, этикетка с надписями, люди, руки, лица, несколько предметов, захламленный фон, реквизит, искаженная геометрия, лишние детали, мультяшный стиль, иллюстрация, вид 3D-рендера, размытие, низкое разрешение;генерация;"Генерация по промпту; за основу — готовый снимок кадра F02885 (тот же ракурс, свет, фон), меняется только отличие подкадра.";photos/F02885-b.webp
F02886-a;F02886;2;5296;Рукава;Шланг трудновоспламеняемый;шланг трудновоспламеняемый;;весь кадр;;;весь кадр — снимок кадра;31;"Фотореалистичная предметная фотография для каталога. Подкадр F02886-a — весь кадр F02886 (31 поз.): позиций мало или на фото они одинаковы. Что в кадре: шланг трудновоспламеняемый. Как выглядит: шланг: гибкий рукав, свернутый кольцом, концы с фитингами. По данным позиций кадра: материал — пвх, стеклоткань; форма — спиральный; тип — шланг; вид — напорно-всасывающий. Ракурс и композиция: 3/4 немного сверху, изделие целиком по центру, занимает около 70 % кадра; шланг свернут свободным кольцом, концы на переднем плане. Фон: светлый нейтральный бесшовный #F4F6F9 без текстуры и горизонта. Свет: мягкий студийный из большого софтбокса, мягкая тень под предметом, резкость по всему предмету. Не должно быть: чужих логотипов, названий заводов и брендов, водяных знаков, надписей и любого текста, людей и рук, лишних предметов. Итог: квадрат 1200×1200 px, WebP.";"Photorealistic catalog product photo. Flame-retardant hose. Hose coiled in a ring with end fittings. Material: PVC, glass, fabric; shape: spiral; type: hose; kind: suction and delivery. Three-quarter view from slightly above, whole item centred, filling about 70% of the frame; hose in a loose coil, ends in front. Plain seamless light neutral background #F4F6F9, no texture, no horizon line. Soft large-softbox studio lighting, soft contact shadow underneath, sharp focus across the whole item, photorealistic e-commerce catalog product photo, high detail, 85mm lens look, square 1:1, 1200x1200.";text, letters, numbers, logo, brand name, manufacturer marking, watermark, printed label, people, hands, faces, multiple products, cluttered background, props, distorted geometry, extra parts, cartoon, illustration, CGI look, blur, low resolution;текст, буквы, цифры, логотип, бренд, заводская маркировка, водяной знак, этикетка с надписями, люди, руки, лица, несколько предметов, захламленный фон, реквизит, искаженная геометрия, лишние детали, мультяшный стиль, иллюстрация, вид 3D-рендера, размытие, низкое разрешение;снимок кадра;Отдельный снимок не нужен: на эти позиции встает снимок кадра F02886 (файл photos/F02886.webp).;— (используется photos/F02886.webp)
F02945-a;F02945;2;6095;Рукава;Рукав плоскосворачиваемый;рукав плоскосворачиваемый;;материал — ПВХ;рукав плоскосворачиваемый;ПВХ;свой снимок;27;"Фотореалистичная предметная фотография для каталога. Подкадр F02945-a (27 из 28 позиций кадра F02945). Отличие от соседних подкадров: материал — ПВХ. Что в кадре: рукав плоскосворачиваемый, ПВХ. Как выглядит: рукав (шланг): гибкий рукав из резины или ПВХ, отрезок свернут кольцом, концы с фитингами по данным. По данным позиций кадра: материал — pvc, пвх, силикон (78 %); форма — плоскосворачиваемый; тип — рукав; вид — напорный; исполнение — морозостойкий. Ракурс и композиция: 3/4 немного сверху, изделие целиком по центру, занимает около 70 % кадра; рукав свернут свободным кольцом, концы с фитингами на переднем плане. Фон: светлый нейтральный бесшовный #F4F6F9 без текстуры и горизонта. Свет: мягкий студийный из большого софтбокса, мягкая тень под предметом, резкость по всему предмету. Не должно быть: чужих логотипов, названий заводов и брендов, водяных знаков, надписей и любого текста, людей и рук, лишних предметов. Итог: квадрат 1200×1200 px, WebP.";"Photorealistic catalog product photo. Distinctive for this variant: material PVC. Lay-flat hose. Hose, flexible rubber or PVC tube coiled in a ring, end fittings per data. Material: PVC, silicone; shape: lay-flat; type: hose; kind: pressure. Three-quarter view from slightly above, whole item centred, filling about 70% of the frame; hose in a loose coil, end fittings in front. Plain seamless light neutral background #F4F6F9, no texture, no horizon line. Soft large-softbox studio lighting, soft contact shadow underneath, sharp focus across the whole item, photorealistic e-commerce catalog product photo, high detail, 85mm lens look, square 1:1, 1200x1200.";text, letters, numbers, logo, brand name, manufacturer marking, watermark, printed label, people, hands, faces, multiple products, cluttered background, props, distorted geometry, extra parts, cartoon, illustration, CGI look, blur, low resolution;текст, буквы, цифры, логотип, бренд, заводская маркировка, водяной знак, этикетка с надписями, люди, руки, лица, несколько предметов, захламленный фон, реквизит, искаженная геометрия, лишние детали, мультяшный стиль, иллюстрация, вид 3D-рендера, размытие, низкое разрешение;генерация;"Генерация по промпту; за основу — готовый снимок кадра F02945 (тот же ракурс, свет, фон), меняется только отличие подкадра.";photos/F02945-a.webp
F02945-b;F02945;5;28875;Рукава;Рукав плоскосворачиваемый;рукав плоскосворачиваемый;;прочие позиции кадра;;;прочие позиции кадра — снимок кадра;1;"Фотореалистичная предметная фотография для каталога. Подкадр F02945-b — прочие позиции кадра F02945 (1 из 28), у которых нет общего заметного отличия от остальных 1 подкадров кадра; снимок как у кадра F02945. Что в кадре: рукав плоскосворачиваемый, полиуретан. Как выглядит: рукав (шланг): гибкий рукав из резины или ПВХ, отрезок свернут кольцом, концы с фитингами по данным. По данным позиций кадра: материал — тпу, полиуретан, ткань; форма — плоскосворачиваемый; тип — рукав; вид — напорный; исполнение — износостойкий, морозостойкий, термостойкий. Ракурс и композиция: 3/4 немного сверху, изделие целиком по центру, занимает около 70 % кадра; рукав свернут свободным кольцом, концы с фитингами на переднем плане. Фон: светлый нейтральный бесшовный #F4F6F9 без текстуры и горизонта. Свет: мягкий студийный из большого софтбокса, мягкая тень под предметом, резкость по всему предмету. Не должно быть: чужих логотипов, названий заводов и брендов, водяных знаков, надписей и любого текста, людей и рук, лишних предметов. Итог: квадрат 1200×1200 px, WebP.";"Photorealistic catalog product photo. Lay-flat hose. Hose, flexible rubber or PVC tube coiled in a ring, end fittings per data. Material: polyurethane, fabric; shape: lay-flat; type: hose; kind: pressure. Three-quarter view from slightly above, whole item centred, filling about 70% of the frame; hose in a loose coil, end fittings in front. Plain seamless light neutral background #F4F6F9, no texture, no horizon line. Soft large-softbox studio lighting, soft contact shadow underneath, sharp focus across the whole item, photorealistic e-commerce catalog product photo, high detail, 85mm lens look, square 1:1, 1200x1200.";text, letters, numbers, logo, brand name, manufacturer marking, watermark, printed label, people, hands, faces, multiple products, cluttered background, props, distorted geometry, extra parts, cartoon, illustration, CGI look, blur, low resolution;текст, буквы, цифры, логотип, бренд, заводская маркировка, водяной знак, этикетка с надписями, люди, руки, лица, несколько предметов, захламленный фон, реквизит, искаженная геометрия, лишние детали, мультяшный стиль, иллюстрация, вид 3D-рендера, размытие, низкое разрешение;снимок кадра;Отдельный снимок не нужен: на эти позиции встает снимок кадра F02945 (файл photos/F02945.webp).;— (используется photos/F02945.webp)
F03064-a;F03064;2;7516;Рукава;Рукав маслобензостойкий;рукав маслобензостойкий;;материал — резина;рукав маслобензостойкий;резина;свой снимок;22;"Фотореалистичная предметная фотография для каталога. Подкадр F03064-a (22 из 24 позиций кадра F03064). Отличие от соседних подкадров: материал — резина. Что в кадре: рукав маслобензостойкий, резина. Как выглядит: рукав (шланг): гибкий рукав из резины или ПВХ, отрезок свернут кольцом, концы с фитингами по данным. По данным позиций кадра: материал — каучук, резина; тип — рукав, шланг; вид — напорно-всасывающий (68 %); исполнение — антистатический, гибкий, морозостойкий, ударопрочный. Ракурс и композиция: 3/4 немного сверху, изделие целиком по центру, занимает около 70 % кадра; рукав свернут свободным кольцом, концы с фитингами на переднем плане. Фон: светлый нейтральный бесшовный #F4F6F9 без текстуры и горизонта. Свет: мягкий студийный из большого софтбокса, мягкая тень под предметом, резкость по всему предмету. Не должно быть: чужих логотипов, названий заводов и брендов, водяных знаков, надписей и любого текста, людей и рук, лишних предметов. Итог: квадрат 1200×1200 px, WebP.";"Photorealistic catalog product photo. Distinctive for this variant: material rubber. Oil and petrol resistant hose. Hose, flexible rubber or PVC tube coiled in a ring, end fittings per data. Material: rubber; type: hose hose; kind: suction and delivery. Three-quarter view from slightly above, whole item centred, filling about 70% of the frame; hose in a loose coil, end fittings in front. Plain seamless light neutral background #F4F6F9, no texture, no horizon line. Soft large-softbox studio lighting, soft contact shadow underneath, sharp focus across the whole item, photorealistic e-commerce catalog product photo, high detail, 85mm lens look, square 1:1, 1200x1200.";text, letters, numbers, logo, brand name, manufacturer marking, watermark, printed label, people, hands, faces, multiple products, cluttered background, props, distorted geometry, extra parts, cartoon, illustration, CGI look, blur, low resolution;текст, буквы, цифры, логотип, бренд, заводская маркировка, водяной знак, этикетка с надписями, люди, руки, лица, несколько предметов, захламленный фон, реквизит, искаженная геометрия, лишние детали, мультяшный стиль, иллюстрация, вид 3D-рендера, размытие, низкое разрешение;генерация;"Генерация по промпту; за основу — готовый снимок кадра F03064 (тот же ракурс, свет, фон), меняется только отличие подкадра.";photos/F03064-a.webp
F03064-b;F03064;5;28521;Рукава;Рукав маслобензостойкий;рукав маслобензостойкий;;прочие позиции кадра;;;прочие позиции кадра — снимок кадра;2;"Фотореалистичная предметная фотография для каталога. Подкадр F03064-b — прочие позиции кадра F03064 (2 из 24), у которых нет общего заметного отличия от остальных 1 подкадров кадра; снимок как у кадра F03064. Что в кадре: рукав маслобензостойкий, ПВХ. Как выглядит: рукав (шланг): гибкий рукав из резины или ПВХ, отрезок свернут кольцом, концы с фитингами по данным. По данным позиций кадра: материал — pvc, пвх; форма — спиральный; тип — рукав, шланг (50 %); вид — напорно-всасывающий. Ракурс и композиция: 3/4 немного сверху, изделие целиком по центру, занимает около 70 % кадра; рукав свернут свободным кольцом, концы с фитингами на переднем плане. Фон: светлый нейтральный бесшовный #F4F6F9 без текстуры и горизонта. Свет: мягкий студийный из большого софтбокса, мягкая тень под предметом, резкость по всему предмету. Не должно быть: чужих логотипов, названий заводов и брендов, водяных знаков, надписей и любого текста, людей и рук, лишних предметов. Итог: квадрат 1200×1200 px, WebP.";"Photorealistic catalog product photo. Oil and petrol resistant hose. Hose, flexible rubber or PVC tube coiled in a ring, end fittings per data. Material: PVC; shape: spiral; type: hose hose; kind: suction and delivery. Three-quarter view from slightly above, whole item centred, filling about 70% of the frame; hose in a loose coil, end fittings in front. Plain seamless light neutral background #F4F6F9, no texture, no horizon line. Soft large-softbox studio lighting, soft contact shadow underneath, sharp focus across the whole item, photorealistic e-commerce catalog product photo, high detail, 85mm lens look, square 1:1, 1200x1200.";text, letters, numbers, logo, brand name, manufacturer marking, watermark, printed label, people, hands, faces, multiple products, cluttered background, props, distorted geometry, extra parts, cartoon, illustration, CGI look, blur, low resolution;текст, буквы, цифры, логотип, бренд, заводская маркировка, водяной знак, этикетка с надписями, люди, руки, лица, несколько предметов, захламленный фон, реквизит, искаженная геометрия, лишние детали, мультяшный стиль, иллюстрация, вид 3D-рендера, размытие, низкое разрешение;снимок кадра;Отдельный снимок не нужен: на эти позиции встает снимок кадра F03064 (файл photos/F03064.webp).;— (используется photos/F03064.webp)
F03140-a;F03140;3;15638;Рукава;Рукав пищевой;рукав пищевой;;материал — не указан;рукав пищевой;;свой снимок;10;"Фотореалистичная предметная фотография для каталога. Подкадр F03140-a (10 из 22 позиций кадра F03140). Отличие от соседних подкадров: материал — не указан. Что в кадре: рукав пищевой. Как выглядит: рукав (шланг): гибкий рукав из резины или ПВХ, отрезок свернут кольцом, концы с фитингами по данным. По данным позиций кадра: тип — рукав. Ракурс и композиция: 3/4 немного сверху, изделие целиком по центру, занимает около 70 % кадра; рукав свернут свободным кольцом, концы с фитингами на переднем плане. Фон: светлый нейтральный бесшовный #F4F6F9 без текстуры и горизонта. Свет: мягкий студийный из большого софтбокса, мягкая тень под предметом, резкость по всему предмету. Не должно быть: чужих логотипов, названий заводов и брендов, водяных знаков, надписей и любого текста, людей и рук, лишних предметов. Итог: квадрат 1200×1200 px, WebP.";"Photorealistic catalog product photo. Food grade hose. Hose, flexible rubber or PVC tube coiled in a ring, end fittings per data. Type: hose. Three-quarter view from slightly above, whole item centred, filling about 70% of the frame; hose in a loose coil, end fittings in front. Plain seamless light neutral background #F4F6F9, no texture, no horizon line. Soft large-softbox studio lighting, soft contact shadow underneath, sharp focus across the whole item, photorealistic e-commerce catalog product photo, high detail, 85mm lens look, square 1:1, 1200x1200.";text, letters, numbers, logo, brand name, manufacturer marking, watermark, printed label, people, hands, faces, multiple products, cluttered background, props, distorted geometry, extra parts, cartoon, illustration, CGI look, blur, low resolution;текст, буквы, цифры, логотип, бренд, заводская маркировка, водяной знак, этикетка с надписями, люди, руки, лица, несколько предметов, захламленный фон, реквизит, искаженная геометрия, лишние детали, мультяшный стиль, иллюстрация, вид 3D-рендера, размытие, низкое разрешение;генерация;"Генерация по промпту; за основу — готовый снимок кадра F03140 (тот же ракурс, свет, фон), меняется только отличие подкадра.";photos/F03140-a.webp
F03140-b;F03140;4;21185;Рукава;Рукав пищевой;рукав пищевой;;материал — ПВХ;рукав пищевой;ПВХ;свой снимок;7;"Фотореалистичная предметная фотография для каталога. Подкадр F03140-b (7 из 22 позиций кадра F03140). Отличие от соседних подкадров: материал — ПВХ. Что в кадре: рукав пищевой, ПВХ. Как выглядит: рукав (шланг): гибкий рукав из резины или ПВХ, отрезок свернут кольцом, концы с фитингами по данным. По данным позиций кадра: материал — pvc, пвх; форма — спиральный; тип — рукав, шланг; вид — напорно-всасывающий. Ракурс и композиция: 3/4 немного сверху, изделие целиком по центру, занимает около 70 % кадра; рукав свернут свободным кольцом, концы с фитингами на переднем плане. Фон: светлый нейтральный бесшовный #F4F6F9 без текстуры и горизонта. Свет: мягкий студийный из большого софтбокса, мягкая тень под предметом, резкость по всему предмету. Не должно быть: чужих логотипов, названий заводов и брендов, водяных знаков, надписей и любого текста, людей и рук, лишних предметов. Итог: квадрат 1200×1200 px, WebP.";"Photorealistic catalog product photo. Distinctive for this variant: material PVC. Food grade hose. Hose, flexible rubber or PVC tube coiled in a ring, end fittings per data. Material: PVC; shape: spiral; type: hose hose; kind: suction and delivery. Three-quarter view from slightly above, whole item centred, filling about 70% of the frame; hose in a loose coil, end fittings in front. Plain seamless light neutral background #F4F6F9, no texture, no horizon line. Soft large-softbox studio lighting, soft contact shadow underneath, sharp focus across the whole item, photorealistic e-commerce catalog product photo, high detail, 85mm lens look, square 1:1, 1200x1200.";text, letters, numbers, logo, brand name, manufacturer marking, watermark, printed label, people, hands, faces, multiple products, cluttered background, props, distorted geometry, extra parts, cartoon, illustration, CGI look, blur, low resolution;текст, буквы, цифры, логотип, бренд, заводская маркировка, водяной знак, этикетка с надписями, люди, руки, лица, несколько предметов, захламленный фон, реквизит, искаженная геометрия, лишние детали, мультяшный стиль, иллюстрация, вид 3D-рендера, размытие, низкое разрешение;генерация;"Генерация по промпту; за основу — готовый снимок кадра F03140 (тот же ракурс, свет, фон), меняется только отличие подкадра.";photos/F03140-b.webp
F03140-c;F03140;5;27424;Рукава;Рукав пищевой;рукав пищевой;;материал — резина;рукав пищевой;резина;свой снимок;5;"Фотореалистичная предметная фотография для каталога. Подкадр F03140-c (5 из 22 позиций кадра F03140). Отличие от соседних подкадров: материал — резина. Что в кадре: рукав пищевой, резина. Как выглядит: рукав (шланг): гибкий рукав из резины или ПВХ, отрезок свернут кольцом, концы с фитингами по данным. По данным позиций кадра: материал — каучук, резина; тип — рукав, шланг; вид — напорно-всасывающий. Ракурс и композиция: 3/4 немного сверху, изделие целиком по центру, занимает около 70 % кадра; рукав свернут свободным кольцом, концы с фитингами на переднем плане. Фон: светлый нейтральный бесшовный #F4F6F9 без текстуры и горизонта. Свет: мягкий студийный из большого софтбокса, мягкая тень под предметом, резкость по всему предмету. Не должно быть: чужих логотипов, названий заводов и брендов, водяных знаков, надписей и любого текста, людей и рук, лишних предметов. Итог: квадрат 1200×1200 px, WebP.";"Photorealistic catalog product photo. Distinctive for this variant: material rubber. Food grade hose. Hose, flexible rubber or PVC tube coiled in a ring, end fittings per data. Material: rubber; type: hose hose; kind: suction and delivery. Three-quarter view from slightly above, whole item centred, filling about 70% of the frame; hose in a loose coil, end fittings in front. Plain seamless light neutral background #F4F6F9, no texture, no horizon line. Soft large-softbox studio lighting, soft contact shadow underneath, sharp focus across the whole item, photorealistic e-commerce catalog product photo, high detail, 85mm lens look, square 1:1, 1200x1200.";text, letters, numbers, logo, brand name, manufacturer marking, watermark, printed label, people, hands, faces, multiple products, cluttered background, props, distorted geometry, extra parts, cartoon, illustration, CGI look, blur, low resolution;текст, буквы, цифры, логотип, бренд, заводская маркировка, водяной знак, этикетка с надписями, люди, руки, лица, несколько предметов, захламленный фон, реквизит, искаженная геометрия, лишние детали, мультяшный стиль, иллюстрация, вид 3D-рендера, размытие, низкое разрешение;генерация;"Генерация по промпту; за основу — готовый снимок кадра F03140 (тот же ракурс, свет, фон), меняется только отличие подкадра.";photos/F03140-c.webp
F03205-a;F03205;3;12132;Рукава;Брс;брс;;у позиций разные: тип, материал;брс;;свой снимок;13;"Фотореалистичная предметная фотография для каталога. Подкадр F03205-a (13 из 20 позиций кадра F03205). Отличие от соседних подкадров: у позиций разные: тип, материал. Что в кадре: брс. Как выглядит: быстроразъемное соединение: металлическая муфта с ниппелем. По данным позиций кадра: материал — сталь (77 %); вид — брс. Ракурс и композиция: 3/4 немного сверху, изделие целиком по центру, занимает около 70 % кадра. Фон: светлый нейтральный бесшовный #F4F6F9 без текстуры и горизонта. Свет: мягкий студийный из большого софтбокса, мягкая тень под предметом, резкость по всему предмету. Не должно быть: чужих логотипов, названий заводов и брендов, водяных знаков, надписей и любого текста, людей и рук, лишних предметов. Итог: квадрат 1200×1200 px, WebP.";"Photorealistic catalog product photo. Quick coupling. Quick coupling, metal socket and nipple. Material: steel; kind: quick coupling. Three-quarter view from slightly above, whole item centred, filling about 70% of the frame. Plain seamless light neutral background #F4F6F9, no texture, no horizon line. Soft large-softbox studio lighting, soft contact shadow underneath, sharp focus across the whole item, photorealistic e-commerce catalog product photo, high detail, 85mm lens look, square 1:1, 1200x1200.";text, letters, numbers, logo, brand name, manufacturer marking, watermark, printed label, people, hands, faces, multiple products, cluttered background, props, distorted geometry, extra parts, cartoon, illustration, CGI look, blur, low resolution;текст, буквы, цифры, логотип, бренд, заводская маркировка, водяной знак, этикетка с надписями, люди, руки, лица, несколько предметов, захламленный фон, реквизит, искаженная геометрия, лишние детали, мультяшный стиль, иллюстрация, вид 3D-рендера, размытие, низкое разрешение;генерация;"Генерация по промпту; за основу — готовый снимок кадра F03205 (тот же ракурс, свет, фон), меняется только отличие подкадра.";photos/F03205-a.webp
F03205-b;F03205;4;21200;Рукава;Брс;брс;;материал — латунь;брс;латунь;свой снимок;7;"Фотореалистичная предметная фотография для каталога. Подкадр F03205-b (7 из 20 позиций кадра F03205). Отличие от соседних подкадров: материал — латунь. Что в кадре: брс, латунь. Как выглядит: быстроразъемное соединение: металлическая муфта с ниппелем. По данным позиций кадра: материал — латунь; тип — камлок; вид — брс; соединение — ниппель (71 %). Ракурс и композиция: 3/4 немного сверху, изделие целиком по центру, занимает около 70 % кадра. Фон: светлый нейтральный бесшовный #F4F6F9 без текстуры и горизонта. Свет: мягкий студийный из большого софтбокса, мягкая тень под предметом, резкость по всему предмету. Не должно быть: чужих логотипов, названий заводов и брендов, водяных знаков, надписей и любого текста, людей и рук, лишних предметов. Итог: квадрат 1200×1200 px, WebP.";"Photorealistic catalog product photo. Distinctive for this variant: material brass. Quick coupling. Quick coupling, metal socket and nipple. Material: brass; type: camlock coupling; kind: quick coupling. Three-quarter view from slightly above, whole item centred, filling about 70% of the frame. Plain seamless light neutral background #F4F6F9, no texture, no horizon line. Soft large-softbox studio lighting, soft contact shadow underneath, sharp focus across the whole item, photorealistic e-commerce catalog product photo, high detail, 85mm lens look, square 1:1, 1200x1200.";text, letters, numbers, logo, brand name, manufacturer marking, watermark, printed label, people, hands, faces, multiple products, cluttered background, props, distorted geometry, extra parts, cartoon, illustration, CGI look, blur, low resolution;текст, буквы, цифры, логотип, бренд, заводская маркировка, водяной знак, этикетка с надписями, люди, руки, лица, несколько предметов, захламленный фон, реквизит, искаженная геометрия, лишние детали, мультяшный стиль, иллюстрация, вид 3D-рендера, размытие, низкое разрешение;генерация;"Генерация по промпту; за основу — готовый снимок кадра F03205 (тот же ракурс, свет, фон), меняется только отличие подкадра.";photos/F03205-b.webp
F03352-a;F03352;3;9577;Рукава;Шланг поливочный;шланг поливочный;;весь кадр;;;весь кадр — снимок кадра;17;"Фотореалистичная предметная фотография для каталога. Подкадр F03352-a — весь кадр F03352 (17 поз.): позиций мало или на фото они одинаковы. Что в кадре: шланг поливочный. Как выглядит: шланг: гибкий рукав, свернутый кольцом, концы с фитингами. По данным позиций кадра: материал — резина; тип — шланг; вид — напорный. Ракурс и композиция: 3/4 немного сверху, изделие целиком по центру, занимает около 70 % кадра; шланг свернут свободным кольцом, концы на переднем плане. Фон: светлый нейтральный бесшовный #F4F6F9 без текстуры и горизонта. Свет: мягкий студийный из большого софтбокса, мягкая тень под предметом, резкость по всему предмету. Не должно быть: чужих логотипов, названий заводов и брендов, водяных знаков, надписей и любого текста, людей и рук, лишних предметов. Итог: квадрат 1200×1200 px, WebP.";"Photorealistic catalog product photo. Watering hose. Hose coiled in a ring with end fittings. Material: rubber; type: hose; kind: pressure. Three-quarter view from slightly above, whole item centred, filling about 70% of the frame; hose in a loose coil, ends in front. Plain seamless light neutral background #F4F6F9, no texture, no horizon line. Soft large-softbox studio lighting, soft contact shadow underneath, sharp focus across the whole item, photorealistic e-commerce catalog product photo, high detail, 85mm lens look, square 1:1, 1200x1200.";text, letters, numbers, logo, brand name, manufacturer marking, watermark, printed label, people, hands, faces, multiple products, cluttered background, props, distorted geometry, extra parts, cartoon, illustration, CGI look, blur, low resolution;текст, буквы, цифры, логотип, бренд, заводская маркировка, водяной знак, этикетка с надписями, люди, руки, лица, несколько предметов, захламленный фон, реквизит, искаженная геометрия, лишние детали, мультяшный стиль, иллюстрация, вид 3D-рендера, размытие, низкое разрешение;снимок кадра;Отдельный снимок не нужен: на эти позиции встает снимок кадра F03352 (файл photos/F03352.webp).;— (используется photos/F03352.webp)
F03539-a;F03539;3;11521;Рукава;"Брс; нержавеющая сталь";брс;нержавеющая сталь;весь кадр;;;весь кадр — снимок кадра;14;"Фотореалистичная предметная фотография для каталога. Подкадр F03539-a — весь кадр F03539 (14 поз.): позиций мало или на фото они одинаковы. Что в кадре: брс, нержавеющая сталь. Как выглядит: быстроразъемное соединение: металлическая муфта с ниппелем. По данным позиций кадра: материал — нержавеющая сталь; тип — камлок; вид — брс; соединение — ниппель (50 %). Ракурс и композиция: 3/4 немного сверху, изделие целиком по центру, занимает около 70 % кадра. Фон: светлый нейтральный бесшовный #F4F6F9 без текстуры и горизонта. Свет: мягкий студийный из большого софтбокса, мягкая тень под предметом, резкость по всему предмету. Не должно быть: чужих логотипов, названий заводов и брендов, водяных знаков, надписей и любого текста, людей и рук, лишних предметов. Итог: квадрат 1200×1200 px, WebP.";"Photorealistic catalog product photo. Quick coupling, stainless steel. Quick coupling, metal socket and nipple. Material: stainless steel; type: camlock coupling; kind: quick coupling. Three-quarter view from slightly above, whole item centred, filling about 70% of the frame. Plain seamless light neutral background #F4F6F9, no texture, no horizon line. Soft large-softbox studio lighting, soft contact shadow underneath, sharp focus across the whole item, photorealistic e-commerce catalog product photo, high detail, 85mm lens look, square 1:1, 1200x1200.";text, letters, numbers, logo, brand name, manufacturer marking, watermark, printed label, people, hands, faces, multiple products, cluttered background, props, distorted geometry, extra parts, cartoon, illustration, CGI look, blur, low resolution;текст, буквы, цифры, логотип, бренд, заводская маркировка, водяной знак, этикетка с надписями, люди, руки, лица, несколько предметов, захламленный фон, реквизит, искаженная геометрия, лишние детали, мультяшный стиль, иллюстрация, вид 3D-рендера, размытие, низкое разрешение;снимок кадра;Отдельный снимок не нужен: на эти позиции встает снимок кадра F03539 (файл photos/F03539.webp).;— (используется photos/F03539.webp)
F03686-a;F03686;3;13409;Рукава;Шланг маслобензостойкий;шланг маслобензостойкий;;весь кадр;;;весь кадр — снимок кадра;12;"Фотореалистичная предметная фотография для каталога. Подкадр F03686-a — весь кадр F03686 (12 поз.): позиций мало или на фото они одинаковы. Что в кадре: шланг маслобензостойкий. Как выглядит: шланг: гибкий рукав, свернутый кольцом, концы с фитингами. По данным позиций кадра: материал — поливинилхлорид; тип — шланг; вид — напорный. Ракурс и композиция: 3/4 немного сверху, изделие целиком по центру, занимает около 70 % кадра; шланг свернут свободным кольцом, концы на переднем плане. Фон: светлый нейтральный бесшовный #F4F6F9 без текстуры и горизонта. Свет: мягкий студийный из большого софтбокса, мягкая тень под предметом, резкость по всему предмету. Не должно быть: чужих логотипов, названий заводов и брендов, водяных знаков, надписей и любого текста, людей и рук, лишних предметов. Итог: квадрат 1200×1200 px, WebP.";"Photorealistic catalog product photo. Oil and petrol resistant hose. Hose coiled in a ring with end fittings. Type: hose; kind: pressure. Three-quarter view from slightly above, whole item centred, filling about 70% of the frame; hose in a loose coil, ends in front. Plain seamless light neutral background #F4F6F9, no texture, no horizon line. Soft large-softbox studio lighting, soft contact shadow underneath, sharp focus across the whole item, photorealistic e-commerce catalog product photo, high detail, 85mm lens look, square 1:1, 1200x1200.";text, letters, numbers, logo, brand name, manufacturer marking, watermark, printed label, people, hands, faces, multiple products, cluttered background, props, distorted geometry, extra parts, cartoon, illustration, CGI look, blur, low resolution;текст, буквы, цифры, логотип, бренд, заводская маркировка, водяной знак, этикетка с надписями, люди, руки, лица, несколько предметов, захламленный фон, реквизит, искаженная геометрия, лишние детали, мультяшный стиль, иллюстрация, вид 3D-рендера, размытие, низкое разрешение;снимок кадра;Отдельный снимок не нужен: на эти позиции встает снимок кадра F03686 (файл photos/F03686.webp).;— (используется photos/F03686.webp)
F03687-a;F03687;3;13410;Рукава;Шланг топливный;шланг топливный;;весь кадр;;;весь кадр — снимок кадра;12;"Фотореалистичная предметная фотография для каталога. Подкадр F03687-a — весь кадр F03687 (12 поз.): позиций мало или на фото они одинаковы. Что в кадре: шланг топливный. Как выглядит: шланг: гибкий рукав, свернутый кольцом, концы с фитингами. По данным позиций кадра: материал — pvc, пвх; форма — гофрированный, спиральный; тип — рукав, шланг; вид — напорно-всасывающий; исполнение — антистатический, гибкий, морозостойкий, ударопрочный. Ракурс и композиция: 3/4 немного сверху, изделие целиком по центру, занимает около 70 % кадра; шланг свернут свободным кольцом, концы на переднем плане. Фон: светлый нейтральный бесшовный #F4F6F9 без текстуры и горизонта. Свет: мягкий студийный из большого софтбокса, мягкая тень под предметом, резкость по всему предмету. Не должно быть: чужих логотипов, названий заводов и брендов, водяных знаков, надписей и любого текста, людей и рук, лишних предметов. Итог: квадрат 1200×1200 px, WebP.";"Photorealistic catalog product photo. Fuel hose. Hose coiled in a ring with end fittings. Material: PVC; type: hose hose; kind: suction and delivery. Three-quarter view from slightly above, whole item centred, filling about 70% of the frame; hose in a loose coil, ends in front. Plain seamless light neutral background #F4F6F9, no texture, no horizon line. Soft large-softbox studio lighting, soft contact shadow underneath, sharp focus across the whole item, photorealistic e-commerce catalog product photo, high detail, 85mm lens look, square 1:1, 1200x1200.";text, letters, numbers, logo, brand name, manufacturer marking, watermark, printed label, people, hands, faces, multiple products, cluttered background, props, distorted geometry, extra parts, cartoon, illustration, CGI look, blur, low resolution;текст, буквы, цифры, логотип, бренд, заводская маркировка, водяной знак, этикетка с надписями, люди, руки, лица, несколько предметов, захламленный фон, реквизит, искаженная геометрия, лишние детали, мультяшный стиль, иллюстрация, вид 3D-рендера, размытие, низкое разрешение;снимок кадра;Отдельный снимок не нужен: на эти позиции встает снимок кадра F03687 (файл photos/F03687.webp).;— (используется photos/F03687.webp)
F03900-a;F03900;5;27987;Рукава;"Трубка (самое частое в группе); группа «Трубка ПВХ»";изделия группы «Трубка ПВХ»;;весь кадр;;;весь кадр — снимок кадра;4;Фотореалистичная предметная фотография для каталога. Подкадр F03900-a — весь кадр F03900 (4 поз.): позиций мало или на фото они одинаковы. Что в кадре: типичное изделие группы «Трубка ПВХ» — трубка (самое частое в группе). Как выглядит: трубка: гибкая полимерная трубка, отрезок, свернутый в свободное кольцо. По данным позиций кадра: тип — трубка. Ракурс и композиция: 3/4 немного сверху, изделие целиком по центру, занимает около 70 % кадра. Фон: светлый нейтральный бесшовный #F4F6F9 без текстуры и горизонта. Свет: мягкий студийный из большого софтбокса, мягкая тень под предметом, резкость по всему предмету. Не должно быть: чужих логотипов, названий заводов и брендов, водяных знаков, надписей и любого текста, людей и рук, лишних предметов. Итог: квадрат 1200×1200 px, WebP.;Photorealistic catalog product photo. Typical product: tubing. Flexible polymer tubing, a short length in a loose coil. Type: tubing. Three-quarter view from slightly above, whole item centred, filling about 70% of the frame. Plain seamless light neutral background #F4F6F9, no texture, no horizon line. Soft large-softbox studio lighting, soft contact shadow underneath, sharp focus across the whole item, photorealistic e-commerce catalog product photo, high detail, 85mm lens look, square 1:1, 1200x1200.;text, letters, numbers, logo, brand name, manufacturer marking, watermark, printed label, people, hands, faces, multiple products, cluttered background, props, distorted geometry, extra parts, cartoon, illustration, CGI look, blur, low resolution;текст, буквы, цифры, логотип, бренд, заводская маркировка, водяной знак, этикетка с надписями, люди, руки, лица, несколько предметов, захламленный фон, реквизит, искаженная геометрия, лишние детали, мультяшный стиль, иллюстрация, вид 3D-рендера, размытие, низкое разрешение;снимок кадра;Отдельный снимок не нужен: на эти позиции встает снимок кадра F03900 (файл photos/F03900.webp).;— (используется photos/F03900.webp)
