Код подкадра;Кадр (parent);Приоритет;Ранг;Раздел;Группа кадра (что на фото);Вид изделия;Отличие подкадра;вид изделия;цвет;материал;тип;Тип подкадра;Позиций;Описание RU;Промпт EN;Негатив EN;Негатив RU;Метод;Как сделать;Имя файла
F00312-a;F00312;1;985;Видеонаблюдение;Камера;камера;"вид изделия — камера; цвет — белый";камера;белый;;;свой снимок;141;"Фотореалистичная предметная фотография для каталога. Подкадр F00312-a (141 из 435 позиций кадра F00312). Отличие от соседних подкадров: вид изделия — камера; цвет — белый. Что в кадре: камера, белый. Как выглядит: камера видеонаблюдения: корпус-цилиндр или купол (типично белый), кронштейн, объектив. По данным позиций кадра: материал — металл; цвет корпуса — белый (94 %); форма корпуса — цилиндрическая (46 %); установка — внешняя, уличная (88 %); вид — ip. Масштаб: масса около 0,5 кг (медиана по позициям). Ракурс и композиция: 3/4 немного сверху, изделие целиком по центру, занимает около 70 % кадра. Фон: светлый нейтральный бесшовный #F4F6F9 без текстуры и горизонта. Свет: мягкий студийный из большого софтбокса, мягкая тень под предметом, резкость по всему предмету. Не должно быть: чужих логотипов, названий заводов и брендов, водяных знаков, надписей и любого текста, людей и рук, лишних предметов. Итог: квадрат 1200×1200 px, WebP.";"Photorealistic catalog product photo. Distinctive for this variant: CCTV camera; colour white. CCTV camera. CCTV camera, bullet or dome housing, white, bracket, lens. White body; housing shape: cylindrical; kind: ip. Scale: weight about 0.5 kg. Three-quarter view from slightly above, whole item centred, filling about 70% of the frame. Plain seamless light neutral background #F4F6F9, no texture, no horizon line. Soft large-softbox studio lighting, soft contact shadow underneath, sharp focus across the whole item, photorealistic e-commerce catalog product photo, high detail, 85mm lens look, square 1:1, 1200x1200.";text, letters, numbers, logo, brand name, manufacturer marking, watermark, printed label, people, hands, faces, multiple products, cluttered background, props, distorted geometry, extra parts, cartoon, illustration, CGI look, blur, low resolution;текст, буквы, цифры, логотип, бренд, заводская маркировка, водяной знак, этикетка с надписями, люди, руки, лица, несколько предметов, захламленный фон, реквизит, искаженная геометрия, лишние детали, мультяшный стиль, иллюстрация, вид 3D-рендера, размытие, низкое разрешение;генерация;"Генерация по промпту; за основу — готовый снимок кадра F00312 (тот же ракурс, свет, фон), меняется только отличие подкадра.";photos/F00312-a.webp
F00312-b;F00312;2;1311;Видеонаблюдение;Камера;камера;"вид изделия — камера; у позиций разные: материал, цвет";камера;;;;свой снимок;109;"Фотореалистичная предметная фотография для каталога. Подкадр F00312-b (109 из 435 позиций кадра F00312). Отличие от соседних подкадров: вид изделия — камера; у позиций разные: материал, цвет. Что в кадре: камера. Как выглядит: камера видеонаблюдения: корпус-цилиндр или купол (типично белый), кронштейн, объектив. По данным позиций кадра: вид — ip. Масштаб: масса около 0,5 кг (медиана по позициям). Ракурс и композиция: 3/4 немного сверху, изделие целиком по центру, занимает около 70 % кадра. Фон: светлый нейтральный бесшовный #F4F6F9 без текстуры и горизонта. Свет: мягкий студийный из большого софтбокса, мягкая тень под предметом, резкость по всему предмету. Не должно быть: чужих логотипов, названий заводов и брендов, водяных знаков, надписей и любого текста, людей и рук, лишних предметов. Итог: квадрат 1200×1200 px, WebP.";Photorealistic catalog product photo. Distinctive for this variant: CCTV camera. CCTV camera. CCTV camera, bullet or dome housing, white, bracket, lens. Kind: ip. Scale: weight about 0.5 kg. Three-quarter view from slightly above, whole item centred, filling about 70% of the frame. Plain seamless light neutral background #F4F6F9, no texture, no horizon line. Soft large-softbox studio lighting, soft contact shadow underneath, sharp focus across the whole item, photorealistic e-commerce catalog product photo, high detail, 85mm lens look, square 1:1, 1200x1200.;text, letters, numbers, logo, brand name, manufacturer marking, watermark, printed label, people, hands, faces, multiple products, cluttered background, props, distorted geometry, extra parts, cartoon, illustration, CGI look, blur, low resolution;текст, буквы, цифры, логотип, бренд, заводская маркировка, водяной знак, этикетка с надписями, люди, руки, лица, несколько предметов, захламленный фон, реквизит, искаженная геометрия, лишние детали, мультяшный стиль, иллюстрация, вид 3D-рендера, размытие, низкое разрешение;генерация;"Генерация по промпту; за основу — готовый снимок кадра F00312 (тот же ракурс, свет, фон), меняется только отличие подкадра.";photos/F00312-b.webp
F00312-c;F00312;2;1993;Видеонаблюдение;Камера;камера;"вид изделия — камера; материал — пластик; цвет — белый";камера;белый;пластик;;свой снимок;75;"Фотореалистичная предметная фотография для каталога. Подкадр F00312-c (75 из 435 позиций кадра F00312). Отличие от соседних подкадров: вид изделия — камера; материал — пластик; цвет — белый. Что в кадре: камера, пластик, белый. Как выглядит: камера видеонаблюдения: корпус-цилиндр или купол (типично белый), кронштейн, объектив. По данным позиций кадра: материал — металл, пластик (68 %); цвет корпуса — белый (93 %); форма корпуса — купольная (58 %); установка — внешняя, уличная (77 %); вид — ip. Масштаб: масса около 0,4 кг (медиана по позициям). Ракурс и композиция: 3/4 немного сверху, изделие целиком по центру, занимает около 70 % кадра. Фон: светлый нейтральный бесшовный #F4F6F9 без текстуры и горизонта. Свет: мягкий студийный из большого софтбокса, мягкая тень под предметом, резкость по всему предмету. Не должно быть: чужих логотипов, названий заводов и брендов, водяных знаков, надписей и любого текста, людей и рук, лишних предметов. Итог: квадрат 1200×1200 px, WebP.";"Photorealistic catalog product photo. Distinctive for this variant: CCTV camera; material plastic; colour white. CCTV camera. CCTV camera, bullet or dome housing, white, bracket, lens. Material: plastic; white body; housing shape: dome; kind: ip. Scale: weight about 0.4 kg. Three-quarter view from slightly above, whole item centred, filling about 70% of the frame. Plain seamless light neutral background #F4F6F9, no texture, no horizon line. Soft large-softbox studio lighting, soft contact shadow underneath, sharp focus across the whole item, photorealistic e-commerce catalog product photo, high detail, 85mm lens look, square 1:1, 1200x1200.";text, letters, numbers, logo, brand name, manufacturer marking, watermark, printed label, people, hands, faces, multiple products, cluttered background, props, distorted geometry, extra parts, cartoon, illustration, CGI look, blur, low resolution;текст, буквы, цифры, логотип, бренд, заводская маркировка, водяной знак, этикетка с надписями, люди, руки, лица, несколько предметов, захламленный фон, реквизит, искаженная геометрия, лишние детали, мультяшный стиль, иллюстрация, вид 3D-рендера, размытие, низкое разрешение;генерация;"Генерация по промпту; за основу — готовый снимок кадра F00312 (тот же ракурс, свет, фон), меняется только отличие подкадра.";photos/F00312-c.webp
F00312-d;F00312;2;5044;Видеонаблюдение;Камера;камера;"вид изделия — камера; тип — аналоговая; цвет — белый";камера;белый;;аналоговая;свой снимок;32;"Фотореалистичная предметная фотография для каталога. Подкадр F00312-d (32 из 435 позиций кадра F00312). Отличие от соседних подкадров: вид изделия — камера; тип — аналоговая; цвет — белый. Что в кадре: камера, аналоговая, белый. Как выглядит: камера видеонаблюдения: корпус-цилиндр или купол (типично белый), кронштейн, объектив. По данным позиций кадра: материал — металл; цвет корпуса — белый (88 %); форма корпуса — цилиндрическая (53 %); установка — внешняя, уличная (94 %); вид — аналоговая. Масштаб: масса около 0,3 кг (медиана по позициям). Ракурс и композиция: 3/4 немного сверху, изделие целиком по центру, занимает около 70 % кадра. Фон: светлый нейтральный бесшовный #F4F6F9 без текстуры и горизонта. Свет: мягкий студийный из большого софтбокса, мягкая тень под предметом, резкость по всему предмету. Не должно быть: чужих логотипов, названий заводов и брендов, водяных знаков, надписей и любого текста, людей и рук, лишних предметов. Итог: квадрат 1200×1200 px, WebP.";"Photorealistic catalog product photo. Distinctive for this variant: CCTV camera; colour white. CCTV camera. CCTV camera, bullet or dome housing, white, bracket, lens. White body; housing shape: cylindrical. Scale: weight about 0.3 kg. Three-quarter view from slightly above, whole item centred, filling about 70% of the frame. Plain seamless light neutral background #F4F6F9, no texture, no horizon line. Soft large-softbox studio lighting, soft contact shadow underneath, sharp focus across the whole item, photorealistic e-commerce catalog product photo, high detail, 85mm lens look, square 1:1, 1200x1200.";text, letters, numbers, logo, brand name, manufacturer marking, watermark, printed label, people, hands, faces, multiple products, cluttered background, props, distorted geometry, extra parts, cartoon, illustration, CGI look, blur, low resolution;текст, буквы, цифры, логотип, бренд, заводская маркировка, водяной знак, этикетка с надписями, люди, руки, лица, несколько предметов, захламленный фон, реквизит, искаженная геометрия, лишние детали, мультяшный стиль, иллюстрация, вид 3D-рендера, размытие, низкое разрешение;генерация;"Генерация по промпту; за основу — готовый снимок кадра F00312 (тот же ракурс, свет, фон), меняется только отличие подкадра.";photos/F00312-d.webp
F00312-e;F00312;2;7009;Видеонаблюдение;Камера;камера;"вид изделия — камера; материал — алюминий; цвет — белый";камера;белый;алюминий;;свой снимок;23;"Фотореалистичная предметная фотография для каталога. Подкадр F00312-e (23 из 435 позиций кадра F00312). Отличие от соседних подкадров: вид изделия — камера; материал — алюминий; цвет — белый. Что в кадре: камера, алюминий, белый. Как выглядит: камера видеонаблюдения: корпус-цилиндр или купол (типично белый), кронштейн, объектив. По данным позиций кадра: материал — алюминий, пластик (65 %); цвет корпуса — белый; форма корпуса — купольная (48 %); установка — внешняя, уличная; вид — ip. Масштаб: масса около 0,7 кг (медиана по позициям). Ракурс и композиция: 3/4 немного сверху, изделие целиком по центру, занимает около 70 % кадра. Фон: светлый нейтральный бесшовный #F4F6F9 без текстуры и горизонта. Свет: мягкий студийный из большого софтбокса, мягкая тень под предметом, резкость по всему предмету. Не должно быть: чужих логотипов, названий заводов и брендов, водяных знаков, надписей и любого текста, людей и рук, лишних предметов. Итог: квадрат 1200×1200 px, WebP.";"Photorealistic catalog product photo. Distinctive for this variant: CCTV camera; material aluminium; colour white. CCTV camera. CCTV camera, bullet or dome housing, white, bracket, lens. Material: aluminium, plastic; white body; housing shape: dome; kind: ip. Scale: weight about 0.7 kg. Three-quarter view from slightly above, whole item centred, filling about 70% of the frame. Plain seamless light neutral background #F4F6F9, no texture, no horizon line. Soft large-softbox studio lighting, soft contact shadow underneath, sharp focus across the whole item, photorealistic e-commerce catalog product photo, high detail, 85mm lens look, square 1:1, 1200x1200.";text, letters, numbers, logo, brand name, manufacturer marking, watermark, printed label, people, hands, faces, multiple products, cluttered background, props, distorted geometry, extra parts, cartoon, illustration, CGI look, blur, low resolution;текст, буквы, цифры, логотип, бренд, заводская маркировка, водяной знак, этикетка с надписями, люди, руки, лица, несколько предметов, захламленный фон, реквизит, искаженная геометрия, лишние детали, мультяшный стиль, иллюстрация, вид 3D-рендера, размытие, низкое разрешение;генерация;"Генерация по промпту; за основу — готовый снимок кадра F00312 (тот же ракурс, свет, фон), меняется только отличие подкадра.";photos/F00312-e.webp
F00312-f;F00312;3;8355;Видеонаблюдение;Камера;камера;"вид изделия — камера; тип — аналоговая; материал — пластик; цвет — белый";камера;белый;пластик;аналоговая;свой снимок;19;"Фотореалистичная предметная фотография для каталога. Подкадр F00312-f (19 из 435 позиций кадра F00312). Отличие от соседних подкадров: вид изделия — камера; тип — аналоговая; материал — пластик; цвет — белый. Что в кадре: камера, аналоговая, пластик, белый. Как выглядит: камера видеонаблюдения: корпус-цилиндр или купол (типично белый), кронштейн, объектив. По данным позиций кадра: материал — металл, пластик (58 %); цвет корпуса — белый; форма корпуса — купольная (53 %); установка — внешняя, уличная (89 %); вид — аналоговая. Масштаб: масса около 0,3 кг (медиана по позициям). Ракурс и композиция: 3/4 немного сверху, изделие целиком по центру, занимает около 70 % кадра. Фон: светлый нейтральный бесшовный #F4F6F9 без текстуры и горизонта. Свет: мягкий студийный из большого софтбокса, мягкая тень под предметом, резкость по всему предмету. Не должно быть: чужих логотипов, названий заводов и брендов, водяных знаков, надписей и любого текста, людей и рук, лишних предметов. Итог: квадрат 1200×1200 px, WebP.";"Photorealistic catalog product photo. Distinctive for this variant: CCTV camera; material plastic; colour white. CCTV camera. CCTV camera, bullet or dome housing, white, bracket, lens. Material: plastic; white body; housing shape: dome. Scale: weight about 0.3 kg. Three-quarter view from slightly above, whole item centred, filling about 70% of the frame. Plain seamless light neutral background #F4F6F9, no texture, no horizon line. Soft large-softbox studio lighting, soft contact shadow underneath, sharp focus across the whole item, photorealistic e-commerce catalog product photo, high detail, 85mm lens look, square 1:1, 1200x1200.";text, letters, numbers, logo, brand name, manufacturer marking, watermark, printed label, people, hands, faces, multiple products, cluttered background, props, distorted geometry, extra parts, cartoon, illustration, CGI look, blur, low resolution;текст, буквы, цифры, логотип, бренд, заводская маркировка, водяной знак, этикетка с надписями, люди, руки, лица, несколько предметов, захламленный фон, реквизит, искаженная геометрия, лишние детали, мультяшный стиль, иллюстрация, вид 3D-рендера, размытие, низкое разрешение;генерация;"Генерация по промпту; за основу — готовый снимок кадра F00312 (тот же ракурс, свет, фон), меняется только отличие подкадра.";photos/F00312-f.webp
F00312-g;F00312;3;9336;Видеонаблюдение;Камера;камера;прочие позиции кадра;;;;;прочие позиции кадра — снимок кадра;17;"Фотореалистичная предметная фотография для каталога. Подкадр F00312-g — прочие позиции кадра F00312 (17 из 435), у которых нет общего заметного отличия от остальных 9 подкадров кадра; снимок как у кадра F00312. Что в кадре: камера. Как выглядит: камера видеонаблюдения: корпус-цилиндр или купол (типично белый), кронштейн, объектив. По данным позиций кадра: форма корпуса — поворотная (43 %); вид — аналоговая (50 %). Масштаб: масса около 0,3 кг (медиана по позициям). Ракурс и композиция: 3/4 немного сверху, изделие целиком по центру, занимает около 70 % кадра. Фон: светлый нейтральный бесшовный #F4F6F9 без текстуры и горизонта. Свет: мягкий студийный из большого софтбокса, мягкая тень под предметом, резкость по всему предмету. Не должно быть: чужих логотипов, названий заводов и брендов, водяных знаков, надписей и любого текста, людей и рук, лишних предметов. Итог: квадрат 1200×1200 px, WebP.";Photorealistic catalog product photo. CCTV camera. CCTV camera, bullet or dome housing, white, bracket, lens. Scale: weight about 0.3 kg. Three-quarter view from slightly above, whole item centred, filling about 70% of the frame. Plain seamless light neutral background #F4F6F9, no texture, no horizon line. Soft large-softbox studio lighting, soft contact shadow underneath, sharp focus across the whole item, photorealistic e-commerce catalog product photo, high detail, 85mm lens look, square 1:1, 1200x1200.;text, letters, numbers, logo, brand name, manufacturer marking, watermark, printed label, people, hands, faces, multiple products, cluttered background, props, distorted geometry, extra parts, cartoon, illustration, CGI look, blur, low resolution;текст, буквы, цифры, логотип, бренд, заводская маркировка, водяной знак, этикетка с надписями, люди, руки, лица, несколько предметов, захламленный фон, реквизит, искаженная геометрия, лишние детали, мультяшный стиль, иллюстрация, вид 3D-рендера, размытие, низкое разрешение;снимок кадра;Отдельный снимок не нужен: на эти позиции встает снимок кадра F00312 (файл photos/F00312.webp).;— (используется photos/F00312.webp)
F00312-h;F00312;3;16210;Видеонаблюдение;Камера;камера;"вид изделия — камера мультиформатная; у позиций разные: цвет";камера мультиформатная;;;;свой снимок;9;"Фотореалистичная предметная фотография для каталога. Подкадр F00312-h (9 из 435 позиций кадра F00312). Отличие от соседних подкадров: вид изделия — камера мультиформатная; у позиций разные: цвет. Что в кадре: камера, камера мультиформатная. Как выглядит: камера видеонаблюдения: корпус-цилиндр или купол (типично белый), кронштейн, объектив. По данным позиций кадра: форма корпуса — турельная (50 %). Масштаб: масса около 0,5 кг (медиана по позициям). Ракурс и композиция: 3/4 немного сверху, изделие целиком по центру, занимает около 70 % кадра. Фон: светлый нейтральный бесшовный #F4F6F9 без текстуры и горизонта. Свет: мягкий студийный из большого софтбокса, мягкая тень под предметом, резкость по всему предмету. Не должно быть: чужих логотипов, названий заводов и брендов, водяных знаков, надписей и любого текста, людей и рук, лишних предметов. Итог: квадрат 1200×1200 px, WebP.";Photorealistic catalog product photo. CCTV camera. CCTV camera, bullet or dome housing, white, bracket, lens. Scale: weight about 0.5 kg. Three-quarter view from slightly above, whole item centred, filling about 70% of the frame. Plain seamless light neutral background #F4F6F9, no texture, no horizon line. Soft large-softbox studio lighting, soft contact shadow underneath, sharp focus across the whole item, photorealistic e-commerce catalog product photo, high detail, 85mm lens look, square 1:1, 1200x1200.;text, letters, numbers, logo, brand name, manufacturer marking, watermark, printed label, people, hands, faces, multiple products, cluttered background, props, distorted geometry, extra parts, cartoon, illustration, CGI look, blur, low resolution;текст, буквы, цифры, логотип, бренд, заводская маркировка, водяной знак, этикетка с надписями, люди, руки, лица, несколько предметов, захламленный фон, реквизит, искаженная геометрия, лишние детали, мультяшный стиль, иллюстрация, вид 3D-рендера, размытие, низкое разрешение;генерация;"Генерация по промпту; за основу — готовый снимок кадра F00312 (тот же ракурс, свет, фон), меняется только отличие подкадра.";photos/F00312-h.webp
F00312-i;F00312;4;25592;Видеонаблюдение;Камера;камера;"вид изделия — камера уличная; цвет — белый";камера уличная;белый;;;свой снимок;5;"Фотореалистичная предметная фотография для каталога. Подкадр F00312-i (5 из 435 позиций кадра F00312). Отличие от соседних подкадров: вид изделия — камера уличная; цвет — белый. Что в кадре: камера, камера уличная, белый. Как выглядит: камера видеонаблюдения: корпус-цилиндр или купол (типично белый), кронштейн, объектив. По данным позиций кадра: цвет корпуса — белый, черный (40 %); форма корпуса — цилиндрическая (40 %); установка — внешняя, уличная; вид — ip. Масштаб: масса около 1 кг (медиана по позициям). Ракурс и композиция: 3/4 немного сверху, изделие целиком по центру, занимает около 70 % кадра. Фон: светлый нейтральный бесшовный #F4F6F9 без текстуры и горизонта. Свет: мягкий студийный из большого софтбокса, мягкая тень под предметом, резкость по всему предмету. Не должно быть: чужих логотипов, названий заводов и брендов, водяных знаков, надписей и любого текста, людей и рук, лишних предметов. Итог: квадрат 1200×1200 px, WebP.";"Photorealistic catalog product photo. Distinctive for this variant: colour white. CCTV camera. CCTV camera, bullet or dome housing, white, bracket, lens. White, black body; housing shape: cylindrical; kind: ip. Scale: weight about 1 kg. Three-quarter view from slightly above, whole item centred, filling about 70% of the frame. Plain seamless light neutral background #F4F6F9, no texture, no horizon line. Soft large-softbox studio lighting, soft contact shadow underneath, sharp focus across the whole item, photorealistic e-commerce catalog product photo, high detail, 85mm lens look, square 1:1, 1200x1200.";text, letters, numbers, logo, brand name, manufacturer marking, watermark, printed label, people, hands, faces, multiple products, cluttered background, props, distorted geometry, extra parts, cartoon, illustration, CGI look, blur, low resolution;текст, буквы, цифры, логотип, бренд, заводская маркировка, водяной знак, этикетка с надписями, люди, руки, лица, несколько предметов, захламленный фон, реквизит, искаженная геометрия, лишние детали, мультяшный стиль, иллюстрация, вид 3D-рендера, размытие, низкое разрешение;генерация;"Генерация по промпту; за основу — готовый снимок кадра F00312 (тот же ракурс, свет, фон), меняется только отличие подкадра.";photos/F00312-i.webp
F00312-j;F00312;4;25593;Видеонаблюдение;Камера;камера;"вид изделия — камера; тип — аналоговая; у позиций разные: материал, цвет";камера;;;аналоговая;свой снимок;5;"Фотореалистичная предметная фотография для каталога. Подкадр F00312-j (5 из 435 позиций кадра F00312). Отличие от соседних подкадров: вид изделия — камера; тип — аналоговая; у позиций разные: материал, цвет. Что в кадре: камера, аналоговая. Как выглядит: камера видеонаблюдения: корпус-цилиндр или купол (типично белый), кронштейн, объектив. По данным позиций кадра: материал — алюминий (67 %); цвет корпуса — белый (67 %); форма корпуса — цилиндрическая (67 %); установка — внешняя, уличная; вид — аналоговая. Масштаб: масса около 0,7 кг (медиана по позициям). Ракурс и композиция: 3/4 немного сверху, изделие целиком по центру, занимает около 70 % кадра. Фон: светлый нейтральный бесшовный #F4F6F9 без текстуры и горизонта. Свет: мягкий студийный из большого софтбокса, мягкая тень под предметом, резкость по всему предмету. Не должно быть: чужих логотипов, названий заводов и брендов, водяных знаков, надписей и любого текста, людей и рук, лишних предметов. Итог: квадрат 1200×1200 px, WebP.";"Photorealistic catalog product photo. Distinctive for this variant: CCTV camera. CCTV camera. CCTV camera, bullet or dome housing, white, bracket, lens. Material: aluminium; white body; housing shape: cylindrical. Scale: weight about 0.7 kg. Three-quarter view from slightly above, whole item centred, filling about 70% of the frame. Plain seamless light neutral background #F4F6F9, no texture, no horizon line. Soft large-softbox studio lighting, soft contact shadow underneath, sharp focus across the whole item, photorealistic e-commerce catalog product photo, high detail, 85mm lens look, square 1:1, 1200x1200.";text, letters, numbers, logo, brand name, manufacturer marking, watermark, printed label, people, hands, faces, multiple products, cluttered background, props, distorted geometry, extra parts, cartoon, illustration, CGI look, blur, low resolution;текст, буквы, цифры, логотип, бренд, заводская маркировка, водяной знак, этикетка с надписями, люди, руки, лица, несколько предметов, захламленный фон, реквизит, искаженная геометрия, лишние детали, мультяшный стиль, иллюстрация, вид 3D-рендера, размытие, низкое разрешение;генерация;"Генерация по промпту; за основу — готовый снимок кадра F00312 (тот же ракурс, свет, фон), меняется только отличие подкадра.";photos/F00312-j.webp
F01221-a;F01221;2;2877;Видеонаблюдение;"Удлинитель (самое частое в группе); группа «Комплектующие для видеонаблюдения»";изделия группы «Комплектующие для видеонаблюдения»;прочие позиции кадра;;;;;прочие позиции кадра — снимок кадра;54;"Фотореалистичная предметная фотография для каталога. Подкадр F01221-a — прочие позиции кадра F01221 (54 из 98), у которых нет общего заметного отличия от остальных 8 подкадров кадра; снимок как у кадра F01221. Что в кадре: типичное изделие группы «Комплектующие для видеонаблюдения» — удлинитель (самое частое в группе). Как выглядит: удлинитель: колодка с розетками (типично белый или черный пластик) и шнур с вилкой, свернутый кольцом; либо катушка-барабан. Масштаб: масса около 0,1 кг (медиана по позициям). Ракурс и композиция: 3/4 немного сверху, изделие целиком по центру, занимает около 70 % кадра. Фон: светлый нейтральный бесшовный #F4F6F9 без текстуры и горизонта. Свет: мягкий студийный из большого софтбокса, мягкая тень под предметом, резкость по всему предмету. Не должно быть: чужих логотипов, названий заводов и брендов, водяных знаков, надписей и любого текста, людей и рук, лишних предметов. Итог: квадрат 1200×1200 px, WebP.";Photorealistic catalog product photo. Typical product: extension cord. Extension lead, socket strip in white or black plastic with a coiled cord and plug, or a cable reel. Scale: weight about 0.1 kg. Three-quarter view from slightly above, whole item centred, filling about 70% of the frame. Plain seamless light neutral background #F4F6F9, no texture, no horizon line. Soft large-softbox studio lighting, soft contact shadow underneath, sharp focus across the whole item, photorealistic e-commerce catalog product photo, high detail, 85mm lens look, square 1:1, 1200x1200.;text, letters, numbers, logo, brand name, manufacturer marking, watermark, printed label, people, hands, faces, multiple products, cluttered background, props, distorted geometry, extra parts, cartoon, illustration, CGI look, blur, low resolution;текст, буквы, цифры, логотип, бренд, заводская маркировка, водяной знак, этикетка с надписями, люди, руки, лица, несколько предметов, захламленный фон, реквизит, искаженная геометрия, лишние детали, мультяшный стиль, иллюстрация, вид 3D-рендера, размытие, низкое разрешение;снимок кадра;Отдельный снимок не нужен: на эти позиции встает снимок кадра F01221 (файл photos/F01221.webp).;— (используется photos/F01221.webp)
F01221-b;F01221;4;20631;Видеонаблюдение;"Удлинитель (самое частое в группе); группа «Комплектующие для видеонаблюдения»";изделия группы «Комплектующие для видеонаблюдения»;"вид изделия — модуль; цвет — серебристый";модуль;серебристый;;;свой снимок;7;"Фотореалистичная предметная фотография для каталога. Подкадр F01221-b (7 из 98 позиций кадра F01221). Отличие от соседних подкадров: вид изделия — модуль; цвет — серебристый. Что в кадре: типичное изделие группы «Комплектующие для видеонаблюдения» — удлинитель (самое частое в группе). Как выглядит: удлинитель: колодка с розетками (типично белый или черный пластик) и шнур с вилкой, свернутый кольцом; либо катушка-барабан. По данным позиций кадра: цвет корпуса — серебристый. Ракурс и композиция: 3/4 немного сверху, изделие целиком по центру, занимает около 70 % кадра. Фон: светлый нейтральный бесшовный #F4F6F9 без текстуры и горизонта. Свет: мягкий студийный из большого софтбокса, мягкая тень под предметом, резкость по всему предмету. Не должно быть: чужих логотипов, названий заводов и брендов, водяных знаков, надписей и любого текста, людей и рук, лишних предметов. Итог: квадрат 1200×1200 px, WebP.";"Photorealistic catalog product photo. Distinctive for this variant: module; colour silver. Typical product: extension cord. Extension lead, socket strip in white or black plastic with a coiled cord and plug, or a cable reel. Silver body. Three-quarter view from slightly above, whole item centred, filling about 70% of the frame. Plain seamless light neutral background #F4F6F9, no texture, no horizon line. Soft large-softbox studio lighting, soft contact shadow underneath, sharp focus across the whole item, photorealistic e-commerce catalog product photo, high detail, 85mm lens look, square 1:1, 1200x1200.";text, letters, numbers, logo, brand name, manufacturer marking, watermark, printed label, people, hands, faces, multiple products, cluttered background, props, distorted geometry, extra parts, cartoon, illustration, CGI look, blur, low resolution;текст, буквы, цифры, логотип, бренд, заводская маркировка, водяной знак, этикетка с надписями, люди, руки, лица, несколько предметов, захламленный фон, реквизит, искаженная геометрия, лишние детали, мультяшный стиль, иллюстрация, вид 3D-рендера, размытие, низкое разрешение;генерация;"Генерация по промпту; за основу — готовый снимок кадра F01221 (тот же ракурс, свет, фон), меняется только отличие подкадра.";photos/F01221-b.webp
F01221-c;F01221;4;23347;Видеонаблюдение;"Удлинитель (самое частое в группе); группа «Комплектующие для видеонаблюдения»";изделия группы «Комплектующие для видеонаблюдения»;"вид изделия — источник; у позиций разные: материал";источник;;;;свой снимок;6;"Фотореалистичная предметная фотография для каталога. Подкадр F01221-c (6 из 98 позиций кадра F01221). Отличие от соседних подкадров: вид изделия — источник; у позиций разные: материал. Что в кадре: типичное изделие группы «Комплектующие для видеонаблюдения» — удлинитель (самое частое в группе). Как выглядит: удлинитель: колодка с розетками (типично белый или черный пластик) и шнур с вилкой, свернутый кольцом; либо катушка-барабан. По данным позиций кадра: материал — пластик (50 %). Масштаб: масса около 0,3 кг (медиана по позициям). Ракурс и композиция: 3/4 немного сверху, изделие целиком по центру, занимает около 70 % кадра. Фон: светлый нейтральный бесшовный #F4F6F9 без текстуры и горизонта. Свет: мягкий студийный из большого софтбокса, мягкая тень под предметом, резкость по всему предмету. Не должно быть: чужих логотипов, названий заводов и брендов, водяных знаков, надписей и любого текста, людей и рук, лишних предметов. Итог: квадрат 1200×1200 px, WebP.";Photorealistic catalog product photo. Distinctive for this variant: power supply. Typical product: extension cord. Extension lead, socket strip in white or black plastic with a coiled cord and plug, or a cable reel. Material: plastic. Scale: weight about 0.3 kg. Three-quarter view from slightly above, whole item centred, filling about 70% of the frame. Plain seamless light neutral background #F4F6F9, no texture, no horizon line. Soft large-softbox studio lighting, soft contact shadow underneath, sharp focus across the whole item, photorealistic e-commerce catalog product photo, high detail, 85mm lens look, square 1:1, 1200x1200.;text, letters, numbers, logo, brand name, manufacturer marking, watermark, printed label, people, hands, faces, multiple products, cluttered background, props, distorted geometry, extra parts, cartoon, illustration, CGI look, blur, low resolution;текст, буквы, цифры, логотип, бренд, заводская маркировка, водяной знак, этикетка с надписями, люди, руки, лица, несколько предметов, захламленный фон, реквизит, искаженная геометрия, лишние детали, мультяшный стиль, иллюстрация, вид 3D-рендера, размытие, низкое разрешение;генерация;"Генерация по промпту; за основу — готовый снимок кадра F01221 (тот же ракурс, свет, фон), меняется только отличие подкадра.";photos/F01221-c.webp
F01221-d;F01221;4;23348;Видеонаблюдение;"Удлинитель (самое частое в группе); группа «Комплектующие для видеонаблюдения»";изделия группы «Комплектующие для видеонаблюдения»;"вид изделия — козырек защитный; у позиций разные: материал, цвет";козырек защитный;;;;свой снимок;6;"Фотореалистичная предметная фотография для каталога. Подкадр F01221-d (6 из 98 позиций кадра F01221). Отличие от соседних подкадров: вид изделия — козырек защитный; у позиций разные: материал, цвет. Что в кадре: типичное изделие группы «Комплектующие для видеонаблюдения» — удлинитель (самое частое в группе). Как выглядит: удлинитель: колодка с розетками (типично белый или черный пластик) и шнур с вилкой, свернутый кольцом; либо катушка-барабан. По данным позиций кадра: материал — металл (67 %); цвет корпуса — черный (50 %). Масштаб: масса около 0,3 кг (медиана по позициям). Ракурс и композиция: 3/4 немного сверху, изделие целиком по центру, занимает около 70 % кадра. Фон: светлый нейтральный бесшовный #F4F6F9 без текстуры и горизонта. Свет: мягкий студийный из большого софтбокса, мягкая тень под предметом, резкость по всему предмету. Не должно быть: чужих логотипов, названий заводов и брендов, водяных знаков, надписей и любого текста, людей и рук, лишних предметов. Итог: квадрат 1200×1200 px, WebP.";Photorealistic catalog product photo. Typical product: extension cord. Extension lead, socket strip in white or black plastic with a coiled cord and plug, or a cable reel. Black body. Scale: weight about 0.3 kg. Three-quarter view from slightly above, whole item centred, filling about 70% of the frame. Plain seamless light neutral background #F4F6F9, no texture, no horizon line. Soft large-softbox studio lighting, soft contact shadow underneath, sharp focus across the whole item, photorealistic e-commerce catalog product photo, high detail, 85mm lens look, square 1:1, 1200x1200.;text, letters, numbers, logo, brand name, manufacturer marking, watermark, printed label, people, hands, faces, multiple products, cluttered background, props, distorted geometry, extra parts, cartoon, illustration, CGI look, blur, low resolution;текст, буквы, цифры, логотип, бренд, заводская маркировка, водяной знак, этикетка с надписями, люди, руки, лица, несколько предметов, захламленный фон, реквизит, искаженная геометрия, лишние детали, мультяшный стиль, иллюстрация, вид 3D-рендера, размытие, низкое разрешение;генерация;"Генерация по промпту; за основу — готовый снимок кадра F01221 (тот же ракурс, свет, фон), меняется только отличие подкадра.";photos/F01221-d.webp
F01221-e;F01221;4;26513;Видеонаблюдение;"Удлинитель (самое частое в группе); группа «Комплектующие для видеонаблюдения»";изделия группы «Комплектующие для видеонаблюдения»;"вид изделия — делитель; цвет — серебристый";делитель;серебристый;;;свой снимок;5;"Фотореалистичная предметная фотография для каталога. Подкадр F01221-e (5 из 98 позиций кадра F01221). Отличие от соседних подкадров: вид изделия — делитель; цвет — серебристый. Что в кадре: типичное изделие группы «Комплектующие для видеонаблюдения» — удлинитель (самое частое в группе). Как выглядит: удлинитель: колодка с розетками (типично белый или черный пластик) и шнур с вилкой, свернутый кольцом; либо катушка-барабан. По данным позиций кадра: материал — металл; цвет корпуса — серебристый. Масштаб: масса около 0,1 кг (медиана по позициям). Ракурс и композиция: 3/4 немного сверху, изделие целиком по центру, занимает около 70 % кадра. Фон: светлый нейтральный бесшовный #F4F6F9 без текстуры и горизонта. Свет: мягкий студийный из большого софтбокса, мягкая тень под предметом, резкость по всему предмету. Не должно быть: чужих логотипов, названий заводов и брендов, водяных знаков, надписей и любого текста, людей и рук, лишних предметов. Итог: квадрат 1200×1200 px, WebP.";Photorealistic catalog product photo. Distinctive for this variant: colour silver. Typical product: extension cord. Extension lead, socket strip in white or black plastic with a coiled cord and plug, or a cable reel. Silver body. Scale: weight about 0.1 kg. Three-quarter view from slightly above, whole item centred, filling about 70% of the frame. Plain seamless light neutral background #F4F6F9, no texture, no horizon line. Soft large-softbox studio lighting, soft contact shadow underneath, sharp focus across the whole item, photorealistic e-commerce catalog product photo, high detail, 85mm lens look, square 1:1, 1200x1200.;text, letters, numbers, logo, brand name, manufacturer marking, watermark, printed label, people, hands, faces, multiple products, cluttered background, props, distorted geometry, extra parts, cartoon, illustration, CGI look, blur, low resolution;текст, буквы, цифры, логотип, бренд, заводская маркировка, водяной знак, этикетка с надписями, люди, руки, лица, несколько предметов, захламленный фон, реквизит, искаженная геометрия, лишние детали, мультяшный стиль, иллюстрация, вид 3D-рендера, размытие, низкое разрешение;генерация;"Генерация по промпту; за основу — готовый снимок кадра F01221 (тот же ракурс, свет, фон), меняется только отличие подкадра.";photos/F01221-e.webp
F01221-f;F01221;4;26514;Видеонаблюдение;"Удлинитель (самое частое в группе); группа «Комплектующие для видеонаблюдения»";изделия группы «Комплектующие для видеонаблюдения»;"вид изделия — инжектор; у позиций разные: цвет";инжектор;;;;свой снимок;5;"Фотореалистичная предметная фотография для каталога. Подкадр F01221-f (5 из 98 позиций кадра F01221). Отличие от соседних подкадров: вид изделия — инжектор; у позиций разные: цвет. Что в кадре: типичное изделие группы «Комплектующие для видеонаблюдения» — удлинитель (самое частое в группе). Как выглядит: удлинитель: колодка с розетками (типично белый или черный пластик) и шнур с вилкой, свернутый кольцом; либо катушка-барабан. По данным позиций кадра: цвет корпуса — черный. Масштаб: масса около 0,5 кг (медиана по позициям). Ракурс и композиция: 3/4 немного сверху, изделие целиком по центру, занимает около 70 % кадра. Фон: светлый нейтральный бесшовный #F4F6F9 без текстуры и горизонта. Свет: мягкий студийный из большого софтбокса, мягкая тень под предметом, резкость по всему предмету. Не должно быть: чужих логотипов, названий заводов и брендов, водяных знаков, надписей и любого текста, людей и рук, лишних предметов. Итог: квадрат 1200×1200 px, WebP.";Photorealistic catalog product photo. Typical product: extension cord. Extension lead, socket strip in white or black plastic with a coiled cord and plug, or a cable reel. Black body. Scale: weight about 0.5 kg. Three-quarter view from slightly above, whole item centred, filling about 70% of the frame. Plain seamless light neutral background #F4F6F9, no texture, no horizon line. Soft large-softbox studio lighting, soft contact shadow underneath, sharp focus across the whole item, photorealistic e-commerce catalog product photo, high detail, 85mm lens look, square 1:1, 1200x1200.;text, letters, numbers, logo, brand name, manufacturer marking, watermark, printed label, people, hands, faces, multiple products, cluttered background, props, distorted geometry, extra parts, cartoon, illustration, CGI look, blur, low resolution;текст, буквы, цифры, логотип, бренд, заводская маркировка, водяной знак, этикетка с надписями, люди, руки, лица, несколько предметов, захламленный фон, реквизит, искаженная геометрия, лишние детали, мультяшный стиль, иллюстрация, вид 3D-рендера, размытие, низкое разрешение;генерация;"Генерация по промпту; за основу — готовый снимок кадра F01221 (тот же ракурс, свет, фон), меняется только отличие подкадра.";photos/F01221-f.webp
F01221-g;F01221;4;26515;Видеонаблюдение;"Удлинитель (самое частое в группе); группа «Комплектующие для видеонаблюдения»";изделия группы «Комплектующие для видеонаблюдения»;"вид изделия — козырек; у позиций разные: материал, цвет";козырек;;;;свой снимок;5;"Фотореалистичная предметная фотография для каталога. Подкадр F01221-g (5 из 98 позиций кадра F01221). Отличие от соседних подкадров: вид изделия — козырек; у позиций разные: материал, цвет. Что в кадре: типичное изделие группы «Комплектующие для видеонаблюдения» — удлинитель (самое частое в группе). Как выглядит: удлинитель: колодка с розетками (типично белый или черный пластик) и шнур с вилкой, свернутый кольцом; либо катушка-барабан. Масштаб: масса около 0,3 кг (медиана по позициям). Ракурс и композиция: 3/4 немного сверху, изделие целиком по центру, занимает около 70 % кадра. Фон: светлый нейтральный бесшовный #F4F6F9 без текстуры и горизонта. Свет: мягкий студийный из большого софтбокса, мягкая тень под предметом, резкость по всему предмету. Не должно быть: чужих логотипов, названий заводов и брендов, водяных знаков, надписей и любого текста, людей и рук, лишних предметов. Итог: квадрат 1200×1200 px, WebP.";Photorealistic catalog product photo. Typical product: extension cord. Extension lead, socket strip in white or black plastic with a coiled cord and plug, or a cable reel. Scale: weight about 0.3 kg. Three-quarter view from slightly above, whole item centred, filling about 70% of the frame. Plain seamless light neutral background #F4F6F9, no texture, no horizon line. Soft large-softbox studio lighting, soft contact shadow underneath, sharp focus across the whole item, photorealistic e-commerce catalog product photo, high detail, 85mm lens look, square 1:1, 1200x1200.;text, letters, numbers, logo, brand name, manufacturer marking, watermark, printed label, people, hands, faces, multiple products, cluttered background, props, distorted geometry, extra parts, cartoon, illustration, CGI look, blur, low resolution;текст, буквы, цифры, логотип, бренд, заводская маркировка, водяной знак, этикетка с надписями, люди, руки, лица, несколько предметов, захламленный фон, реквизит, искаженная геометрия, лишние детали, мультяшный стиль, иллюстрация, вид 3D-рендера, размытие, низкое разрешение;генерация;"Генерация по промпту; за основу — готовый снимок кадра F01221 (тот же ракурс, свет, фон), меняется только отличие подкадра.";photos/F01221-g.webp
F01221-h;F01221;4;26516;Видеонаблюдение;"Удлинитель (самое частое в группе); группа «Комплектующие для видеонаблюдения»";изделия группы «Комплектующие для видеонаблюдения»;"вид изделия — удлинитель; цвет — черный";удлинитель;черный;;;свой снимок;5;"Фотореалистичная предметная фотография для каталога. Подкадр F01221-h (5 из 98 позиций кадра F01221). Отличие от соседних подкадров: вид изделия — удлинитель; цвет — черный. Что в кадре: типичное изделие группы «Комплектующие для видеонаблюдения» — удлинитель (самое частое в группе). Как выглядит: удлинитель: колодка с розетками (типично белый или черный пластик) и шнур с вилкой, свернутый кольцом; либо катушка-барабан. По данным позиций кадра: материал — металл; цвет корпуса — черный. Масштаб: масса около 0,2 кг (медиана по позициям). Ракурс и композиция: 3/4 немного сверху, изделие целиком по центру, занимает около 70 % кадра. Фон: светлый нейтральный бесшовный #F4F6F9 без текстуры и горизонта. Свет: мягкий студийный из большого софтбокса, мягкая тень под предметом, резкость по всему предмету. Не должно быть: чужих логотипов, названий заводов и брендов, водяных знаков, надписей и любого текста, людей и рук, лишних предметов. Итог: квадрат 1200×1200 px, WebP.";"Photorealistic catalog product photo. Distinctive for this variant: extension cord; colour black. Typical product: extension cord. Extension lead, socket strip in white or black plastic with a coiled cord and plug, or a cable reel. Black body. Scale: weight about 0.2 kg. Three-quarter view from slightly above, whole item centred, filling about 70% of the frame. Plain seamless light neutral background #F4F6F9, no texture, no horizon line. Soft large-softbox studio lighting, soft contact shadow underneath, sharp focus across the whole item, photorealistic e-commerce catalog product photo, high detail, 85mm lens look, square 1:1, 1200x1200.";text, letters, numbers, logo, brand name, manufacturer marking, watermark, printed label, people, hands, faces, multiple products, cluttered background, props, distorted geometry, extra parts, cartoon, illustration, CGI look, blur, low resolution;текст, буквы, цифры, логотип, бренд, заводская маркировка, водяной знак, этикетка с надписями, люди, руки, лица, несколько предметов, захламленный фон, реквизит, искаженная геометрия, лишние детали, мультяшный стиль, иллюстрация, вид 3D-рендера, размытие, низкое разрешение;генерация;"Генерация по промпту; за основу — готовый снимок кадра F01221 (тот же ракурс, свет, фон), меняется только отличие подкадра.";photos/F01221-h.webp
F01221-i;F01221;4;26517;Видеонаблюдение;"Удлинитель (самое частое в группе); группа «Комплектующие для видеонаблюдения»";изделия группы «Комплектующие для видеонаблюдения»;цвет — черный;;черный;;;свой снимок;5;"Фотореалистичная предметная фотография для каталога. Подкадр F01221-i (5 из 98 позиций кадра F01221). Отличие от соседних подкадров: цвет — черный. Что в кадре: типичное изделие группы «Комплектующие для видеонаблюдения» — удлинитель (самое частое в группе). Как выглядит: удлинитель: колодка с розетками (типично белый или черный пластик) и шнур с вилкой, свернутый кольцом; либо катушка-барабан. По данным позиций кадра: материал — металл; цвет корпуса — черный. Масштаб: масса около 0,2 кг (медиана по позициям). Ракурс и композиция: 3/4 немного сверху, изделие целиком по центру, занимает около 70 % кадра. Фон: светлый нейтральный бесшовный #F4F6F9 без текстуры и горизонта. Свет: мягкий студийный из большого софтбокса, мягкая тень под предметом, резкость по всему предмету. Не должно быть: чужих логотипов, названий заводов и брендов, водяных знаков, надписей и любого текста, людей и рук, лишних предметов. Итог: квадрат 1200×1200 px, WebP.";Photorealistic catalog product photo. Distinctive for this variant: colour black. Typical product: extension cord. Extension lead, socket strip in white or black plastic with a coiled cord and plug, or a cable reel. Black body. Scale: weight about 0.2 kg. Three-quarter view from slightly above, whole item centred, filling about 70% of the frame. Plain seamless light neutral background #F4F6F9, no texture, no horizon line. Soft large-softbox studio lighting, soft contact shadow underneath, sharp focus across the whole item, photorealistic e-commerce catalog product photo, high detail, 85mm lens look, square 1:1, 1200x1200.;text, letters, numbers, logo, brand name, manufacturer marking, watermark, printed label, people, hands, faces, multiple products, cluttered background, props, distorted geometry, extra parts, cartoon, illustration, CGI look, blur, low resolution;текст, буквы, цифры, логотип, бренд, заводская маркировка, водяной знак, этикетка с надписями, люди, руки, лица, несколько предметов, захламленный фон, реквизит, искаженная геометрия, лишние детали, мультяшный стиль, иллюстрация, вид 3D-рендера, размытие, низкое разрешение;генерация;"Генерация по промпту; за основу — готовый снимок кадра F01221 (тот же ракурс, свет, фон), меняется только отличие подкадра.";photos/F01221-i.webp
F01480-a;F01480;2;2988;Видеонаблюдение;Блок;блок;"вид изделия — блок; материал — пластик";блок;;пластик;;свой снимок;52;"Фотореалистичная предметная фотография для каталога. Подкадр F01480-a (52 из 77 позиций кадра F01480). Отличие от соседних подкадров: вид изделия — блок; материал — пластик. Что в кадре: блок, пластик. Как выглядит: блок: прямоугольный модуль с клеммами или разъемами, корпус из пластика или металла. По данным позиций кадра: материал — abs пластик (81 %). Масштаб: масса около 0,2 кг (медиана по позициям). Ракурс и композиция: 3/4 немного сверху, изделие целиком по центру, занимает около 70 % кадра. Фон: светлый нейтральный бесшовный #F4F6F9 без текстуры и горизонта. Свет: мягкий студийный из большого софтбокса, мягкая тень под предметом, резкость по всему предмету. Не должно быть: чужих логотипов, названий заводов и брендов, водяных знаков, надписей и любого текста, людей и рук, лишних предметов. Итог: квадрат 1200×1200 px, WebP.";"Photorealistic catalog product photo. Distinctive for this variant: unit; material plastic. Unit. Unit block, rectangular plastic or metal module with terminals or connectors. Material: ABS plastic, plastic. Scale: weight about 0.2 kg. Three-quarter view from slightly above, whole item centred, filling about 70% of the frame. Plain seamless light neutral background #F4F6F9, no texture, no horizon line. Soft large-softbox studio lighting, soft contact shadow underneath, sharp focus across the whole item, photorealistic e-commerce catalog product photo, high detail, 85mm lens look, square 1:1, 1200x1200.";text, letters, numbers, logo, brand name, manufacturer marking, watermark, printed label, people, hands, faces, multiple products, cluttered background, props, distorted geometry, extra parts, cartoon, illustration, CGI look, blur, low resolution;текст, буквы, цифры, логотип, бренд, заводская маркировка, водяной знак, этикетка с надписями, люди, руки, лица, несколько предметов, захламленный фон, реквизит, искаженная геометрия, лишние детали, мультяшный стиль, иллюстрация, вид 3D-рендера, размытие, низкое разрешение;генерация;"Генерация по промпту; за основу — готовый снимок кадра F01480 (тот же ракурс, свет, фон), меняется только отличие подкадра.";photos/F01480-a.webp
F01480-b;F01480;3;10617;Видеонаблюдение;Блок;блок;"вид изделия — блок; у позиций разные: материал, цвет";блок;;;;свой снимок;15;"Фотореалистичная предметная фотография для каталога. Подкадр F01480-b (15 из 77 позиций кадра F01480). Отличие от соседних подкадров: вид изделия — блок; у позиций разные: материал, цвет. Что в кадре: блок. Как выглядит: блок: прямоугольный модуль с клеммами или разъемами, корпус из пластика или металла. По данным позиций кадра: материал — металл (80 %). Масштаб: масса около 0,2 кг (медиана по позициям). Ракурс и композиция: 3/4 немного сверху, изделие целиком по центру, занимает около 70 % кадра. Фон: светлый нейтральный бесшовный #F4F6F9 без текстуры и горизонта. Свет: мягкий студийный из большого софтбокса, мягкая тень под предметом, резкость по всему предмету. Не должно быть: чужих логотипов, названий заводов и брендов, водяных знаков, надписей и любого текста, людей и рук, лишних предметов. Итог: квадрат 1200×1200 px, WebP.";Photorealistic catalog product photo. Distinctive for this variant: unit. Unit. Unit block, rectangular plastic or metal module with terminals or connectors. Scale: weight about 0.2 kg. Three-quarter view from slightly above, whole item centred, filling about 70% of the frame. Plain seamless light neutral background #F4F6F9, no texture, no horizon line. Soft large-softbox studio lighting, soft contact shadow underneath, sharp focus across the whole item, photorealistic e-commerce catalog product photo, high detail, 85mm lens look, square 1:1, 1200x1200.;text, letters, numbers, logo, brand name, manufacturer marking, watermark, printed label, people, hands, faces, multiple products, cluttered background, props, distorted geometry, extra parts, cartoon, illustration, CGI look, blur, low resolution;текст, буквы, цифры, логотип, бренд, заводская маркировка, водяной знак, этикетка с надписями, люди, руки, лица, несколько предметов, захламленный фон, реквизит, искаженная геометрия, лишние детали, мультяшный стиль, иллюстрация, вид 3D-рендера, размытие, низкое разрешение;генерация;"Генерация по промпту; за основу — готовый снимок кадра F01480 (тот же ракурс, свет, фон), меняется только отличие подкадра.";photos/F01480-b.webp
F01480-c;F01480;5;26684;Видеонаблюдение;Блок;блок;"вид изделия — блок бесперебойного; у позиций разные: материал";блок бесперебойного;;;;свой снимок;5;"Фотореалистичная предметная фотография для каталога. Подкадр F01480-c (5 из 77 позиций кадра F01480). Отличие от соседних подкадров: вид изделия — блок бесперебойного; у позиций разные: материал. Что в кадре: блок, блок бесперебойного. Как выглядит: блок: прямоугольный модуль с клеммами или разъемами, корпус из пластика или металла. По данным позиций кадра: материал — пластик (50 %). Масштаб: масса около 1,4 кг (медиана по позициям). Ракурс и композиция: 3/4 немного сверху, изделие целиком по центру, занимает около 70 % кадра. Фон: светлый нейтральный бесшовный #F4F6F9 без текстуры и горизонта. Свет: мягкий студийный из большого софтбокса, мягкая тень под предметом, резкость по всему предмету. Не должно быть: чужих логотипов, названий заводов и брендов, водяных знаков, надписей и любого текста, людей и рук, лишних предметов. Итог: квадрат 1200×1200 px, WebP.";Photorealistic catalog product photo. Distinctive for this variant: uninterruptible unit. Unit. Unit block, rectangular plastic or metal module with terminals or connectors. Material: plastic. Scale: weight about 1.4 kg. Three-quarter view from slightly above, whole item centred, filling about 70% of the frame. Plain seamless light neutral background #F4F6F9, no texture, no horizon line. Soft large-softbox studio lighting, soft contact shadow underneath, sharp focus across the whole item, photorealistic e-commerce catalog product photo, high detail, 85mm lens look, square 1:1, 1200x1200.;text, letters, numbers, logo, brand name, manufacturer marking, watermark, printed label, people, hands, faces, multiple products, cluttered background, props, distorted geometry, extra parts, cartoon, illustration, CGI look, blur, low resolution;текст, буквы, цифры, логотип, бренд, заводская маркировка, водяной знак, этикетка с надписями, люди, руки, лица, несколько предметов, захламленный фон, реквизит, искаженная геометрия, лишние детали, мультяшный стиль, иллюстрация, вид 3D-рендера, размытие, низкое разрешение;генерация;"Генерация по промпту; за основу — готовый снимок кадра F01480 (тот же ракурс, свет, фон), меняется только отличие подкадра.";photos/F01480-c.webp
F01480-d;F01480;5;26685;Видеонаблюдение;Блок;блок;"вид изделия — блок бесперебойного; материал — алюминий";блок бесперебойного;;алюминий;;свой снимок;5;"Фотореалистичная предметная фотография для каталога. Подкадр F01480-d (5 из 77 позиций кадра F01480). Отличие от соседних подкадров: вид изделия — блок бесперебойного; материал — алюминий. Что в кадре: блок, блок бесперебойного, алюминий. Как выглядит: блок: прямоугольный модуль с клеммами или разъемами, корпус из пластика или металла. По данным позиций кадра: материал — алюминий. Масштаб: масса около 2 кг (медиана по позициям). Ракурс и композиция: 3/4 немного сверху, изделие целиком по центру, занимает около 70 % кадра. Фон: светлый нейтральный бесшовный #F4F6F9 без текстуры и горизонта. Свет: мягкий студийный из большого софтбокса, мягкая тень под предметом, резкость по всему предмету. Не должно быть: чужих логотипов, названий заводов и брендов, водяных знаков, надписей и любого текста, людей и рук, лишних предметов. Итог: квадрат 1200×1200 px, WebP.";"Photorealistic catalog product photo. Distinctive for this variant: uninterruptible unit; material aluminium. Unit. Unit block, rectangular plastic or metal module with terminals or connectors. Material: aluminium. Scale: weight about 2 kg. Three-quarter view from slightly above, whole item centred, filling about 70% of the frame. Plain seamless light neutral background #F4F6F9, no texture, no horizon line. Soft large-softbox studio lighting, soft contact shadow underneath, sharp focus across the whole item, photorealistic e-commerce catalog product photo, high detail, 85mm lens look, square 1:1, 1200x1200.";text, letters, numbers, logo, brand name, manufacturer marking, watermark, printed label, people, hands, faces, multiple products, cluttered background, props, distorted geometry, extra parts, cartoon, illustration, CGI look, blur, low resolution;текст, буквы, цифры, логотип, бренд, заводская маркировка, водяной знак, этикетка с надписями, люди, руки, лица, несколько предметов, захламленный фон, реквизит, искаженная геометрия, лишние детали, мультяшный стиль, иллюстрация, вид 3D-рендера, размытие, низкое разрешение;генерация;"Генерация по промпту; за основу — готовый снимок кадра F01480 (тот же ракурс, свет, фон), меняется только отличие подкадра.";photos/F01480-d.webp
F01506-a;F01506;2;4520;Видеонаблюдение;Видеорегистратор;видеорегистратор;"вид изделия — видеорегистратор; у позиций разные: тип";видеорегистратор;;;;свой снимок;36;"Фотореалистичная предметная фотография для каталога. Подкадр F01506-a (36 из 76 позиций кадра F01506). Отличие от соседних подкадров: вид изделия — видеорегистратор; у позиций разные: тип. Что в кадре: видеорегистратор. Как выглядит: видеорегистратор: плоский металлический корпус с разъемами сзади. По данным позиций кадра: вид — ip (94 %). Масштаб: масса около 1,5 кг (медиана по позициям). Ракурс и композиция: 3/4 немного сверху, изделие целиком по центру, занимает около 70 % кадра. Фон: светлый нейтральный бесшовный #F4F6F9 без текстуры и горизонта. Свет: мягкий студийный из большого софтбокса, мягкая тень под предметом, резкость по всему предмету. Не должно быть: чужих логотипов, названий заводов и брендов, водяных знаков, надписей и любого текста, людей и рук, лишних предметов. Итог: квадрат 1200×1200 px, WebP.";Photorealistic catalog product photo. Distinctive for this variant: video recorder. Video recorder. Network video recorder, flat metal box with rear connectors. Kind: ip. Scale: weight about 1.5 kg. Three-quarter view from slightly above, whole item centred, filling about 70% of the frame. Plain seamless light neutral background #F4F6F9, no texture, no horizon line. Soft large-softbox studio lighting, soft contact shadow underneath, sharp focus across the whole item, photorealistic e-commerce catalog product photo, high detail, 85mm lens look, square 1:1, 1200x1200.;text, letters, numbers, logo, brand name, manufacturer marking, watermark, printed label, people, hands, faces, multiple products, cluttered background, props, distorted geometry, extra parts, cartoon, illustration, CGI look, blur, low resolution;текст, буквы, цифры, логотип, бренд, заводская маркировка, водяной знак, этикетка с надписями, люди, руки, лица, несколько предметов, захламленный фон, реквизит, искаженная геометрия, лишние детали, мультяшный стиль, иллюстрация, вид 3D-рендера, размытие, низкое разрешение;генерация;"Генерация по промпту; за основу — готовый снимок кадра F01506 (тот же ракурс, свет, фон), меняется только отличие подкадра.";photos/F01506-a.webp
F01506-b;F01506;2;6508;Видеонаблюдение;Видеорегистратор;видеорегистратор;"вид изделия — видеорегистратор; тип — ip, сетевой; цвет — черный";видеорегистратор;черный;;ip, сетевой;свой снимок;25;"Фотореалистичная предметная фотография для каталога. Подкадр F01506-b (25 из 76 позиций кадра F01506). Отличие от соседних подкадров: вид изделия — видеорегистратор; тип — ip, сетевой; цвет — черный. Что в кадре: видеорегистратор, ip, сетевой, черный. Как выглядит: видеорегистратор: плоский металлический корпус с разъемами сзади. По данным позиций кадра: цвет корпуса — черный; вид — ip, сетевой. Масштаб: масса около 1 кг (медиана по позициям). Ракурс и композиция: 3/4 немного сверху, изделие целиком по центру, занимает около 70 % кадра. Фон: светлый нейтральный бесшовный #F4F6F9 без текстуры и горизонта. Свет: мягкий студийный из большого софтбокса, мягкая тень под предметом, резкость по всему предмету. Не должно быть: чужих логотипов, названий заводов и брендов, водяных знаков, надписей и любого текста, людей и рук, лишних предметов. Итог: квадрат 1200×1200 px, WebP.";"Photorealistic catalog product photo. Distinctive for this variant: video recorder; type mains ip,; colour black. Video recorder. Network video recorder, flat metal box with rear connectors. Black body; kind: mains ip,. Scale: weight about 1 kg. Three-quarter view from slightly above, whole item centred, filling about 70% of the frame. Plain seamless light neutral background #F4F6F9, no texture, no horizon line. Soft large-softbox studio lighting, soft contact shadow underneath, sharp focus across the whole item, photorealistic e-commerce catalog product photo, high detail, 85mm lens look, square 1:1, 1200x1200.";text, letters, numbers, logo, brand name, manufacturer marking, watermark, printed label, people, hands, faces, multiple products, cluttered background, props, distorted geometry, extra parts, cartoon, illustration, CGI look, blur, low resolution;текст, буквы, цифры, логотип, бренд, заводская маркировка, водяной знак, этикетка с надписями, люди, руки, лица, несколько предметов, захламленный фон, реквизит, искаженная геометрия, лишние детали, мультяшный стиль, иллюстрация, вид 3D-рендера, размытие, низкое разрешение;генерация;"Генерация по промпту; за основу — готовый снимок кадра F01506 (тот же ракурс, свет, фон), меняется только отличие подкадра.";photos/F01506-b.webp
F01506-c;F01506;4;20733;Видеонаблюдение;Видеорегистратор;видеорегистратор;"вид изделия — видеорегистратор; тип — ip, сетевой; цвет — белый";видеорегистратор;белый;;ip, сетевой;свой снимок;7;"Фотореалистичная предметная фотография для каталога. Подкадр F01506-c (7 из 76 позиций кадра F01506). Отличие от соседних подкадров: вид изделия — видеорегистратор; тип — ip, сетевой; цвет — белый. Что в кадре: видеорегистратор, ip, сетевой, белый. Как выглядит: видеорегистратор: плоский металлический корпус с разъемами сзади. По данным позиций кадра: цвет корпуса — белый; вид — ip, сетевой. Масштаб: масса около 1 кг (медиана по позициям). Ракурс и композиция: 3/4 немного сверху, изделие целиком по центру, занимает около 70 % кадра. Фон: светлый нейтральный бесшовный #F4F6F9 без текстуры и горизонта. Свет: мягкий студийный из большого софтбокса, мягкая тень под предметом, резкость по всему предмету. Не должно быть: чужих логотипов, названий заводов и брендов, водяных знаков, надписей и любого текста, людей и рук, лишних предметов. Итог: квадрат 1200×1200 px, WebP.";"Photorealistic catalog product photo. Distinctive for this variant: video recorder; type mains ip,; colour white. Video recorder. Network video recorder, flat metal box with rear connectors. White body; kind: mains ip,. Scale: weight about 1 kg. Three-quarter view from slightly above, whole item centred, filling about 70% of the frame. Plain seamless light neutral background #F4F6F9, no texture, no horizon line. Soft large-softbox studio lighting, soft contact shadow underneath, sharp focus across the whole item, photorealistic e-commerce catalog product photo, high detail, 85mm lens look, square 1:1, 1200x1200.";text, letters, numbers, logo, brand name, manufacturer marking, watermark, printed label, people, hands, faces, multiple products, cluttered background, props, distorted geometry, extra parts, cartoon, illustration, CGI look, blur, low resolution;текст, буквы, цифры, логотип, бренд, заводская маркировка, водяной знак, этикетка с надписями, люди, руки, лица, несколько предметов, захламленный фон, реквизит, искаженная геометрия, лишние детали, мультяшный стиль, иллюстрация, вид 3D-рендера, размытие, низкое разрешение;генерация;"Генерация по промпту; за основу — готовый снимок кадра F01506 (тот же ракурс, свет, фон), меняется только отличие подкадра.";photos/F01506-c.webp
F01506-d;F01506;4;23580;Видеонаблюдение;Видеорегистратор;видеорегистратор;вид изделия — видеорегистратор мультиформатный;видеорегистратор мультиформатный;;;;свой снимок;6;Фотореалистичная предметная фотография для каталога. Подкадр F01506-d (6 из 76 позиций кадра F01506). Отличие от соседних подкадров: вид изделия — видеорегистратор мультиформатный. Что в кадре: видеорегистратор, видеорегистратор мультиформатный. Как выглядит: видеорегистратор: плоский металлический корпус с разъемами сзади. Масштаб: масса около 1,1 кг (медиана по позициям). Ракурс и композиция: 3/4 немного сверху, изделие целиком по центру, занимает около 70 % кадра. Фон: светлый нейтральный бесшовный #F4F6F9 без текстуры и горизонта. Свет: мягкий студийный из большого софтбокса, мягкая тень под предметом, резкость по всему предмету. Не должно быть: чужих логотипов, названий заводов и брендов, водяных знаков, надписей и любого текста, людей и рук, лишних предметов. Итог: квадрат 1200×1200 px, WebP.;Photorealistic catalog product photo. Video recorder. Network video recorder, flat metal box with rear connectors. Scale: weight about 1.1 kg. Three-quarter view from slightly above, whole item centred, filling about 70% of the frame. Plain seamless light neutral background #F4F6F9, no texture, no horizon line. Soft large-softbox studio lighting, soft contact shadow underneath, sharp focus across the whole item, photorealistic e-commerce catalog product photo, high detail, 85mm lens look, square 1:1, 1200x1200.;text, letters, numbers, logo, brand name, manufacturer marking, watermark, printed label, people, hands, faces, multiple products, cluttered background, props, distorted geometry, extra parts, cartoon, illustration, CGI look, blur, low resolution;текст, буквы, цифры, логотип, бренд, заводская маркировка, водяной знак, этикетка с надписями, люди, руки, лица, несколько предметов, захламленный фон, реквизит, искаженная геометрия, лишние детали, мультяшный стиль, иллюстрация, вид 3D-рендера, размытие, низкое разрешение;генерация;"Генерация по промпту; за основу — готовый снимок кадра F01506 (тот же ракурс, свет, фон), меняется только отличие подкадра.";photos/F01506-d.webp
F01506-e;F01506;5;28428;Видеонаблюдение;Видеорегистратор;видеорегистратор;прочие позиции кадра;;;;;прочие позиции кадра — снимок кадра;2;"Фотореалистичная предметная фотография для каталога. Подкадр F01506-e — прочие позиции кадра F01506 (2 из 76), у которых нет общего заметного отличия от остальных 4 подкадров кадра; снимок как у кадра F01506. Что в кадре: видеорегистратор, видеорегистратор персональный. Как выглядит: видеорегистратор: плоский металлический корпус с разъемами сзади. Масштаб: масса около 0,1 кг (медиана по позициям). Ракурс и композиция: 3/4 немного сверху, изделие целиком по центру, занимает около 70 % кадра. Фон: светлый нейтральный бесшовный #F4F6F9 без текстуры и горизонта. Свет: мягкий студийный из большого софтбокса, мягкая тень под предметом, резкость по всему предмету. Не должно быть: чужих логотипов, названий заводов и брендов, водяных знаков, надписей и любого текста, людей и рук, лишних предметов. Итог: квадрат 1200×1200 px, WebP.";Photorealistic catalog product photo. Video recorder. Network video recorder, flat metal box with rear connectors. Scale: weight about 0.1 kg. Three-quarter view from slightly above, whole item centred, filling about 70% of the frame. Plain seamless light neutral background #F4F6F9, no texture, no horizon line. Soft large-softbox studio lighting, soft contact shadow underneath, sharp focus across the whole item, photorealistic e-commerce catalog product photo, high detail, 85mm lens look, square 1:1, 1200x1200.;text, letters, numbers, logo, brand name, manufacturer marking, watermark, printed label, people, hands, faces, multiple products, cluttered background, props, distorted geometry, extra parts, cartoon, illustration, CGI look, blur, low resolution;текст, буквы, цифры, логотип, бренд, заводская маркировка, водяной знак, этикетка с надписями, люди, руки, лица, несколько предметов, захламленный фон, реквизит, искаженная геометрия, лишние детали, мультяшный стиль, иллюстрация, вид 3D-рендера, размытие, низкое разрешение;снимок кадра;Отдельный снимок не нужен: на эти позиции встает снимок кадра F01506 (файл photos/F01506.webp).;— (используется photos/F01506.webp)
F02116-a;F02116;3;10669;Видеонаблюдение;Кронштейн;кронштейн;"вид изделия — кронштейн; материал — алюминий; цвет — белый";кронштейн;белый;алюминий;;свой снимок;15;"Фотореалистичная предметная фотография для каталога. Подкадр F02116-a (15 из 53 позиций кадра F02116). Отличие от соседних подкадров: вид изделия — кронштейн; материал — алюминий; цвет — белый. Что в кадре: кронштейн, алюминий, белый. Как выглядит: кронштейн: металлическая консоль/уголок с отверстиями под крепеж, покрытие по данным. По данным позиций кадра: материал — алюминиевый сплав (60 %); цвет корпуса — белый. Масштаб: масса около 0,5 кг (медиана по позициям). Ракурс и композиция: 3/4 немного сверху, изделие целиком по центру, занимает около 70 % кадра. Фон: светлый нейтральный бесшовный #F4F6F9 без текстуры и горизонта. Свет: мягкий студийный из большого софтбокса, мягкая тень под предметом, резкость по всему предмету. Не должно быть: чужих логотипов, названий заводов и брендов, водяных знаков, надписей и любого текста, людей и рук, лишних предметов. Итог: квадрат 1200×1200 px, WebP.";"Photorealistic catalog product photo. Distinctive for this variant: bracket; material aluminium; colour white. Bracket. Metal bracket with fixing holes. Material: aluminium; white body. Scale: weight about 0.5 kg. Three-quarter view from slightly above, whole item centred, filling about 70% of the frame. Plain seamless light neutral background #F4F6F9, no texture, no horizon line. Soft large-softbox studio lighting, soft contact shadow underneath, sharp focus across the whole item, photorealistic e-commerce catalog product photo, high detail, 85mm lens look, square 1:1, 1200x1200.";text, letters, numbers, logo, brand name, manufacturer marking, watermark, printed label, people, hands, faces, multiple products, cluttered background, props, distorted geometry, extra parts, cartoon, illustration, CGI look, blur, low resolution;текст, буквы, цифры, логотип, бренд, заводская маркировка, водяной знак, этикетка с надписями, люди, руки, лица, несколько предметов, захламленный фон, реквизит, искаженная геометрия, лишние детали, мультяшный стиль, иллюстрация, вид 3D-рендера, размытие, низкое разрешение;генерация;"Генерация по промпту; за основу — готовый снимок кадра F02116 (тот же ракурс, свет, фон), меняется только отличие подкадра.";photos/F02116-a.webp
F02116-b;F02116;3;16790;Видеонаблюдение;Кронштейн;кронштейн;"вид изделия — кронштейн; у позиций разные: материал, цвет";кронштейн;;;;свой снимок;9;"Фотореалистичная предметная фотография для каталога. Подкадр F02116-b (9 из 53 позиций кадра F02116). Отличие от соседних подкадров: вид изделия — кронштейн; у позиций разные: материал, цвет. Что в кадре: кронштейн. Как выглядит: кронштейн: металлическая консоль/уголок с отверстиями под крепеж, покрытие по данным. По данным позиций кадра: материал — оцинкованная сталь (44 %); цвет корпуса — белый (75 %). Масштаб: масса около 0,6 кг (медиана по позициям). Ракурс и композиция: 3/4 немного сверху, изделие целиком по центру, занимает около 70 % кадра. Фон: светлый нейтральный бесшовный #F4F6F9 без текстуры и горизонта. Свет: мягкий студийный из большого софтбокса, мягкая тень под предметом, резкость по всему предмету. Не должно быть: чужих логотипов, названий заводов и брендов, водяных знаков, надписей и любого текста, людей и рук, лишних предметов. Итог: квадрат 1200×1200 px, WebP.";"Photorealistic catalog product photo. Distinctive for this variant: bracket. Bracket. Metal bracket with fixing holes. Material: galvanised steel, zinc-plated; white body. Scale: weight about 0.6 kg. Three-quarter view from slightly above, whole item centred, filling about 70% of the frame. Plain seamless light neutral background #F4F6F9, no texture, no horizon line. Soft large-softbox studio lighting, soft contact shadow underneath, sharp focus across the whole item, photorealistic e-commerce catalog product photo, high detail, 85mm lens look, square 1:1, 1200x1200.";text, letters, numbers, logo, brand name, manufacturer marking, watermark, printed label, people, hands, faces, multiple products, cluttered background, props, distorted geometry, extra parts, cartoon, illustration, CGI look, blur, low resolution;текст, буквы, цифры, логотип, бренд, заводская маркировка, водяной знак, этикетка с надписями, люди, руки, лица, несколько предметов, захламленный фон, реквизит, искаженная геометрия, лишние детали, мультяшный стиль, иллюстрация, вид 3D-рендера, размытие, низкое разрешение;генерация;"Генерация по промпту; за основу — готовый снимок кадра F02116 (тот же ракурс, свет, фон), меняется только отличие подкадра.";photos/F02116-b.webp
F02116-c;F02116;4;20922;Видеонаблюдение;Кронштейн;кронштейн;прочие позиции кадра;;;;;прочие позиции кадра — снимок кадра;7;"Фотореалистичная предметная фотография для каталога. Подкадр F02116-c — прочие позиции кадра F02116 (7 из 53), у которых нет общего заметного отличия от остальных 6 подкадров кадра; снимок как у кадра F02116. Что в кадре: кронштейн. Как выглядит: кронштейн: металлическая консоль/уголок с отверстиями под крепеж, покрытие по данным. По данным позиций кадра: материал — металл (43 %); цвет корпуса — белый (80 %). Масштаб: масса около 0,5 кг (медиана по позициям). Ракурс и композиция: 3/4 немного сверху, изделие целиком по центру, занимает около 70 % кадра. Фон: светлый нейтральный бесшовный #F4F6F9 без текстуры и горизонта. Свет: мягкий студийный из большого софтбокса, мягкая тень под предметом, резкость по всему предмету. Не должно быть: чужих логотипов, названий заводов и брендов, водяных знаков, надписей и любого текста, людей и рук, лишних предметов. Итог: квадрат 1200×1200 px, WebP.";Photorealistic catalog product photo. Bracket. Metal bracket with fixing holes. White body. Scale: weight about 0.5 kg. Three-quarter view from slightly above, whole item centred, filling about 70% of the frame. Plain seamless light neutral background #F4F6F9, no texture, no horizon line. Soft large-softbox studio lighting, soft contact shadow underneath, sharp focus across the whole item, photorealistic e-commerce catalog product photo, high detail, 85mm lens look, square 1:1, 1200x1200.;text, letters, numbers, logo, brand name, manufacturer marking, watermark, printed label, people, hands, faces, multiple products, cluttered background, props, distorted geometry, extra parts, cartoon, illustration, CGI look, blur, low resolution;текст, буквы, цифры, логотип, бренд, заводская маркировка, водяной знак, этикетка с надписями, люди, руки, лица, несколько предметов, захламленный фон, реквизит, искаженная геометрия, лишние детали, мультяшный стиль, иллюстрация, вид 3D-рендера, размытие, низкое разрешение;снимок кадра;Отдельный снимок не нужен: на эти позиции встает снимок кадра F02116 (файл photos/F02116.webp).;— (используется photos/F02116.webp)
F02116-d;F02116;4;24011;Видеонаблюдение;Кронштейн;кронштейн;"вид изделия — кронштейн универсальный; у позиций разные: материал, цвет";кронштейн универсальный;;;;свой снимок;6;"Фотореалистичная предметная фотография для каталога. Подкадр F02116-d (6 из 53 позиций кадра F02116). Отличие от соседних подкадров: вид изделия — кронштейн универсальный; у позиций разные: материал, цвет. Что в кадре: кронштейн, кронштейн универсальный. Как выглядит: кронштейн: металлическая консоль/уголок с отверстиями под крепеж, покрытие по данным. По данным позиций кадра: материал — сталь (67 %); цвет корпуса — белый (67 %). Масштаб: масса около 1 кг (медиана по позициям). Ракурс и композиция: 3/4 немного сверху, изделие целиком по центру, занимает около 70 % кадра. Фон: светлый нейтральный бесшовный #F4F6F9 без текстуры и горизонта. Свет: мягкий студийный из большого софтбокса, мягкая тень под предметом, резкость по всему предмету. Не должно быть: чужих логотипов, названий заводов и брендов, водяных знаков, надписей и любого текста, людей и рук, лишних предметов. Итог: квадрат 1200×1200 px, WebP.";"Photorealistic catalog product photo. Distinctive for this variant: universal bracket. Bracket. Metal bracket with fixing holes. Material: steel; white body. Scale: weight about 1 kg. Three-quarter view from slightly above, whole item centred, filling about 70% of the frame. Plain seamless light neutral background #F4F6F9, no texture, no horizon line. Soft large-softbox studio lighting, soft contact shadow underneath, sharp focus across the whole item, photorealistic e-commerce catalog product photo, high detail, 85mm lens look, square 1:1, 1200x1200.";text, letters, numbers, logo, brand name, manufacturer marking, watermark, printed label, people, hands, faces, multiple products, cluttered background, props, distorted geometry, extra parts, cartoon, illustration, CGI look, blur, low resolution;текст, буквы, цифры, логотип, бренд, заводская маркировка, водяной знак, этикетка с надписями, люди, руки, лица, несколько предметов, захламленный фон, реквизит, искаженная геометрия, лишние детали, мультяшный стиль, иллюстрация, вид 3D-рендера, размытие, низкое разрешение;генерация;"Генерация по промпту; за основу — готовый снимок кадра F02116 (тот же ракурс, свет, фон), меняется только отличие подкадра.";photos/F02116-d.webp
F02116-e;F02116;4;24012;Видеонаблюдение;Кронштейн;кронштейн;"вид изделия — кронштейн; материал — сталь; цвет — белый";кронштейн;белый;сталь;;свой снимок;6;"Фотореалистичная предметная фотография для каталога. Подкадр F02116-e (6 из 53 позиций кадра F02116). Отличие от соседних подкадров: вид изделия — кронштейн; материал — сталь; цвет — белый. Что в кадре: кронштейн, сталь, белый. Как выглядит: кронштейн: металлическая консоль/уголок с отверстиями под крепеж, покрытие по данным. По данным позиций кадра: материал — сталь; цвет корпуса — белый. Масштаб: масса около 0,6 кг (медиана по позициям). Ракурс и композиция: 3/4 немного сверху, изделие целиком по центру, занимает около 70 % кадра. Фон: светлый нейтральный бесшовный #F4F6F9 без текстуры и горизонта. Свет: мягкий студийный из большого софтбокса, мягкая тень под предметом, резкость по всему предмету. Не должно быть: чужих логотипов, названий заводов и брендов, водяных знаков, надписей и любого текста, людей и рук, лишних предметов. Итог: квадрат 1200×1200 px, WebP.";"Photorealistic catalog product photo. Distinctive for this variant: bracket; material steel; colour white. Bracket. Metal bracket with fixing holes. Material: steel; white body. Scale: weight about 0.6 kg. Three-quarter view from slightly above, whole item centred, filling about 70% of the frame. Plain seamless light neutral background #F4F6F9, no texture, no horizon line. Soft large-softbox studio lighting, soft contact shadow underneath, sharp focus across the whole item, photorealistic e-commerce catalog product photo, high detail, 85mm lens look, square 1:1, 1200x1200.";text, letters, numbers, logo, brand name, manufacturer marking, watermark, printed label, people, hands, faces, multiple products, cluttered background, props, distorted geometry, extra parts, cartoon, illustration, CGI look, blur, low resolution;текст, буквы, цифры, логотип, бренд, заводская маркировка, водяной знак, этикетка с надписями, люди, руки, лица, несколько предметов, захламленный фон, реквизит, искаженная геометрия, лишние детали, мультяшный стиль, иллюстрация, вид 3D-рендера, размытие, низкое разрешение;генерация;"Генерация по промпту; за основу — готовый снимок кадра F02116 (тот же ракурс, свет, фон), меняется только отличие подкадра.";photos/F02116-e.webp
F02116-f;F02116;5;26975;Видеонаблюдение;Кронштейн;кронштейн;"вид изделия — кронштейн универсальный; материал — оцинкованная сталь; цвет — белый";кронштейн универсальный;белый;оцинкованная сталь;;свой снимок;5;"Фотореалистичная предметная фотография для каталога. Подкадр F02116-f (5 из 53 позиций кадра F02116). Отличие от соседних подкадров: вид изделия — кронштейн универсальный; материал — оцинкованная сталь; цвет — белый. Что в кадре: кронштейн, кронштейн универсальный, оцинкованная сталь, белый. Как выглядит: кронштейн: металлическая консоль/уголок с отверстиями под крепеж, покрытие по данным. По данным позиций кадра: материал — оцинкованная сталь; цвет корпуса — белый. Масштаб: масса около 0,9 кг (медиана по позициям). Ракурс и композиция: 3/4 немного сверху, изделие целиком по центру, занимает около 70 % кадра. Фон: светлый нейтральный бесшовный #F4F6F9 без текстуры и горизонта. Свет: мягкий студийный из большого софтбокса, мягкая тень под предметом, резкость по всему предмету. Не должно быть: чужих логотипов, названий заводов и брендов, водяных знаков, надписей и любого текста, людей и рук, лишних предметов. Итог: квадрат 1200×1200 px, WebP.";"Photorealistic catalog product photo. Distinctive for this variant: universal bracket; material galvanised steel; colour white. Bracket. Metal bracket with fixing holes. Material: galvanised steel, zinc-plated; white body. Scale: weight about 0.9 kg. Three-quarter view from slightly above, whole item centred, filling about 70% of the frame. Plain seamless light neutral background #F4F6F9, no texture, no horizon line. Soft large-softbox studio lighting, soft contact shadow underneath, sharp focus across the whole item, photorealistic e-commerce catalog product photo, high detail, 85mm lens look, square 1:1, 1200x1200.";text, letters, numbers, logo, brand name, manufacturer marking, watermark, printed label, people, hands, faces, multiple products, cluttered background, props, distorted geometry, extra parts, cartoon, illustration, CGI look, blur, low resolution;текст, буквы, цифры, логотип, бренд, заводская маркировка, водяной знак, этикетка с надписями, люди, руки, лица, несколько предметов, захламленный фон, реквизит, искаженная геометрия, лишние детали, мультяшный стиль, иллюстрация, вид 3D-рендера, размытие, низкое разрешение;генерация;"Генерация по промпту; за основу — готовый снимок кадра F02116 (тот же ракурс, свет, фон), меняется только отличие подкадра.";photos/F02116-f.webp
F02116-g;F02116;5;26976;Видеонаблюдение;Кронштейн;кронштейн;"вид изделия — кронштейн; материал — алюминий; у позиций разные: цвет";кронштейн;;алюминий;;свой снимок;5;"Фотореалистичная предметная фотография для каталога. Подкадр F02116-g (5 из 53 позиций кадра F02116). Отличие от соседних подкадров: вид изделия — кронштейн; материал — алюминий; у позиций разные: цвет. Что в кадре: кронштейн, алюминий. Как выглядит: кронштейн: металлическая консоль/уголок с отверстиями под крепеж, покрытие по данным. По данным позиций кадра: материал — алюминий (80 %). Масштаб: масса около 0,6 кг (медиана по позициям). Ракурс и композиция: 3/4 немного сверху, изделие целиком по центру, занимает около 70 % кадра. Фон: светлый нейтральный бесшовный #F4F6F9 без текстуры и горизонта. Свет: мягкий студийный из большого софтбокса, мягкая тень под предметом, резкость по всему предмету. Не должно быть: чужих логотипов, названий заводов и брендов, водяных знаков, надписей и любого текста, людей и рук, лишних предметов. Итог: квадрат 1200×1200 px, WebP.";"Photorealistic catalog product photo. Distinctive for this variant: bracket; material aluminium. Bracket. Metal bracket with fixing holes. Material: aluminium. Scale: weight about 0.6 kg. Three-quarter view from slightly above, whole item centred, filling about 70% of the frame. Plain seamless light neutral background #F4F6F9, no texture, no horizon line. Soft large-softbox studio lighting, soft contact shadow underneath, sharp focus across the whole item, photorealistic e-commerce catalog product photo, high detail, 85mm lens look, square 1:1, 1200x1200.";text, letters, numbers, logo, brand name, manufacturer marking, watermark, printed label, people, hands, faces, multiple products, cluttered background, props, distorted geometry, extra parts, cartoon, illustration, CGI look, blur, low resolution;текст, буквы, цифры, логотип, бренд, заводская маркировка, водяной знак, этикетка с надписями, люди, руки, лица, несколько предметов, захламленный фон, реквизит, искаженная геометрия, лишние детали, мультяшный стиль, иллюстрация, вид 3D-рендера, размытие, низкое разрешение;генерация;"Генерация по промпту; за основу — готовый снимок кадра F02116 (тот же ракурс, свет, фон), меняется только отличие подкадра.";photos/F02116-g.webp
F02859-a;F02859;3;9557;Видеонаблюдение;Монитор;монитор;"вид изделия — монитор; материал — пластик";монитор;;пластик;;свой снимок;17;"Фотореалистичная предметная фотография для каталога. Подкадр F02859-a (17 из 32 позиций кадра F02859). Отличие от соседних подкадров: вид изделия — монитор; материал — пластик. Что в кадре: монитор, пластик. Как выглядит: монитор в типичном для этого вида исполнении (группа «Комплектующие для видеонаблюдения»); форму, пропорции и детали — как у типичного изделия этого вида. По данным позиций кадра: материал — пластик (76 %). Ракурс и композиция: 3/4 немного сверху, изделие целиком по центру, занимает около 70 % кадра. Фон: светлый нейтральный бесшовный #F4F6F9 без текстуры и горизонта. Свет: мягкий студийный из большого софтбокса, мягкая тень под предметом, резкость по всему предмету. Не должно быть: чужих логотипов, названий заводов и брендов, водяных знаков, надписей и любого текста, людей и рук, лишних предметов. Итог: квадрат 1200×1200 px, WebP.";"Photorealistic catalog product photo. Distinctive for this variant: monitor; material plastic. Monitor. Monitor in its typical standard design. Material: plastic. Three-quarter view from slightly above, whole item centred, filling about 70% of the frame. Plain seamless light neutral background #F4F6F9, no texture, no horizon line. Soft large-softbox studio lighting, soft contact shadow underneath, sharp focus across the whole item, photorealistic e-commerce catalog product photo, high detail, 85mm lens look, square 1:1, 1200x1200.";text, letters, numbers, logo, brand name, manufacturer marking, watermark, printed label, people, hands, faces, multiple products, cluttered background, props, distorted geometry, extra parts, cartoon, illustration, CGI look, blur, low resolution;текст, буквы, цифры, логотип, бренд, заводская маркировка, водяной знак, этикетка с надписями, люди, руки, лица, несколько предметов, захламленный фон, реквизит, искаженная геометрия, лишние детали, мультяшный стиль, иллюстрация, вид 3D-рендера, размытие, низкое разрешение;генерация;"Генерация по промпту; за основу — готовый снимок кадра F02859 (тот же ракурс, свет, фон), меняется только отличие подкадра.";photos/F02859-a.webp
F02859-b;F02859;4;21110;Видеонаблюдение;Монитор;монитор;"вид изделия — монитор безрамочный; материал — пластик";монитор безрамочный;;пластик;;свой снимок;7;"Фотореалистичная предметная фотография для каталога. Подкадр F02859-b (7 из 32 позиций кадра F02859). Отличие от соседних подкадров: вид изделия — монитор безрамочный; материал — пластик. Что в кадре: монитор, монитор безрамочный, пластик. Как выглядит: монитор в типичном для этого вида исполнении (группа «Комплектующие для видеонаблюдения»); форму, пропорции и детали — как у типичного изделия этого вида. По данным позиций кадра: материал — пластик (71 %). Ракурс и композиция: 3/4 немного сверху, изделие целиком по центру, занимает около 70 % кадра. Фон: светлый нейтральный бесшовный #F4F6F9 без текстуры и горизонта. Свет: мягкий студийный из большого софтбокса, мягкая тень под предметом, резкость по всему предмету. Не должно быть: чужих логотипов, названий заводов и брендов, водяных знаков, надписей и любого текста, людей и рук, лишних предметов. Итог: квадрат 1200×1200 px, WebP.";Photorealistic catalog product photo. Distinctive for this variant: material plastic. Monitor. Monitor in its typical standard design. Material: plastic. Three-quarter view from slightly above, whole item centred, filling about 70% of the frame. Plain seamless light neutral background #F4F6F9, no texture, no horizon line. Soft large-softbox studio lighting, soft contact shadow underneath, sharp focus across the whole item, photorealistic e-commerce catalog product photo, high detail, 85mm lens look, square 1:1, 1200x1200.;text, letters, numbers, logo, brand name, manufacturer marking, watermark, printed label, people, hands, faces, multiple products, cluttered background, props, distorted geometry, extra parts, cartoon, illustration, CGI look, blur, low resolution;текст, буквы, цифры, логотип, бренд, заводская маркировка, водяной знак, этикетка с надписями, люди, руки, лица, несколько предметов, захламленный фон, реквизит, искаженная геометрия, лишние детали, мультяшный стиль, иллюстрация, вид 3D-рендера, размытие, низкое разрешение;генерация;"Генерация по промпту; за основу — готовый снимок кадра F02859 (тот же ракурс, свет, фон), меняется только отличие подкадра.";photos/F02859-b.webp
F02859-c;F02859;5;27309;Видеонаблюдение;Монитор;монитор;"вид изделия — монитор компьютерный; у позиций разные: материал";монитор компьютерный;;;;свой снимок;5;"Фотореалистичная предметная фотография для каталога. Подкадр F02859-c (5 из 32 позиций кадра F02859). Отличие от соседних подкадров: вид изделия — монитор компьютерный; у позиций разные: материал. Что в кадре: монитор, монитор компьютерный. Как выглядит: монитор в типичном для этого вида исполнении (группа «Комплектующие для видеонаблюдения»); форму, пропорции и детали — как у типичного изделия этого вида. По данным позиций кадра: материал — металл (60 %). Ракурс и композиция: 3/4 немного сверху, изделие целиком по центру, занимает около 70 % кадра. Фон: светлый нейтральный бесшовный #F4F6F9 без текстуры и горизонта. Свет: мягкий студийный из большого софтбокса, мягкая тень под предметом, резкость по всему предмету. Не должно быть: чужих логотипов, названий заводов и брендов, водяных знаков, надписей и любого текста, людей и рук, лишних предметов. Итог: квадрат 1200×1200 px, WebP.";Photorealistic catalog product photo. Monitor. Monitor in its typical standard design. Three-quarter view from slightly above, whole item centred, filling about 70% of the frame. Plain seamless light neutral background #F4F6F9, no texture, no horizon line. Soft large-softbox studio lighting, soft contact shadow underneath, sharp focus across the whole item, photorealistic e-commerce catalog product photo, high detail, 85mm lens look, square 1:1, 1200x1200.;text, letters, numbers, logo, brand name, manufacturer marking, watermark, printed label, people, hands, faces, multiple products, cluttered background, props, distorted geometry, extra parts, cartoon, illustration, CGI look, blur, low resolution;текст, буквы, цифры, логотип, бренд, заводская маркировка, водяной знак, этикетка с надписями, люди, руки, лица, несколько предметов, захламленный фон, реквизит, искаженная геометрия, лишние детали, мультяшный стиль, иллюстрация, вид 3D-рендера, размытие, низкое разрешение;генерация;"Генерация по промпту; за основу — готовый снимок кадра F02859 (тот же ракурс, свет, фон), меняется только отличие подкадра.";photos/F02859-c.webp
F02859-d;F02859;5;28211;Видеонаблюдение;Монитор;монитор;прочие позиции кадра;;;;;прочие позиции кадра — снимок кадра;3;"Фотореалистичная предметная фотография для каталога. Подкадр F02859-d — прочие позиции кадра F02859 (3 из 32), у которых нет общего заметного отличия от остальных 3 подкадров кадра; снимок как у кадра F02859. Что в кадре: монитор. Как выглядит: монитор в типичном для этого вида исполнении (группа «Комплектующие для видеонаблюдения»); форму, пропорции и детали — как у типичного изделия этого вида. По данным позиций кадра: материал — алюминиевый сплав (67 %). Ракурс и композиция: 3/4 немного сверху, изделие целиком по центру, занимает около 70 % кадра. Фон: светлый нейтральный бесшовный #F4F6F9 без текстуры и горизонта. Свет: мягкий студийный из большого софтбокса, мягкая тень под предметом, резкость по всему предмету. Не должно быть: чужих логотипов, названий заводов и брендов, водяных знаков, надписей и любого текста, людей и рук, лишних предметов. Итог: квадрат 1200×1200 px, WebP.";Photorealistic catalog product photo. Monitor. Monitor in its typical standard design. Material: aluminium. Three-quarter view from slightly above, whole item centred, filling about 70% of the frame. Plain seamless light neutral background #F4F6F9, no texture, no horizon line. Soft large-softbox studio lighting, soft contact shadow underneath, sharp focus across the whole item, photorealistic e-commerce catalog product photo, high detail, 85mm lens look, square 1:1, 1200x1200.;text, letters, numbers, logo, brand name, manufacturer marking, watermark, printed label, people, hands, faces, multiple products, cluttered background, props, distorted geometry, extra parts, cartoon, illustration, CGI look, blur, low resolution;текст, буквы, цифры, логотип, бренд, заводская маркировка, водяной знак, этикетка с надписями, люди, руки, лица, несколько предметов, захламленный фон, реквизит, искаженная геометрия, лишние детали, мультяшный стиль, иллюстрация, вид 3D-рендера, размытие, низкое разрешение;снимок кадра;Отдельный снимок не нужен: на эти позиции встает снимок кадра F02859 (файл photos/F02859.webp).;— (используется photos/F02859.webp)
F02963-a;F02963;3;14278;Видеонаблюдение;Коробка монтажная;коробка монтажная;"материал — пластик; цвет — белый";коробка монтажная;белый;пластик;;свой снимок;11;"Фотореалистичная предметная фотография для каталога. Подкадр F02963-a (11 из 27 позиций кадра F02963). Отличие от соседних подкадров: материал — пластик; цвет — белый. Что в кадре: коробка монтажная, пластик, белый. Как выглядит: коробка: монтажная/распаечная коробка — пластиковый корпус с крышкой и вводами. По данным позиций кадра: материал — пластик (82 %); цвет корпуса — белый. Масштаб: масса около 0,2 кг (медиана по позициям). Ракурс и композиция: 3/4 немного сверху, изделие целиком по центру, занимает около 70 % кадра. Фон: светлый нейтральный бесшовный #F4F6F9 без текстуры и горизонта. Свет: мягкий студийный из большого софтбокса, мягкая тень под предметом, резкость по всему предмету. Не должно быть: чужих логотипов, названий заводов и брендов, водяных знаков, надписей и любого текста, людей и рук, лишних предметов. Итог: квадрат 1200×1200 px, WebP.";"Photorealistic catalog product photo. Distinctive for this variant: material plastic; colour white. Mounting junction box. Junction box, plastic housing with lid and entries. Material: plastic; white body. Scale: weight about 0.2 kg. Three-quarter view from slightly above, whole item centred, filling about 70% of the frame. Plain seamless light neutral background #F4F6F9, no texture, no horizon line. Soft large-softbox studio lighting, soft contact shadow underneath, sharp focus across the whole item, photorealistic e-commerce catalog product photo, high detail, 85mm lens look, square 1:1, 1200x1200.";text, letters, numbers, logo, brand name, manufacturer marking, watermark, printed label, people, hands, faces, multiple products, cluttered background, props, distorted geometry, extra parts, cartoon, illustration, CGI look, blur, low resolution;текст, буквы, цифры, логотип, бренд, заводская маркировка, водяной знак, этикетка с надписями, люди, руки, лица, несколько предметов, захламленный фон, реквизит, искаженная геометрия, лишние детали, мультяшный стиль, иллюстрация, вид 3D-рендера, размытие, низкое разрешение;генерация;"Генерация по промпту; за основу — готовый снимок кадра F02963 (тот же ракурс, свет, фон), меняется только отличие подкадра.";photos/F02963-a.webp
F02963-b;F02963;3;16933;Видеонаблюдение;Коробка монтажная;коробка монтажная;"материал — алюминий; цвет — белый";коробка монтажная;белый;алюминий;;свой снимок;9;"Фотореалистичная предметная фотография для каталога. Подкадр F02963-b (9 из 27 позиций кадра F02963). Отличие от соседних подкадров: материал — алюминий; цвет — белый. Что в кадре: коробка монтажная, алюминий, белый. Как выглядит: коробка: монтажная/распаечная коробка — пластиковый корпус с крышкой и вводами. По данным позиций кадра: материал — алюминий (89 %); цвет корпуса — белый. Масштаб: масса около 0,2 кг (медиана по позициям). Ракурс и композиция: 3/4 немного сверху, изделие целиком по центру, занимает около 70 % кадра. Фон: светлый нейтральный бесшовный #F4F6F9 без текстуры и горизонта. Свет: мягкий студийный из большого софтбокса, мягкая тень под предметом, резкость по всему предмету. Не должно быть: чужих логотипов, названий заводов и брендов, водяных знаков, надписей и любого текста, людей и рук, лишних предметов. Итог: квадрат 1200×1200 px, WebP.";"Photorealistic catalog product photo. Distinctive for this variant: material aluminium; colour white. Mounting junction box. Junction box, plastic housing with lid and entries. Material: aluminium; white body. Scale: weight about 0.2 kg. Three-quarter view from slightly above, whole item centred, filling about 70% of the frame. Plain seamless light neutral background #F4F6F9, no texture, no horizon line. Soft large-softbox studio lighting, soft contact shadow underneath, sharp focus across the whole item, photorealistic e-commerce catalog product photo, high detail, 85mm lens look, square 1:1, 1200x1200.";text, letters, numbers, logo, brand name, manufacturer marking, watermark, printed label, people, hands, faces, multiple products, cluttered background, props, distorted geometry, extra parts, cartoon, illustration, CGI look, blur, low resolution;текст, буквы, цифры, логотип, бренд, заводская маркировка, водяной знак, этикетка с надписями, люди, руки, лица, несколько предметов, захламленный фон, реквизит, искаженная геометрия, лишние детали, мультяшный стиль, иллюстрация, вид 3D-рендера, размытие, низкое разрешение;генерация;"Генерация по промпту; за основу — готовый снимок кадра F02963 (тот же ракурс, свет, фон), меняется только отличие подкадра.";photos/F02963-b.webp
F02963-c;F02963;5;27351;Видеонаблюдение;Коробка монтажная;коробка монтажная;"материал — пластик; цвет — черный";коробка монтажная;черный;пластик;;свой снимок;5;"Фотореалистичная предметная фотография для каталога. Подкадр F02963-c (5 из 27 позиций кадра F02963). Отличие от соседних подкадров: материал — пластик; цвет — черный. Что в кадре: коробка монтажная, пластик, черный. Как выглядит: коробка: монтажная/распаечная коробка — пластиковый корпус с крышкой и вводами. По данным позиций кадра: материал — пластик; цвет корпуса — черный. Масштаб: масса около 0,2 кг (медиана по позициям). Ракурс и композиция: 3/4 немного сверху, изделие целиком по центру, занимает около 70 % кадра. Фон: светлый нейтральный бесшовный #F4F6F9 без текстуры и горизонта. Свет: мягкий студийный из большого софтбокса, мягкая тень под предметом, резкость по всему предмету. Не должно быть: чужих логотипов, названий заводов и брендов, водяных знаков, надписей и любого текста, людей и рук, лишних предметов. Итог: квадрат 1200×1200 px, WebP.";"Photorealistic catalog product photo. Distinctive for this variant: material plastic; colour black. Mounting junction box. Junction box, plastic housing with lid and entries. Material: plastic; black body. Scale: weight about 0.2 kg. Three-quarter view from slightly above, whole item centred, filling about 70% of the frame. Plain seamless light neutral background #F4F6F9, no texture, no horizon line. Soft large-softbox studio lighting, soft contact shadow underneath, sharp focus across the whole item, photorealistic e-commerce catalog product photo, high detail, 85mm lens look, square 1:1, 1200x1200.";text, letters, numbers, logo, brand name, manufacturer marking, watermark, printed label, people, hands, faces, multiple products, cluttered background, props, distorted geometry, extra parts, cartoon, illustration, CGI look, blur, low resolution;текст, буквы, цифры, логотип, бренд, заводская маркировка, водяной знак, этикетка с надписями, люди, руки, лица, несколько предметов, захламленный фон, реквизит, искаженная геометрия, лишние детали, мультяшный стиль, иллюстрация, вид 3D-рендера, размытие, низкое разрешение;генерация;"Генерация по промпту; за основу — готовый снимок кадра F02963 (тот же ракурс, свет, фон), меняется только отличие подкадра.";photos/F02963-c.webp
F02963-d;F02963;5;28513;Видеонаблюдение;Коробка монтажная;коробка монтажная;прочие позиции кадра;;;;;прочие позиции кадра — снимок кадра;2;"Фотореалистичная предметная фотография для каталога. Подкадр F02963-d — прочие позиции кадра F02963 (2 из 27), у которых нет общего заметного отличия от остальных 3 подкадров кадра; снимок как у кадра F02963. Что в кадре: коробка монтажная. Как выглядит: коробка: монтажная/распаечная коробка — пластиковый корпус с крышкой и вводами. По данным позиций кадра: материал — металл (50 %); цвет корпуса — белый. Масштаб: масса около 0,3 кг (медиана по позициям). Ракурс и композиция: 3/4 немного сверху, изделие целиком по центру, занимает около 70 % кадра. Фон: светлый нейтральный бесшовный #F4F6F9 без текстуры и горизонта. Свет: мягкий студийный из большого софтбокса, мягкая тень под предметом, резкость по всему предмету. Не должно быть: чужих логотипов, названий заводов и брендов, водяных знаков, надписей и любого текста, людей и рук, лишних предметов. Итог: квадрат 1200×1200 px, WebP.";Photorealistic catalog product photo. Mounting junction box. Junction box, plastic housing with lid and entries. White body. Scale: weight about 0.3 kg. Three-quarter view from slightly above, whole item centred, filling about 70% of the frame. Plain seamless light neutral background #F4F6F9, no texture, no horizon line. Soft large-softbox studio lighting, soft contact shadow underneath, sharp focus across the whole item, photorealistic e-commerce catalog product photo, high detail, 85mm lens look, square 1:1, 1200x1200.;text, letters, numbers, logo, brand name, manufacturer marking, watermark, printed label, people, hands, faces, multiple products, cluttered background, props, distorted geometry, extra parts, cartoon, illustration, CGI look, blur, low resolution;текст, буквы, цифры, логотип, бренд, заводская маркировка, водяной знак, этикетка с надписями, люди, руки, лица, несколько предметов, захламленный фон, реквизит, искаженная геометрия, лишние детали, мультяшный стиль, иллюстрация, вид 3D-рендера, размытие, низкое разрешение;снимок кадра;Отдельный снимок не нужен: на эти позиции встает снимок кадра F02963 (файл photos/F02963.webp).;— (используется photos/F02963.webp)
F03294-a;F03294;3;9171;Видеонаблюдение;Коммутатор неуправляемый;коммутатор неуправляемый;весь кадр;;;;;весь кадр — снимок кадра;18;"Фотореалистичная предметная фотография для каталога. Подкадр F03294-a — весь кадр F03294 (18 поз.): позиций мало или на фото они одинаковы. Что в кадре: коммутатор неуправляемый. Как выглядит: сетевой коммутатор: металлический или пластиковый корпус с рядом портов RJ-45 и индикаторами. По данным позиций кадра: материал — металл; установка — внутренняя, помещение (86 %); вид — неуправляемый. Масштаб: масса около 0,4 кг (медиана по позициям). Ракурс и композиция: 3/4 немного сверху, изделие целиком по центру, занимает около 70 % кадра. Фон: светлый нейтральный бесшовный #F4F6F9 без текстуры и горизонта. Свет: мягкий студийный из большого софтбокса, мягкая тень под предметом, резкость по всему предмету. Не должно быть: чужих логотипов, названий заводов и брендов, водяных знаков, надписей и любого текста, людей и рук, лишних предметов. Итог: квадрат 1200×1200 px, WebP.";Photorealistic catalog product photo. Unmanaged switch. Network switch, metal or plastic housing with a row of RJ-45 ports and LEDs. Kind: unmanaged. Scale: weight about 0.4 kg. Three-quarter view from slightly above, whole item centred, filling about 70% of the frame. Plain seamless light neutral background #F4F6F9, no texture, no horizon line. Soft large-softbox studio lighting, soft contact shadow underneath, sharp focus across the whole item, photorealistic e-commerce catalog product photo, high detail, 85mm lens look, square 1:1, 1200x1200.;text, letters, numbers, logo, brand name, manufacturer marking, watermark, printed label, people, hands, faces, multiple products, cluttered background, props, distorted geometry, extra parts, cartoon, illustration, CGI look, blur, low resolution;текст, буквы, цифры, логотип, бренд, заводская маркировка, водяной знак, этикетка с надписями, люди, руки, лица, несколько предметов, захламленный фон, реквизит, искаженная геометрия, лишние детали, мультяшный стиль, иллюстрация, вид 3D-рендера, размытие, низкое разрешение;снимок кадра;Отдельный снимок не нужен: на эти позиции встает снимок кадра F03294 (файл photos/F03294.webp).;— (используется photos/F03294.webp)
F03395-a;F03395;4;21235;Видеонаблюдение;Видеорегистратор гибридный;видеорегистратор гибридный;цвет — белый;видеорегистратор гибридный;белый;;;свой снимок;7;"Фотореалистичная предметная фотография для каталога. Подкадр F03395-a (7 из 16 позиций кадра F03395). Отличие от соседних подкадров: цвет — белый. Что в кадре: видеорегистратор гибридный, белый. Как выглядит: видеорегистратор: плоский металлический корпус с разъемами сзади. По данным позиций кадра: цвет корпуса — белый; вид — гибридный. Масштаб: масса около 0,6 кг (медиана по позициям). Ракурс и композиция: 3/4 немного сверху, изделие целиком по центру, занимает около 70 % кадра. Фон: светлый нейтральный бесшовный #F4F6F9 без текстуры и горизонта. Свет: мягкий студийный из большого софтбокса, мягкая тень под предметом, резкость по всему предмету. Не должно быть: чужих логотипов, названий заводов и брендов, водяных знаков, надписей и любого текста, людей и рук, лишних предметов. Итог: квадрат 1200×1200 px, WebP.";"Photorealistic catalog product photo. Distinctive for this variant: colour white. Hybrid video recorder. Network video recorder, flat metal box with rear connectors. White body; kind: hybrid. Scale: weight about 0.6 kg. Three-quarter view from slightly above, whole item centred, filling about 70% of the frame. Plain seamless light neutral background #F4F6F9, no texture, no horizon line. Soft large-softbox studio lighting, soft contact shadow underneath, sharp focus across the whole item, photorealistic e-commerce catalog product photo, high detail, 85mm lens look, square 1:1, 1200x1200.";text, letters, numbers, logo, brand name, manufacturer marking, watermark, printed label, people, hands, faces, multiple products, cluttered background, props, distorted geometry, extra parts, cartoon, illustration, CGI look, blur, low resolution;текст, буквы, цифры, логотип, бренд, заводская маркировка, водяной знак, этикетка с надписями, люди, руки, лица, несколько предметов, захламленный фон, реквизит, искаженная геометрия, лишние детали, мультяшный стиль, иллюстрация, вид 3D-рендера, размытие, низкое разрешение;генерация;"Генерация по промпту; за основу — готовый снимок кадра F03395 (тот же ракурс, свет, фон), меняется только отличие подкадра.";photos/F03395-a.webp
F03395-b;F03395;4;21236;Видеонаблюдение;Видеорегистратор гибридный;видеорегистратор гибридный;цвет — черный;видеорегистратор гибридный;черный;;;свой снимок;7;"Фотореалистичная предметная фотография для каталога. Подкадр F03395-b (7 из 16 позиций кадра F03395). Отличие от соседних подкадров: цвет — черный. Что в кадре: видеорегистратор гибридный, черный. Как выглядит: видеорегистратор: плоский металлический корпус с разъемами сзади. По данным позиций кадра: цвет корпуса — черный; вид — гибридный. Масштаб: масса около 1,2 кг (медиана по позициям). Ракурс и композиция: 3/4 немного сверху, изделие целиком по центру, занимает около 70 % кадра. Фон: светлый нейтральный бесшовный #F4F6F9 без текстуры и горизонта. Свет: мягкий студийный из большого софтбокса, мягкая тень под предметом, резкость по всему предмету. Не должно быть: чужих логотипов, названий заводов и брендов, водяных знаков, надписей и любого текста, людей и рук, лишних предметов. Итог: квадрат 1200×1200 px, WebP.";"Photorealistic catalog product photo. Distinctive for this variant: colour black. Hybrid video recorder. Network video recorder, flat metal box with rear connectors. Black body; kind: hybrid. Scale: weight about 1.2 kg. Three-quarter view from slightly above, whole item centred, filling about 70% of the frame. Plain seamless light neutral background #F4F6F9, no texture, no horizon line. Soft large-softbox studio lighting, soft contact shadow underneath, sharp focus across the whole item, photorealistic e-commerce catalog product photo, high detail, 85mm lens look, square 1:1, 1200x1200.";text, letters, numbers, logo, brand name, manufacturer marking, watermark, printed label, people, hands, faces, multiple products, cluttered background, props, distorted geometry, extra parts, cartoon, illustration, CGI look, blur, low resolution;текст, буквы, цифры, логотип, бренд, заводская маркировка, водяной знак, этикетка с надписями, люди, руки, лица, несколько предметов, захламленный фон, реквизит, искаженная геометрия, лишние детали, мультяшный стиль, иллюстрация, вид 3D-рендера, размытие, низкое разрешение;генерация;"Генерация по промпту; за основу — готовый снимок кадра F03395 (тот же ракурс, свет, фон), меняется только отличие подкадра.";photos/F03395-b.webp
F03395-c;F03395;5;28549;Видеонаблюдение;Видеорегистратор гибридный;видеорегистратор гибридный;прочие позиции кадра;;;;;прочие позиции кадра — снимок кадра;2;"Фотореалистичная предметная фотография для каталога. Подкадр F03395-c — прочие позиции кадра F03395 (2 из 16), у которых нет общего заметного отличия от остальных 2 подкадров кадра; снимок как у кадра F03395. Что в кадре: видеорегистратор гибридный, ip, сетевой. Как выглядит: видеорегистратор: плоский металлический корпус с разъемами сзади. По данным позиций кадра: цвет корпуса — черный (50 %); вид — ip, сетевой. Масштаб: масса около 1,5 кг (медиана по позициям). Ракурс и композиция: 3/4 немного сверху, изделие целиком по центру, занимает около 70 % кадра. Фон: светлый нейтральный бесшовный #F4F6F9 без текстуры и горизонта. Свет: мягкий студийный из большого софтбокса, мягкая тень под предметом, резкость по всему предмету. Не должно быть: чужих логотипов, названий заводов и брендов, водяных знаков, надписей и любого текста, людей и рук, лишних предметов. Итог: квадрат 1200×1200 px, WebP.";"Photorealistic catalog product photo. Hybrid video recorder. Network video recorder, flat metal box with rear connectors. Black body; kind: mains ip,. Scale: weight about 1.5 kg. Three-quarter view from slightly above, whole item centred, filling about 70% of the frame. Plain seamless light neutral background #F4F6F9, no texture, no horizon line. Soft large-softbox studio lighting, soft contact shadow underneath, sharp focus across the whole item, photorealistic e-commerce catalog product photo, high detail, 85mm lens look, square 1:1, 1200x1200.";text, letters, numbers, logo, brand name, manufacturer marking, watermark, printed label, people, hands, faces, multiple products, cluttered background, props, distorted geometry, extra parts, cartoon, illustration, CGI look, blur, low resolution;текст, буквы, цифры, логотип, бренд, заводская маркировка, водяной знак, этикетка с надписями, люди, руки, лица, несколько предметов, захламленный фон, реквизит, искаженная геометрия, лишние детали, мультяшный стиль, иллюстрация, вид 3D-рендера, размытие, низкое разрешение;снимок кадра;Отдельный снимок не нужен: на эти позиции встает снимок кадра F03395 (файл photos/F03395.webp).;— (используется photos/F03395.webp)
F03457-a;F03457;3;15678;Видеонаблюдение;Камера купольная;камера купольная;цвет — не указан;камера купольная;;;;свой снимок;10;Фотореалистичная предметная фотография для каталога. Подкадр F03457-a (10 из 15 позиций кадра F03457). Отличие от соседних подкадров: цвет — не указан. Что в кадре: камера купольная. Как выглядит: камера видеонаблюдения: корпус-цилиндр или купол (типично белый), кронштейн, объектив. По данным позиций кадра: вид — ip. Масштаб: масса около 0,5 кг (медиана по позициям). Ракурс и композиция: 3/4 немного сверху, изделие целиком по центру, занимает около 70 % кадра. Фон: светлый нейтральный бесшовный #F4F6F9 без текстуры и горизонта. Свет: мягкий студийный из большого софтбокса, мягкая тень под предметом, резкость по всему предмету. Не должно быть: чужих логотипов, названий заводов и брендов, водяных знаков, надписей и любого текста, людей и рук, лишних предметов. Итог: квадрат 1200×1200 px, WebP.;Photorealistic catalog product photo. Dome CCTV camera. CCTV camera, bullet or dome housing, white, bracket, lens. Kind: ip. Scale: weight about 0.5 kg. Three-quarter view from slightly above, whole item centred, filling about 70% of the frame. Plain seamless light neutral background #F4F6F9, no texture, no horizon line. Soft large-softbox studio lighting, soft contact shadow underneath, sharp focus across the whole item, photorealistic e-commerce catalog product photo, high detail, 85mm lens look, square 1:1, 1200x1200.;text, letters, numbers, logo, brand name, manufacturer marking, watermark, printed label, people, hands, faces, multiple products, cluttered background, props, distorted geometry, extra parts, cartoon, illustration, CGI look, blur, low resolution;текст, буквы, цифры, логотип, бренд, заводская маркировка, водяной знак, этикетка с надписями, люди, руки, лица, несколько предметов, захламленный фон, реквизит, искаженная геометрия, лишние детали, мультяшный стиль, иллюстрация, вид 3D-рендера, размытие, низкое разрешение;генерация;"Генерация по промпту; за основу — готовый снимок кадра F03457 (тот же ракурс, свет, фон), меняется только отличие подкадра.";photos/F03457-a.webp
F03457-b;F03457;5;27520;Видеонаблюдение;Камера купольная;камера купольная;цвет — белый;камера купольная;белый;;;свой снимок;5;"Фотореалистичная предметная фотография для каталога. Подкадр F03457-b (5 из 15 позиций кадра F03457). Отличие от соседних подкадров: цвет — белый. Что в кадре: камера купольная, белый. Как выглядит: камера видеонаблюдения: корпус-цилиндр или купол (типично белый), кронштейн, объектив. По данным позиций кадра: цвет корпуса — белый; форма корпуса — купольная; установка — внешняя, уличная; вид — ip. Масштаб: масса около 0,5 кг (медиана по позициям). Ракурс и композиция: 3/4 немного сверху, изделие целиком по центру, занимает около 70 % кадра. Фон: светлый нейтральный бесшовный #F4F6F9 без текстуры и горизонта. Свет: мягкий студийный из большого софтбокса, мягкая тень под предметом, резкость по всему предмету. Не должно быть: чужих логотипов, названий заводов и брендов, водяных знаков, надписей и любого текста, людей и рук, лишних предметов. Итог: квадрат 1200×1200 px, WebP.";"Photorealistic catalog product photo. Distinctive for this variant: colour white. Dome CCTV camera. CCTV camera, bullet or dome housing, white, bracket, lens. White body; housing shape: dome; kind: ip. Scale: weight about 0.5 kg. Three-quarter view from slightly above, whole item centred, filling about 70% of the frame. Plain seamless light neutral background #F4F6F9, no texture, no horizon line. Soft large-softbox studio lighting, soft contact shadow underneath, sharp focus across the whole item, photorealistic e-commerce catalog product photo, high detail, 85mm lens look, square 1:1, 1200x1200.";text, letters, numbers, logo, brand name, manufacturer marking, watermark, printed label, people, hands, faces, multiple products, cluttered background, props, distorted geometry, extra parts, cartoon, illustration, CGI look, blur, low resolution;текст, буквы, цифры, логотип, бренд, заводская маркировка, водяной знак, этикетка с надписями, люди, руки, лица, несколько предметов, захламленный фон, реквизит, искаженная геометрия, лишние детали, мультяшный стиль, иллюстрация, вид 3D-рендера, размытие, низкое разрешение;генерация;"Генерация по промпту; за основу — готовый снимок кадра F03457 (тот же ракурс, свет, фон), меняется только отличие подкадра.";photos/F03457-b.webp
F03594-a;F03594;3;12149;Видеонаблюдение;Видеорегистратор сетевой;видеорегистратор сетевой;весь кадр;;;;;весь кадр — снимок кадра;13;Фотореалистичная предметная фотография для каталога. Подкадр F03594-a — весь кадр F03594 (13 поз.): позиций мало или на фото они одинаковы. Что в кадре: видеорегистратор сетевой. Как выглядит: видеорегистратор: плоский металлический корпус с разъемами сзади. По данным позиций кадра: вид — сетевой (92 %). Масштаб: масса около 1,6 кг (медиана по позициям). Ракурс и композиция: 3/4 немного сверху, изделие целиком по центру, занимает около 70 % кадра. Фон: светлый нейтральный бесшовный #F4F6F9 без текстуры и горизонта. Свет: мягкий студийный из большого софтбокса, мягкая тень под предметом, резкость по всему предмету. Не должно быть: чужих логотипов, названий заводов и брендов, водяных знаков, надписей и любого текста, людей и рук, лишних предметов. Итог: квадрат 1200×1200 px, WebP.;Photorealistic catalog product photo. Mains video recorder. Network video recorder, flat metal box with rear connectors. Kind: mains. Scale: weight about 1.6 kg. Three-quarter view from slightly above, whole item centred, filling about 70% of the frame. Plain seamless light neutral background #F4F6F9, no texture, no horizon line. Soft large-softbox studio lighting, soft contact shadow underneath, sharp focus across the whole item, photorealistic e-commerce catalog product photo, high detail, 85mm lens look, square 1:1, 1200x1200.;text, letters, numbers, logo, brand name, manufacturer marking, watermark, printed label, people, hands, faces, multiple products, cluttered background, props, distorted geometry, extra parts, cartoon, illustration, CGI look, blur, low resolution;текст, буквы, цифры, логотип, бренд, заводская маркировка, водяной знак, этикетка с надписями, люди, руки, лица, несколько предметов, захламленный фон, реквизит, искаженная геометрия, лишние детали, мультяшный стиль, иллюстрация, вид 3D-рендера, размытие, низкое разрешение;снимок кадра;Отдельный снимок не нужен: на эти позиции встает снимок кадра F03594 (файл photos/F03594.webp).;— (используется photos/F03594.webp)
F03675-a;F03675;3;13405;Видеонаблюдение;"Коммутатор (самое частое в группе); группа «Коммутаторы»";изделия группы «Коммутаторы»;весь кадр;;;;;весь кадр — снимок кадра;12;Фотореалистичная предметная фотография для каталога. Подкадр F03675-a — весь кадр F03675 (12 поз.): позиций мало или на фото они одинаковы. Что в кадре: типичное изделие группы «Коммутаторы» — коммутатор (самое частое в группе). Как выглядит: сетевой коммутатор: металлический или пластиковый корпус с рядом портов RJ-45 и индикаторами. По данным позиций кадра: установка — внутренняя, помещение (60 %). Масштаб: масса около 2 кг (медиана по позициям). Ракурс и композиция: 3/4 немного сверху, изделие целиком по центру, занимает около 70 % кадра. Фон: светлый нейтральный бесшовный #F4F6F9 без текстуры и горизонта. Свет: мягкий студийный из большого софтбокса, мягкая тень под предметом, резкость по всему предмету. Не должно быть: чужих логотипов, названий заводов и брендов, водяных знаков, надписей и любого текста, людей и рук, лишних предметов. Итог: квадрат 1200×1200 px, WebP.;Photorealistic catalog product photo. Typical product: switch. Network switch, metal or plastic housing with a row of RJ-45 ports and LEDs. Scale: weight about 2 kg. Three-quarter view from slightly above, whole item centred, filling about 70% of the frame. Plain seamless light neutral background #F4F6F9, no texture, no horizon line. Soft large-softbox studio lighting, soft contact shadow underneath, sharp focus across the whole item, photorealistic e-commerce catalog product photo, high detail, 85mm lens look, square 1:1, 1200x1200.;text, letters, numbers, logo, brand name, manufacturer marking, watermark, printed label, people, hands, faces, multiple products, cluttered background, props, distorted geometry, extra parts, cartoon, illustration, CGI look, blur, low resolution;текст, буквы, цифры, логотип, бренд, заводская маркировка, водяной знак, этикетка с надписями, люди, руки, лица, несколько предметов, захламленный фон, реквизит, искаженная геометрия, лишние детали, мультяшный стиль, иллюстрация, вид 3D-рендера, размытие, низкое разрешение;снимок кадра;Отдельный снимок не нужен: на эти позиции встает снимок кадра F03675 (файл photos/F03675.webp).;— (используется photos/F03675.webp)
F03894-a;F03894;5;27981;Видеонаблюдение;"Регистратор (самое частое в группе); группа «Видеорегистраторы»";изделия группы «Видеорегистраторы»;весь кадр;;;;;весь кадр — снимок кадра;4;Фотореалистичная предметная фотография для каталога. Подкадр F03894-a — весь кадр F03894 (4 поз.): позиций мало или на фото они одинаковы. Что в кадре: типичное изделие группы «Видеорегистраторы» — регистратор (самое частое в группе). Как выглядит: видеорегистратор: плоский металлический корпус с разъемами сзади. Масштаб: масса около 1,4 кг (медиана по позициям). Ракурс и композиция: 3/4 немного сверху, изделие целиком по центру, занимает около 70 % кадра. Фон: светлый нейтральный бесшовный #F4F6F9 без текстуры и горизонта. Свет: мягкий студийный из большого софтбокса, мягкая тень под предметом, резкость по всему предмету. Не должно быть: чужих логотипов, названий заводов и брендов, водяных знаков, надписей и любого текста, людей и рук, лишних предметов. Итог: квадрат 1200×1200 px, WebP.;Photorealistic catalog product photo. Typical industrial product. Network video recorder, flat metal box with rear connectors. Scale: weight about 1.4 kg. Three-quarter view from slightly above, whole item centred, filling about 70% of the frame. Plain seamless light neutral background #F4F6F9, no texture, no horizon line. Soft large-softbox studio lighting, soft contact shadow underneath, sharp focus across the whole item, photorealistic e-commerce catalog product photo, high detail, 85mm lens look, square 1:1, 1200x1200.;text, letters, numbers, logo, brand name, manufacturer marking, watermark, printed label, people, hands, faces, multiple products, cluttered background, props, distorted geometry, extra parts, cartoon, illustration, CGI look, blur, low resolution;текст, буквы, цифры, логотип, бренд, заводская маркировка, водяной знак, этикетка с надписями, люди, руки, лица, несколько предметов, захламленный фон, реквизит, искаженная геометрия, лишние детали, мультяшный стиль, иллюстрация, вид 3D-рендера, размытие, низкое разрешение;снимок кадра;Отдельный снимок не нужен: на эти позиции встает снимок кадра F03894 (файл photos/F03894.webp).;— (используется photos/F03894.webp)
F04011-a;F04011;5;28577;Видеонаблюдение;"Регистратор (самое частое в группе); группа «Видеонаблюдение»";изделия группы «Видеонаблюдение»;весь кадр;;;;;весь кадр — снимок кадра;2;"Фотореалистичная предметная фотография для каталога. Подкадр F04011-a — весь кадр F04011 (2 поз.): позиций мало или на фото они одинаковы. Что в кадре: типичное изделие группы «Видеонаблюдение» — регистратор (самое частое в группе). Как выглядит: регистратор в типичном для этого вида исполнении; форму, пропорции и детали — как у типичного изделия этого вида. По данным позиций кадра: форма корпуса — кубическая; вид — гибридный (50 %). Масштаб: масса около 0,9 кг (медиана по позициям). Ракурс и композиция: 3/4 немного сверху, изделие целиком по центру, занимает около 70 % кадра. Фон: светлый нейтральный бесшовный #F4F6F9 без текстуры и горизонта. Свет: мягкий студийный из большого софтбокса, мягкая тень под предметом, резкость по всему предмету. Не должно быть: чужих логотипов, названий заводов и брендов, водяных знаков, надписей и любого текста, людей и рук, лишних предметов. Итог: квадрат 1200×1200 px, WebP.";"Photorealistic catalog product photo. Typical industrial product. The product in its typical standard design. Housing shape: cube; kind: hybrid. Scale: weight about 0.9 kg. Three-quarter view from slightly above, whole item centred, filling about 70% of the frame. Plain seamless light neutral background #F4F6F9, no texture, no horizon line. Soft large-softbox studio lighting, soft contact shadow underneath, sharp focus across the whole item, photorealistic e-commerce catalog product photo, high detail, 85mm lens look, square 1:1, 1200x1200.";text, letters, numbers, logo, brand name, manufacturer marking, watermark, printed label, people, hands, faces, multiple products, cluttered background, props, distorted geometry, extra parts, cartoon, illustration, CGI look, blur, low resolution;текст, буквы, цифры, логотип, бренд, заводская маркировка, водяной знак, этикетка с надписями, люди, руки, лица, несколько предметов, захламленный фон, реквизит, искаженная геометрия, лишние детали, мультяшный стиль, иллюстрация, вид 3D-рендера, размытие, низкое разрешение;снимок кадра;Отдельный снимок не нужен: на эти позиции встает снимок кадра F04011 (файл photos/F04011.webp).;— (используется photos/F04011.webp)
F04012-a;F04012;5;28578;Видеонаблюдение;"Коммутатор (самое частое в группе); группа «Видеонаблюдение»";изделия группы «Видеонаблюдение»;весь кадр;;;;;весь кадр — снимок кадра;2;Фотореалистичная предметная фотография для каталога. Подкадр F04012-a — весь кадр F04012 (2 поз.): позиций мало или на фото они одинаковы. Что в кадре: типичное изделие группы «Видеонаблюдение» — коммутатор (самое частое в группе). Как выглядит: сетевой коммутатор: металлический или пластиковый корпус с рядом портов RJ-45 и индикаторами. Ракурс и композиция: 3/4 немного сверху, изделие целиком по центру, занимает около 70 % кадра. Фон: светлый нейтральный бесшовный #F4F6F9 без текстуры и горизонта. Свет: мягкий студийный из большого софтбокса, мягкая тень под предметом, резкость по всему предмету. Не должно быть: чужих логотипов, названий заводов и брендов, водяных знаков, надписей и любого текста, людей и рук, лишних предметов. Итог: квадрат 1200×1200 px, WebP.;Photorealistic catalog product photo. Typical product: switch. Network switch, metal or plastic housing with a row of RJ-45 ports and LEDs. Three-quarter view from slightly above, whole item centred, filling about 70% of the frame. Plain seamless light neutral background #F4F6F9, no texture, no horizon line. Soft large-softbox studio lighting, soft contact shadow underneath, sharp focus across the whole item, photorealistic e-commerce catalog product photo, high detail, 85mm lens look, square 1:1, 1200x1200.;text, letters, numbers, logo, brand name, manufacturer marking, watermark, printed label, people, hands, faces, multiple products, cluttered background, props, distorted geometry, extra parts, cartoon, illustration, CGI look, blur, low resolution;текст, буквы, цифры, логотип, бренд, заводская маркировка, водяной знак, этикетка с надписями, люди, руки, лица, несколько предметов, захламленный фон, реквизит, искаженная геометрия, лишние детали, мультяшный стиль, иллюстрация, вид 3D-рендера, размытие, низкое разрешение;снимок кадра;Отдельный снимок не нужен: на эти позиции встает снимок кадра F04012 (файл photos/F04012.webp).;— (используется photos/F04012.webp)
F04013-a;F04013;5;28579;Видеонаблюдение;"Муляж (самое частое в группе); группа «Камеры видеонаблюдения»";изделия группы «Камеры видеонаблюдения»;весь кадр;;;;;весь кадр — снимок кадра;2;"Фотореалистичная предметная фотография для каталога. Подкадр F04013-a — весь кадр F04013 (2 поз.): позиций мало или на фото они одинаковы. Что в кадре: типичное изделие группы «Камеры видеонаблюдения» — муляж (самое частое в группе). Как выглядит: муляж в типичном для этого вида исполнении; форму, пропорции и детали — как у типичного изделия этого вида. По данным позиций кадра: материал — пластик; цвет корпуса — черный; форма корпуса — купольная (50 %); установка — внешняя, уличная. Масштаб: масса около 0,1 кг (медиана по позициям). Ракурс и композиция: 3/4 немного сверху, изделие целиком по центру, занимает около 70 % кадра. Фон: светлый нейтральный бесшовный #F4F6F9 без текстуры и горизонта. Свет: мягкий студийный из большого софтбокса, мягкая тень под предметом, резкость по всему предмету. Не должно быть: чужих логотипов, названий заводов и брендов, водяных знаков, надписей и любого текста, людей и рук, лишних предметов. Итог: квадрат 1200×1200 px, WebP.";"Photorealistic catalog product photo. Typical industrial product. The product in its typical standard design. Material: plastic; black body; housing shape: dome. Scale: weight about 0.1 kg. Three-quarter view from slightly above, whole item centred, filling about 70% of the frame. Plain seamless light neutral background #F4F6F9, no texture, no horizon line. Soft large-softbox studio lighting, soft contact shadow underneath, sharp focus across the whole item, photorealistic e-commerce catalog product photo, high detail, 85mm lens look, square 1:1, 1200x1200.";text, letters, numbers, logo, brand name, manufacturer marking, watermark, printed label, people, hands, faces, multiple products, cluttered background, props, distorted geometry, extra parts, cartoon, illustration, CGI look, blur, low resolution;текст, буквы, цифры, логотип, бренд, заводская маркировка, водяной знак, этикетка с надписями, люди, руки, лица, несколько предметов, захламленный фон, реквизит, искаженная геометрия, лишние детали, мультяшный стиль, иллюстрация, вид 3D-рендера, размытие, низкое разрешение;снимок кадра;Отдельный снимок не нужен: на эти позиции встает снимок кадра F04013 (файл photos/F04013.webp).;— (используется photos/F04013.webp)
F04156-a;F04156;5;28934;Видеонаблюдение;"Коммутатор сетевой (самое частое в группе); группа «Видеонаблюдение»";изделия группы «Видеонаблюдение»;весь кадр;;;;;весь кадр — снимок кадра;1;"Фотореалистичная предметная фотография для каталога. Подкадр F04156-a — весь кадр F04156 (1 поз.): позиций мало или на фото они одинаковы. Что в кадре: типичное изделие группы «Видеонаблюдение» — коммутатор сетевой (самое частое в группе). Как выглядит: сетевой коммутатор: металлический или пластиковый корпус с рядом портов RJ-45 и индикаторами. По данным позиций кадра: материал — металл; установка — внутренняя, помещение; вид — сетевой. Масштаб: масса около 3,4 кг (медиана по позициям). Ракурс и композиция: 3/4 немного сверху, изделие целиком по центру, занимает около 70 % кадра. Фон: светлый нейтральный бесшовный #F4F6F9 без текстуры и горизонта. Свет: мягкий студийный из большого софтбокса, мягкая тень под предметом, резкость по всему предмету. Не должно быть: чужих логотипов, названий заводов и брендов, водяных знаков, надписей и любого текста, людей и рук, лишних предметов. Итог: квадрат 1200×1200 px, WebP.";Photorealistic catalog product photo. Typical product: mains switch. Network switch, metal or plastic housing with a row of RJ-45 ports and LEDs. Kind: mains. Scale: weight about 3.4 kg. Three-quarter view from slightly above, whole item centred, filling about 70% of the frame. Plain seamless light neutral background #F4F6F9, no texture, no horizon line. Soft large-softbox studio lighting, soft contact shadow underneath, sharp focus across the whole item, photorealistic e-commerce catalog product photo, high detail, 85mm lens look, square 1:1, 1200x1200.;text, letters, numbers, logo, brand name, manufacturer marking, watermark, printed label, people, hands, faces, multiple products, cluttered background, props, distorted geometry, extra parts, cartoon, illustration, CGI look, blur, low resolution;текст, буквы, цифры, логотип, бренд, заводская маркировка, водяной знак, этикетка с надписями, люди, руки, лица, несколько предметов, захламленный фон, реквизит, искаженная геометрия, лишние детали, мультяшный стиль, иллюстрация, вид 3D-рендера, размытие, низкое разрешение;снимок кадра;Отдельный снимок не нужен: на эти позиции встает снимок кадра F04156 (файл photos/F04156.webp).;— (используется photos/F04156.webp)
F04157-a;F04157;5;28935;Видеонаблюдение;"Видеонаблюдение (самое частое в группе); группа «Видеонаблюдение»";изделия группы «Видеонаблюдение»;весь кадр;;;;;весь кадр — снимок кадра;1;"Фотореалистичная предметная фотография для каталога. Подкадр F04157-a — весь кадр F04157 (1 поз.): позиций мало или на фото они одинаковы. Что в кадре: типичное изделие группы «Видеонаблюдение» — видеонаблюдение (самое частое в группе). Как выглядит: видеонаблюдение в типичном для этого вида исполнении; форму, пропорции и детали — как у типичного изделия этого вида. Масштаб: масса около 0,3 кг (медиана по позициям). Ракурс и композиция: 3/4 немного сверху, изделие целиком по центру, занимает около 70 % кадра. Фон: светлый нейтральный бесшовный #F4F6F9 без текстуры и горизонта. Свет: мягкий студийный из большого софтбокса, мягкая тень под предметом, резкость по всему предмету. Не должно быть: чужих логотипов, названий заводов и брендов, водяных знаков, надписей и любого текста, людей и рук, лишних предметов. Итог: квадрат 1200×1200 px, WebP.";Photorealistic catalog product photo. Typical product: video surveillance. Video surveillance in its typical standard design. Scale: weight about 0.3 kg. Three-quarter view from slightly above, whole item centred, filling about 70% of the frame. Plain seamless light neutral background #F4F6F9, no texture, no horizon line. Soft large-softbox studio lighting, soft contact shadow underneath, sharp focus across the whole item, photorealistic e-commerce catalog product photo, high detail, 85mm lens look, square 1:1, 1200x1200.;text, letters, numbers, logo, brand name, manufacturer marking, watermark, printed label, people, hands, faces, multiple products, cluttered background, props, distorted geometry, extra parts, cartoon, illustration, CGI look, blur, low resolution;текст, буквы, цифры, логотип, бренд, заводская маркировка, водяной знак, этикетка с надписями, люди, руки, лица, несколько предметов, захламленный фон, реквизит, искаженная геометрия, лишние детали, мультяшный стиль, иллюстрация, вид 3D-рендера, размытие, низкое разрешение;снимок кадра;Отдельный снимок не нужен: на эти позиции встает снимок кадра F04157 (файл photos/F04157.webp).;— (используется photos/F04157.webp)
F04158-a;F04158;5;28936;Видеонаблюдение;"Комплект (самое частое в группе); группа «Комплекты для передачи HDMI»";изделия группы «Комплекты для передачи HDMI»;весь кадр;;;;;весь кадр — снимок кадра;1;"Фотореалистичная предметная фотография для каталога. Подкадр F04158-a — весь кадр F04158 (1 поз.): позиций мало или на фото они одинаковы. Что в кадре: типичное изделие группы «Комплекты для передачи HDMI» — комплект (самое частое в группе). Как выглядит: комплект: детали комплекта аккуратно разложены рядом. По данным позиций кадра: цвет корпуса — черный. Ракурс и композиция: 3/4 немного сверху, изделие целиком по центру, занимает около 70 % кадра; детали комплекта разложены ровной группой. Фон: светлый нейтральный бесшовный #F4F6F9 без текстуры и горизонта. Свет: мягкий студийный из большого софтбокса, мягкая тень под предметом, резкость по всему предмету. Не должно быть: чужих логотипов, названий заводов и брендов, водяных знаков, надписей и любого текста, людей и рук, лишних предметов. Итог: квадрат 1200×1200 px, WebP.";"Photorealistic catalog product photo. Typical product: kit. Kit, parts neatly laid out together. Black body. Three-quarter view from slightly above, whole item centred, filling about 70% of the frame; kit parts arranged neatly. Plain seamless light neutral background #F4F6F9, no texture, no horizon line. Soft large-softbox studio lighting, soft contact shadow underneath, sharp focus across the whole item, photorealistic e-commerce catalog product photo, high detail, 85mm lens look, square 1:1, 1200x1200.";text, letters, numbers, logo, brand name, manufacturer marking, watermark, printed label, people, hands, faces, multiple products, cluttered background, props, distorted geometry, extra parts, cartoon, illustration, CGI look, blur, low resolution;текст, буквы, цифры, логотип, бренд, заводская маркировка, водяной знак, этикетка с надписями, люди, руки, лица, несколько предметов, захламленный фон, реквизит, искаженная геометрия, лишние детали, мультяшный стиль, иллюстрация, вид 3D-рендера, размытие, низкое разрешение;снимок кадра;Отдельный снимок не нужен: на эти позиции встает снимок кадра F04158 (файл photos/F04158.webp).;— (используется photos/F04158.webp)
